,App,Num Nodes,Inhib Message Size,Inhib Wait Time (us),Inhib Comm Sparsity,App Time Average Mean,App Time Average Median,App Time Average Std,MPI Time Average Mean,MPI Time Average Median,MPI Time Average Std,Total Messages Sent Mean,Total Messages Sent Median,Total Messages Sent Std,Inhib App Time Average Mean,Inhib App Time Average Median,Inhib App Time Average Std,Inhib MPI Time Average Mean,Inhib MPI Time Average Median,Inhib MPI Time Average Std,Inhib Total Messages Sent Mean,Inhib Total Messages Sent Median,Inhib Total Messages Sent Std
0,amg,8,20,5000,0.01,342.0,342.0,1.4142135623730951,12.123303571428572,12.123303571428572,1.6504314214632267,106441449.0,106441449.0,0.0,343.0,343.0,0.0,12.252589285714285,12.252589285714285,3.4816801484012987,115471104.0,115471104.0,1196175.7721806609
1,amg,8,20,5000,0.05,343.5625,343.5625,6.452349378327246,13.922957589285714,13.922957589285714,6.018757182211718,106441449.0,106441449.0,0.0,343.0,343.0,0.0,15.68828125,15.68828125,9.454554308003432,622342336.0,622342336.0,18322143.620599855
2,amg,8,20,10000,0.01,349.3333333333333,342.0,15.373136743466937,19.658422619047617,12.077433035714288,15.570539759705456,106441449.0,106441449.0,0.0,343.0,343.0,0.0,11.646696428571426,8.056026785714286,6.635309685923412,57954474.666666664,58575104.0,1172497.1690154884
3,amg,8,20,10000,0.05,340.0,340.0,1.4142135623730951,10.375401785714287,10.375401785714287,1.26594210919304,106441449.0,106441449.0,0.0,343.0,343.0,0.0,11.513080357142856,11.513080357142856,4.2755969138853,317220288.0,317220288.0,4286085.327755387
4,amg,8,20,25000,0.01,341.5,341.5,3.5355339059327378,12.075345982142856,12.075345982142856,3.5743142934634373,106441449.0,106441449.0,0.0,343.0,343.0,0.0,2.8120424107142856,2.8120424107142856,0.12189700158713596,24129280.0,24129280.0,15205.624222635517
5,amg,8,20,25000,0.05,341.5,341.0,1.0000000000000047,11.72109375,11.337433035714284,0.9309297506759364,106441449.0,106441449.0,0.0,343.0,343.0,0.0,6.304966517857142,6.2534374999999995,0.5943913699119439,131057696.0,131079872.0,223215.37246943067
6,amg,8,20,50000,0.01,348.3333333333333,346.0,8.736894948054099,18.790215773809525,16.2953125,8.895682734682808,106441449.0,106441449.0,0.0,343.0,343.0,0.0,9.945059523809524,7.9568080357142845,9.592293539323839,11873194.666666666,11945472.0,340019.1126235898
7,amg,8,20,50000,0.05,341.5,341.5,0.5773502691896257,11.392834821428572,11.370524553571428,0.47830990106936966,106441449.0,106441449.0,0.0,343.0,343.0,0.0,3.949642857142857,4.014497767857143,0.6170080857906287,66407264.0,66394944.0,117826.27120751423
8,amg,8,200,5000,0.01,346.6666666666667,343.0,10.016652800877818,17.05599702380952,13.032477678571428,9.870843866850528,106441449.0,106441449.0,0.0,343.0,343.0,0.0,21.85440476190476,26.543526785714285,15.863600115180164,112167253.33333333,110528768.0,5559246.230513392
9,amg,8,200,5000,0.05,345.0,345.0,,14.877008928571428,14.877008928571428,,106441449.0,106441449.0,,343.0,343.0,,46.23504464285715,46.23504464285715,,564187008.0,564187008.0,
10,amg,8,200,10000,0.01,342.0,342.0,,12.045714285714286,12.045714285714286,,106441449.0,106441449.0,,343.0,343.0,,11.517187500000002,11.517187500000002,,57972992.0,57972992.0,
11,amg,8,200,10000,0.05,339.0,339.0,0.0,9.82609375,9.762589285714286,0.1269808275308813,106441449.0,106441449.0,0.0,343.0,343.0,0.0,8.560595238095239,8.385915178571429,0.38672019901123555,320024320.0,320251008.0,427232.3055949772
12,amg,8,200,25000,0.01,342.3333333333333,342.0,2.5166114784235765,12.26108630952381,12.367276785714285,2.3172719901878924,106441449.0,106441449.0,0.0,343.0,343.0,0.0,4.0825595238095245,4.811584821428572,1.3343805113303044,24040874.666666668,23989504.0,95251.7255556729
13,amg,8,200,25000,0.05,340.5,340.5,1.2909944487358056,10.6324609375,10.603839285714287,1.1002422288289124,106441449.0,106441449.0,0.0,343.0,343.0,0.0,7.274737723214286,7.325814732142859,4.580042235936656,130712736.0,130700416.0,1784260.4198565462
14,amg,8,200,50000,0.01,342.6666666666667,341.0,4.725815626252601,13.367358630952381,11.350513392857144,5.179104233979161,106441449.0,106441449.0,0.0,343.0,343.0,0.0,1.5826517857142857,1.1706651785714286,0.7617136550850013,12170666.666666666,12185600.0,27431.846407658035
15,amg,8,200,50000,0.05,339.75,339.5,0.9574271077563381,9.954955357142858,9.798928571428572,0.826869321806929,106441449.0,106441449.0,0.0,343.0,343.0,0.0,2.7160156250000003,1.6431026785714287,2.2287191354245417,66651200.0,66858176.0,430554.1830401069
16,amg,8,500,5000,0.01,342.0,342.0,,11.84890625,11.84890625,,106441449.0,106441449.0,,343.0,343.0,,34.00736607142857,34.00736607142857,,107921408.0,107921408.0,
17,amg,8,500,5000,0.05,340.5,340.5,2.1213203435596424,11.466316964285713,11.466316964285713,2.5161321521444706,106441449.0,106441449.0,0.0,343.0,343.0,0.0,21.85629464285714,21.85629464285714,20.613677900404685,610584128.0,610584128.0,39299569.37107744
18,amg,8,500,10000,0.01,340.6666666666667,341.0,1.5275252316519545,11.062105654761902,11.190982142857141,1.3666743618546133,106441449.0,106441449.0,0.0,343.0,343.0,0.0,13.974813988095237,16.138169642857143,5.365149302488508,57552469.333333336,57164800.0,954317.5380078327
19,amg,8,500,10000,0.05,343.0,341.0,4.358898943540674,13.506465773809524,11.484464285714285,4.367762761499671,106441449.0,106441449.0,0.0,343.0,343.0,0.0,12.072819940476192,9.159151785714284,5.159983963030423,316663424.0,319383680.0,4780068.5517025795
20,amg,8,500,25000,0.01,340.6666666666667,341.0,0.5773502691896216,11.045200892857144,11.176651785714286,0.6995811674775055,106441449.0,106441449.0,0.0,343.0,343.0,0.0,4.592864583333333,3.651651785714286,2.3948700233244256,24003840.0,24080896.0,167117.81176164316
21,amg,8,500,25000,0.05,340.0,339.0,1.7320508075688772,10.35578869047619,9.529241071428572,1.5784468867419175,106441449.0,106441449.0,0.0,343.0,343.0,0.0,5.6530580357142854,3.8450446428571428,3.1451898419840636,131344341.33333333,132040832.0,1240656.0128276234
22,amg,8,500,50000,0.01,340.3333333333333,340.0,0.5773502691896216,10.414077380952381,10.27310267857143,0.45945299165989484,106441449.0,106441449.0,0.0,343.0,343.0,0.0,2.352760416666667,1.7485044642857144,1.0681117210495545,12146773.333333334,12169472.0,39315.24393073662
23,amg,8,500,50000,0.05,342.75,342.5,3.3040379335998358,13.067901785714286,12.351160714285715,3.549255137347522,106441449.0,106441449.0,0.0,343.0,343.0,0.0,3.3891573660714287,3.4478794642857142,1.566977105684461,66518144.0,66508288.0,307700.8894278132
24,amg,8,1000,5000,0.01,349.125,349.125,,20.70294642857143,20.70294642857143,,106441449.0,106441449.0,,343.0,343.0,,29.852678571428573,29.852678571428573,,109351424.0,109351424.0,
25,amg,8,1000,5000,0.05,343.0,343.0,0.0,13.303738839285714,13.303738839285714,0.14374155036308028,106441449.0,106441449.0,0.0,343.0,343.0,0.0,35.51473214285714,35.51473214285714,0.037880720420709335,584436160.0,584436160.0,90600.17765986997
26,amg,8,1000,10000,0.01,343.25,343.0,2.98607881119482,13.436462053571429,13.268381696428573,3.077162291315355,106441449.0,106441449.0,0.0,343.0133928571429,343.0,0.02678571428571293,18.62845982142857,19.216741071428572,5.0459906987721475,56723072.0,56614656.0,895738.9272982017
27,amg,8,1000,10000,0.05,342.6666666666667,343.0,0.577350269189634,12.900163690476191,13.069285714285714,0.49052381059823974,106441449.0,106441449.0,0.0,343.0,343.0,0.0,20.70580357142857,20.747767857142858,0.2638982930450009,308318677.3333333,308335104.0,232052.4681819389
28,amg,8,1000,25000,0.01,342.3333333333333,343.0,1.1547005383792557,11.97388392857143,12.337321428571428,0.9378309702238115,106441449.0,106441449.0,0.0,343.0,343.0,0.0,8.087537202380952,8.175267857142858,0.18850093211892824,23757141.333333332,23751168.0,13568.805007565126
29,amg,8,1000,25000,0.05,342.0,342.0,,12.378147321428571,12.378147321428571,,106441449.0,106441449.0,,343.0,343.0,,8.421919642857143,8.421919642857143,,130247040.0,130247040.0,
30,amg,8,1000,50000,0.01,340.3333333333333,339.0,2.309401076758499,10.762425595238094,9.834419642857142,1.7170405765167334,106441449.0,106441449.0,0.0,343.0,343.0,0.0,2.183531994047619,1.309732142857143,1.558358818249214,12150357.333333334,12180224.0,54863.69281531566
31,amg,8,1000,50000,0.05,341.5,341.5,0.5773502691896257,11.892985491071428,11.944185267857144,0.4677802353008803,106441449.0,106441449.0,0.0,343.0,343.0,0.0,4.429118303571428,4.3501674107142865,0.36604401415387794,66313632.0,66325952.0,66054.81101832529
32,amg,8,2000,0,0.3,344.75,345.0,2.217355782608342,16.033811383928573,16.431361607142858,2.1610644651314685,106441449.0,106441449.0,0.0,343.0,343.0,0.0,340.47154017857144,340.4430803571429,0.546467520082296,344508640.0,333627840.0,99106564.07558079
33,amg,8,2000,0,0.5,344.5,343.5,5.066228051190219,14.992176339285713,13.759988839285715,5.0331095119467415,106441449.0,106441449.0,0.0,343.0,343.0,0.0,340.49832589285717,340.99330357142856,0.9989188441623257,384072192.0,309485568.0,188155733.8766152
34,amg,8,2000,0,0.7,343.5,344.0,1.7320508075688772,14.2801171875,15.19515625,2.013789960688887,106441449.0,106441449.0,0.0,343.0,343.0,0.0,340.6802455357143,340.8671875,0.4668875094798363,421197840.0,416535392.0,94893244.33252956
35,amg,8,2000,0,1.0,342.0,341.0,2.7080128015453147,12.3559375,11.118459821428573,3.0021614055549577,106441449.0,106441449.0,0.0,343.0,343.0,0.0,340.3052455357143,340.37834821428567,0.2102118881506321,427146048.0,412927872.0,29243319.067210685
36,amg,8,2000,100,0.3,344.75,344.0,3.0956959368344497,15.783426339285715,14.830937500000001,3.3157370808348587,106441449.0,106441449.0,0.0,343.0,343.0,0.0,339.7466517857143,339.9241071428571,0.9804868005053111,330040928.0,296408000.0,102602496.13665643
37,amg,8,2000,100,0.5,343.6666666666667,342.0,2.8867513459481207,14.722901785714285,12.944196428571429,3.2065747970085763,106441449.0,106441449.0,0.0,343.0,343.0,0.0,340.64285714285717,340.94419642857144,0.557092953637327,294232064.0,249073664.0,85977948.61816473
38,amg,8,2000,100,0.7,344.25,344.5,2.7537852736430484,14.838850446428573,15.002120535714287,2.4490198616069745,106441449.0,106441449.0,0.0,343.0,343.0,0.0,340.0234375,340.25,0.7271294579497051,380427712.0,349368096.0,108554087.56039983
39,amg,8,2000,100,1.0,343.75,343.5,2.0615528128088294,14.34720982142857,14.336763392857144,2.2479348771411414,106441449.0,106441449.0,0.0,343.0,343.0,0.0,339.8772321428571,339.8794642857143,0.14180696584169383,440763456.0,435456672.0,36819159.14243518
40,amg,8,2000,1000,0.3,352.0833333333333,355.125,6.154689946157595,22.086793154761907,24.185848214285716,5.429356461807613,106441449.0,106441449.0,0.0,343.0,343.0,0.0,328.3645833333333,327.09375,4.148645926182818,576467285.3333334,624152704.0,170436909.59468314
41,amg,8,2000,1000,0.5,345.0,345.0,0.0,15.53435825892857,15.483649553571428,0.45928224440385973,106441449.0,106441449.0,0.0,343.0,343.0,0.0,335.2427455357143,335.4866071428571,0.9608130519216632,456425984.0,447419392.0,76748676.65310079
42,amg,8,2000,1000,0.7,342.75,342.5,2.061552812808831,13.588253348214286,13.642979910714285,2.407414241381152,106441449.0,106441449.0,0.0,343.0,343.0,0.0,337.46595982142856,337.6830357142857,1.1889751162389874,372610224.0,359674560.0,86645450.47535764
43,amg,8,2000,1000,1.0,343.3333333333333,343.0,1.5275252316519545,13.932217261904762,13.358035714285714,1.6818422333139789,106441449.0,106441449.0,0.0,343.0,343.0,0.0,337.515625,337.9174107142857,0.7075435147431431,450375744.0,404717376.0,80299659.59496905
44,amg,8,2000,10000,0.1,343.5,343.5,2.1213203435596424,13.750479910714287,13.750479910714287,2.501784829285128,106441449.0,106441449.0,0.0,343.0,343.0,0.0,41.30379464285714,41.30379464285714,1.418948652425685,586121760.0,586121760.0,2038503.997347074
45,amg,8,2000,10000,0.3,344.75,344.5,4.112987559751022,15.516138392857144,15.394899553571427,4.046362466518034,106441449.0,106441449.0,0.0,344.0,343.0,2.0,272.16517857142856,270.57700892857144,9.96723263381007,407602272.0,422084992.0,57896880.402103044
46,amg,8,2000,10000,0.5,344.7083333333333,344.0,4.1085530705265665,14.932767857142858,15.305647321428571,3.7503681410096625,106441449.0,106441449.0,0.0,343.0,343.0,0.0,303.36309523809524,305.0,11.553814290866717,367555925.3333333,353439744.0,107571789.54814808
47,amg,8,2000,10000,0.7,342.75,341.0,3.499999999999995,13.042957589285713,11.38767857142857,3.466250125079612,106441449.0,106441449.0,0.0,343.0,343.0,0.0,319.88392857142856,320.0747767857143,0.8081734130239145,291069968.0,288580992.0,9735474.715742625
48,amg,8,2000,10000,1.0,344.25,345.0,2.21735578260834,14.71212611607143,15.58822544642857,2.5840320000360966,106441449.0,106441449.0,0.0,343.0,343.0,0.0,318.1311383928571,317.0290178571429,2.223754607049892,438060000.0,457184448.0,40173004.06420053
49,amg,8,2000,100000,0.1,341.25,341.5,0.9574271077563381,11.637014508928573,11.896841517857142,0.778548593862037,106441449.0,106441449.0,0.0,343.0,343.0,0.0,4.560580357142857,4.692321428571429,0.43356825685766215,67969440.0,67949280.0,81475.66998803998
50,amg,8,2000,100000,0.3,341.3333333333333,342.0,1.1547005383792557,12.090148809523809,12.624174107142855,1.1316209039705822,106441449.0,106441449.0,0.0,343.0,343.0,0.0,97.20037202380952,91.8515625,14.952359318299601,146658176.0,149899904.0,9031973.50634201
51,amg,8,2000,100000,0.5,342.25,343.0,1.5,13.009581473214286,13.746819196428572,1.835554411325305,106441449.0,106441449.0,0.0,343.0,343.0,0.0,151.75,138.5,27.5121185419565,190543360.0,203814912.0,27556249.286196165
52,amg,8,2000,100000,0.7,342.25,342.5,2.0615528128088223,12.910714285714285,12.95478794642857,1.933599482787146,106441449.0,106441449.0,0.0,343.0,343.0,0.0,204.0,203.0,22.000000000000004,192843056.0,194280352.0,30746570.218713377
53,amg,8,2000,100000,1.0,343.0,343.5,2.1602468994692847,13.634832589285715,14.216305803571426,2.2050867377556806,106441449.0,106441449.0,0.0,343.0,343.0,0.0,213.01729910714286,210.0,14.336658880763942,256878384.0,263036256.0,28534137.72843469
54,amg,8,2000,1000000,0.1,342.75,341.5,3.593976442141304,13.139123883928571,11.569430803571429,4.017757825507564,106441449.0,106441449.0,0.0,344.0,344.0,0.0,0.6566160714285714,0.6612154017857143,0.21356187852071576,6914880.0,6914880.0,0.0
55,amg,8,2000,1000000,0.3,341.1897321428571,341.0,1.4082893376072911,11.299185267857142,11.324497767857142,1.3399411829173646,106441449.0,106441449.0,0.0,344.0,344.0,0.0,17.32589285714286,16.516406250000003,2.5734692875263585,19585440.0,19630464.0,141850.0818375985
56,amg,8,2000,1000000,0.5,341.75,342.0,0.4999999999999952,12.01739955357143,12.307321428571429,0.626722539524801,106441449.0,106441449.0,0.0,343.5,343.5,0.5773502691896257,38.45959821428571,35.35011160714286,12.951612371727178,30582272.0,30908416.0,1324684.4115758291
57,amg,8,2000,1000000,0.7,341.5,341.5,1.2909944487358056,11.708705357142858,11.835457589285713,0.9843841757009455,106441449.0,106441449.0,0.0,343.75,344.0,0.5,54.589118303571425,55.196540178571425,12.367498358899663,40489680.0,40384512.0,1703495.5723867717
58,amg,8,2000,1000000,1.0,341.55970982142856,342.0,1.045884384785543,12.130625000000002,12.341796875000002,0.9968190170915453,106441449.0,106441449.0,0.0,343.5,343.5,0.5773502691896257,63.49202008928572,64.24308035714284,8.651684647947022,56021616.0,55871424.0,1710011.1438233377
59,amg,8,4000,0,0.3,349.0,350.0,5.5677643628300215,18.7786755952381,19.722321428571433,4.923497365092859,106441449.0,106441449.0,0.0,343.0,343.0,0.0,338.0706845238095,338.3950892857143,1.9489270361565247,644183381.3333334,627454464.0,338530435.4429038
60,amg,8,4000,0,0.5,344.75,342.0,5.500000000000004,14.886467633928572,12.950301339285714,4.086888482838728,106441449.0,106441449.0,0.0,343.0,343.0,0.0,338.79296875,339.34375,1.1796297768235686,499828224.0,363123712.0,274514033.23471254
61,amg,8,4000,0,0.7,346.7008928571429,346.9017857142857,4.975009293909892,16.76989955357143,16.84112723214286,4.315610963688555,106441449.0,106441449.0,0.0,343.0,343.0,0.0,338.52455357142856,338.76450892857144,1.2257709746748864,543227776.0,524367648.0,245234444.48156425
62,amg,8,4000,0,1.0,345.6666666666667,342.0,6.3508529610858755,15.779672619047616,12.665625,5.487360724527632,106441449.0,106441449.0,0.0,343.0,343.0,0.0,338.6651785714286,339.078125,0.7739615378386233,545497344.0,420737856.0,227631885.75344402
63,amg,8,4000,100,0.1,343.0,343.0,,14.307366071428572,14.307366071428572,,106441449.0,106441449.0,,343.0,343.0,,274.11160714285717,274.11160714285717,,3018839040.0,3018839040.0,
64,amg,8,4000,100,0.3,342.0,342.0,1.4142135623730951,12.703225446428572,12.703225446428572,2.110445420072199,106441449.0,106441449.0,0.0,343.0,343.0,0.0,334.94977678571433,334.94977678571433,2.0629208995777035,618929920.0,618929920.0,204094956.85762146
65,amg,8,4000,100,0.5,354.0,354.0,1.0,23.118973214285717,22.732812499999998,0.936939564629361,106441449.0,106441449.0,0.0,343.0,343.0,0.0,335.2686011904762,335.1830357142857,0.4316316369362414,959766528.0,946219008.0,41579528.51126622
66,amg,8,4000,100,0.7,343.75,344.0,2.061552812808836,15.23279017857143,15.696986607142858,2.1311094356674936,106441449.0,106441449.0,0.0,343.0,343.0,0.0,338.10044642857144,338.3470982142857,0.6954477410896834,447244448.0,418077856.0,80449194.5283132
67,amg,8,4000,100,1.0,358.5,354.5,9.036961141150634,28.096261160714285,24.33113839285714,8.332770369300748,106441449.0,106441449.0,0.0,344.25,343.0,2.499999999999995,337.84375,337.6852678571429,2.0378954936784166,793063824.0,888035232.0,251481586.59172967
68,amg,8,4000,1000,0.1,362.5,362.5,0.7071067811865476,27.107745535714287,27.107745535714287,0.6567254230270029,106441449.0,106441449.0,0.0,343.0,343.0,0.0,216.91294642857144,216.91294642857144,0.1294257947707477,2001565440.0,2001565440.0,2822543.996326718
69,amg,8,4000,1000,0.3,347.75,347.0,7.88986691902975,16.85728794642857,16.302265625,6.252798791774948,106441449.0,106441449.0,0.0,343.0,343.0,0.0,323.4748883928571,324.5100446428571,11.059022483313436,745882592.0,706726720.0,470087708.283632
70,amg,8,4000,1000,0.5,344.0,341.0,6.0,14.205636160714285,11.723727678571429,5.143580714450529,106441449.0,106441449.0,0.0,343.0,343.0,0.0,332.56640625,335.22321428571433,5.730877829357421,517991936.0,361919488.0,332622920.75006926
71,amg,8,4000,1000,0.7,354.5,352.0,14.247806848775015,24.879207589285713,21.873102678571428,14.259910872792583,106441449.0,106441449.0,0.0,343.0,343.0,0.0,335.7047991071429,337.1953125,3.14152432539157,423546592.0,313050080.0,231359642.465323
72,amg,8,4000,1000,1.0,346.5,346.5,7.7781745930520225,16.139810267857143,16.139810267857143,6.593344576459824,106441449.0,106441449.0,0.0,343.0,343.0,0.0,334.4665178571429,334.4665178571429,3.4881830054068383,658641984.0,658641984.0,342394544.1362231
73,amg,8,4000,10000,0.1,345.5,345.5,6.363961030678928,15.292611607142858,15.292611607142858,5.316748514648459,106441449.0,106441449.0,0.0,343.0,343.0,0.0,54.6859375,54.6859375,2.992576913235927,557807040.0,557807040.0,2565949.087569744
74,amg,8,4000,10000,0.3,362.0,345.5,36.24913792078372,33.225742187499996,15.629095982142854,38.16599704962177,106441449.0,106441449.0,0.0,343.0,343.0,0.0,246.60491071428572,242.92522321428572,43.83181266468627,542103968.0,563010112.0,251641834.5373686
75,amg,8,4000,10000,0.5,348.75,351.0,5.909032633745275,18.530920758928573,20.491808035714286,5.1803212946090715,106441449.0,106441449.0,0.0,343.0,343.0,0.0,269.65848214285717,257.9006696428571,23.98201217753729,672734720.0,784401408.0,226393257.5681276
76,amg,8,4000,10000,0.7,345.9771205357143,345.5,5.799657097706088,15.801841517857142,15.591328125,5.1426817334329815,106441449.0,106441449.0,0.0,343.0,343.0,0.0,301.8208705357143,303.0345982142857,20.103785225053507,512098048.0,497795200.0,258536400.49078092
77,amg,8,4000,10000,1.0,354.75,352.0,13.86542462386205,24.832444196428572,21.302343750000002,14.109977584407108,106441449.0,106441449.0,0.0,345.75,343.0,5.499999999999996,311.9235491071429,309.3537946428571,17.844898087458528,585298224.0,581443296.0,251707234.38573346
78,amg,8,4000,100000,0.1,341.5,341.5,1.2909944487358056,11.987963169642857,12.042020089285714,1.1446215214909852,106441449.0,106441449.0,0.0,343.0,343.0,0.0,6.693978794642858,6.810100446428571,0.7639977984563285,67505760.0,67485600.0,125899.15964771171
79,amg,8,4000,100000,0.3,343.0,343.5,2.160246899469287,13.613895089285714,14.088683035714286,2.2062805389762508,106441449.0,106441449.0,0.0,343.0,343.0,0.0,65.72438616071429,47.86953125,36.56287096144402,165463200.0,176133888.0,21947170.191728197
80,amg,8,4000,100000,0.5,345.5,345.5,0.577350269189634,15.604994419642857,15.457120535714285,0.7206496838651942,106441449.0,106441449.0,0.0,343.0,343.0,0.0,82.46422991071428,80.0603794642857,5.094193987887965,259234304.0,261617664.0,5117214.064447179
81,amg,8,4000,100000,0.7,341.75,340.0,3.5,12.298627232142858,10.831785714285715,3.344531862926149,106441449.0,106441449.0,0.0,343.0,343.0,0.0,196.84709821428572,215.6875,39.92588641534089,202132896.0,176051232.0,55435674.55688815
82,amg,8,4000,100000,1.0,349.0,346.5,5.354126134736342,19.18126674107143,16.926685267857145,5.020537560324515,106441449.0,106441449.0,0.0,343.0,343.0,0.0,153.35212053571428,152.64955357142856,7.169641785779074,374228400.0,375780384.0,14232154.14300337
83,amg,8,4000,1000000,0.1,344.25,342.5,3.8622100754188224,14.664966517857142,12.790792410714285,4.01963207862272,106441449.0,106441449.0,0.0,343.25,343.0,0.4999999999999952,2.3726841517857147,1.0159140624999998,2.743519646890751,6869520.0,6894720.0,50400.0
84,amg,8,4000,1000000,0.3,343.53125,342.0,3.846501386541628,14.058582589285713,12.46271205357143,4.2662457483945255,106441449.0,106441449.0,0.0,344.0,344.0,0.0,15.986914062499999,16.306808035714287,6.680423351390012,19675488.0,19660480.0,384001.51288590865
85,amg,8,4000,1000000,0.5,344.5,345.0,3.6968455021364646,14.639006696428574,14.818470982142859,3.2794068262449483,106441449.0,106441449.0,0.0,343.75,344.0,0.5,29.441741071428574,29.562388392857137,12.139863074886295,31510528.0,31510528.0,1229055.9733388873
86,amg,8,4000,1000000,0.7,343.25,343.0,1.2583057392117898,13.690044642857144,13.346227678571429,1.2605352672404493,106441449.0,106441449.0,0.0,343.5,343.5,0.5773502691896257,45.52265624999999,45.03069196428571,22.043546496130013,41716640.0,41786752.0,3081739.4430756154
87,amg,8,4000,1000000,1.0,342.5,343.0,1.7320508075688772,12.89310825892857,13.408660714285713,1.440348259801373,106441449.0,106441449.0,0.0,343.75,344.0,0.4999999999999952,46.344308035714285,39.538616071428564,16.02974808630938,59425968.0,60777696.0,3213989.2264362057
88,amg,8,20000,0,0.1,346.0,346.0,0.0,18.171093750000004,18.171093750000004,0.14662995529515718,106441449.0,106441449.0,0.0,343.0,343.0,0.0,335.96651785714283,335.96651785714283,0.6850096942744679,690631200.0,690631200.0,65103830.460727885
89,amg,8,20000,0,0.3,358.7834821428571,358.0,14.816437009083286,27.858816964285715,27.439955357142857,10.705230544640207,106441449.0,106441449.0,0.0,343.0,343.0,0.0,335.4202008928571,335.9709821428571,2.054176585750412,717877664.0,674639616.0,179912117.3237369
90,amg,8,20000,0,0.5,366.6666666666667,375.0,18.92969448600091,33.137499999999996,39.50089285714286,14.096198945355136,106441449.0,106441449.0,0.0,343.0,343.0,0.0,335.30282738095235,335.0044642857143,1.1054006249140482,827268437.3333334,871456768.0,85913405.75304222
91,amg,8,20000,0,0.7,377.3333333333333,377.0,2.5166114784235822,42.212872023809524,41.67901785714285,2.3001794302225993,106441449.0,106441449.0,0.0,343.0,343.0,0.0,336.64285714285717,336.921875,0.5583436650290421,732343210.6666666,737297792.0,67724030.63544346
92,amg,8,20000,0,1.0,362.0,361.0,20.848661028149188,30.187946428571433,29.383593750000003,16.62725496769333,106441449.0,106441449.0,0.0,343.0,343.0,0.0,336.6311383928571,336.5334821428571,1.0740069654403492,841876224.0,840975072.0,78031860.30171953
93,amg,8,20000,100,0.1,368.0,368.0,,32.605133928571426,32.605133928571426,,106441449.0,106441449.0,,343.0,343.0,,330.7455357142857,330.7455357142857,,671086080.0,671086080.0,
94,amg,8,20000,100,0.3,345.0,345.0,1.0,17.32641369047619,17.561607142857145,0.7004685623342886,106441449.0,106441449.0,0.0,343.0,343.0,0.0,330.60342261904765,330.81473214285717,0.6726914731340141,907343658.6666666,888713728.0,52459255.5390302
95,amg,8,20000,100,0.5,357.6666666666667,345.0,22.810816147900823,27.137425595238096,16.98950892857143,17.952838222071314,106441449.0,106441449.0,0.0,343.0,343.0,0.0,333.04092261904765,332.68526785714283,0.823186726439311,903770112.0,894537728.0,43491218.444013454
96,amg,8,20000,100,0.7,354.0,345.5,18.01850900231944,24.01333705357143,17.74564732142857,13.51011652101584,106441449.0,106441449.0,0.0,343.0,343.0,0.0,333.1763392857143,333.27232142857144,1.3993132483344395,930246016.0,933961952.0,125549535.75627948
97,amg,8,20000,100,1.0,382.75,382.0,4.112987559751022,47.49430803571428,46.364285714285714,3.8737132718854737,106441449.0,106441449.0,0.0,343.0,343.0,0.0,336.7611607142857,336.9966517857143,0.5251405656897807,802475856.0,789208896.0,77304068.65055008
98,amg,8,20000,1000,0.1,363.0,363.0,,28.79419642857143,28.79419642857143,,106441449.0,106441449.0,,343.0,343.0,,300.1138392857143,300.1138392857143,,635060160.0,635060160.0,
99,amg,8,20000,1000,0.3,345.3333333333333,346.0,1.1547005383792557,16.92403273809524,17.37767857142857,0.79697585687947,106441449.0,106441449.0,0.0,343.02752976190476,343.0,0.047682946339300675,315.32738095238096,314.109375,2.125131689221829,938540288.0,973899136.0,62966757.519241154
100,amg,8,20000,1000,0.5,374.25,373.5,1.892969448600095,38.21305803571429,37.54921875000001,1.4299938800372798,106441449.0,106441449.0,0.0,343.0,343.0,0.0,326.1361607142857,326.0022321428571,0.46910417458775516,846745088.0,851386368.0,20501035.971948214
101,amg,8,20000,1000,0.7,353.25,345.0,16.5,23.43443080357143,17.49185267857143,12.386428459086384,106441449.0,106441449.0,0.0,343.0,343.0,0.0,327.21205357142856,326.73549107142856,2.1365987789122474,957835088.0,986686176.0,120161379.83070691
102,amg,8,20000,1000,1.0,389.0,364.0,64.80740698407861,57.735100446428575,32.679575892857144,61.91951662356213,106441449.0,106441449.0,0.0,343.0,343.0,0.0,331.42578125,331.33258928571433,1.334627781731125,913668000.0,926884896.0,100159301.79525079
103,amg,8,20000,10000,0.1,351.3333333333333,355.0,8.14452781524707,20.34752232142857,22.857142857142858,6.092926682795553,106441449.0,106441449.0,0.0,343.0,343.0,0.0,160.6078869047619,163.15178571428572,13.267890251933466,354036480.0,349534080.0,25918338.720095467
104,amg,8,20000,10000,0.3,357.6666666666667,362.0,12.0968315410827,25.0625,27.49910714285715,8.53570407353786,106441449.0,106441449.0,0.0,343.0,343.0,0.0,235.81324404761904,235.55357142857142,5.793428780154162,599359488.0,600380032.0,32579350.36048988
105,amg,8,20000,10000,0.5,359.25,359.5,18.191115047370417,27.10625,27.24698660714286,14.386204390795939,106441449.0,106441449.0,0.0,343.0,343.0,0.0,262.1439732142857,262.13504464285717,10.522728405594025,738415104.0,738941952.0,97485804.48109946
106,amg,8,20000,10000,0.7,351.0,343.5,15.340577998671806,20.9546875,15.351004464285715,11.552197142921436,106441449.0,106441449.0,0.0,343.0,343.0,0.0,275.7064732142857,274.3180803571429,6.634292699141211,838539520.0,854244608.0,77263720.90445071
107,amg,8,20000,10000,1.0,368.25,375.0,17.075811352124195,35.07784598214286,40.135267857142864,14.009052217672975,106441449.0,106441449.0,0.0,343.0189732142857,343.0,0.03794642857142112,295.1869419642857,297.83482142857144,7.577141319449512,833966112.0,788307744.0,131722839.76652043
108,amg,8,20000,100000,0.1,343.0,343.0,,13.56109375,13.56109375,,106441449.0,106441449.0,,343.0,343.0,,23.86696428571429,23.86696428571429,,64108800.0,64108800.0,
109,amg,8,20000,100000,0.3,342.25,342.0,0.4999999999999952,13.055915178571428,12.680937499999999,0.8189916132876591,106441449.0,106441449.0,0.0,343.0,343.0,0.0,58.63816964285714,58.36819196428571,2.3667718036306975,169515360.0,169680448.0,1415851.8882990512
110,amg,8,20000,100000,0.5,348.5,348.0,6.608075867199678,18.36864955357143,17.978794642857146,5.442710978790691,106441449.0,106441449.0,0.0,343.0,343.0,0.0,91.26171875,88.67232142857142,10.361104080242248,250277888.0,252786688.0,10172083.18252946
111,amg,8,20000,100000,0.7,357.75,357.5,2.0615528128088223,26.19681919642857,26.052901785714283,1.6180977740142675,106441449.0,106441449.0,0.0,343.0,343.0,0.0,122.54464285714286,123.59040178571428,5.048505487604806,305477984.0,303865408.0,6828875.2075833585
112,amg,8,20000,100000,1.0,359.25,364.5,10.843584893075409,27.963727678571427,32.17991071428571,9.526162021405732,106441449.0,106441449.0,0.0,343.0,343.0,0.0,145.65904017857142,148.0,8.180409282668405,389547984.0,385292544.0,16000755.157123303
113,amg,8,20000,1000000,0.1,346.25,343.5,6.551081335677853,16.87810267857143,14.011930803571428,6.389771898232757,106441449.0,106441449.0,0.0,343.2505580357143,343.00111607142856,0.499629084227405,3.644916294642858,3.4682924107142865,0.49301092455291046,6849360.0,6854400.0,10080.0
114,amg,8,20000,1000000,0.3,344.2260044642857,344.5,1.7501265736766607,14.822248883928571,15.252455357142857,1.929991578793036,106441449.0,106441449.0,0.0,343.75,344.0,0.5000000000000047,9.965145089285715,9.651551339285714,0.9264150586658685,20005664.0,20020672.0,57476.264132828
115,amg,8,20000,1000000,0.5,344.0,344.5,2.160246899469287,14.565998883928572,15.313169642857144,1.9161676611711738,106441449.0,106441449.0,0.0,343.5,343.5,0.5773502691896257,15.66568080357143,15.75703125,1.6220727491149398,32865280.0,32865280.0,129553.8749195358
116,amg,8,20000,1000000,0.7,342.25,342.0,0.5000000000000047,12.773208705357142,12.765814732142857,0.3779470725047204,106441449.0,106441449.0,0.0,344.0,344.0,0.0,17.28850446428571,16.793749999999996,2.0174867435212045,45713024.0,45783136.0,302918.4612311813
117,amg,8,20000,1000000,1.0,349.0,349.0,0.816496580927726,18.832756696428575,18.77321428571429,0.7550602212621961,106441449.0,106441449.0,0.0,343.0,343.0,0.0,28.30078125,28.36439732142857,1.1813306516149262,62980512.0,62980512.0,258529.38432603749
118,amg,8,40000,0,0.1,354.0,346.0,13.856406460551018,24.50840773809524,18.964285714285715,9.693116573389588,106441449.0,106441449.0,0.0,343.0,343.0,0.0,338.07738095238096,337.63169642857144,0.8764006115892886,427129920.0,456785280.0,61658169.404885836
119,amg,8,40000,0,0.3,376.6666666666667,378.0,2.309401076758499,42.282738095238095,42.776785714285715,1.1072139219104127,106441449.0,106441449.0,0.0,343.0,343.0,0.0,339.3519345238095,339.05580357142856,0.5619342984002154,334938538.6666667,346024448.0,36581135.16981152
120,amg,8,40000,0,0.5,374.0,382.0,18.055470085267785,40.45011160714286,46.26674107142857,13.220331072597418,106441449.0,106441449.0,0.0,343.0,343.0,0.0,339.4235491071429,339.4430803571429,0.5897459844586945,409185280.0,401458176.0,29377894.457896512
121,amg,8,40000,0,0.7,372.75,381.5,18.518009252256746,40.287834821428575,46.746875,14.680479402581168,106441449.0,106441449.0,0.0,343.0,343.0,0.0,339.4720982142857,340.0,1.0558035714285867,416780784.0,380778272.0,86048296.97769305
122,amg,8,40000,0,1.0,368.75,368.5,24.55436145915154,38.284151785714286,38.31707589285714,19.42444122352134,106441449.0,106441449.0,0.0,343.0,343.0,0.0,339.6071428571429,339.7455357142857,0.5068094980828136,455332080.0,445869984.0,53572722.015217856
123,amg,8,40000,100,0.1,369.0,369.0,1.4142135623730951,35.67511160714285,35.67511160714285,0.7426199565809594,106441449.0,106441449.0,0.0,343.0,343.0,0.0,337.3091517857143,337.3091517857143,0.43720664818899224,309173760.0,309173760.0,22836946.87937072
124,amg,8,40000,100,0.3,355.0,349.0,14.809906594348712,26.75853794642857,23.290848214285717,10.522238342991702,106441449.0,106441449.0,0.0,343.0,343.0,0.0,337.37220982142856,337.51450892857144,1.1338881094557374,407872416.0,390988416.0,77478257.94160664
125,amg,8,40000,100,0.5,383.3333333333333,383.0,1.5275252316519405,47.55565476190477,47.08727678571428,0.9280484537051535,106441449.0,106441449.0,0.0,343.0,343.0,0.0,338.9925595238095,339.0,0.012887282794420666,384415061.3333333,373610496.0,29377665.92862852
126,amg,8,40000,100,0.7,367.0,366.0,23.762715894162152,36.04665178571429,35.071875,18.197713467642426,106441449.0,106441449.0,0.0,343.0,343.0,0.0,337.96986607142856,338.0,1.1905136247834855,485911216.0,481879776.0,102292062.45585236
127,amg,8,40000,100,1.0,357.75,348.5,20.934421415458328,29.903738839285715,23.06629464285714,16.759493781788894,106441449.0,106441449.0,0.0,343.0,343.0,0.0,338.6752232142857,338.62723214285717,1.044664319834463,509301072.0,511954464.0,108501105.10204282
128,amg,8,40000,1000,0.1,361.3333333333333,368.0,12.423096769056153,29.80684523809524,34.322767857142864,7.947595195304017,106441449.0,106441449.0,0.0,343.0,343.0,0.0,318.96800595238096,320.04017857142856,3.432655687136824,342538560.0,324596160.0,45211068.7858803
129,amg,8,40000,1000,0.3,358.0,355.0,11.633285577743425,29.996875,29.938839285714284,7.376114467149599,106441449.0,106441449.0,0.0,343.0,343.0,0.0,331.26841517857144,331.46205357142856,1.666962308028951,396901568.0,394890496.0,55821486.15967793
130,amg,8,40000,1000,0.5,363.5,364.0,19.672315572906,32.94123883928571,33.81674107142857,14.936063043261068,106441449.0,106441449.0,0.0,343.0,343.0,0.0,334.9107142857143,335.38950892857144,2.108659569402875,414855168.0,391473152.0,98487329.48245236
131,amg,8,40000,1000,0.7,346.75,347.0,2.061552812808836,20.556584821428572,20.746763392857144,2.4321788335184875,106441449.0,106441449.0,0.0,343.0,343.0,0.0,335.2779017857143,335.69196428571433,1.6995560730840689,468313104.0,438831008.0,94660123.71168208
132,amg,8,40000,1000,1.0,377.25,387.5,21.54646142641524,44.464453125000006,52.639174107142864,17.725499018141736,106441449.0,106441449.0,0.0,343.0,343.0,0.0,337.50390625,338.00111607142856,1.7206673896517628,441063840.0,392601888.0,119884120.36650406
133,amg,8,40000,10000,0.1,356.0,361.0,9.539392014169456,24.481101190476192,27.357366071428572,6.5003265589471635,106441449.0,106441449.0,0.0,343.0,343.0,0.0,213.53348214285714,215.20982142857142,6.6089648941613826,250985280.0,247564800.0,12953334.712698502
134,amg,8,40000,10000,0.3,352.0,346.0,13.366625103842287,23.314620535714283,19.18515625,9.554207183070142,106441449.0,106441449.0,0.0,343.0,343.0,0.0,275.03738839285717,272.796875,7.926414062042539,380152640.0,392969472.0,44558938.188451245
135,amg,8,40000,10000,0.5,355.5,348.5,16.421530582338136,26.498437499999998,22.19095982142857,12.378591646481869,106441449.0,106441449.0,0.0,343.0,343.0,0.0,295.5853794642857,296.1305803571429,8.208562312615324,433620992.0,427700224.0,73756057.55194718
136,amg,8,40000,10000,0.7,382.25,382.5,3.8622100754188304,47.79732142857143,47.401562500000004,3.780341252293289,106441449.0,106441449.0,0.0,343.0,343.0,0.0,314.73270089285717,314.5267857142857,1.7758248993063452,354591440.0,355888512.0,20794601.436182547
137,amg,8,40000,10000,1.0,375.25,383.0,18.282505298782223,43.37276785714286,49.334709821428575,14.309715855081015,106441449.0,106441449.0,0.0,343.25,343.0,0.4999999999999952,321.7494419642857,321.99888392857144,2.061462883926343,379234800.0,373777824.0,31905657.974444095
138,amg,8,40000,100000,0.1,346.3333333333333,347.0,3.055050463303895,16.658147321428572,17.043080357142856,2.4140323328600197,106441449.0,106441449.0,0.0,343.0,343.0,0.0,49.37991071428571,48.87098214285714,0.9270924218961325,58974720.0,59068800.0,180691.79062702323
139,amg,8,40000,100000,0.3,345.75,342.5,6.84957419601151,16.398783482142857,13.944743303571428,5.7433687061531735,106441449.0,106441449.0,0.0,343.0,343.0,0.0,93.39654017857143,86.70122767857143,14.522872190056953,148759296.0,152781440.0,8727449.87511136
140,amg,8,40000,100000,0.5,347.5,342.5,10.344080432788601,18.203839285714288,14.265959821428572,8.801600968523243,106441449.0,106441449.0,0.0,343.0,343.0,0.0,126.31975446428571,123.08147321428571,13.790058301471674,215305216.0,218466304.0,13634460.547690865
141,amg,8,40000,100000,0.7,364.0,369.0,12.083045973594572,33.06841517857143,36.715401785714285,9.686984142679938,106441449.0,106441449.0,0.0,343.0,343.0,0.0,175.99944196428572,180.49888392857144,10.801027896759077,231614992.0,225690528.0,14943508.36733632
142,amg,8,40000,100000,1.0,352.0,344.5,16.020819787597226,23.355636160714287,17.465848214285714,13.065942797509322,106441449.0,106441449.0,0.0,343.0,343.0,0.0,195.18805803571428,189.37611607142856,15.472117321318022,292173504.0,303988608.0,30610141.126106035
143,amg,8,40000,1000000,0.1,342.25,342.0,1.2583057392117898,12.659642857142856,12.237008928571427,0.9043261496662803,106441449.0,106441449.0,0.0,343.25,343.0,0.4999999999999952,5.632193080357143,5.248805803571429,1.063065299605697,6809040.0,6814080.0,25367.443702509718
144,amg,8,40000,1000000,0.3,344.0,345.0,2.7080128015453253,14.233035714285714,14.896875000000001,2.4335874551886247,106441449.0,106441449.0,0.0,343.5,343.5,0.5773502691896257,15.499944196428572,16.854687500000004,3.2810523526023454,19675488.0,19570432.0,210111.99999999968
145,amg,8,40000,1000000,0.5,342.5,341.5,3.1091263510296097,12.912862723214285,12.149553571428573,2.8382600980248176,106441449.0,106441449.0,0.0,343.75,344.0,0.5,20.429296875000002,20.506361607142857,3.6936685053611042,32388608.0,32363520.0,387580.5054884298
146,amg,8,40000,1000000,0.7,345.5,345.5,4.654746681256314,16.231746651785713,16.346785714285716,4.405699845957658,106441449.0,106441449.0,0.0,343.75,344.0,0.4999999999999952,31.185881696428567,33.04999999999999,6.175515102862359,43784944.0,43539552.0,896958.7577111141
147,amg,8,40000,1000000,1.0,343.75,341.5,4.856267428111161,14.369720982142857,12.254977678571429,4.946377644111945,106441449.0,106441449.0,0.0,343.75,344.0,0.5,38.89419642857143,36.317745535714295,7.519862289238922,60927888.0,61478592.0,1537108.842761631
148,amg,8,200000,0,0.1,360.3333333333333,355.0,13.79613472438326,40.8828125,36.39375,12.234440304563503,106441449.0,106441449.0,0.0,343.0,343.0,0.0,341.0,341.0,0.0,180035520.0,164304000.0,35917869.43668012
149,amg,8,200000,0,0.3,356.6666666666667,354.0,5.507570547286106,38.31517857142857,36.20223214285714,4.973627174928909,106441449.0,106441449.0,0.0,343.0,343.0,0.0,341.6763392857143,342.0,0.5605968015568887,153121621.33333334,147738752.0,11851164.232583623
150,amg,8,200000,0,0.5,358.78125,358.5,5.364209129343608,39.646484375,38.259040178571425,5.137593264937365,106441449.0,106441449.0,0.0,343.0,343.0,0.0,342.0,342.0,0.0,147793408.0,148972544.0,6508390.059853512
151,amg,8,200000,0,0.7,357.25,355.5,3.862210075418827,38.732310267857144,37.761160714285715,2.643533833990146,106441449.0,106441449.0,0.0,343.0,343.0,0.0,342.0,342.0,0.0,137805136.0,139733216.0,14031453.21084408
152,amg,8,200000,0,1.0,357.0,357.0,1.0,38.49985119047619,38.31852678571429,0.5406082417726309,106441449.0,106441449.0,0.0,343.0,343.0,0.0,342.0,342.0,0.0,130366656.0,129966144.0,7017537.151893675
153,amg,8,200000,100,0.1,357.25,357.0,2.217355782608345,38.429408482142854,38.20703125,4.008100212431311,106441449.0,106441449.0,0.0,343.0,343.0,0.0,340.2388392857143,340.00669642857144,0.46879251507875125,143171280.0,145484640.0,11107133.963502916
154,amg,8,200000,100,0.3,357.6666666666667,354.0,7.234178138070227,38.56346726190477,36.54709821428572,5.791408431268864,106441449.0,106441449.0,0.0,343.0,343.0,0.0,341.0,341.0,0.0,166088533.33333334,162146432.0,7142126.233415184
155,amg,8,200000,100,0.5,360.7083333333333,357.0,7.306176040401249,41.26354166666667,38.58705357142857,6.664089121674067,106441449.0,106441449.0,0.0,343.0,343.0,0.0,342.0,342.0,0.0,138485760.0,141697024.0,12066050.061230808
156,amg,8,200000,100,0.7,358.5,356.5,4.358898943540669,40.90970982142857,38.792633928571426,4.5822957906646575,106441449.0,106441449.0,0.0,343.0,343.0,0.0,342.0,342.0,0.0,128725632.0,133984032.0,16817918.858319975
157,amg,8,200000,100,1.0,360.75,361.0,4.0311288741492675,43.73292410714286,44.72533482142857,4.761499728752049,106441449.0,106441449.0,0.0,343.25,343.0,0.4999999999999952,342.25,342.0,0.4999999999999952,118301232.0,114346176.0,16791578.0470892
158,amg,8,200000,1000,0.1,357.0,357.5,3.1622776601683795,37.660491071428574,36.777455357142856,4.024718434643207,106441449.0,106441449.0,0.0,343.0,343.0,0.0,334.2126116071429,334.4475446428571,1.7316704519267656,133171920.0,130102560.0,25440202.002216887
159,amg,8,200000,1000,0.3,356.75,356.0,2.986078811194825,37.21573660714286,35.093415178571426,5.357856879809373,106441449.0,106441449.0,0.0,343.25,343.0,0.5,339.4994419642857,339.5,0.577995351683586,142065728.0,146207936.0,16398335.376712034
160,amg,8,200000,1000,0.5,358.0,357.0,3.605551275463989,39.59345238095238,39.85066964285714,1.4274213481186449,106441449.0,106441449.0,0.0,343.0,343.0,0.0,340.0,340.0,0.0,143670613.33333334,145510400.0,3361916.813603412
161,amg,8,200000,1000,0.7,359.75,360.0,1.258305739211786,41.20859375,41.68214285714286,2.146410291270659,106441449.0,106441449.0,0.0,343.0,343.0,0.0,341.0,341.0,0.0,134474816.0,133493248.0,6651408.33929176
162,amg,8,200000,1000,1.0,357.0,357.0,0.0,39.21138392857143,39.691294642857144,1.208534399597122,106441449.0,106441449.0,0.0,343.0,343.0,0.0,341.9947916666667,342.0,0.0090210979560838,132769728.0,132369216.0,6817533.099019322
163,amg,8,200000,10000,0.1,354.03943452380946,354.0,0.07417748024623795,34.34977678571428,34.49151785714286,2.20464763429584,106441449.0,106441449.0,0.0,343.0,343.0,0.0,279.81175595238096,281.1607142857143,3.065069736547962,122888640.0,120173760.0,5561432.3749192525
164,amg,8,200000,10000,0.3,354.6666666666667,355.0,0.5773502691896216,33.765699404761904,34.246428571428574,1.103531614382837,106441449.0,106441449.0,0.0,343.0,343.0,0.0,317.6666666666667,317.0,2.081665999466135,143856682.66666666,145697664.0,11398072.922846096
165,amg,8,200000,10000,0.5,358.0,359.0,3.605551275463989,39.157738095238095,40.231473214285714,2.4202501372601852,106441449.0,106441449.0,0.0,343.0,343.0,0.0,329.0,329.0,2.0,130758656.0,131059712.0,16208945.00365326
166,amg,8,200000,10000,0.7,359.5,359.5,2.886751345948129,41.79665178571429,42.92220982142857,4.3258145241138575,106441449.0,106441449.0,0.0,343.0,343.0,0.0,334.0814732142857,334.16294642857144,0.8331875005262414,115930192.0,116806592.0,13619004.093766425
167,amg,8,200000,10000,1.0,361.75,361.0,3.403429642777025,44.58309151785714,44.62455357142857,4.3194306775371745,106441449.0,106441449.0,0.0,343.25,343.0,0.5,337.0,337.0,0.816496580927726,111041952.0,112143360.0,10425499.944418589
168,amg,8,200000,100000,0.1,349.0,349.0,1.0,26.85959821428571,25.665401785714288,2.123350328961134,106441449.0,106441449.0,0.0,343.0,343.0,0.0,103.7440476190476,102.14285714285714,3.8062253205079903,48074880.0,48343680.0,800667.6254226844
169,amg,8,200000,100000,0.3,352.75,353.0,1.2583057392117973,31.58074776785714,31.506361607142857,1.476721287702141,106441449.0,106441449.0,0.0,343.0,343.0,0.0,194.25,193.0,9.604686356149275,88682272.0,89507712.0,5757728.133534152
170,amg,8,200000,100000,0.5,353.75,353.5,1.707825127659933,33.452790178571426,32.82600446428572,1.8476188663413295,106441449.0,106441449.0,0.0,343.0,343.0,0.0,240.32198660714286,240.14397321428572,9.114326716807858,102133248.0,102208512.0,9211772.470381582
171,amg,8,200000,100000,0.7,362.0,355.0,16.08311744241976,42.8421875,35.54553571428571,16.013693696810353,106441449.0,106441449.0,0.0,343.25,343.0,0.4999999999999952,270.0,270.0,3.366501646120693,101767568.0,101732512.0,4707260.713426724
172,amg,8,200000,100000,1.0,354.25,354.0,0.4999999999999952,35.50362723214286,35.49966517857143,0.41802405818500676,106441449.0,106441449.0,0.0,343.0,343.0,0.0,284.7466517857143,283.49330357142856,2.8734545882486136,116298672.0,118851936.0,5751625.178597089
173,amg,8,200000,1000000,0.1,344.0,344.0,0.816496580927726,17.658816964285716,17.570870535714285,0.8688269344054329,106441449.0,106441449.0,0.0,343.0,343.0,0.0,14.010881696428571,13.565401785714284,2.0933853482256364,6632640.0,6642720.0,43550.57749330082
174,amg,8,200000,1000000,0.3,345.25,345.0,1.258305739211786,19.320926339285712,18.997544642857143,1.2382499855223907,106441449.0,106441449.0,0.0,343.5,343.5,0.577350269189634,39.60502232142858,38.90602678571429,7.096849790000587,18234720.0,18279744.0,414104.77988708724
175,amg,8,200000,1000000,0.5,348.5,348.0,0.9999999999999952,23.734319196428572,23.583482142857143,0.7658226650078619,106441449.0,106441449.0,0.0,343.75,344.0,0.4999999999999952,63.321651785714295,62.320312500000014,3.047228263141993,28123648.0,28198912.0,310659.2786532107
176,amg,8,200000,1000000,0.7,353.5,350.0,7.0,30.719754464285714,27.77098214285714,6.900947648489968,106441449.0,106441449.0,0.0,344.0,344.0,0.0,94.48934151785713,92.32868303571428,6.553247487105323,34915776.0,35196224.0,871948.2668935498
177,amg,8,200000,1000000,1.0,357.75,350.5,14.84082207965583,34.72527901785714,27.631473214285712,14.968182607307702,106441449.0,106441449.0,0.0,343.75,344.0,0.4999999999999952,123.75,124.0,10.340051579497398,44006256.0,44056320.0,2070657.3691038312
178,amg,8,400000,0,0.1,359.75,359.0,6.652067347825035,40.94676339285714,39.988392857142856,5.0918931600447985,106441449.0,106441449.0,0.0,343.0,343.0,0.0,342.0,342.0,0.0,76214880.0,76819680.0,12878695.474806445
179,amg,8,400000,0,0.3,356.0,355.5,1.4142135623731018,37.730859374999994,36.95647321428571,3.736630030362969,106441449.0,106441449.0,0.0,343.0,343.0,0.0,342.7427455357143,342.98549107142856,0.49521176334565586,76916000.0,77831488.0,5745614.391872813
180,amg,8,400000,0,0.5,366.5,367.5,10.472185381603346,50.34743303571429,50.71595982142857,11.169400456912827,106441449.0,106441449.0,0.0,343.25,343.0,0.4999999999999952,343.0,343.0,0.0,58254336.0,59308032.0,13594270.26957696
181,amg,8,400000,0,0.7,364.0,364.5,2.160246899469287,47.494252232142856,47.18113839285714,3.3500342393764324,106441449.0,106441449.0,0.0,343.5,343.5,0.5773502691896257,342.75,343.0,0.4999999999999952,58087792.0,55949376.0,8011504.075203857
182,amg,8,400000,0,1.0,358.0,359.0,2.0000000000000044,40.83549107142857,41.2171875,2.3279117417621547,106441449.0,106441449.0,0.0,343.75,344.0,0.4999999999999952,343.0,343.0,0.0,67436208.0,68087040.0,3234718.1689859782
183,amg,8,400000,100,0.1,355.75,355.5,1.707825127659933,38.010546875,37.68102678571429,3.4490367261833583,106441449.0,106441449.0,0.0,343.0,343.0,0.0,341.5853794642857,341.5859375,0.47876342305807956,74526480.0,74894400.0,7659374.077821242
184,amg,8,400000,100,0.3,356.5,356.0,2.516611478423589,38.336886160714286,36.840848214285714,3.6604773096523844,106441449.0,106441449.0,0.0,343.0,343.0,0.0,342.0,342.0,0.0,71753248.0,74229568.0,9679046.939625686
185,amg,8,400000,100,0.5,362.25,362.0,3.304037933599835,43.68158482142857,44.175223214285715,2.5932731349759957,106441449.0,106441449.0,0.0,343.0,343.0,0.0,342.69642857142856,342.8928571428571,0.4700061117799716,65278976.0,67637248.0,6879542.5362082515
186,amg,8,400000,100,0.7,360.75,360.5,0.9574271077563405,42.377901785714286,42.83359375,1.1870794127409898,106441449.0,106441449.0,0.0,343.0,343.0,0.0,342.41796875,342.3359375,0.5008740732355701,63205968.0,65134048.0,6414002.720667961
187,amg,8,400000,100,1.0,358.25,358.0,2.217355782608345,40.09910714285714,39.72578125,1.180181600415636,106441449.0,106441449.0,0.0,343.75,344.0,0.5,343.0,343.0,0.0,63981792.0,63080640.0,4115411.029861294
188,amg,8,400000,1000,0.1,358.25,358.0,3.3040379335998327,39.38861607142857,39.85089285714286,4.753453153715341,106441449.0,106441449.0,0.0,343.0,343.0,0.0,338.2522321428571,338.0044642857143,0.4985296727466158,70489440.0,72878400.0,8291382.617826776
189,amg,8,400000,1000,0.3,358.75,358.5,2.7537852736430586,40.63080357142857,39.726450892857144,2.3277957481305953,106441449.0,106441449.0,0.0,343.0,343.0,0.0,341.25,341.0,0.4999999999999952,67400928.0,68106304.0,7528433.26757717
190,amg,8,400000,1000,0.5,362.6666666666667,361.0,2.8867513459481207,45.98147321428571,44.5328125,5.704402442025237,106441449.0,106441449.0,0.0,343.0,343.0,0.0,342.0,342.0,0.0,62954154.666666664,61816832.0,2057419.9573692607
191,amg,8,400000,1000,0.7,363.5,363.5,2.0816659994661393,47.59419642857143,47.741852678571426,2.6510552883622855,106441449.0,106441449.0,0.0,343.40122767857144,343.3024553571429,0.49057190164487186,342.2952008928571,342.2868303571429,0.34114258774486445,63381248.0,62259456.0,2769202.117693831
192,amg,8,400000,1000,1.0,359.0,358.0,3.4641016151377544,40.758984375000004,39.35412946428572,3.3931786363533,106441449.0,106441449.0,0.0,343.5,343.0,1.0000000000000047,342.8208705357143,342.5,1.0830476984159034,63931728.0,61478592.0,5631847.6867585825
193,amg,8,400000,10000,0.1,358.25,357.5,3.593976442141304,38.124609375,37.57120535714286,2.96500069465983,106441449.0,106441449.0,0.0,343.0,343.0,0.0,310.0837053571429,310.5725446428571,4.2804408978361375,64174320.0,63453600.0,8269882.8903921
194,amg,8,400000,10000,0.3,356.0,356.0,2.3094010767585114,37.58353794642857,37.02131696428572,2.3711243102150372,106441449.0,106441449.0,0.0,343.0,343.0,0.0,330.5,330.5,0.577350269189634,71212960.0,71047872.0,1521370.072554343
195,amg,8,400000,10000,0.5,358.0,358.0,0.816496580927726,39.606640625,39.69955357142857,0.9887089155264739,106441449.0,106441449.0,0.0,343.0,343.0,0.0,336.25,336.0,0.5000000000000047,65529856.0,65630208.0,3007213.072895234
196,amg,8,400000,10000,0.7,359.0,358.5,2.9439202887759426,39.853515625,38.96450892857143,4.046587041171876,106441449.0,106441449.0,0.0,343.25,343.0,0.4999999999999952,338.0,338.0,0.0,67377632.0,67097184.0,1997884.4675626268
197,amg,8,400000,10000,1.0,360.25279017857144,360.0055803571429,3.301508251636506,43.496428571428574,43.885937500000004,3.9192252275749655,106441449.0,106441449.0,0.0,343.8141741071429,344.0,0.3716517857142697,340.20033482142856,340.0,0.40066964285714196,65483712.0,65884224.0,2501196.6383345393
198,amg,8,400000,100000,0.1,349.0,348.5,4.966554808583788,25.732366071428572,24.210044642857145,8.123827306544513,106441449.0,106441449.0,0.0,343.0,343.0,0.0,168.75,169.5,10.843584893075418,35083440.0,34947360.0,2150948.555033337
199,amg,8,400000,100000,0.3,352.28125,352.0625,0.4827762594273528,30.693582589285715,30.34029017857143,3.0188588564017653,106441449.0,106441449.0,0.0,343.0,343.0,0.0,250.72935267857144,251.95870535714286,4.015945880979626,55274464.0,54569088.0,2369743.7151827198
200,amg,8,400000,100000,0.5,358.75,358.5,2.0615528128088383,38.986886160714285,38.70814732142857,3.1893079730164198,106441449.0,106441449.0,0.0,343.25,343.0,0.4999999999999952,289.2505580357143,288.5,1.8940503797031094,53788672.0,54591488.0,2053336.960772553
201,amg,8,400000,100000,0.7,356.75,356.5,0.9574271077563405,36.33097098214286,36.343191964285715,1.4462740053616983,106441449.0,106441449.0,0.0,344.0,344.0,0.0,303.25,303.0,2.217355782608345,55809152.0,55739040.0,3116634.1567376824
202,amg,8,400000,100000,1.0,359.75,360.5,4.193248541803039,41.88136160714286,42.82734375,4.691602302495381,106441449.0,106441449.0,0.0,343.5,343.5,0.5773502691896257,314.0,313.5,2.1602468994692847,57823920.0,58374624.0,3726322.4084665566
203,amg,8,400000,1000000,0.1,345.5,345.5,0.5773502691896257,19.164006696428572,19.123325892857146,0.37977750444069125,106441449.0,106441449.0,0.0,343.75,344.0,0.4999999999999952,29.996428571428574,29.900000000000006,2.5001054399533515,6320160.0,6320160.0,47990.399039807955
204,amg,8,400000,1000000,0.3,349.0,349.0,0.816496580927726,25.767801339285715,26.189955357142857,1.7107430743578596,106441449.0,106441449.0,0.0,344.0,344.0,0.0,81.10050223214284,80.75,3.7417967175696827,15773408.0,15788416.0,221251.38171169293
205,amg,8,400000,1000000,0.5,351.5,352.0,2.645751311064587,29.18186383928571,28.606249999999996,3.4847734520154323,106441449.0,106441449.0,0.0,344.0,344.0,0.816496580927726,124.35770089285714,128.5,11.978150334224773,22027264.0,21676032.0,1165984.8742758196
206,amg,8,400000,1000000,0.7,353.0,353.5,2.9439202887759475,32.54514508928571,32.46629464285714,4.106723360171959,106441449.0,106441449.0,0.0,344.42466517857144,344.3493303571429,0.4308146548968915,159.25,160.5,10.965856099730654,25906384.0,25731104.0,1445395.9081165271
207,amg,8,400000,1000000,1.0,353.5,354.5,4.041451884327378,31.614174107142855,32.87578125,7.226190705640908,106441449.0,106441449.0,0.0,343.75,344.0,0.5,186.25,185.0,4.7871355387816905,31540320.0,31840704.0,1053328.7931581477
208,amg,8,2000000,0,0.1,352.0,352.0,,33.464732142857144,33.464732142857144,,106441449.0,106441449.0,,343.0,343.0,,343.0,343.0,,22256640.0,22256640.0,
209,amg,8,2000000,0,0.3,355.6666666666667,355.0,2.0816659994661384,36.374627976190474,37.28035714285714,1.6321933227763163,106441449.0,106441449.0,0.0,344.0,344.0,0.0,343.6666666666667,344.0,0.5773502691896216,17249194.666666668,18189696.0,1734014.0409919797
210,amg,8,2000000,100,0.1,360.5,360.5,6.363961030678928,39.095200892857136,39.095200892857136,5.685106953472824,106441449.0,106441449.0,0.0,343.0,343.0,0.0,343.0,343.0,0.0,17831520.0,17831520.0,356381.81771801994
211,amg,8,2000000,100,0.3,359.25,354.5,10.59481005020854,40.084542410714285,35.49308035714286,9.301082858720251,106441449.0,106441449.0,0.0,343.5,343.5,0.577350269189634,343.25,343.0,0.4999999999999952,15818432.0,15548288.0,1421884.2479133103
212,amg,8,2000000,100,0.5,355.25,355.5,0.9574271077563405,37.872042410714286,37.85959821428571,1.5636639943180424,106441449.0,106441449.0,0.0,344.25,344.5,0.9574271077563381,343.9983258928571,343.9966517857143,0.8165034459238796,14375424.0,14249984.0,557984.7943256758
213,amg,8,2000000,100,0.7,356.25,356.0,1.2583057392117898,36.19402901785714,36.016852678571425,1.403597618791435,106441449.0,106441449.0,0.0,345.25,345.5,1.707825127659933,345.0,345.5,1.4142135623731018,13391392.0,13671840.0,1546707.375280362
214,amg,8,2000000,100,1.0,356.75,356.5,0.9574271077563405,39.014453125,38.800892857142856,3.479555206376938,106441449.0,106441449.0,0.0,345.5,345.5,1.2909944487358056,345.25,345.0,1.5,13817664.0,13517280.0,674162.1536455455
215,amg,8,2000000,1000,0.1,355.75,355.0,2.362907813126307,38.132254464285715,37.484486607142856,1.6212292980274345,106441449.0,106441449.0,0.0,343.0,343.0,0.0,342.0,342.0,0.0,16344720.0,16369920.0,849654.9134795844
216,amg,8,2000000,1000,0.3,357.75,359.0,3.201562118716428,40.41640625000001,41.07700892857144,3.018372569198721,106441449.0,106441449.0,0.0,343.75,344.0,0.5000000000000047,343.5,343.5,0.5773502691896257,14542752.0,14587776.0,1435233.5925908834
217,amg,8,2000000,1000,0.5,359.25,358.0,4.7871355387816905,40.76969866071428,39.98616071428572,2.8770949114302624,106441449.0,106441449.0,0.0,344.5,345.0,0.9999999999999952,344.0,344.0,0.816496580927726,13572608.0,13497344.0,829043.5793418824
218,amg,8,2000000,1000,0.7,357.5,357.5,0.7071067811865476,39.35814732142857,39.35814732142857,1.1230055241389,106441449.0,106441449.0,0.0,346.0,346.0,0.0,345.5,345.5,0.7071067811865476,12479936.0,12479936.0,793226.7302808195
219,amg,8,2000000,1000,1.0,357.75,357.5,0.9574271077563405,39.21077008928572,39.11629464285714,1.27160655531695,106441449.0,106441449.0,0.0,345.0,345.0,1.8257418583505562,344.75,344.5,1.7078251276599288,13417152.0,13417152.0,880519.3545266339
220,amg,8,2000000,10000,0.1,354.0,353.5,1.4142135623730885,35.23392857142857,34.49185267857143,3.7241070938010163,106441449.0,106441449.0,0.0,343.0,343.0,0.0,335.25,335.5,0.9574271077563307,15785280.0,15785280.0,1431691.2292809507
221,amg,8,2000000,10000,0.3,356.75,356.5,1.7078251276599345,38.128794642857144,38.72053571428572,1.869343997225731,106441449.0,106441449.0,0.0,343.75,344.0,0.4999999999999952,341.25,341.0,0.5000000000000047,13957440.0,14017472.0,893784.8885423532
222,amg,8,2000000,10000,0.5,358.1869419642857,358.5,1.0690020498203827,38.50457589285714,38.773102678571426,0.932088058634306,106441449.0,106441449.0,0.0,344.25,344.5,0.9574271077563405,343.0,343.0,0.816496580927726,13070848.0,13045760.0,626028.1319003697
223,amg,8,2000000,10000,0.7,357.75,358.5,2.6299556396765835,40.50842633928571,40.86584821428572,2.378139444948567,106441449.0,106441449.0,0.0,344.75,344.5,0.9574271077563307,343.75,343.5,0.9574271077563307,13566672.0,13601728.0,310926.4972604726
224,amg,8,2000000,10000,1.0,359.25,359.5,0.9574271077563381,41.289508928571436,41.43058035714286,2.452774196070444,106441449.0,106441449.0,0.0,347.0,347.0,0.816496580927726,346.0,346.0,0.816496580927726,12616128.0,12616128.0,327016.6786205254
225,amg,8,2000000,100000,0.1,353.75,354.0,1.4999999999999922,34.76037946428571,34.28939732142857,2.593695127508454,106441449.0,106441449.0,0.0,343.0,343.0,0.0,278.51283482142856,279.0,3.7131007613445672,13013280.0,12902400.0,775832.6582453203
226,amg,8,2000000,100000,0.3,355.0,355.0,0.816496580927726,36.43794642857143,36.535714285714285,1.4280455807677932,106441449.0,106441449.0,0.0,343.25,343.0,0.5,319.6389508928571,320.0,2.0735717109852776,14167552.0,14197568.0,959260.5180352905
227,amg,8,2000000,100000,0.5,357.6666666666667,358.0,1.5275252316519545,38.691517857142856,38.91651785714286,0.5281105182321905,106441449.0,106441449.0,0.0,345.0,345.0,0.0,332.3333333333333,332.0,0.5773502691896216,12610901.333333334,12845056.0,495024.6609991599
228,amg,8,2000000,100000,0.7,358.0,358.0,1.4142135623730951,41.85390625,41.85390625,0.8575248085237769,106441449.0,106441449.0,0.0,345.5,345.5,0.7071067811865476,336.0,336.0,1.4142135623730951,12900608.0,12900608.0,198306.68257020487
229,amg,8,2000000,100000,1.0,358.5,358.5,1.290994448735813,41.01802455357143,41.370089285714286,1.5956749764246214,106441449.0,106441449.0,0.0,346.0,346.0,1.1547005383792432,339.0,339.0,1.1547005383792432,13417152.0,13617408.0,542295.8115862596
230,amg,8,2000000,1000000,0.3,352.2522321428571,352.2522321428571,0.3567101172949736,31.551785714285717,31.551785714285717,2.393430185248399,106441449.0,106441449.0,0.0,344.0,344.0,0.0,197.5,197.5,2.1213203435596424,8794688.0,8794688.0,127347.10286457246
231,amg,8,2000000,1000000,0.5,351.3333333333333,351.0,0.577350269189634,32.70773809523809,32.722767857142856,0.5508234525431914,106441449.0,106441449.0,0.0,345.0,345.0,0.0,241.33333333333334,242.0,2.08166599946613,10369706.666666666,10336256.0,252546.9950827632
232,amg,8,2000000,1000000,0.7,355.75,355.0,2.362907813126307,35.43387276785714,35.39319196428572,1.9378121866161722,106441449.0,106441449.0,0.0,345.25,345.0,0.5,270.7935267857143,271.0,1.1780435720429785,10411632.0,10376576.0,70111.99999999984
233,amg,8,2000000,1000000,1.0,355.5,355.5,1.290994448735813,36.797823660714286,35.64899553571429,2.915871942347899,106441449.0,106441449.0,0.0,346.5,346.5,2.3804761428476087,290.5,290.5,3.511884584284238,11214336.0,11114208.0,283204.7511465865
234,amg,8,4000000,0,0.1,357.6666666666667,353.0,8.962886439832506,37.02775297619048,34.614955357142854,9.346174291579358,106441449.0,106441449.0,0.0,343.6666666666667,344.0,0.5773502691896216,343.3333333333333,343.0,0.577350269189634,8783040.0,8769600.0,242199.83815023495
235,amg,8,4000000,0,0.3,356.25,356.0,4.425306015783916,36.79972098214286,37.17220982142857,4.348993901241828,106441449.0,106441449.0,0.0,344.25,344.0,0.4999999999999952,344.0,344.0,0.8164965809277203,7323904.0,7173824.0,827484.0146854802
236,amg,8,4000000,0,0.5,370.75,358.0,28.418010720902565,50.24324776785715,39.238392857142856,27.888862200727328,106441449.0,106441449.0,0.0,345.0,344.5,1.4142135623730983,345.0,344.5,1.4142135623730983,7225344.0,7275520.0,498403.70815099945
237,amg,8,4000000,0,0.7,357.0,355.0,5.416025603090645,37.72287946428571,37.77488839285715,6.441771661899616,106441449.0,106441449.0,0.0,349.0,350.0,2.0,348.75,349.5,1.8929694486000974,7046256.0,7011200.0,529333.9919257029
238,amg,8,4000000,0,1.0,356.0,357.0,2.828427124746183,36.86238839285714,37.94609375,5.7527516664540315,106441449.0,106441449.0,0.0,350.0,349.5,3.7416573867739364,349.5,349.0,3.41565025531987,6558384.0,6508320.0,551462.0237586629
239,amg,8,4000000,100,0.1,358.3333333333333,359.0,1.1547005383792432,40.00863095238095,38.72812499999999,3.977366361888827,106441449.0,106441449.0,0.0,343.65922619047615,343.97767857142856,0.5710157083659523,343.3333333333333,343.0,0.577350269189634,7002240.0,7156800.0,531220.1441963586
240,amg,8,4000000,100,0.3,358.5,357.0,4.509249752822899,41.435658482142856,38.959486607142864,7.115538554237902,106441449.0,106441449.0,0.0,345.54575892857144,345.0915178571429,1.8686911115957445,345.0,344.5,2.160246899469287,6828640.0,6873664.0,1134138.847532641
241,amg,8,4000000,100,0.5,357.3333333333333,356.0,2.309401076758499,39.942485119047625,39.55334821428572,3.4233245835630437,106441449.0,106441449.0,0.0,346.0,346.0,1.0,346.0,346.0,1.0,6690133.333333333,6422528.0,552695.7195612548
242,amg,8,4000000,100,0.7,358.0,358.5,2.9439202887759426,40.14408482142857,40.050892857142856,2.9257166003036463,106441449.0,106441449.0,0.0,346.75,346.5,1.707825127659933,346.5,346.0,1.9148542155126687,6730752.0,6730752.0,572462.0828200472
243,amg,8,4000000,100,1.0,359.0,359.0,2.449489742783178,42.25608258928571,44.10859375,4.046202733765635,106441449.0,106441449.0,0.0,347.87723214285717,347.50111607142856,4.087402011427151,347.75,347.5,4.272001872658758,6007680.0,5907552.0,589537.7013491164
244,amg,8,4000000,1000,0.1,356.0,356.0,2.9439202887759475,38.741462053571425,37.591071428571425,4.074565593298894,106441449.0,106441449.0,0.0,343.5,343.5,0.5773502691896257,343.2416294642857,343.0,0.48325892857144004,7509600.0,7731360.0,1155116.9831666402
245,amg,8,4000000,1000,0.3,360.6666666666667,359.0,3.7859388972001873,43.29821428571429,41.119419642857146,7.212897304544737,106441449.0,106441449.0,0.0,344.3333333333333,344.0,0.5773502691896216,344.3236607142857,344.0,0.5859066743592062,6383402.666666667,5763072.0,1288009.375502109
246,amg,8,4000000,1000,0.5,359.0,359.0,2.309401076758503,40.74916294642857,41.23493303571429,2.1908493959300492,106441449.0,106441449.0,0.0,345.0,345.5,1.4142135623730916,344.75,345.0,1.2583057392117973,6272000.0,6272000.0,352424.6418020926
247,amg,8,4000000,1000,0.7,361.03125,361.5,2.9867328164177436,44.62611607142857,44.68727678571429,3.4393197148918317,106441449.0,106441449.0,0.0,347.75,347.5,1.707825127659933,347.5,347.5,2.081665999466128,6275024.0,6099744.0,820639.9201403745
248,amg,8,4000000,1000,1.0,358.35714285714283,357.07142857142856,4.152083322666745,40.48757440476191,42.03125,5.182859583173305,106441449.0,106441449.0,0.0,347.3333333333333,347.0,3.5118845842842394,347.0,347.0,3.0,6474944.0,6608448.0,416866.1063890899
249,amg,8,4000000,10000,0.1,357.25,356.0,6.344288770224758,39.57427455357143,38.01618303571428,11.471396575794442,106441449.0,106441449.0,0.0,343.25,343.0,0.4999999999999952,339.75,339.5,0.9574271077563381,6985440.0,7348320.0,1163297.8005652723
250,amg,8,4000000,10000,0.3,355.1958705357143,355.5,3.588201117206233,37.753571428571426,38.59017857142857,6.112754488115218,106441449.0,106441449.0,0.0,344.25,344.0,1.4999999999999984,343.25,343.0,1.4999999999999984,6963712.0,6903680.0,954238.1771500586
251,amg,8,4000000,10000,0.5,359.25,359.5,0.9574271077563381,41.068080357142854,41.46964285714286,1.6517954874228238,106441449.0,106441449.0,0.0,346.63560267857144,346.5,1.9015685788392427,346.0,346.0,1.8257418583505616,6096384.0,5970944.0,514151.00163278874
252,amg,8,4000000,10000,0.7,359.0,358.5,3.741657386773946,41.746372767857146,41.67901785714285,3.5193384836543595,106441449.0,106441449.0,0.0,346.75,347.5,1.892969448600095,346.25,346.5,1.7078251276599288,6275024.0,5959520.0,1164084.4376430202
253,amg,8,4000000,10000,1.0,357.75,358.0,1.4999999999999984,39.831082589285714,40.36808035714286,1.6722694812339411,106441449.0,106441449.0,0.0,348.25,348.5,2.75378527364305,348.25,348.5,2.75378527364305,6207936.0,6107808.0,283204.7511465865
254,amg,8,4000000,100000,0.1,356.5,357.5,6.2449979983984045,37.99246651785714,39.07633928571428,8.78186494380188,106441449.0,106441449.0,0.0,343.75,344.0,0.5,311.5,311.0,6.608075867199663,6501600.0,6693120.0,1356424.967036511
255,amg,8,4000000,100000,0.3,356.0,359.0,5.196152422706632,37.03333333333334,39.363839285714285,7.749143497500919,106441449.0,106441449.0,0.0,345.3333333333333,345.0,0.5773502691896216,333.6666666666667,334.0,1.5275252316519405,6743594.666666667,6423424.0,1115583.4498688718
256,amg,8,4000000,100000,0.5,355.0,354.5,2.160246899469287,36.65362723214285,37.657254464285714,5.259715574623217,106441449.0,106441449.0,0.0,346.75,347.5,2.6299556396765835,339.75,340.5,2.6299556396765835,6798848.0,6874112.0,420800.87766701874
257,amg,8,4000000,100000,0.7,358.75,359.5,3.593976442141301,41.12193080357143,42.25279017857143,7.544485547491364,106441449.0,106441449.0,0.0,345.75,345.5,2.0615528128088294,341.25,341.5,2.061552812808831,6029632.0,5959520.0,657708.8595054806
258,amg,8,4000000,100000,1.0,371.703125,358.5,30.209312124947495,54.27806919642856,42.98080357142857,30.009264012151988,106441449.0,106441449.0,0.0,349.75,349.0,2.3629078131262973,346.5,346.0,1.9148542155126762,5607168.0,5707296.0,283204.7511465865
259,amg,8,4000000,1000000,0.1,350.75,351.0,2.9860788111948193,28.697377232142856,28.9296875,5.074858196257966,106441449.0,106441449.0,0.0,344.25,344.5,0.9574271077563455,164.0,164.0,9.521904571390468,3633840.0,3638880.0,182834.6400439479
260,amg,8,4000000,1000000,0.3,356.25,356.5,6.075908711186061,35.85217633928571,37.053906250000004,7.544985691032105,106441449.0,106441449.0,0.0,345.25,345.0,1.5000000000000078,261.0,262.0,8.906926143924926,5027680.0,4982656.0,512620.7903184055
261,amg,8,4000000,1000000,0.5,356.25,357.5,3.593976442141301,36.02421875,38.378125,5.52875054173614,106441449.0,106441449.0,0.0,345.0,345.0,1.6329931618554578,290.5,289.5,3.8729833462074144,5444096.0,5619712.0,500923.0352805375
262,amg,8,4000000,1000000,0.7,357.0072544642857,357.0,4.627194051984689,37.51953125,38.629687499999996,5.784358379926561,106441449.0,106441449.0,0.0,349.25,349.5,2.499999999999999,310.75,310.5,5.057996968497835,5398624.0,5188288.0,621852.9945209452
263,amg,8,4000000,1000000,1.0,360.0,363.0,7.0,41.39613095238095,43.82433035714285,9.498320275014,106441449.0,106441449.0,0.0,349.0,351.0,5.291502622129181,321.3333333333333,320.0,3.2145502536643265,5473664.0,5206656.0,833732.2127781798
264,beatnik,8,20,5000,0.01,410.65625,410.65625,,115.27008928571429,115.27008928571429,,19996182.0,19996182.0,,371.0,371.0,,20.039955357142855,20.039955357142855,,122667776.0,122667776.0,
265,beatnik,8,20,5000,0.05,404.71986607142856,404.71986607142856,6.674898610798902,109.11941964285714,109.11941964285714,6.071963810769298,19996182.0,19996182.0,0.0,371.0,371.0,0.0,22.344531249999996,22.344531249999996,9.335230038678203,663313728.0,663313728.0,17806419.532382134
266,beatnik,8,20,10000,0.01,404.56547619047615,405.69642857142856,3.155834274163705,109.89404761904761,110.74263392857142,3.498918299367902,19996182.0,19996182.0,0.0,371.0,371.0,0.0,12.312611607142857,13.00200892857143,1.515370275150845,62744490.666666664,62632192.0,265732.11043705867
267,beatnik,8,20,10000,0.05,405.65848214285717,405.65848214285717,,107.93080357142857,107.93080357142857,,19996182.0,19996182.0,,371.0,371.0,,16.60111607142857,16.60111607142857,,338997120.0,338997120.0,
268,beatnik,8,20,25000,0.01,406.1160714285714,407.1361607142857,2.751692610191426,111.73809523809524,112.73883928571429,2.4372018857686055,19996182.0,19996182.0,0.0,371.0,371.0,0.0,4.543891369047619,4.6136607142857144,0.47724436641462875,25991765.333333332,25987584.0,33349.17938020858
269,beatnik,8,20,25000,0.05,404.4375,404.4375,4.861359120657514,110.66964285714286,110.66964285714286,6.972577938771641,19996182.0,19996182.0,0.0,371.0,371.0,0.0,10.250558035714286,10.250558035714286,6.3978958427224795,140472640.0,140472640.0,2432266.30794574
270,beatnik,8,20,50000,0.01,405.06138392857144,402.61607142857144,11.242844459414362,113.67550223214286,111.21037946428572,11.66454261744045,19996182.0,19996182.0,0.0,371.0,371.0,0.0,2.362008928571429,2.35734375,0.41418204257228436,13145216.0,13145216.0,13608.19204254065
271,beatnik,8,20,50000,0.05,401.5022321428571,402.0,4.079758156840155,108.91212797619046,109.234375,2.7919958397460594,19996182.0,19996182.0,0.0,371.0,371.0,0.0,3.367991071428571,3.3589285714285713,0.7449297379572013,72001365.33333333,71998080.0,152794.49232656692
272,beatnik,8,200,5000,0.01,399.0,399.0,,108.18660714285714,108.18660714285714,,19996182.0,19996182.0,,371.0,371.0,,12.679017857142854,12.679017857142854,,125214208.0,125214208.0,
273,beatnik,8,200,5000,0.05,406.50111607142856,406.50111607142856,6.3655393940297875,109.59720982142858,109.59720982142858,3.577991880070948,19996182.0,19996182.0,0.0,371.0,371.0,0.0,31.39910714285714,31.39910714285714,7.220380984857097,646016448.0,646016448.0,13583057.404545119
274,beatnik,8,200,10000,0.01,407.12723214285717,407.12723214285717,,111.92410714285714,111.92410714285714,,19996182.0,19996182.0,,371.0,371.0,,13.46517857142857,13.46517857142857,,62564096.0,62564096.0,
275,beatnik,8,200,10000,0.05,403.9799107142857,403.9799107142857,,107.4609375,107.4609375,,19996182.0,19996182.0,,371.0,371.0,,14.556919642857142,14.556919642857142,,340997888.0,340997888.0,
276,beatnik,8,200,25000,0.01,402.99609375,401.5,4.069907711438791,108.84559151785714,108.10691964285715,2.6174924045345906,19996182.0,19996182.0,0.0,371.0,371.0,0.0,5.5012779017857145,4.0413169642857145,3.0884904652466085,25931136.0,26037760.0,224248.35298986436
277,beatnik,8,200,25000,0.05,408.60342261904765,404.0,11.50625244513178,114.26324404761904,108.27366071428571,10.934539070185,19996182.0,19996182.0,0.0,371.0,371.0,0.0,6.620424107142856,6.465825892857143,1.4956029873928562,141854122.66666666,141867264.0,591469.5009730709
278,beatnik,8,200,50000,0.01,401.3470982142857,401.203125,2.0431058536007836,108.04006696428571,108.38794642857142,1.668710891260307,19996182.0,19996182.0,0.0,371.0,371.0,0.0,2.0568303571428572,1.9902120535714285,0.1445504566434767,13152832.0,13155072.0,5920.835977011022
279,beatnik,8,200,50000,0.05,401.27064732142856,402.59263392857144,5.094141694058418,106.43191964285714,107.99944196428572,3.6619616006182576,19996182.0,19996182.0,0.0,371.0,371.0,0.0,4.113666294642857,4.117220982142857,0.33042358333603483,71869952.0,71874880.0,66846.64431368191
280,beatnik,8,500,5000,0.01,405.48549107142856,405.48549107142856,3.3508653938817607,110.74888392857143,110.74888392857143,0.7086851445374075,19996182.0,19996182.0,0.0,371.0,371.0,0.0,16.255468750000002,16.255468750000002,0.3758083138404443,124009984.0,124009984.0,68425.30900185983
281,beatnik,8,500,5000,0.05,403.03348214285717,401.0,4.473899804009226,109.34605654761906,108.06785714285715,3.4791233068464464,19996182.0,19996182.0,0.0,371.0,371.0,0.0,20.51986607142857,21.341964285714287,3.771492030282792,666705834.6666666,665250432.0,7212237.575753401
282,beatnik,8,500,10000,0.01,401.2053571428571,401.2053571428571,3.128316161410165,107.2875,107.2875,2.003258764915113,19996182.0,19996182.0,0.0,371.0,371.0,0.0,11.469274553571429,11.469274553571429,0.5958795158512432,62895616.0,62895616.0,139384.88870749224
283,beatnik,8,500,10000,0.05,405.82700892857144,405.7053571428571,0.9782890774338435,111.30652901785714,111.72767857142857,1.8181450673519384,19996182.0,19996182.0,0.0,371.0,371.0,0.0,15.920033482142859,15.58560267857143,1.9172687282421956,339839808.0,340076352.0,1874100.5392084238
284,beatnik,8,500,25000,0.01,403.5290178571429,403.0569196428571,4.4488076173986455,109.43621651785713,108.96875,3.5519498029919943,19996182.0,19996182.0,0.0,371.0,371.0,0.0,4.711233258928571,4.6878013392857145,0.7856537913364208,25985344.0,25986688.0,61337.29193022193
285,beatnik,8,500,25000,0.05,406.98735119047615,406.96205357142856,3.000079995124641,111.26852678571429,111.98392857142858,1.896361219735709,19996182.0,19996182.0,0.0,371.0,371.0,0.0,7.616994047619047,8.12109375,1.6575097025204901,141502592.0,141335040.0,661674.6157682037
286,beatnik,8,500,50000,0.01,401.11216517857144,401.49330357142856,4.242753964102741,107.17522321428571,106.66975446428572,3.9576918185963157,19996182.0,19996182.0,0.0,371.0,371.0,0.0,2.3271986607142856,2.3999218749999995,0.2727848019661773,13144320.0,13140736.0,9815.188230492464
287,beatnik,8,500,50000,0.05,401.07068452380946,401.078125,3.937505272442764,108.49501488095238,109.77008928571429,2.2686833502454453,19996182.0,19996182.0,0.0,371.0,371.0,0.0,3.2488690476190474,3.2378348214285717,0.08386095755924222,72034218.66666667,72047360.0,31682.60730011475
288,beatnik,8,1000,5000,0.01,404.99330357142856,404.99330357142856,2.8189569446410503,109.71171874999999,109.71171874999999,2.963377191244963,19996182.0,19996182.0,0.0,371.0,371.0,0.0,16.51227678571429,16.51227678571429,3.660855955991247,123888128.0,123888128.0,1292478.058924019
289,beatnik,8,1000,5000,0.05,402.03013392857144,402.03013392857144,1.3589708450928961,106.12064732142858,106.12064732142858,1.3906959484452244,19996182.0,19996182.0,0.0,371.0,371.0,0.0,21.69877232142857,21.69877232142857,2.3153011993806816,664215552.0,664215552.0,4516070.394122749
290,beatnik,8,1000,10000,0.01,402.5033482142857,402.5033482142857,4.954482558358433,109.34676339285714,109.34676339285714,5.251688377325899,19996182.0,19996182.0,0.0,371.0,371.0,0.0,13.30122767857143,13.30122767857143,1.0747076056025002,62575744.0,62575744.0,201474.5209499206
291,beatnik,8,1000,10000,0.05,402.88467261904765,403.9642857142857,6.413384347668759,108.24203869047619,108.79776785714286,4.650084252843231,19996182.0,19996182.0,0.0,371.0,371.0,0.0,20.154315476190476,21.315848214285715,3.645224758640038,335655936.0,334473216.0,3589005.256939031
292,beatnik,8,1000,25000,0.01,401.1956845238096,400.78348214285717,4.429586314741938,105.80848214285714,104.10245535714286,4.589517005575588,19996182.0,19996182.0,0.0,371.0,371.0,0.0,4.962053571428572,4.623035714285714,0.6038385121540062,25972650.666666668,25996544.0,47726.89595326083
293,beatnik,8,1000,25000,0.05,403.4827008928571,402.9665178571429,4.4464802566649615,108.19486607142858,108.059375,4.816205104237153,19996182.0,19996182.0,0.0,371.0,371.0,0.0,8.039486607142857,8.243225446428571,0.9981548268519661,141312864.0,141226624.0,397216.36477869336
294,beatnik,8,1000,50000,0.01,406.3493303571429,403.7131696428571,6.491244517121421,112.06713169642856,109.92377232142857,5.511790365530535,19996182.0,19996182.0,0.0,371.00502232142856,371.0,0.01004464285713406,2.4871484375,2.484453125,0.2854685399020287,13140288.0,13141632.0,9063.930567548174
295,beatnik,8,1000,50000,0.05,398.7444196428571,398.4888392857143,3.498628130601646,105.06088169642857,104.75189732142857,1.9794940992043428,19996182.0,19996182.0,0.0,371.00111607142856,371.0,0.002232142857119849,4.269363839285714,4.398883928571429,0.31371931844580986,71830528.0,71800960.0,72872.21853811548
296,beatnik,8,2000,0,0.3,429.1763392857143,429.60267857142856,5.050344932432167,134.54910714285714,135.75892857142858,4.805344783521839,19996182.0,19996182.0,0.0,371.0,371.0,0.0,368.36681547619054,368.0982142857143,0.5504499285409851,333237632.0,369917184.0,79913686.55056699
297,beatnik,8,2000,0,0.5,424.63671875,423.2243303571429,7.827811818003357,131.95256696428572,129.73214285714286,8.027861443812368,19996182.0,19996182.0,0.0,371.0,371.0,0.0,369.0,369.0,0.0,305596928.0,306023424.0,9859169.049792375
298,beatnik,8,2000,0,0.7,425.2678571428571,427.0357142857143,7.234230482056604,129.26953125,130.2265625,6.6665527437817484,19996182.0,19996182.0,0.0,371.0,371.0,0.0,368.625,368.5,0.2500000000000047,349403152.0,346493504.0,13351197.758804616
299,beatnik,8,2000,0,1.0,423.7594866071429,423.5,4.909673988498265,131.11383928571428,132.09375,4.4866064025112005,19996182.0,19996182.0,0.0,371.0,371.0,0.0,367.91852678571433,367.94196428571433,0.09222289401837722,457134384.0,457184448.0,1881234.3244667847
300,beatnik,8,2000,100,0.3,414.9910714285714,415.8794642857143,1.7276439642159322,122.22619047619048,123.34151785714286,2.10619248455455,19996182.0,19996182.0,0.0,371.0,371.0,0.0,366.74702380952385,366.828125,0.6611075587133339,442515882.6666667,462186368.0,66135658.994620726
301,beatnik,8,2000,100,0.5,421.99330357142856,421.4944196428571,2.9492337611401087,130.50502232142856,130.55022321428572,3.443732452526834,19996182.0,19996182.0,0.0,371.0,371.0,0.0,368.62723214285717,368.61160714285717,0.21923537017099398,326620672.0,330910720.0,22484428.640603233
302,beatnik,8,2000,100,0.7,432.7818080357143,428.515625,14.080623286576236,139.80859375,135.5,16.563591605725037,19996182.0,19996182.0,0.0,371.0,371.0,0.0,368.4642857142857,368.4899553571429,0.3594466247760672,352277744.0,353084032.0,24052776.312190384
303,beatnik,8,2000,100,1.0,434.92931547619054,434.42857142857144,2.226786355705989,143.94568452380952,143.69419642857142,2.407194368642174,19996182.0,19996182.0,0.0,371.0,371.0,0.0,367.6666666666667,367.5,0.28867513459480465,464193408.0,463792896.0,7217555.176877001
304,beatnik,8,2000,1000,0.3,414.5677083333333,416.0,2.4846691254035878,122.39360119047619,121.60267857142857,2.8632697397878664,19996182.0,19996182.0,0.0,371.0,371.0,0.0,359.81324404761904,360.0,1.7496787203565518,450580181.3333333,443516416.0,81243821.71790762
305,beatnik,8,2000,1000,0.5,424.234375,416.80357142857144,14.658837677060594,132.12946428571428,126.46205357142857,12.755527771115807,19996182.0,19996182.0,0.0,371.0,371.0,0.0,365.6361607142857,365.734375,0.42161509378657475,309619370.6666667,312897536.0,10139691.088846702
306,beatnik,8,2000,1000,0.7,426.3385416666667,424.96875,7.074498628038344,133.43824404761907,131.25892857142858,7.111059361656634,19996182.0,19996182.0,0.0,371.0,371.0,0.0,365.5245535714286,365.58482142857144,0.37087844519423113,356262442.6666667,350980672.0,23378471.166199505
307,beatnik,8,2000,1000,1.0,423.8080357142857,424.61607142857144,9.237205885793093,131.74051339285714,131.06026785714286,9.979186090273815,19996182.0,19996182.0,0.0,371.0,371.0,0.0,365.34654017857144,365.18861607142856,0.44797861485279483,476058576.0,479512992.0,12666752.651623383
308,beatnik,8,2000,10000,0.1,424.36904761904765,421.00223214285717,6.718169444740441,132.12425595238096,128.55133928571428,7.929934141928498,19996182.0,19996182.0,0.0,371.0,371.0,0.0,69.49642857142857,65.16205357142857,9.120529060465373,585748800.0,594135360.0,17743102.2142578
309,beatnik,8,2000,10000,0.3,413.0014880952381,412.9642857142857,0.9960569116671165,119.72395833333333,119.89285714285714,1.208660184432672,19996182.0,19996182.0,0.0,371.0,371.0,0.0,318.6331845238095,315.03125,6.376475549732072,296938282.6666667,317629312.0,36098172.23542296
310,beatnik,8,2000,10000,0.5,423.51729910714283,418.6060267857143,16.899243397232,130.51953125,124.87276785714286,17.664761073892244,19996182.0,19996182.0,0.0,371.0,371.0,0.0,337.43861607142856,337.8861607142857,1.7222748140708777,315080192.0,310539264.0,16824529.81585542
311,beatnik,8,2000,10000,0.7,420.75,419.0,8.958236433584453,125.97154017857143,123.41964285714286,8.05531430248205,19996182.0,19996182.0,0.0,371.0,371.0,0.0,344.2700892857143,344.06138392857144,1.2590644451331081,338360512.0,339412192.0,18699454.438473158
312,beatnik,8,2000,10000,1.0,425.17578125,423.99888392857144,10.51184009597326,130.98883928571428,128.96205357142856,11.648268631975382,19996182.0,19996182.0,0.0,371.0,371.0,0.0,346.8108258928571,346.9899553571429,0.5557673390131327,428447712.0,426244896.0,12069197.252314009
313,beatnik,8,2000,100000,0.1,420.5245535714286,421.2075892857143,3.0687118123897217,128.33407738095238,129.40625,2.745487018054412,19996182.0,19996182.0,0.0,371.0,371.0,0.0,8.948251488095238,8.98265625,0.5739435557825158,72723840.0,72717120.0,111032.62223328781
314,beatnik,8,2000,100000,0.3,412.87220982142856,412.3783482142857,2.000461135952734,120.30747767857143,120.66517857142857,2.012299895213675,19996182.0,19996182.0,0.0,371.0,371.0,0.0,149.28069196428572,148.06138392857144,4.008692580003184,132370560.0,133060928.0,2305833.2096535815
315,beatnik,8,2000,100000,0.5,415.75,414.5,5.123475382979799,124.05245535714286,122.37276785714286,3.8225386144373847,19996182.0,19996182.0,0.0,371.0,371.0,0.0,208.45424107142858,208.48660714285717,6.161192641237261,161943040.0,161767424.0,6152581.583759021
316,beatnik,8,2000,100000,0.7,420.2790178571429,420.4799107142857,4.52245804334619,126.29520089285714,125.46763392857142,5.296416221314938,19996182.0,19996182.0,0.0,371.0,371.0,0.0,232.86328125,233.24665178571428,5.343020315765235,191721264.0,191195424.0,7319795.773477474
317,beatnik,8,2000,100000,1.0,420.18191964285717,419.57924107142856,5.1459326857542615,127.26450892857143,126.53125,5.578281012605127,19996182.0,19996182.0,0.0,371.0,371.0,0.0,246.08314732142856,247.66517857142856,3.403484967558897,246815520.0,243711552.0,6784118.435494475
318,beatnik,8,2000,1000000,0.1,419.3286830357143,420.0,6.933569265250922,126.17522321428571,125.34263392857143,7.271651457965146,19996182.0,19996182.0,0.0,371.0,371.0,0.0,1.06599609375,1.0544196428571428,0.14513457780216085,7459200.0,7459200.0,0.0
319,beatnik,8,2000,1000000,0.3,422.68359375,421.9654017857143,4.457592592384388,129.83649553571428,129.17522321428572,6.104715075595567,19996182.0,19996182.0,0.0,371.5,371.5,0.5773502691896257,36.22873883928571,35.36261160714285,4.899546037305053,20110720.0,20140736.0,298152.2182689017
320,beatnik,8,2000,1000000,0.5,415.5239955357143,416.83705357142856,3.7583680086029116,121.44084821428572,122.99888392857143,3.724650582630716,19996182.0,19996182.0,0.0,371.4375,371.375,0.5153882032022065,58.956808035714275,58.11037946428571,3.53003574491225,31334912.0,31410176.0,310659.2786532106
321,beatnik,8,2000,1000000,0.7,416.62890625,415.9274553571429,4.007173036300266,123.94642857142857,123.86607142857143,3.675413288344057,19996182.0,19996182.0,0.0,371.25,371.0,0.5,69.05546875,69.35803571428572,4.558130451842392,42347648.0,42347648.0,616560.5323642876
322,beatnik,8,2000,1000000,1.0,461.9203869047619,426.1205357142857,65.07945207342637,164.25892857142858,134.46875,57.56079249964494,19996182.0,19996182.0,0.0,371.0,371.0,0.0,75.21235119047618,74.99196428571429,1.4215760880395845,59209024.0,59275776.0,305896.0927896922
323,beatnik,8,4000,0,0.1,428.0,428.0,,135.41964285714286,135.41964285714286,,19996182.0,19996182.0,,371.0,371.0,,328.10044642857144,328.10044642857144,,2915599680.0,2915599680.0,
324,beatnik,8,4000,0,0.3,421.22935267857144,421.04575892857144,4.854911013615227,128.62109375,129.07366071428572,3.437362964472481,19996182.0,19996182.0,0.0,371.0,371.0,0.0,363.3688616071429,363.4743303571429,2.0805282787454935,1063571936.0,1040594688.0,278000322.762017
325,beatnik,8,4000,0,0.5,419.96949404761904,420.90625,4.571442921933834,125.82514880952381,126.43303571428571,3.606707959034732,19996182.0,19996182.0,0.0,371.0,371.0,0.0,366.08407738095235,365.99776785714283,0.4306435521955622,695874218.6666666,703668224.0,130882644.50744575
326,beatnik,8,4000,0,0.7,418.72154017857144,419.4430803571429,1.8737181834155243,125.23102678571428,125.42410714285714,0.9007417858491163,19996182.0,19996182.0,0.0,371.0,371.0,0.0,366.9358258928571,367.0,0.12834821428572554,526190560.0,545892032.0,45933081.88189017
327,beatnik,8,4000,0,1.0,418.99404761904765,416.98214285714283,7.213585833566511,125.46130952380952,122.48660714285714,6.745670636197554,19996182.0,19996182.0,0.0,371.0,371.0,0.0,367.0,367.0,0.0,566457472.0,558513984.0,27605079.56162387
328,beatnik,8,4000,100,0.1,438.0,438.0,,142.03794642857142,142.03794642857142,,19996182.0,19996182.0,,371.0,371.0,,323.75892857142856,323.75892857142856,,2636605440.0,2636605440.0,
329,beatnik,8,4000,100,0.3,432.59598214285717,433.88169642857144,9.68475623586954,140.50818452380952,141.8125,14.322514044279222,19996182.0,19996182.0,0.0,371.0,371.0,0.0,358.7075892857143,357.6986607142857,5.066976085574677,984264661.3333334,1078835072.0,417882800.869604
330,beatnik,8,4000,100,0.5,428.26450892857144,428.7220982142857,4.4864585159580495,135.16183035714286,135.70424107142856,4.844614149654725,19996182.0,19996182.0,0.0,371.0,371.0,0.0,364.18638392857144,364.0022321428571,1.3563416680751963,782118400.0,819073024.0,136254055.900567
331,beatnik,8,4000,100,0.7,427.6674107142857,430.86495535714283,10.373718487723785,134.88504464285714,138.32142857142856,10.136957162950353,19996182.0,19996182.0,0.0,371.0,371.0,0.0,364.98939732142856,364.79575892857144,0.6679352608017071,602472416.0,615022464.0,98627657.95437928
332,beatnik,8,4000,100,1.0,430.52157738095235,428.046875,7.090573272972524,138.71502976190476,137.26785714285714,6.853294503690578,19996182.0,19996182.0,0.0,371.0,371.0,0.0,365.84672619047615,365.8013392857143,0.40925798036698463,539155904.0,536485824.0,41117552.32933011
333,beatnik,8,4000,1000,0.3,425.15029761904765,422.265625,8.772818487523251,132.8005952380952,129.16071428571428,7.872894536190361,19996182.0,19996182.0,0.0,372.0089285714286,371.0267857142857,1.7243704485630773,348.72098214285717,354.98214285714283,13.544561009205102,918929834.6666666,637779968.0,491182999.1544648
334,beatnik,8,4000,1000,0.5,437.8208705357143,438.9821428571429,10.97065331505346,144.36328125,144.78125,11.570938898363574,19996182.0,19996182.0,0.0,371.0,371.0,0.0,352.6986607142857,351.43861607142856,6.059726719898805,960318464.0,1003419648.0,318525673.7889967
335,beatnik,8,4000,1000,0.7,431.9313616071429,427.50111607142856,9.894979830551357,137.36886160714286,133.54464285714283,9.204483580662567,19996182.0,19996182.0,0.0,371.0,371.0,0.0,360.97377232142856,360.3459821428571,1.4621692918126277,607555536.0,645871744.0,112311713.74951103
336,beatnik,8,4000,1000,1.0,434.2103794642857,433.79017857142856,10.50977284112556,142.4453125,143.26116071428572,10.48907378714136,19996182.0,19996182.0,0.0,371.0,371.0,0.0,363.8392857142857,364.0,0.5843043424670611,560816928.0,548901696.0,75361115.97979297
337,beatnik,8,4000,10000,0.1,408.4732142857143,408.4732142857143,4.987628188726553,115.37276785714286,115.37276785714286,3.0273009069549066,19996182.0,19996182.0,0.0,371.0,371.0,0.0,59.03303571428571,59.03303571428571,1.3589708450928961,601312320.0,601312320.0,2737012.3600743935
338,beatnik,8,4000,10000,0.3,416.02957589285717,416.57142857142856,5.496732761670855,121.56138392857143,122.79799107142857,4.789287607695109,19996182.0,19996182.0,0.0,371.0,371.0,0.0,263.95200892857144,260.2310267857143,9.565865771571081,597708608.0,616528640.0,48710126.58180346
339,beatnik,8,4000,10000,0.5,410.0,410.0,,114.36830357142857,114.36830357142857,,19996182.0,19996182.0,,371.0,371.0,,248.13169642857142,248.13169642857142,,1133776896.0,1133776896.0,
340,beatnik,8,4000,10000,0.7,428.4263392857143,429.20535714285717,11.9821775783907,135.35416666666666,135.11830357142858,10.849021302409334,19996182.0,19996182.0,0.0,371.0,371.0,0.0,324.55877976190476,323.97767857142856,1.4715397906057308,583565546.6666666,594409536.0,21006160.51962711
341,beatnik,8,4000,10000,1.0,419.23270089285717,419.60602678571433,1.0618000755214507,126.11607142857142,126.09933035714286,2.5782625324066375,19996182.0,19996182.0,0.0,371.75,371.0,1.5,341.1294642857143,340.0,3.5093904942534415,528826032.0,527073792.0,33453092.964089286
342,beatnik,8,4000,100000,0.1,413.7360491071429,414.9709821428571,5.560186275650767,120.19196428571429,120.93638392857143,4.696885798967854,19996182.0,19996182.0,0.0,371.0,371.0,0.0,9.47640625,9.250691964285714,1.3735103505237427,72591120.0,72626400.0,281458.919204917
343,beatnik,8,4000,100000,0.3,410.23325892857144,411.48549107142856,3.6075712576376047,115.86049107142857,116.52678571428572,3.304249297007254,19996182.0,19996182.0,0.0,371.0,371.0,0.0,72.52349330357143,74.7984375,21.49508046696183,177964864.0,176434048.0,12863341.53692557
344,beatnik,8,4000,100000,0.5,410.50502232142856,411.78794642857144,3.2215301417104354,116.77511160714286,116.72767857142858,4.208877011406491,19996182.0,19996182.0,0.0,371.0,371.0,0.0,129.285546875,124.234375,40.37286093533791,240443392.0,245611520.0,40214073.70912003
345,beatnik,8,4000,100000,0.7,412.25613839285717,413.6205357142857,5.395067082758149,117.09877232142857,120.05022321428572,6.270513840699002,19996182.0,19996182.0,0.0,371.0,371.0,0.0,189.24330357142858,196.95870535714286,17.573952121857374,251807248.0,241325504.0,24696249.128394213
346,beatnik,8,4000,100000,1.0,416.9449404761904,415.0044642857143,7.3965597171914155,124.22693452380952,125.10044642857143,6.76785763365371,19996182.0,19996182.0,0.0,371.0,371.0,0.0,214.3549107142857,218.0,11.956607969280357,309195264.0,302987328.0,24136456.178185564
347,beatnik,8,4000,1000000,0.1,413.7366071428571,413.7366071428571,3.311406310110242,122.54575892857142,122.54575892857142,5.210177421198203,19996182.0,19996182.0,0.0,372.0,372.0,0.0,1.3917075892857143,1.3917075892857143,0.036633813373526426,7459200.0,7459200.0,0.0
348,beatnik,8,4000,1000000,0.3,411.12574404761904,411.0,1.215824125044393,117.23883928571428,116.66741071428571,1.921946292439108,19996182.0,19996182.0,0.0,372.0,372.0,0.0,15.522633928571429,14.518303571428573,6.520967139178479,21371392.0,21431424.0,393656.1494908977
349,beatnik,8,4000,1000000,0.5,409.27957589285717,406.56696428571433,7.248412396683906,116.43917410714286,115.06361607142858,6.942175385082696,19996182.0,19996182.0,0.0,371.75,372.0,0.4999999999999952,30.745703124999995,29.223325892857137,4.363570040161637,34169856.0,34320384.0,445032.1749926249
350,beatnik,8,4000,1000000,0.7,409.94363839285717,410.3861607142857,9.306037343828093,115.48158482142857,115.42299107142857,8.48230701106039,19996182.0,19996182.0,0.0,371.5,371.5,0.577350269189634,50.784375,49.99787946428572,5.392132316006207,44906736.0,45011904.0,727499.9866465062
351,beatnik,8,4000,1000000,1.0,409.97154017857144,410.50334821428567,2.853773691889105,117.19642857142857,117.1484375,1.95169718218372,19996182.0,19996182.0,0.0,371.5,371.5,0.5773502691896257,62.47494419642857,62.24520089285714,6.620517344800699,61829040.0,61879104.0,1342113.6602359726
352,beatnik,8,20000,0,0.1,454.4107142857143,455.9888392857143,6.745920899350453,163.33556547619048,163.47991071428572,4.68916654756691,19996182.0,19996182.0,0.0,371.0,371.0,0.0,365.4196428571429,365.68973214285717,0.7526691714800208,550737600.0,551033280.0,50541768.6755341
353,beatnik,8,20000,0,0.3,449.0239955357143,450.5,6.436335159529382,156.33928571428572,156.2578125,5.4389851434751915,19996182.0,19996182.0,0.0,371.0,371.0,0.0,364.3325892857143,364.29241071428567,0.6271699151473881,631716736.0,641261824.0,43357679.95723363
354,beatnik,8,20000,0,0.5,464.2291666666667,466.2544642857143,21.18656607893931,169.65104166666666,176.20089285714286,24.14560055939446,19996182.0,19996182.0,0.0,371.3333333333333,371.0,0.5773502691896216,365.47247023809524,365.48660714285717,1.4654529274704873,644126037.3333334,636231680.0,142363038.8456162
355,beatnik,8,20000,0,0.7,448.04073660714283,452.0044642857143,18.547631915776083,155.41071428571428,159.171875,17.130784400649837,19996182.0,19996182.0,0.0,371.0,371.0,0.0,364.99497767857144,365.7421875,2.383360975963635,676685968.0,605136672.0,204871674.94589806
356,beatnik,8,20000,0,1.0,451.8381696428571,454.12276785714283,10.19667623138162,157.734375,158.14620535714286,8.19644782100397,19996182.0,19996182.0,0.0,371.0,371.0,0.0,365.7578125,366.0022321428571,1.231993903824357,713061552.0,683573856.0,111607272.95207645
357,beatnik,8,20000,100,0.1,431.31622023809524,430.97544642857144,1.5418991640162514,138.33630952380952,141.00223214285714,4.687276957562034,19996182.0,19996182.0,0.0,371.0,371.0,0.0,358.56473214285717,359.171875,1.137718637880039,678538560.0,636975360.0,75667853.19789112
358,beatnik,8,20000,100,0.3,441.3091517857143,436.1171875,11.936941881675606,146.53515625,142.95200892857144,12.324679896763662,19996182.0,19996182.0,0.0,371.0,371.0,0.0,361.5094866071429,361.5133928571429,1.2833059855820683,734746656.0,729088640.0,100589408.23748069
359,beatnik,8,20000,100,0.5,443.12388392857144,443.25892857142856,2.652613244194876,147.73325892857144,148.16183035714286,1.9569112959608967,19996182.0,19996182.0,0.0,371.0,371.0,0.0,363.0139508928571,362.921875,0.2887808312364015,749077504.0,734225408.0,38608141.572090216
360,beatnik,8,20000,100,0.7,449.50111607142856,447.50111607142856,10.846329277856038,154.04296875,151.42075892857144,12.508449574964311,19996182.0,19996182.0,0.0,371.0,371.0,0.0,363.9955357142857,363.99888392857144,0.9249460621569563,730041200.0,731758944.0,111993622.16947949
361,beatnik,8,20000,100,1.0,446.79185267857144,445.5,5.992180293723338,151.68805803571428,150.20647321428572,5.182214497190622,19996182.0,19996182.0,0.0,371.0,371.0,0.0,364.8560267857143,364.71205357142856,0.865782774368769,754965120.0,765378432.0,96174737.87811616
362,beatnik,8,20000,1000,0.1,430.32533482142856,430.15736607142856,2.1719689597878964,137.58537946428572,138.09040178571428,3.5263493245498565,19996182.0,19996182.0,0.0,371.0,371.0,0.0,331.23046875,331.0703125,3.17384466161969,597628080.0,598036320.0,56153962.27852136
363,beatnik,8,20000,1000,0.3,434.7477678571429,434.50111607142856,4.919595256769975,139.74051339285714,138.87165178571428,2.7697666314478115,19996182.0,19996182.0,0.0,371.0,371.0,0.0,349.6501116071429,349.9241071428571,1.3257141922573332,729794016.0,719033280.0,37969227.58913796
364,beatnik,8,20000,1000,0.5,439.42113095238096,438.2611607142857,5.10101070130727,144.2611607142857,145.13839285714286,5.084972816164812,19996182.0,19996182.0,0.0,371.0,371.0,0.0,355.8578869047619,355.33482142857144,0.9645500560847087,757891754.6666666,775520256.0,34878684.67193825
365,beatnik,8,20000,1000,0.7,434.7016369047619,433.0,8.434424140947142,143.2983630952381,144.03794642857142,4.1347313979900315,19996182.0,19996182.0,0.0,371.0,371.0,0.0,358.20238095238096,358.8169642857143,1.2425345734592046,775205013.3333334,753844224.0,61396711.839459985
366,beatnik,8,20000,1000,1.0,446.8013392857143,445.3147321428571,9.477368575723442,154.52901785714286,153.31473214285714,10.590228122211757,19996182.0,19996182.0,0.0,371.0,371.0,0.0,361.8030133928571,362.0111607142857,0.4253677029233223,727279728.0,726929280.0,35967142.767763354
367,beatnik,8,20000,10000,0.1,432.9916294642857,434.48325892857144,9.857422608169818,138.82198660714286,138.93415178571428,10.086368424205647,19996182.0,19996182.0,0.0,371.0,371.0,0.0,202.30357142857142,203.91852678571428,8.189979850794508,327650400.0,324444960.0,15697435.266488599
368,beatnik,8,20000,10000,0.3,437.91815476190476,436.8638392857143,14.478595753714112,145.30580357142858,141.23660714285714,16.15794807249929,19996182.0,19996182.0,0.0,371.0,371.0,0.0,270.7485119047619,270.125,6.960708120309276,561219157.3333334,564420864.0,38879669.68681854
369,beatnik,8,20000,10000,0.5,441.4546130952381,443.0,4.8694493586265875,147.73735119047618,149.39955357142858,3.667117476248732,19996182.0,19996182.0,0.0,371.0,371.0,0.0,301.8467261904762,301.1875,1.1728786801644762,630979925.3333334,636833792.0,10841886.913669094
370,beatnik,8,20000,10000,0.7,442.43638392857144,440.8013392857143,9.159807840753455,150.11886160714286,147.84486607142856,10.109823960915463,19996182.0,19996182.0,0.0,371.0,371.0,0.0,313.5412946428571,313.9118303571429,3.0569376395748256,715282624.0,713950496.0,37962308.41575421
371,beatnik,8,20000,10000,1.0,441.7377232142857,441.5,3.2830066463189977,147.67243303571428,148.26450892857142,2.1644469608021315,19996182.0,19996182.0,0.0,371.0,371.0,0.0,330.17466517857144,330.9877232142857,2.7782216270653377,712661040.0,701196384.0,45076842.71767969
372,beatnik,8,20000,100000,0.1,432.28404017857144,428.0703125,14.395057889501041,140.20256696428572,136.31361607142856,14.783746020141418,19996182.0,19996182.0,0.0,371.0,371.0,0.0,54.54804687499999,54.57868303571428,7.395745557743144,63559440.0,63554400.0,1482582.6287934175
373,beatnik,8,20000,100000,0.3,429.7712053571429,431.2533482142857,13.011750041796475,137.49609375,139.71205357142856,13.758601734007613,19996182.0,19996182.0,0.0,371.0,371.0,0.0,103.701953125,106.5,12.043716492402648,159369952.0,157764096.0,7185368.986355534
374,beatnik,8,20000,100000,0.5,438.8169642857143,438.9419642857143,3.4227730296624763,145.18526785714286,145.50892857142856,2.995622758830434,19996182.0,19996182.0,0.0,371.0,371.0,0.0,143.52008928571428,143.49441964285714,8.696652202988997,226243584.0,226544640.0,8651444.416733501
375,beatnik,8,20000,100000,0.7,429.21763392857144,428.5,3.3432848137059814,136.84542410714286,135.88727678571428,4.999363989829178,19996182.0,19996182.0,0.0,371.0,371.0,0.0,160.56808035714286,163.63727678571428,7.907362947163065,291525696.0,287248864.0,11246512.627720768
376,beatnik,8,20000,100000,1.0,436.56529017857144,435.015625,10.142430481357524,142.78013392857144,142.39620535714286,10.014999662098036,19996182.0,19996182.0,0.0,371.0,371.0,0.0,187.00725446428572,189.01450892857144,7.123500412581993,363414576.0,359259264.0,14019231.138682606
377,beatnik,8,20000,1000000,0.1,437.5396205357143,440.74107142857144,15.217501980280785,145.99944196428572,149.20647321428572,14.61645485293814,19996182.0,19996182.0,0.0,371.25,371.0,0.4999999999999952,8.510926339285714,8.994252232142857,1.8729466251178188,7313040.0,7308000.0,34429.754573624254
378,beatnik,8,20000,1000000,0.3,432.49497767857144,434.5,15.448233574412162,139.28571428571428,140.75223214285714,15.867228177377127,19996182.0,19996182.0,0.0,371.75,372.0,0.4999999999999952,19.52979910714286,20.300446428571433,3.513511248062017,21116256.0,21071232.0,231856.1952475432
379,beatnik,8,20000,1000000,0.5,427.39453125,427.0904017857143,10.591868294637898,136.06863839285714,135.66183035714286,11.51666247711981,19996182.0,19996182.0,0.0,371.5,371.5,0.5773502691896257,28.318861607142857,27.41473214285714,5.55431759271401,34420736.0,34521088.0,531012.8711359067
380,beatnik,8,20000,1000000,0.7,433.94921875,432.29129464285717,16.157540197266133,140.48046875,138.6328125,15.670262076419135,19996182.0,19996182.0,0.0,371.75,372.0,0.5,37.722433035714296,35.46171875,9.894185686489305,46764704.0,47045152.0,1357109.4796731274
381,beatnik,8,20000,1000000,1.0,427.7555803571429,430.4296875,8.760395401818036,135.67243303571428,139.02566964285714,8.038031944003315,19996182.0,19996182.0,0.0,371.75,372.0,0.5,43.786383928571425,43.863392857142856,3.6800180232890893,65583840.0,65583840.0,775588.1529781125
382,beatnik,8,40000,0,0.1,445.30952380952385,445.95982142857144,8.004211977804516,151.578125,150.78348214285714,13.15640375716056,19996182.0,19996182.0,0.0,371.0,371.0,0.0,366.82886904761904,366.99776785714283,0.7586538806105508,417352320.0,415658880.0,59772234.37560955
383,beatnik,8,40000,0,0.3,450.1936383928571,449.8404017857143,7.207023767751857,156.05357142857142,154.67522321428572,6.391887781072563,19996182.0,19996182.0,0.0,371.0,371.0,0.0,365.8482142857143,365.69642857142856,0.8721482318191929,478004800.0,475783616.0,69168093.03281276
384,beatnik,8,40000,0,0.5,447.125,447.125,3.005203820042827,154.70089285714286,154.70089285714286,2.083439623138923,19996182.0,19996182.0,0.0,371.0,371.0,0.0,366.5803571428571,366.5803571428571,0.5429569926968506,480886784.0,480886784.0,53361603.93863558
385,beatnik,8,40000,0,0.7,452.6302083333333,451.890625,6.034089627293278,157.0952380952381,154.97544642857142,3.927544212634421,19996182.0,19996182.0,0.0,371.0,371.0,0.0,366.37723214285717,366.13169642857144,0.543337685277164,503170453.3333333,524858432.0,42263367.823858306
386,beatnik,8,40000,0,1.0,455.2349330357143,455.9140625,6.278772095758807,157.78125,157.47098214285714,4.345631123166232,19996182.0,19996182.0,0.0,371.0,371.0,0.0,367.53125,367.54799107142856,0.5333498167228466,497886480.0,500439744.0,35319457.15262657
387,beatnik,8,40000,100,0.1,442.7131696428571,442.7131696428571,6.665428430693742,147.18526785714283,147.18526785714283,4.3436559415745135,19996182.0,19996182.0,0.0,371.0,371.0,0.0,364.3337053571429,364.3337053571429,0.4940277288200512,382505760.0,382505760.0,30377986.14228402
388,beatnik,8,40000,100,0.3,450.75223214285717,449.50111607142856,9.913164815283473,157.27064732142856,156.94977678571428,13.102657577734263,19996182.0,19996182.0,0.0,371.0,371.0,0.0,365.26841517857144,365.2756696428571,0.5968060867499273,438083520.0,425776960.0,45158603.984724484
389,beatnik,8,40000,100,0.5,454.0,454.0,10.0,160.2700892857143,156.75,6.870693441868156,19996182.0,19996182.0,0.0,371.0,371.0,0.0,366.53348214285717,366.73660714285717,0.5946932960697819,439508309.3333333,430409728.0,32772931.106303524
390,beatnik,8,40000,100,0.7,455.9296875,456.3950892857143,5.412595410808116,163.21986607142856,163.37388392857144,5.818007600448937,19996182.0,19996182.0,0.0,371.0,371.0,0.0,365.91127232142856,365.95982142857144,0.7570296951001177,496077456.0,498636544.0,53177798.9895968
391,beatnik,8,40000,100,1.0,458.1333705357143,456.5022321428571,4.500673273976332,164.92131696428572,161.17299107142856,8.169395726933217,19996182.0,19996182.0,0.0,371.0,371.0,0.0,366.87388392857144,366.9408482142857,0.18211239970607576,497886480.0,496835136.0,16210740.72290591
392,beatnik,8,40000,1000,0.1,441.6110491071429,441.6216517857143,5.332829990120029,148.96875,148.47209821428572,4.719303603715184,19996182.0,19996182.0,0.0,371.0,371.0,0.0,343.77845982142856,343.45982142857144,1.6601715372945631,391356000.0,397645920.0,22417161.569904428
393,beatnik,8,40000,1000,0.3,456.1986607142857,450.50669642857144,15.277897396653408,161.63783482142856,154.07142857142856,16.410363144005963,19996182.0,19996182.0,0.0,371.0,371.0,0.0,359.0680803571429,358.57924107142856,1.3612344581688556,409883488.0,433641152.0,49902262.75489714
394,beatnik,8,40000,1000,0.5,449.4787946428571,452.5837053571429,8.336224220876929,156.078125,157.97433035714286,8.98289445431835,19996182.0,19996182.0,0.0,371.0,371.0,0.0,362.24107142857144,362.5256696428571,0.9916594539339367,440495104.0,433069056.0,45284185.161380775
395,beatnik,8,40000,1000,0.7,463.5251116071429,462.5502232142857,5.4437186414815635,166.58147321428572,164.33705357142856,7.171093163185152,19996182.0,19996182.0,0.0,371.0,371.0,0.0,363.68638392857144,363.60267857142856,0.714103166777636,457656080.0,458252032.0,45992812.91397684
396,beatnik,8,40000,1000,1.0,452.13988095238096,455.0,9.513377756211339,159.50595238095238,164.49776785714286,8.79923407548392,19996182.0,19996182.0,0.0,371.0,371.0,0.0,364.6830357142857,365.0,0.5880838664073039,498637440.0,481815936.0,52717558.40429577
397,beatnik,8,40000,10000,0.1,439.1071428571429,439.19419642857144,6.079708524902153,146.39360119047618,148.05580357142858,7.961575255634189,19996182.0,19996182.0,0.0,371.0,371.0,0.0,235.37797619047618,236.16517857142858,4.918016250030642,263323200.0,261576000.0,9714721.695735807
398,beatnik,8,40000,10000,0.3,438.23828125,437.5,4.4160547058965225,144.01116071428572,144.21651785714286,2.3593662009341694,19996182.0,19996182.0,0.0,371.0,371.0,0.0,299.5552455357143,299.58482142857144,1.2239355480763965,400128288.0,399452928.0,6847574.405815439
399,beatnik,8,40000,10000,0.5,448.0703125,444.1640625,9.38979743826533,154.96819196428572,151.63392857142856,8.360973183698384,19996182.0,19996182.0,0.0,371.0,371.0,0.0,324.1875,324.28013392857144,3.226574660561659,427223552.0,426094592.0,29425717.94501365
400,beatnik,8,40000,10000,0.7,447.5239955357143,441.0,16.05700652661457,156.71428571428572,152.15848214285714,14.53567897997203,19996182.0,19996182.0,0.0,371.0,371.0,0.0,335.35435267857144,333.6283482142857,5.232313748821699,444019296.0,462949536.0,60932827.5231812
401,beatnik,8,40000,10000,1.0,451.8939732142857,451.2868303571429,12.733278248751963,158.26953125,157.36607142857144,10.712539443350247,19996182.0,19996182.0,0.0,371.0,371.0,0.0,344.2583705357143,344.5,2.7406329476872284,471002112.0,466996992.0,42594157.766361155
402,beatnik,8,40000,100000,0.1,411.03404017857144,410.35825892857144,10.356983202375527,119.18359375,118.68973214285714,9.112300377659798,19996182.0,19996182.0,0.0,371.0,371.0,0.0,59.18532366071428,58.29274553571428,7.0659119636949175,62627040.0,62808480.0,1420433.7906428445
403,beatnik,8,40000,100000,0.3,418.25,414.5,8.539125638299671,125.32589285714286,121.06808035714286,10.757478507053548,19996182.0,19996182.0,0.0,371.0,371.0,0.0,117.27678571428572,112.0,11.230136470054783,151295648.0,154522368.0,6818566.765130238
404,beatnik,8,40000,100000,0.5,428.1685267857143,428.765625,3.7806607333756594,134.85212053571428,134.99330357142856,6.862881000420311,19996182.0,19996182.0,0.0,371.0,371.0,0.0,161.75446428571428,159.50446428571428,11.901756689136908,207904256.0,210137088.0,11881262.897295276
405,beatnik,8,40000,100000,0.7,442.5005580357143,441.59263392857144,13.478519372615498,148.78404017857144,148.56138392857144,11.814313916170338,19996182.0,19996182.0,0.0,371.0,371.0,0.0,196.73046875,198.58258928571428,12.054333829366417,241500784.0,238871584.0,16817675.282396436
406,beatnik,8,40000,100000,1.0,434.9486607142857,433.5669642857143,4.808759672692201,142.22154017857144,141.65959821428572,3.0324504157346386,19996182.0,19996182.0,0.0,371.0,371.0,0.0,219.51785714285714,219.03571428571428,5.002507874457933,299432784.0,300283872.0,9591927.937384017
407,beatnik,8,40000,1000000,0.1,414.7377232142857,417.0,5.988941615653099,120.63392857142857,123.06473214285714,5.130065187149649,19996182.0,19996182.0,0.0,371.75,372.0,0.5000000000000047,7.709006696428571,7.576529017857143,0.6589009650957038,7333200.0,7338240.0,10080.0
408,beatnik,8,40000,1000000,0.3,419.28180803571433,419.39508928571433,5.930709444597347,127.13727678571428,125.24665178571428,6.566615899316324,19996182.0,19996182.0,0.0,371.25,371.0,0.4999999999999952,22.130803571428572,21.75658482142857,3.5338546029594364,20951168.0,20981184.0,224619.17624281318
409,beatnik,8,40000,1000000,0.5,410.50669642857144,408.0859375,6.5098917305378325,116.11551339285714,112.73883928571428,7.385987545234687,19996182.0,19996182.0,0.0,371.0,371.0,0.0,28.392857142857142,26.772433035714283,3.8375063403260974,34370560.0,34521088.0,370985.83983039926
410,beatnik,8,40000,1000000,0.7,414.96484375,414.89955357142856,3.338901918337128,121.32087053571428,120.0,3.8031349196030177,19996182.0,19996182.0,0.0,371.25,371.0,0.4999999999999952,35.24481026785714,33.33203125,4.4221734629771055,47080208.0,47325600.0,641310.852484711
411,beatnik,8,40000,1000000,1.0,414.6233258928571,412.953125,8.137984574749158,120.17354910714286,118.66741071428572,7.112768980130429,19996182.0,19996182.0,0.0,371.5,371.5,0.577350269189634,51.722042410714295,51.50022321428571,5.440633869022694,63931728.0,63981792.0,1148929.7152393614
412,beatnik,8,200000,0,0.1,524.8831845238095,505.953125,44.479604200111446,236.11755952380952,218.57142857142858,44.286696256424214,19996182.0,19996182.0,0.0,371.0,371.0,0.0,370.0,370.0,0.0,98259840.0,100920960.0,21393293.883383177
413,beatnik,8,200000,0,0.3,555.6763392857143,507.49330357142856,116.01654488829975,264.43973214285717,216.4921875,114.34234310428681,19996182.0,19996182.0,0.0,371.0,371.0,0.0,370.0,370.0,0.0,119913920.0,124026112.0,28036272.29972449
414,beatnik,8,200000,0,0.5,530.3154761904761,530.9441964285714,2.073868941054958,242.375,242.27232142857142,0.2055026658300703,19996182.0,19996182.0,0.0,371.0,371.0,0.0,370.0379464285714,370.0,0.06572514225149288,100786858.66666667,102760448.0,4041997.8492806405
415,beatnik,8,200000,0,0.7,531.11328125,523.2455357142858,28.14278121395806,243.02176339285714,236.16629464285714,27.820256144910022,19996182.0,19996182.0,0.0,371.0,371.0,0.0,370.5,370.5,0.5773502691896257,96053440.0,97806240.0,14123464.489238987
416,beatnik,8,200000,0,1.0,502.4955357142857,503.5,4.722861236692687,210.94977678571428,211.40401785714283,4.226922474438191,19996182.0,19996182.0,0.0,371.0,371.0,0.0,370.5,370.5,0.5773502691896257,117750528.0,119452704.0,6927429.808960896
417,beatnik,8,200000,100,0.1,475.6322544642857,475.5,11.597318325985823,184.67299107142856,184.60379464285714,11.191985135054741,19996182.0,19996182.0,0.0,371.0,371.0,0.0,368.7444196428571,368.9888392857143,0.49639130073776333,137531520.0,131181120.0,21628401.16809377
418,beatnik,8,200000,100,0.3,506.6283482142857,499.5,18.684539705564656,214.70479910714286,206.10714285714286,19.257046919935835,19996182.0,19996182.0,0.0,371.0,371.0,0.0,369.80580357142856,370.0,0.388392857142866,123951072.0,129789184.0,12772046.080037137
419,beatnik,8,200000,100,0.5,521.1975446428571,506.8928571428571,44.185560137776854,232.0234375,216.1171875,47.32312302180269,19996182.0,19996182.0,0.0,371.0,371.0,0.0,370.08203125,370.0,0.1640625,115931648.0,121124864.0,24833740.91491923
420,beatnik,8,200000,100,0.7,518.3755580357142,520.3683035714286,22.64432064654285,227.19308035714286,229.5546875,25.96075550181505,19996182.0,19996182.0,0.0,371.0,371.0,0.0,370.0,370.0,0.0,116385920.0,114352672.0,11289556.071025645
421,beatnik,8,200000,100,1.0,513.6556919642858,508.3102678571429,14.490161898659244,224.05078125,217.71316964285717,15.804625395204184,19996182.0,19996182.0,0.0,371.5,371.5,0.577350269189634,370.5,370.5,0.577350269189634,111342336.0,114646560.0,13344724.873779302
422,beatnik,8,200000,1000,0.1,481.19047619047615,480.5825892857143,8.52185672717809,189.71502976190473,188.78125,10.59897546547948,19996182.0,19996182.0,0.0,371.0,371.0,0.0,363.98363095238096,364.0,0.9755494320139135,109992960.0,108682560.0,10955415.898559032
423,beatnik,8,200000,1000,0.3,507.703125,498.05580357142856,23.975997755907105,217.57738095238096,209.55133928571428,20.8816309713667,19996182.0,19996182.0,0.0,371.0,371.0,0.0,368.0,368.0,0.0,113040256.0,122285184.0,16273323.261294603
424,beatnik,8,200000,1000,0.5,508.29296875,504.03571428571433,20.776358480036382,219.03013392857144,215.2890625,22.220016392158527,19996182.0,19996182.0,0.0,371.0,371.0,0.0,369.0,369.0,0.0,120848896.0,123332608.0,8474200.065439725
425,beatnik,8,200000,1000,0.7,500.00223214285717,497.07142857142856,7.651253271954203,209.70089285714286,206.47209821428572,8.803395036204956,19996182.0,19996182.0,0.0,371.0016741071429,371.0,0.0033482142857303014,369.29017857142856,369.09486607142856,0.46259780750142054,123432176.0,124518912.0,4201068.292368183
426,beatnik,8,200000,1000,1.0,502.2287946428571,502.4888392857143,4.898992198559157,211.97991071428572,212.81026785714286,5.274859147940558,19996182.0,19996182.0,0.0,371.25,371.0,0.5,370.0,370.0,0.0,120654240.0,119552832.0,3901995.5683173193
427,beatnik,8,200000,10000,0.1,546.0974702380953,462.0580357142857,148.97186821008623,254.87574404761904,172.69196428571428,149.77390376614,19996182.0,19996182.0,0.0,426.00223214285717,371.0,95.26666060112659,376.80505952380946,317.0892857142857,106.06477412343823,95659200.0,104832000.0,21228594.871484075
428,beatnik,8,200000,10000,0.3,510.9720982142857,514.4419642857142,14.210628392272202,221.91964285714286,225.59263392857144,15.060424396361208,19996182.0,19996182.0,0.0,371.0,371.0,0.0,352.25,352.5,1.7078251276599372,104785856.0,103495168.0,9148070.560450805
429,beatnik,8,200000,10000,0.5,565.0323660714286,514.9654017857142,113.78620947711066,273.79129464285717,224.59040178571428,113.6227061296622,19996182.0,19996182.0,0.0,409.25111607142856,371.0,76.50223214285717,398.0,359.5,78.01281945936834,104566784.0,106473472.0,20312791.669159807
430,beatnik,8,200000,10000,0.7,503.26953125,504.0569196428571,8.09674007896573,211.79575892857144,212.97321428571428,7.9493928184133225,19996182.0,19996182.0,0.0,371.0,371.0,0.0,362.25,362.0,0.5,113230880.0,114422784.0,6843256.849081925
431,beatnik,8,200000,10000,1.0,513.7857142857142,501.5703125,34.50300383633,224.29073660714286,212.13169642857144,36.00928935684496,19996182.0,19996182.0,0.0,371.0,371.0,0.0,365.0005580357143,365.0,0.81740810340992,110190864.0,114846816.0,15575724.931192128
432,beatnik,8,200000,100000,0.1,453.0,448.0,9.539392014169456,161.02157738095238,157.890625,7.811584555209018,19996182.0,19996182.0,0.0,371.0,371.0,0.0,155.66666666666666,155.0,2.0816659994661317,43270080.0,43344000.0,398298.2038623825
433,beatnik,8,200000,100000,0.3,472.68526785714283,456.13169642857144,29.803765687225297,181.40699404761904,164.70535714285714,30.99382115846089,19996182.0,19996182.0,0.0,371.0,371.0,0.0,243.33333333333334,231.0,22.233608194203054,76320682.66666667,83444480.0,13073383.718209352
434,beatnik,8,200000,100000,0.5,477.55970982142856,478.0502232142857,7.256242770777741,186.94810267857144,186.671875,9.576387033362312,19996182.0,19996182.0,0.0,371.25,371.0,0.4999999999999952,281.5,281.0,4.932882862316248,89363456.0,89664512.0,4887805.186542251
435,beatnik,8,200000,100000,0.7,490.3236607142857,491.91517857142856,14.611524963214375,200.33872767857144,202.87723214285714,16.93922239786024,19996182.0,19996182.0,0.0,371.25,371.0,0.4999999999999952,304.5,306.5,5.196152422706632,93108736.0,90304256.0,7136285.781542105
436,beatnik,8,200000,100000,1.0,496.1272321428571,485.18861607142856,23.268731724988747,206.58426339285714,196.36383928571428,22.65717020877834,19996182.0,19996182.0,0.0,371.0,371.0,0.0,323.078125,322.15625,4.223655893426912,95121600.0,97224288.0,7877301.674603049
437,beatnik,8,200000,1000000,0.1,487.0150669642857,426.4408482142857,126.15556773783383,196.01227678571428,134.05245535714286,126.11615387297138,19996182.0,19996182.0,0.0,372.0,372.0,0.0,32.07505580357143,26.899999999999995,10.41673565513135,6849360.0,6955200.0,211680.0
438,beatnik,8,200000,1000000,0.3,445.1674107142857,444.72767857142856,10.38184496507373,152.17633928571428,152.22209821428572,10.890366890650096,19996182.0,19996182.0,0.0,371.75,372.0,0.4999999999999952,65.328515625,67.20703125,8.128983852871725,18384800.0,18279744.0,488625.0790125293
439,beatnik,8,200000,1000000,0.5,442.6127232142857,439.5334821428571,7.850995612552105,149.45424107142858,147.31473214285717,6.211909465672774,19996182.0,19996182.0,0.0,371.57310267857144,371.6462053571429,0.5071874423675756,92.4888950892857,92.1,3.66128626109619,27973120.0,27998208.0,378820.4926241452
440,beatnik,8,200000,1000000,0.7,444.87667410714283,444.75334821428567,6.524199197353371,153.53292410714286,151.30022321428572,8.62773628536079,19996182.0,19996182.0,0.0,371.75,372.0,0.4999999999999952,115.25,113.0,5.965176722724428,35932400.0,36247904.0,779684.1099282879
441,beatnik,8,200000,1000000,1.0,481.0703125,484.89955357142856,21.662461584697212,189.35323660714286,193.72209821428572,21.78647024136994,19996182.0,19996182.0,0.0,371.6958705357143,371.89174107142856,0.47500914316633974,164.75,166.5,13.524668819112232,41352864.0,41052480.0,2659210.676657267
442,beatnik,8,400000,0,0.1,502.5,502.5,7.7781745930520225,213.95647321428572,213.95647321428572,6.996884734374917,19996182.0,19996182.0,0.0,371.0,371.0,0.0,370.0357142857143,370.0357142857143,0.05050762722759906,51881760.0,51881760.0,4490410.903247051
443,beatnik,8,400000,0,0.3,519.3136160714286,519.6127232142858,18.218476016670646,228.5546875,228.39620535714286,19.319373950382424,19996182.0,19996182.0,0.0,371.0,371.0,0.0,370.75,371.0,0.5,55844768.0,54599104.0,7589934.021357146
444,beatnik,8,400000,0,0.5,538.8755580357142,523.0011160714286,36.920938456809836,248.09933035714286,232.01897321428572,37.605282360856336,19996182.0,19996182.0,0.0,371.0,371.0,0.0,371.0,371.0,0.0,51254784.0,53387264.0,11288707.94697923
445,beatnik,8,400000,0,0.7,525.9453125,532.3247767857142,29.591913927815565,237.22209821428572,242.56696428571428,31.67843545819082,19996182.0,19996182.0,0.0,371.25,371.0,0.4999999999999952,371.0,371.0,0.0,55037920.0,53495456.0,10309722.659447763
446,beatnik,8,400000,0,1.0,541.0206473214286,533.0446428571429,37.31999302030736,253.26618303571428,244.8828125,40.36583630550638,19996182.0,19996182.0,0.0,371.25,371.0,0.5,371.0,371.0,0.0,49513296.0,49663488.0,9089615.207507081
447,beatnik,8,400000,100,0.1,495.20982142857144,497.4185267857143,21.491180006081194,204.47433035714286,206.53236607142856,22.511509310991674,19996182.0,19996182.0,0.0,371.0,371.0,0.0,370.0,370.0,0.0,64854720.0,65388960.0,10547193.601939807
448,beatnik,8,400000,100,0.3,494.9626116071429,495.9877232142857,17.890282899601083,202.95089285714286,202.671875,20.082749432704322,19996182.0,19996182.0,0.0,371.0,371.0,0.0,370.0,370.0,0.0,74514720.0,71888320.0,8892084.852654973
449,beatnik,8,400000,100,0.5,488.078125,485.15625,14.134157706156381,197.41741071428572,192.4296875,14.750731756285047,19996182.0,19996182.0,0.0,371.25,371.0,0.4999999999999952,370.75,371.0,0.5,71902208.0,74210304.0,9017731.451135593
450,beatnik,8,400000,100,0.7,507.54966517857144,508.3649553571429,7.910456756858025,218.42633928571428,218.38839285714283,8.760220699495479,19996182.0,19996182.0,0.0,371.25,371.0,0.5,370.6400669642857,370.78013392857144,0.4743968790888513,66921904.0,66255840.0,2736763.941752131
451,beatnik,8,400000,100,1.0,505.6958705357143,505.39174107142856,13.18308111484431,215.41350446428572,214.32142857142856,14.582414562173504,19996182.0,19996182.0,0.0,371.75,372.0,0.5000000000000047,371.0016741071429,371.0,0.0033482142857303014,67085760.0,67286016.0,6315741.106141701
452,beatnik,8,400000,1000,0.1,472.6822916666667,470.04464285714283,8.318655993280705,179.1912202380952,178.03794642857142,10.609615290376944,19996182.0,19996182.0,0.0,371.0,371.0,0.0,364.94047619047615,365.24330357142856,0.6932603549526939,88905600.0,84329280.0,9157545.469567705
453,beatnik,8,400000,1000,0.3,478.9017857142857,475.6294642857143,13.744346008227463,187.40345982142858,183.9765625,14.23184450854142,19996182.0,19996182.0,0.0,371.0,371.0,0.0,368.74609375,368.9921875,0.49745036786556723,82604032.0,83264384.0,11508099.430863233
454,beatnik,8,400000,1000,0.5,483.63560267857144,483.3939732142857,16.31619389578884,189.63560267857144,190.02790178571428,18.620632165066137,19996182.0,19996182.0,0.0,371.25,371.0,0.5000000000000047,370.0,370.0,0.0,74260480.0,73608192.0,9327519.115389543
455,beatnik,8,400000,1000,0.7,503.19345238095235,504.2611607142857,21.322514041661854,213.01785714285714,214.79910714285714,20.16400440143961,19996182.0,19996182.0,0.0,371.0,371.0,0.0,370.0,370.0,0.0,64362816.0,63100800.0,9388727.214005528
456,beatnik,8,400000,1000,1.0,518.2890625,513.4921875,12.09050070662262,229.1484375,225.75111607142856,11.364264426951163,19996182.0,19996182.0,0.0,371.5,371.5,0.577350269189634,370.5474330357143,370.5022321428571,0.6340736310181325,59676288.0,60677568.0,4945958.347677425
457,beatnik,8,400000,10000,0.1,468.2578125,467.5,6.2874464150301135,177.12667410714286,177.109375,8.924303923416756,19996182.0,19996182.0,0.0,371.0,371.0,0.0,334.24107142857144,334.00111607142856,4.436934442857205,71749440.0,72001440.0,8758864.601488026
458,beatnik,8,400000,10000,0.3,479.00669642857144,479.5022321428571,12.069072098908691,188.51729910714286,188.29799107142856,14.051706266601336,19996182.0,19996182.0,0.0,371.0,371.0,0.0,357.75,358.0,1.5,76525792.0,74559744.0,7597685.431893408
459,beatnik,8,400000,10000,0.5,498.24627976190476,499.4642857142857,3.3437293871352574,207.02976190476193,205.46651785714286,3.633295298819343,19996182.0,19996182.0,0.0,371.0,371.0,0.0,364.0,364.0,0.0,64961194.666666664,63121408.0,3450610.9742811257
460,beatnik,8,400000,10000,0.7,503.73549107142856,501.99107142857144,8.673027670528072,214.01283482142858,212.27678571428572,7.022137749760411,19996182.0,19996182.0,0.0,371.25,371.0,0.5000000000000047,366.05970982142856,366.0,0.12392414083527896,63942144.0,64012256.0,5546681.987342943
461,beatnik,8,400000,10000,1.0,505.6666666666667,511.0,13.796134724383249,214.77455357142858,222.24553571428572,14.008849080455988,19996182.0,19996182.0,0.0,372.3333333333333,372.0,0.577350269189634,368.3333333333333,368.0,0.577350269189634,62012608.0,61078080.0,4282545.299055691
462,beatnik,8,400000,100000,0.1,457.49888392857144,457.2522321428571,6.516921792597282,165.34095982142858,164.9375,7.438393467804874,19996182.0,19996182.0,0.0,371.0,371.0,0.0,209.33426339285714,211.5,7.903278371384771,32533200.0,32124960.0,1587773.3238721453
463,beatnik,8,400000,100000,0.3,463.2126116071429,463.98102678571433,12.139779538075372,171.67633928571428,169.4140625,13.33267741763302,19996182.0,19996182.0,0.0,371.0,371.0,0.0,278.5,276.5,7.593857166596345,55259456.0,56520128.0,4651221.094193652
464,beatnik,8,400000,100000,0.5,478.0814732142857,474.6618303571429,12.573517662953353,185.86551339285714,182.15290178571428,13.179681073302078,19996182.0,19996182.0,0.0,371.25,371.0,0.4999999999999952,316.3627232142857,316.22544642857144,2.7374320860048478,54666752.0,54591488.0,2477664.9349363865
465,beatnik,8,400000,100000,0.7,484.0005580357143,480.50111607142856,12.51647728502585,191.96037946428572,186.37053571428572,14.713390208456811,19996182.0,19996182.0,0.0,371.0,371.0,0.0,327.8666294642857,328.5,1.6680708387224912,60050928.0,59384864.0,2432458.685937886
466,beatnik,8,400000,100000,1.0,504.9391741071429,505.50892857142856,11.759302478366473,213.18861607142858,215.50111607142856,12.754882854462384,19996182.0,19996182.0,0.0,371.5,371.5,0.5773502691896257,344.25,344.0,1.258305739211786,54519696.0,54369504.0,1694304.623717943
467,beatnik,8,400000,1000000,0.1,442.98939732142856,450.953125,18.069671057161642,152.91238839285714,160.75446428571428,17.640087680318935,19996182.0,19996182.0,0.0,371.5,371.5,0.577350269189634,51.600502232142844,54.79999999999999,8.830042964054233,6451200.0,6380640.0,181066.28178653252
468,beatnik,8,400000,1000000,0.3,449.21707589285717,451.00111607142856,5.903251501651114,156.27232142857142,158.26339285714283,6.284827495954961,19996182.0,19996182.0,0.0,371.75,372.0,0.4999999999999952,100.55881696428573,101.35379464285717,3.8226542867486804,16268672.0,16208640.0,229905.056531314
469,beatnik,8,400000,1000000,0.5,471.87611607142856,473.7522321428571,12.687002758574117,181.19866071428572,183.18303571428572,12.939459844490305,19996182.0,19996182.0,0.0,371.75,372.0,0.5,151.75,152.5,12.996794476587935,22052352.0,21977088.0,1249036.4265283325
470,beatnik,8,400000,1000000,0.7,493.8498883928571,495.1428571428571,26.787807977139636,203.71540178571428,205.51004464285714,27.373694033018026,19996182.0,19996182.0,0.0,371.5,371.5,0.5773502691896257,190.75,193.0,17.404501333467348,25345488.0,25029984.0,2366907.462487426
471,beatnik,8,400000,1000000,1.0,481.68526785714283,483.28794642857144,15.329942104270351,190.59430803571428,192.7890625,17.13798636616128,19996182.0,19996182.0,0.0,371.75,371.5,0.9574271077563381,208.5,212.5,11.561430130683082,32641728.0,31840704.0,2223953.8550608465
472,beatnik,8,2000000,0,0.1,520.02734375,515.1395089285714,46.41483636605,230.359375,226.05691964285714,48.98464045933234,19996182.0,19996182.0,0.0,371.25,371.0,0.4999999999999952,371.25,371.0,0.4999999999999952,13527360.0,13124160.0,4076509.5281134816
473,beatnik,8,2000000,0,0.3,529.5563616071429,526.0,34.36021053288887,239.02790178571428,235.89174107142856,35.62881674584305,19996182.0,19996182.0,0.0,372.0,372.0,1.1547005383792515,372.0,372.0,1.1547005383792515,13297088.0,13116992.0,2110817.089661095
474,beatnik,8,2000000,0,0.5,521.2700892857143,528.0613839285714,23.378269758280762,230.61830357142856,238.38950892857144,25.103557373805412,19996182.0,19996182.0,0.0,373.25,373.5,1.707825127659933,373.25,373.5,1.707825127659933,13020672.0,12493824.0,1879870.9210950274
475,beatnik,8,2000000,0,0.7,522.4514508928571,528.5915178571429,15.12929549365138,232.31808035714286,237.82477678571428,17.16446455145387,19996182.0,19996182.0,0.0,373.0,373.5,1.4142135623730885,373.0,373.5,1.4142135623730885,12935664.0,12620160.0,1380452.8760123132
476,beatnik,8,2000000,0,1.0,540.1021205357143,539.4397321428571,8.016960460443505,250.26395089285714,249.05133928571428,8.417808255400976,19996182.0,19996182.0,0.0,373.5,373.5,2.3804761428476167,373.25,373.5,2.061552812808831,12616128.0,12616128.0,817541.6965513135
477,beatnik,8,2000000,100,0.1,584.8311011904761,564.2879464285714,69.42107300480978,296.2157738095238,274.78125,67.66949406463563,19996182.0,19996182.0,0.0,388.6666666666667,372.0,28.86751345948128,388.6666666666667,372.0,28.86751345948128,9723840.0,9676800.0,1784625.0241437275
478,beatnik,8,2000000,100,0.3,555.15625,558.3515625,33.20546682917965,266.81808035714283,270.64620535714283,33.74833256876366,19996182.0,19996182.0,0.0,372.5,372.0,1.0000000000000047,372.0,372.0,0.816496580927726,11210976.0,11676224.0,1751162.0117335422
479,beatnik,8,2000000,100,0.5,548.9146205357143,552.9888392857142,14.850771519470173,261.1763392857143,266.04464285714283,16.118403055677195,19996182.0,19996182.0,0.0,372.25,372.0,0.5,372.0,372.0,0.816496580927726,11314688.0,11239424.0,1396239.8023797104
480,beatnik,8,2000000,100,0.7,554.4001116071429,540.9508928571429,42.330911423120455,265.9352678571429,250.69642857142856,44.56882805509846,19996182.0,19996182.0,0.0,374.25,375.0,1.5,374.0,375.0,2.0000000000000044,11042640.0,11077696.0,1000581.1885072928
481,beatnik,8,2000000,100,1.0,560.3532366071429,559.5245535714286,17.772433789966566,271.20591517857144,269.9810267857143,19.13242430485234,19996182.0,19996182.0,0.0,374.5,375.0,0.9999999999999952,374.5,375.0,0.9999999999999952,10613568.0,10613568.0,1318246.375515594
482,beatnik,8,2000000,1000,0.1,562.7427455357142,531.0,68.37550516388707,273.26060267857144,240.88616071428572,71.02397404660444,19996182.0,19996182.0,0.0,394.5,371.5,46.33573135281238,393.70982142857144,370.9196428571429,46.19553323216154,10846080.0,10956960.0,593266.0192527464
483,beatnik,8,2000000,1000,0.3,538.5535714285714,543.1071428571429,12.609440658837405,248.63337053571428,252.61607142857144,11.24633428547381,19996182.0,19996182.0,0.0,372.25,372.0,0.4999999999999952,372.0,372.0,0.8164965809277203,11150944.0,10805760.0,1642124.8570702535
484,beatnik,8,2000000,1000,0.5,555.5982142857142,552.9944196428571,28.81296522775428,267.4369419642857,265.50446428571433,30.911717206465617,19996182.0,19996182.0,0.0,373.0,373.0,0.0,373.0,373.0,0.0,10587136.0,10286080.0,1275957.6917541847
485,beatnik,8,2000000,1000,0.7,563.9715401785714,555.5558035714287,20.41697461776313,274.77901785714283,268.23549107142856,21.512389319003415,19996182.0,19996182.0,0.0,374.5,374.5,1.2909944487358056,374.0,373.5,1.4142135623730916,9885792.0,10166240.0,710406.7622500977
486,beatnik,8,2000000,1000,1.0,559.2745535714286,563.4765625,14.872719337074175,269.9453125,275.18080357142856,14.599106262340847,19996182.0,19996182.0,0.0,375.5,375.5,2.081665999466128,375.0,375.0,1.632993161855452,10563504.0,10413312.0,597980.1984146298
487,beatnik,8,2000000,10000,0.1,519.9933035714286,516.9866071428571,10.67708665173336,228.68415178571428,225.61495535714283,9.985678869543655,19996182.0,19996182.0,0.0,371.5,371.5,0.577350269189634,365.75,366.0,0.5,11531520.0,11471040.0,790792.9711371998
488,beatnik,8,2000000,10000,0.3,549.2059151785714,546.4352678571429,32.78239636729689,258.89955357142856,257.12723214285717,33.466597631379,19996182.0,19996182.0,0.0,372.25,372.0,0.4999999999999952,370.5,370.5,0.577350269189634,10640672.0,11406080.0,2089007.2187473804
489,beatnik,8,2000000,10000,0.5,567.1657366071429,539.7801339285713,72.1607158133733,278.13671875,250.78236607142858,72.78935765878762,19996182.0,19996182.0,0.0,399.0,372.5,54.00617248673217,398.0,371.5,54.00617248673217,10612224.0,10436608.0,883914.4827896719
490,beatnik,8,2000000,10000,0.7,570.6177455357143,538.7991071428571,67.68590371330582,281.1875,248.89397321428572,69.41080398962224,19996182.0,19996182.0,0.0,400.7505580357143,375.5,51.507588016421685,400.0,374.5,52.00640986134946,10411632.0,10376576.0,641310.852484711
491,beatnik,8,2000000,10000,1.0,556.9704241071429,540.1160714285714,35.382367941486905,268.9771205357143,251.16517857142856,37.940502179677665,19996182.0,19996182.0,0.0,374.0,373.0,2.7080128015453164,373.25,372.0,2.500000000000005,11064144.0,11114208.0,1474977.5440080436
492,beatnik,8,2000000,100000,0.1,482.8766741071429,481.04017857142856,5.182392363159556,191.63616071428572,190.40513392857144,4.036895617634725,19996182.0,19996182.0,0.0,371.25,371.0,0.4999999999999952,313.0,312.5,3.1622776601683795,11702880.0,11803680.0,604463.9066147788
493,beatnik,8,2000000,100000,0.3,514.9486607142857,514.4051339285713,3.8934752847205885,225.50446428571428,225.15178571428572,5.706250454042493,19996182.0,19996182.0,0.0,371.5,371.5,0.5773502691896257,351.4224330357143,351.5,1.174932059873184,12201504.0,12486656.0,740732.60756092
494,beatnik,8,2000000,100000,0.5,543.8097098214286,539.1216517857142,28.037783288207564,255.92354910714283,250.57924107142856,29.48874516728558,19996182.0,19996182.0,0.0,372.75,372.5,0.9574271077563381,361.5,361.5,2.3804761428476167,11063808.0,10988544.0,2116729.5356173087
495,beatnik,8,2000000,100000,0.7,589.3995535714286,556.7991071428571,83.78878600272712,299.4536830357143,266.4587053571429,85.57490658517176,19996182.0,19996182.0,0.0,373.75,373.5,0.9574271077563405,366.3002232142857,366.5,1.0135100296745119,9815680.0,10026016.0,833517.3740752697
496,beatnik,8,2000000,100000,1.0,555.0407366071429,553.5011160714286,12.272815155404563,265.88783482142856,264.2790178571429,13.718936842934282,19996182.0,19996182.0,0.0,374.5,374.5,2.081665999466126,369.25,369.5,2.4999999999999933,10813824.0,11014080.0,712716.327479594
497,beatnik,8,2000000,1000000,0.1,461.1077008928571,467.4899553571429,24.24138400705856,170.62053571428572,177.70089285714286,25.10905066352,19996182.0,19996182.0,0.0,371.75,372.0,0.4999999999999952,136.0,142.5,17.981471945681566,4752720.0,4626720.0,367470.958852533
498,beatnik,8,2000000,1000000,0.3,491.15997023809524,491.11160714285717,11.815922446629994,201.84002976190473,201.97767857142858,12.548557300531547,19996182.0,19996182.0,0.0,372.0,372.0,1.0,238.66666666666666,237.0,4.725815626252605,7984256.0,8044288.0,275101.184119589
499,beatnik,8,2000000,1000000,0.5,499.33314732142856,504.6361607142857,20.673721328234027,210.03962053571428,213.72544642857144,21.394647189942038,19996182.0,19996182.0,0.0,373.75,374.0,0.4999999999999952,281.75,283.5,6.396613687465165,9157120.0,9031680.0,575750.013900709
500,beatnik,8,2000000,1000000,0.7,512.4168526785714,507.82924107142856,24.777835762753046,222.06752232142858,217.00334821428572,24.32450060404831,19996182.0,19996182.0,0.0,374.25,374.5,0.9574271077563381,297.0,295.0,7.118052168020867,10797248.0,11007584.0,937160.8192805899
501,beatnik,8,2000000,1000000,1.0,521.74609375,520.4921875,20.891560613563314,232.15457589285714,230.43973214285714,20.347551796265197,19996182.0,19996182.0,0.0,373.75,374.0,1.258305739211786,321.75,321.5,1.707825127659933,10363248.0,10413312.0,300384.0
502,beatnik,8,4000000,0,0.1,530.6808035714286,520.4598214285713,30.302480493505993,242.63616071428572,233.1640625,30.06727510489113,19996182.0,19996182.0,0.0,371.5,371.5,0.5773502691896257,371.5,371.5,0.5773502691896257,6274800.0,6108480.0,1033925.0139154193
503,beatnik,8,4000000,0,0.3,548.7433035714286,548.9854910714286,15.103075882792428,261.51339285714283,262.24330357142856,15.43715949440633,19996182.0,19996182.0,0.0,372.75,373.0,1.2583057392117898,372.75,373.0,1.2583057392117898,6093248.0,6003200.0,450573.3876798909
504,beatnik,8,4000000,0,0.5,541.99609375,537.4921875,22.87898550420939,253.59319196428572,249.48102678571428,20.95706600306744,19996182.0,19996182.0,0.0,374.75,375.0,1.2583057392117898,374.75,375.0,1.2583057392117898,6372352.0,6623232.0,903168.0
505,beatnik,8,4000000,0,0.7,529.9174107142858,528.2444196428571,11.02197742548879,241.04854910714286,238.92299107142858,11.502704274193627,19996182.0,19996182.0,0.0,374.25,373.0,3.304037933599835,374.25,373.0,3.304037933599835,6450304.0,6380192.0,412808.2785733186
506,beatnik,8,4000000,0,1.0,541.6450892857143,535.0892857142857,19.707185528928825,251.87723214285714,243.15848214285714,20.091134339547516,19996182.0,19996182.0,0.0,374.6666666666667,375.0,1.5275252316519452,374.3333333333333,375.0,2.081665999466135,6074432.0,6207936.0,416866.1063890899
507,beatnik,8,4000000,100,0.1,535.0591517857142,533.5122767857142,28.28831495666131,246.16629464285714,243.44866071428572,29.258238184952177,19996182.0,19996182.0,0.0,371.75,372.0,0.5,371.75,372.0,0.5,5796000.0,5594400.0,1071897.929469033
508,beatnik,8,4000000,100,0.3,546.4469866071429,545.0,20.45374625165053,257.4453125,255.55022321428572,20.42375003753643,19996182.0,19996182.0,0.0,372.5,372.5,0.5773502691896257,372.0,372.0,0.816496580927726,5492928.0,5402880.0,709462.0941379933
509,beatnik,8,4000000,100,0.5,547.1417410714286,554.8716517857143,24.368582119128398,259.1685267857143,265.2131696428571,25.454489540101385,19996182.0,19996182.0,0.0,372.25,372.5,0.9574271077563381,372.0,372.0,0.816496580927726,5268480.0,5268480.0,779479.4901351371
510,beatnik,8,4000000,100,0.7,569.0498511904761,564.53125,14.925042625998149,281.09375,276.02232142857144,15.514122541934915,19996182.0,19996182.0,0.0,372.6666666666667,372.0,1.1547005383792557,372.6666666666667,372.0,1.1547005383792557,4907840.0,4907840.0,280448.0
511,beatnik,8,4000000,100,1.0,557.0,567.5,21.33854103103897,267.45200892857144,276.57700892857144,21.325476711314504,19996182.0,19996182.0,0.0,376.78125,377.0625,5.150217430685167,376.75,377.0,5.1234753829798,5557104.0,5206656.0,1137235.4696965795
512,beatnik,8,4000000,1000,0.1,547.6077008928571,544.6439732142858,45.581505679024204,260.46037946428567,257.18638392857144,45.77148264834185,19996182.0,19996182.0,0.0,371.50111607142856,371.5022321428571,0.5760644239640249,371.5,371.5,0.577350269189634,5574240.0,5281920.0,1667440.4126084985
513,beatnik,8,4000000,1000,0.3,547.625,545.8783482142858,20.038160391885906,259.13950892857144,258.05357142857144,20.122487650902784,19996182.0,19996182.0,0.0,373.25,373.5,0.9574271077563381,373.0,373.0,0.816496580927726,5793088.0,5703040.0,549109.6117121486
514,beatnik,8,4000000,1000,0.5,559.2393973214286,554.8783482142858,43.1917435462167,272.37779017857144,267.9330357142857,45.066534047061566,19996182.0,19996182.0,0.0,375.75,375.5,1.707825127659933,375.75,375.5,1.707825127659933,5519360.0,5669888.0,1178869.0761708869
515,beatnik,8,4000000,1000,0.7,552.9693080357142,548.8571428571429,31.042158018217908,265.56473214285717,260.84486607142856,34.16217925605991,19996182.0,19996182.0,0.0,376.25,377.5,2.8722813232690183,376.0,377.0,2.8284271247461867,5573904.0,5749184.0,889621.5485159967
516,beatnik,8,4000000,1000,1.0,577.1344866071429,575.5011160714286,21.32265407852551,289.8577008928571,289.1149553571429,22.091852241881416,19996182.0,19996182.0,0.0,377.25,376.0,4.9916597106239795,377.0,375.5,5.228129047119367,5056464.0,5006400.0,526664.3965790739
517,beatnik,8,4000000,10000,0.1,513.5502232142857,514.9017857142857,13.59246740420809,223.60714285714286,224.65625,15.356926562707168,19996182.0,19996182.0,0.0,371.5,371.5,0.5773502691896257,368.0,368.0,0.816496580927726,6703200.0,6693120.0,692420.9216943115
518,beatnik,8,4000000,10000,0.3,510.05580357142856,511.61160714285717,6.401307824860687,218.39508928571428,219.97098214285714,6.063758120821744,19996182.0,19996182.0,0.0,371.75,371.5,0.9574271077563405,370.5,370.0,1.0000000000000047,6783616.0,6813632.0,176729.42277579778
519,beatnik,8,4000000,10000,0.5,579.9860491071429,567.9709821428571,28.337952560982682,292.4458705357143,279.8537946428571,29.801093955468847,19996182.0,19996182.0,0.0,375.25,375.0,2.8722813232690085,374.5,374.0,2.516611478423589,4967424.0,5117952.0,452512.2311952831
520,beatnik,8,4000000,10000,0.7,561.56640625,569.9129464285714,27.866681034052295,272.90234375,281.9765625,30.203516232837,19996182.0,19996182.0,0.0,377.0,376.5,1.4142135623730951,376.5,376.0,1.73205080756888,5328512.0,5258400.0,879432.9386538427
521,beatnik,8,4000000,10000,1.0,586.8934151785714,585.4274553571429,19.966722885086877,299.1328125,297.49553571428567,20.63940489320779,19996182.0,19996182.0,0.0,380.2494419642857,380.49888392857144,1.7074987088877995,379.25,379.5,1.7078251276599288,4906272.0,4706016.0,622621.2065517845
522,beatnik,8,4000000,100000,0.1,499.94921875,494.3984375,23.20133577206435,208.99665178571428,202.55133928571428,24.309998137530723,19996182.0,19996182.0,0.0,371.25,371.0,0.4999999999999952,340.0,340.5,3.7416573867739427,6315120.0,6199200.0,756358.3150861766
523,beatnik,8,4000000,100000,0.3,529.3002232142857,531.7131696428571,13.345566868474446,238.99609375,242.13950892857144,12.559228749081823,19996182.0,19996182.0,0.0,372.0,372.0,0.0,362.25,362.0,1.258305739211786,5763072.0,5763072.0,573716.6665919103
524,beatnik,8,4000000,100000,0.5,530.5647321428571,526.2466517857143,16.06679755119951,241.24330357142858,238.19084821428572,18.18071856984136,19996182.0,19996182.0,0.0,373.75,373.5,2.0615528128088303,367.5,367.0,1.9148542155126738,5970944.0,5920768.0,421796.85746893217
525,beatnik,8,4000000,100000,0.7,556.8744419642857,553.9319196428571,25.39840061964124,268.43917410714283,263.7232142857143,25.742438665250393,19996182.0,19996182.0,0.0,373.75,374.0,0.5,370.0,370.0,0.816496580927726,5538848.0,5819296.0,933657.4020856543
526,beatnik,8,4000000,100000,1.0,545.1847098214286,547.1283482142858,9.41971574090934,255.56417410714286,258.06138392857144,9.88878038834705,19996182.0,19996182.0,0.0,376.5,377.0,2.645751311064589,373.5,374.0,2.645751311064589,5857488.0,5907552.0,342002.2287646676
527,beatnik,8,4000000,1000000,0.1,462.5178571428571,462.53794642857144,9.66222770581121,170.63950892857144,171.91964285714286,8.91064578908329,19996182.0,19996182.0,0.0,372.0,372.0,0.816496580927726,191.75,193.5,5.439056290693571,3633840.0,3588480.0,105879.99244427627
528,beatnik,8,4000000,1000000,0.3,520.75,520.0,23.471614061812335,230.95479910714286,228.79910714285714,24.386258095792826,19996182.0,19996182.0,0.0,373.75,373.5,1.707825127659933,298.25,298.5,8.421203397773187,4532416.0,4532416.0,471420.04958069685
529,beatnik,8,4000000,1000000,0.5,506.25,505.0959821428571,3.94446485766991,215.03794642857144,213.35491071428572,4.57691589899477,19996182.0,19996182.0,0.0,373.5,374.0,1.9148542155126738,317.0,318.0,5.29150262212918,5644800.0,5569536.0,396146.8551400268
530,beatnik,8,4000000,1000000,0.7,510.7633928571429,511.75669642857144,10.438033994853713,220.30524553571428,222.27008928571428,9.879362138341559,19996182.0,19996182.0,0.0,373.75,373.0,2.217355782608342,332.75,334.0,2.499999999999995,5714128.0,5679072.0,289079.1816233054
531,beatnik,8,4000000,1000000,1.0,524.4676339285714,523.0011160714286,8.445284992710436,234.65066964285714,234.78794642857144,8.878158365536274,19996182.0,19996182.0,0.0,375.2555803571429,374.5111607142857,2.6264405642873023,345.75,346.0,2.6299556396765835,5857488.0,5907552.0,342002.2287646676
532,fiesta,8,20,5000,0.01,353.2299107142857,353.2299107142857,,54.948660714285715,54.948660714285715,,645120.0,645120.0,,299.0,299.0,,4.51390625,4.51390625,,102887680.0,102887680.0,
533,fiesta,8,20,5000,0.05,357.34151785714283,357.34151785714283,,61.528124999999996,61.528124999999996,,645120.0,645120.0,,299.0,299.0,,17.784151785714286,17.784151785714286,,534628864.0,534628864.0,
534,fiesta,8,20,10000,0.01,353.80245535714283,353.99888392857144,0.7422459585820941,58.37700892857143,57.47589285714285,2.370285148962824,645120.0,645120.0,0.0,299.0,299.0,0.0,7.093203125,7.1183370535714285,0.2718301240550856,51048704.0,51041536.0,46107.01430368194
535,fiesta,8,20,10000,0.05,355.73158482142856,353.79352678571433,4.492812271696946,63.55939174107143,59.08783482142857,10.612254822231153,645120.0,645120.0,0.0,299.0,299.0,0.0,9.802739955357143,9.678080357142857,2.9709880720540616,276721984.0,276855040.0,2903195.735740417
536,fiesta,8,20,25000,0.01,368.41592261904765,353.1138392857143,26.614248093775732,57.94739583333333,58.333928571428565,0.9515604928321222,645120.0,645120.0,0.0,299.0,299.0,0.0,2.1358333333333337,2.11359375,0.14429340836632062,21054805.333333332,21057792.0,10189.743339914707
537,fiesta,8,20,25000,0.05,355.07254464285717,353.22544642857144,3.7225257103506952,60.832142857142856,55.56462053571428,11.868233953723912,645120.0,645120.0,0.0,299.0,299.0,0.0,3.541947544642857,2.809776785714286,1.5600450425471446,115036768.0,115325056.0,617470.075176656
538,fiesta,8,20,50000,0.01,353.4123883928571,353.41964285714283,0.5377484168025128,58.832142857142856,59.223660714285714,2.17128841550145,645120.0,645120.0,0.0,299.0,299.0,0.0,1.1407656250000002,1.168489955357143,0.0685075423044707,10618048.0,10617600.0,3973.5015624341545
539,fiesta,8,20,50000,0.05,355.3755580357143,353.6149553571429,4.022334383319722,65.24665178571429,59.269642857142856,13.703279399616122,645120.0,645120.0,0.0,299.0,299.0,0.0,1.9270926339285714,1.7794531249999999,0.7458927786266356,58184896.0,58214464.0,146298.81122324066
540,fiesta,8,200,5000,0.01,354.2916666666667,354.4263392857143,0.8993356849438611,58.73028273809524,58.629687499999996,1.6600999477747806,645120.0,645120.0,0.0,299.0,299.0,0.0,9.38249255952381,8.19171875,7.290733593000488,101178709.33333333,101626112.0,2548284.698761372
541,fiesta,8,200,5000,0.05,354.35714285714283,354.35714285714283,,59.54598214285715,59.54598214285715,,645120.0,645120.0,,299.0,299.0,,37.721651785714286,37.721651785714286,,496752256.0,496752256.0,
542,fiesta,8,200,10000,0.01,354.7708333333333,353.9575892857143,1.943485566560139,63.368154761904755,60.4671875,7.578220137780317,645120.0,645120.0,0.0,299.0,299.0,0.0,9.042135416666666,9.242790178571427,0.46041391177041296,50699861.333333336,50654464.0,84913.82750372963
543,fiesta,8,200,10000,0.05,357.9233630952381,359.015625,3.4986062940468536,70.2936755952381,63.88415178571429,17.00132107086864,645120.0,645120.0,0.0,299.0,299.0,0.0,17.820238095238096,18.120089285714283,5.076289171363478,269009664.0,268625280.0,4904813.420774331
544,fiesta,8,200,25000,0.01,353.95033482142856,353.5200892857143,1.4214835034682527,58.359375,58.57767857142858,1.3575610502693167,645120.0,645120.0,0.0,299.0,299.0,0.0,2.975290178571429,2.953995535714286,0.9670757160545822,20997312.0,20997760.0,69886.08544386172
545,fiesta,8,200,25000,0.05,358.078125,358.078125,6.881664209761959,67.5059486607143,67.5059486607143,13.187746656364725,645120.0,645120.0,0.0,299.0,299.0,0.0,5.917957589285714,5.917957589285714,4.587781401052459,114102912.0,114102912.0,1784126.5754559007
546,fiesta,8,200,50000,0.01,353.3337053571429,353.1529017857143,0.38361914787523044,57.68208705357143,57.75602678571428,2.1442871699042776,645120.0,645120.0,0.0,299.0,299.0,0.0,1.2110256696428572,1.0736651785714284,0.33495851629336065,10615360.0,10620288.0,11739.537753534705
547,fiesta,8,200,50000,0.05,355.35658482142856,355.4162946428571,2.0436860731527142,59.99135044642857,61.20625,5.1233044328612625,645120.0,645120.0,0.0,299.0,299.0,0.0,3.8539229910714288,4.551149553571429,1.4924800475833166,57812832.0,57677312.0,291085.90995786793
548,fiesta,8,500,5000,0.01,356.8850446428571,356.8850446428571,5.3995810233017645,66.37244419642857,66.37244419642857,11.684481833735935,645120.0,645120.0,0.0,299.0,299.0,0.0,13.272120535714286,13.272120535714286,13.10480366227688,99833216.0,99833216.0,4593365.650587813
549,fiesta,8,500,5000,0.05,525.2946428571429,525.2946428571429,,93.44419642857143,93.44419642857143,,645120.0,645120.0,,299.0,299.0,,6.316450892857143,6.316450892857143,,556499328.0,556499328.0,
550,fiesta,8,500,10000,0.01,356.8046875,356.7165178571429,4.482937413270113,70.59068080357143,69.64308035714285,17.168343973237363,645120.0,645120.0,0.0,299.0,299.0,0.0,9.778197544642858,9.622109375,3.459217494878825,50574272.0,50600704.0,624223.9794945391
551,fiesta,8,500,10000,0.05,352.98102678571433,352.98102678571433,0.14047433822677746,55.82455357142857,55.82455357142857,0.7014246731234411,645120.0,645120.0,0.0,299.0,299.0,0.0,7.612979910714286,7.612979910714286,0.04623026254677203,278796672.0,278796672.0,27876.97774149845
552,fiesta,8,500,25000,0.01,353.15550595238096,352.9888392857143,0.5054230643315808,58.48638392857143,58.15602678571428,3.325276818546352,645120.0,645120.0,0.0,299.0,299.0,0.0,2.4231398809523808,2.3592410714285714,0.1990950925912541,21040469.333333332,21045248.0,11520.948109133255
553,fiesta,8,500,25000,0.05,354.38690476190476,354.04910714285717,0.592831817803908,63.34947916666667,58.88236607142857,7.950074859829435,645120.0,645120.0,0.0,299.0,299.0,0.0,8.155543154761904,7.569107142857143,1.0350308119351999,113229013.33333333,113442560.0,395756.5497592322
554,fiesta,8,500,50000,0.01,355.06473214285717,354.43526785714283,2.5565627771323056,57.657961309523806,55.29598214285714,4.392918528247187,645120.0,645120.0,0.0,299.0,299.0,0.0,3.333457589285714,2.7535714285714286,2.5916367410679415,10541141.333333334,10560256.0,91116.3424492736
555,fiesta,8,500,50000,0.05,353.69921875,353.2220982142857,1.2171537151573004,57.27360491071428,57.099107142857136,1.7686169920269175,645120.0,645120.0,0.0,299.0,299.0,0.0,2.232193080357143,1.4720535714285714,1.5580276227335215,58125760.0,58273600.0,305641.96012109827
556,fiesta,8,1000,5000,0.01,359.4084821428571,359.4084821428571,7.219433966846573,72.43147321428572,72.43147321428572,18.38603900153091,645120.0,645120.0,0.0,299.0,299.0,0.0,27.79017857142857,27.79017857142857,1.2412249391185342,94745728.0,94745728.0,414353.26006681786
557,fiesta,8,1000,5000,0.05,354.7767857142857,354.7767857142857,,58.821875,58.821875,,645120.0,645120.0,,299.0,299.0,,33.487946428571426,33.487946428571426,,505001728.0,505001728.0,
558,fiesta,8,1000,10000,0.01,353.4754464285714,353.50223214285717,0.4514891742775097,58.09739583333334,57.49508928571429,1.2048163951840865,645120.0,645120.0,0.0,299.0,299.0,0.0,9.231302083333333,6.9913839285714285,4.213761368944465,50683733.333333336,51104256.0,750198.3506175767
559,fiesta,8,1000,10000,0.05,354.1283482142857,353.28794642857144,1.8240176764939684,59.263783482142856,58.26383928571428,4.250703193341233,645120.0,645120.0,0.0,299.0,299.0,0.0,12.031210937500001,10.641741071428571,3.732397790584217,274588160.0,275938432.0,3604961.401186246
560,fiesta,8,1000,25000,0.01,355.97265625,354.9665178571429,3.82508464012482,64.94135044642857,61.126674107142854,13.417009498618587,645120.0,645120.0,0.0,299.0,299.0,0.0,4.204793526785714,4.219821428571429,2.0482876644238877,20913984.0,20914432.0,146362.81815634284
561,fiesta,8,1000,25000,0.05,357.4709821428571,357.4709821428571,4.252110867224465,69.67779017857143,69.67779017857143,10.899703792053439,645120.0,645120.0,0.0,299.0,299.0,0.0,7.704252232142858,7.704252232142858,0.3423627944356563,113393280.0,113393280.0,153323.37757824146
562,fiesta,8,1000,50000,0.01,353.3348214285714,353.06473214285717,0.5978768704609225,56.53266369047619,56.60223214285714,0.25401180923212696,645120.0,645120.0,0.0,299.0,299.0,0.0,2.0555691964285714,1.354575892857143,1.3092976090707955,10587136.0,10612224.0,46592.0
563,fiesta,8,1000,50000,0.05,353.4375,353.16294642857144,0.6822803070664786,55.865476190476194,55.580803571428575,1.21894131832775,645120.0,645120.0,0.0,299.0,299.0,0.0,2.8490699404761908,2.6586383928571427,1.0653423772414383,58005845.333333336,58051840.0,210774.0415642614
564,fiesta,8,2000,0,0.3,358.1171875,357.0111607142857,5.641578607653262,65.69314732142857,60.32814732142857,12.658752677687916,645120.0,645120.0,0.0,299.0,299.0,0.0,295.28013392857144,295.5334821428571,0.9791714724335816,510226976.0,461045760.0,181101340.5281672
565,fiesta,8,2000,0,0.5,353.62109375,352.8828125,1.5298462682436222,56.64506696428571,56.911116071428566,1.2003967163620755,645120.0,645120.0,0.0,299.0,299.0,0.0,297.44308035714283,297.7466517857143,0.6938015643182739,269445120.0,224336896.0,100213251.06796978
566,fiesta,8,2000,0,0.7,354.390625,354.3515625,1.7323643313859318,56.71141183035714,56.760044642857146,1.6371736284913334,645120.0,645120.0,0.0,299.0,299.0,0.0,297.2349330357143,297.2243303571429,0.2718292720457976,289001664.0,283322592.0,33152030.0018603
567,fiesta,8,2000,0,1.0,354.57514880952385,355.0736607142857,1.6102916409124939,57.86648065476191,58.200669642857136,1.110206332019351,645120.0,645120.0,0.0,299.0,299.0,0.0,296.67261904761904,296.51785714285717,0.28366077517724486,365667456.0,358458240.0,13363243.581997897
568,fiesta,8,2000,100,0.3,353.95238095238096,353.15848214285717,1.6328339872215123,56.892805059523816,56.925000000000004,2.104794053341579,645120.0,645120.0,0.0,299.0,299.0,0.0,296.2142857142857,296.68080357142856,0.912405969959568,285572224.0,240788352.0,85003849.34334849
569,fiesta,8,2000,100,0.5,353.9274553571429,353.8928571428571,0.9733653020119158,57.851975446428575,57.94691964285715,1.8354710186339833,645120.0,645120.0,0.0,299.0,299.0,0.0,297.0290178571429,297.0,0.06104818897848856,259685888.0,254643200.0,50894881.53790157
570,fiesta,8,2000,100,0.7,353.45703125,352.81696428571433,1.3621649118603345,55.654637276785714,56.478136160714286,2.1200210215266053,645120.0,645120.0,0.0,299.0,299.0,0.0,296.8297991071429,296.78794642857144,0.11818945248354547,270421984.0,258082272.0,25483373.21868421
571,fiesta,8,2000,100,1.0,353.76674107142856,353.2712053571429,1.3911205453535997,58.117745535714285,57.75167410714285,3.3428604144591563,645120.0,645120.0,0.0,299.0,299.0,0.0,296.3727678571429,296.4955357142857,0.24854754520591915,376931856.0,358057728.0,38554827.81897468
572,fiesta,8,2000,1000,0.3,353.5485491071429,353.03125,1.1505570559441156,55.78582589285715,54.906584821428574,3.205223151899171,645120.0,645120.0,0.0,299.0,299.0,0.0,291.4564732142857,291.2377232142857,0.6120699608795168,288138592.0,296498048.0,21606926.785963677
573,fiesta,8,2000,1000,0.5,354.6188616071429,354.12611607142856,2.107393780932094,59.452427455357146,57.14866071428572,5.754906208192089,645120.0,645120.0,0.0,299.0,299.0,0.0,294.7405133928571,294.9821428571429,0.4954498229669755,249851392.0,238436352.0,43950385.90660859
574,fiesta,8,2000,1000,0.7,353.8560267857143,353.76450892857144,1.1114764039105065,57.56841517857143,57.39631696428571,1.700835231533832,645120.0,645120.0,0.0,299.0,299.0,0.0,294.9263392857143,294.99888392857144,0.14583712944525254,279256096.0,284093824.0,15817159.46251724
575,fiesta,8,2000,1000,1.0,356.3666294642857,356.00111607142856,3.146983884613991,57.746473214285714,57.131562499999994,4.116227042463062,645120.0,645120.0,0.0,299.0,299.0,0.0,293.97767857142856,294.0,0.747684563591301,423040800.0,430650528.0,49594669.60971221
576,fiesta,8,2000,10000,0.1,357.1216517857143,357.1216517857143,6.125628164698652,59.16261160714286,59.16261160714286,4.731459816881505,645120.0,645120.0,0.0,299.0,299.0,0.0,49.30223214285715,49.30223214285715,5.064967992918813,485029440.0,485029440.0,9351458.896920843
577,fiesta,8,2000,10000,0.3,354.16796875,354.07700892857144,1.1988974490775182,56.17737165178572,55.33521205357143,2.997538627660496,645120.0,645120.0,0.0,299.0,299.0,0.0,254.08035714285714,254.56138392857144,10.055153726822185,254745792.0,252434560.0,57230419.20739238
578,fiesta,8,2000,10000,0.5,355.85379464285717,355.64732142857144,0.8333150641067124,58.897209821428575,57.11839285714285,4.867444592253466,645120.0,645120.0,0.0,299.0,299.0,0.0,268.2271205357143,267.44419642857144,2.616134516319392,286178816.0,293178368.0,23489139.35419358
579,fiesta,8,2000,10000,0.7,355.8467261904762,355.91294642857144,0.1529031434594054,56.5099925595238,56.844263392857144,1.333279891851748,645120.0,645120.0,0.0,299.0,299.0,0.0,275.5520833333333,275.5513392857143,0.5524557329243663,297882517.3333333,298116224.0,10588846.48109874
580,fiesta,8,2000,10000,1.0,355.90904017857144,355.9486607142857,0.8018797814920713,65.50989955357143,61.46684151785714,13.500633550766747,645120.0,645120.0,0.0,299.0,299.0,0.0,277.34375,277.5993303571429,1.387111115984138,383390112.0,377782944.0,25374102.62808283
581,fiesta,8,2000,100000,0.1,354.0345982142857,354.0680803571429,0.24464462221297903,58.24849330357142,58.07008928571429,0.8913956300007714,645120.0,645120.0,0.0,299.0,299.0,0.0,5.119860491071429,5.031183035714285,0.2389414976377149,59033520.0,59048640.0,47636.221512626296
582,fiesta,8,2000,100000,0.3,356.34095982142856,355.0915178571429,4.11605503649187,64.80535714285715,65.59397321428571,8.866495486235245,645120.0,645120.0,0.0,299.0,299.0,0.0,111.55139508928572,109.97823660714286,22.82142748735975,111914656.0,112770112.0,13574346.759851592
583,fiesta,8,2000,100000,0.5,353.0,352.9944196428571,0.057777585292611025,55.78856026785714,55.7390625,1.4440243831866684,645120.0,645120.0,0.0,299.0,299.0,0.0,179.56194196428572,180.0,1.0478246577899204,118841856.0,118565888.0,963849.4852122911
584,fiesta,8,2000,100000,0.7,353.93359375,353.9765625,1.1761668502761415,57.111300223214286,56.872935267857144,3.3617867363518616,645120.0,645120.0,0.0,299.0,299.0,0.0,185.63727678571428,189.0,11.497259969507574,157611776.0,153194720.0,16004794.948373355
585,fiesta,8,2000,100000,1.0,353.9681919642857,353.94196428571433,1.1792326774486481,56.07123325892857,55.74006696428572,0.8310723325262415,645120.0,645120.0,0.0,299.0,299.0,0.0,189.97712053571428,190.95424107142856,13.974221967388013,216076224.0,214273920.0,27692346.97450572
586,fiesta,8,2000,1000000,0.1,355.5485491071429,355.02232142857144,1.8126212931133774,63.33504464285714,62.88225446428572,4.653310358607813,645120.0,645120.0,0.0,299.75,300.0,0.4999999999999952,0.8396847098214285,0.8140714285714286,0.12085242181103054,6022800.0,6027840.0,10080.0
587,fiesta,8,2000,1000000,0.3,353.1802455357143,353.0513392857143,0.5246608141386481,56.71590401785714,56.11953125,1.8484810396605766,645120.0,645120.0,0.0,299.5,299.5,0.5773502691896257,26.625334821428574,27.599999999999994,3.9613695062551595,16373728.0,16328704.0,226615.83040908683
588,fiesta,8,2000,1000000,0.5,355.24925595238096,355.29017857142856,2.2871049555961496,59.33831845238095,58.075446428571425,4.62524947365926,645120.0,645120.0,0.0,299.3333333333333,299.0,0.5773502691896216,45.04784226190477,46.21830357142858,6.430946440672189,25522858.666666668,25489408.0,652930.9651634956
589,fiesta,8,2000,1000000,0.7,353.57924107142856,353.57924107142856,0.8886185665357844,56.43325892857143,56.43325892857143,2.341344194669927,645120.0,645120.0,0.0,299.5,299.5,0.7071067811865476,52.30580357142857,52.30580357142857,7.786382082476508,34635328.0,34635328.0,1189840.0954212293
590,fiesta,8,2000,1000000,1.0,354.07477678571433,353.87946428571433,1.3303402893227945,58.28777901785715,58.84832589285714,1.531509975663811,645120.0,645120.0,0.0,299.25,299.0,0.4999999999999952,56.849609375,57.75959821428572,5.921675302371117,48512016.0,48361824.0,1148929.7152393614
591,fiesta,8,4000,0,0.1,372.63392857142856,372.63392857142856,,97.18816964285713,97.18816964285713,,645120.0,645120.0,,299.0,299.0,,277.86160714285717,277.86160714285717,,2008137600.0,2008137600.0,
592,fiesta,8,4000,0,0.3,362.2604166666667,356.92857142857144,13.162411061732362,72.28612351190476,61.917410714285715,22.948256370217806,645120.0,645120.0,0.0,299.0,299.0,0.0,291.76190476190476,296.0,7.7068744022931135,978861781.3333334,463507072.0,1076099508.6173785
593,fiesta,8,4000,0,0.5,356.39880952380946,358.04464285714283,2.89912853386084,60.454196428571436,61.40354910714286,2.45814287761071,645120.0,645120.0,0.0,299.0,299.0,0.0,295.72098214285717,296.0,0.48327310479040986,439106901.3333333,466235392.0,64025231.37804587
594,fiesta,8,4000,0,0.7,355.2686011904762,355.28125,2.3538201322594037,58.97168898809523,59.509709821428565,2.235699132266998,645120.0,645120.0,0.0,299.0,299.0,0.0,296.0811011904762,296.0,0.18257691482132649,358692992.0,346072832.0,78865747.4012199
595,fiesta,8,4000,0,1.0,359.57477678571433,359.65066964285717,2.6536655218889393,69.17776785714287,69.25065848214285,8.190213806606643,645120.0,645120.0,0.0,299.0,299.0,0.0,294.4525669642857,294.90513392857144,1.867065637656517,659242752.0,626601024.0,299108151.84197235
596,fiesta,8,4000,100,0.3,352.9441964285714,353.0044642857143,0.2259762162681486,55.424479166666664,55.25870535714286,1.2737414798804512,645120.0,645120.0,0.0,299.0,299.0,0.0,292.03125,292.0267857142857,1.133935162382432,562019584.0,593476352.0,56998416.09241183
597,fiesta,8,4000,100,0.5,358.2120535714286,359.69642857142856,4.531047123361238,68.83409226190476,70.74625,10.60894606489293,645120.0,645120.0,0.0,299.0,299.0,0.0,293.0989583333333,293.25669642857144,0.989386672635612,649411242.6666666,646266880.0,200722472.28059602
598,fiesta,8,4000,100,0.7,354.81622023809524,353.02901785714283,3.4353805018816117,60.35036458333334,56.29531250000001,7.3768015317084465,645120.0,645120.0,0.0,299.0,299.0,0.0,294.8675595238096,294.67410714285717,0.4872943896379331,433993280.0,428384320.0,96596322.96521305
599,fiesta,8,4000,100,1.0,356.08705357142856,356.08705357142856,4.170035972979607,62.41972098214286,62.41972098214286,7.932333341530789,645120.0,645120.0,0.0,299.0,299.0,0.0,294.5881696428571,294.5881696428571,0.7118418712390873,516159840.0,516159840.0,139195135.18854728
600,fiesta,8,4000,1000,0.3,361.34151785714283,361.2544642857143,6.950596091930761,77.86911830357143,75.64683035714285,18.518064570561528,645120.0,645120.0,0.0,299.0,299.0,0.0,271.11551339285717,273.3125,8.190555618593821,1075638368.0,1006526528.0,373220459.60294914
601,fiesta,8,4000,1000,0.5,358.31361607142856,359.50446428571433,3.598873575205199,66.65177455357143,66.54194196428571,10.303330910461248,645120.0,645120.0,0.0,299.0,299.0,0.0,285.7594866071429,285.1674107142857,2.9044158038483987,685253632.0,726096896.0,176957476.03544182
602,fiesta,8,4000,1000,0.7,408.5697544642857,410.22767857142856,58.84025419253965,70.60460379464286,71.79486607142857,7.909458774404153,645120.0,645120.0,0.0,299.0,299.0,0.0,289.15625,288.99776785714283,2.588465849264026,619719968.0,650218688.0,177597243.5450389
603,fiesta,8,4000,1000,1.0,360.5033482142857,360.125,1.354650824294265,75.93872209821428,74.6648549107143,6.143611437744525,645120.0,645120.0,0.0,299.0,299.0,0.0,289.9001116071429,290.3002232142857,1.4253537225364352,755666016.0,729031968.0,117259364.57689707
604,fiesta,8,4000,10000,0.1,355.2075892857143,355.2075892857143,2.8568376650617098,61.413281250000004,61.413281250000004,1.8522093922375273,645120.0,645120.0,0.0,299.0,299.0,0.0,65.81729910714286,65.81729910714286,9.043232818768583,451805760.0,451805760.0,19187597.065938193
605,fiesta,8,4000,10000,0.3,357.98139880952385,358.171875,4.275504797492842,66.9288988095238,65.38290178571428,9.214197903955602,645120.0,645120.0,0.0,299.0,299.0,0.0,173.95982142857142,181.390625,40.431710442464,701854122.6666666,650206592.0,230727588.37989777
606,fiesta,8,4000,10000,0.5,356.5327380952381,358.25892857142856,3.262240194046453,65.83802083333333,69.63147321428572,10.327314243311127,645120.0,645120.0,0.0,299.0,299.0,0.0,241.10416666666666,241.66741071428572,9.725409883588718,529055744.0,529156096.0,96488487.13883762
607,fiesta,8,4000,10000,0.7,360.7717633928571,359.453125,3.9184365071790976,76.056015625,69.45998883928571,14.551772013979761,645120.0,645120.0,0.0,299.0,299.0,0.0,256.15848214285717,257.4977678571429,14.968487151165272,536847584.0,523596416.0,188899216.1525429
608,fiesta,8,4000,10000,1.0,352.9635416666667,352.95982142857144,0.07038627554334657,56.39732142857142,56.32723214285715,0.32075108413213543,645120.0,645120.0,0.0,299.0,299.0,0.0,277.6354166666667,276.9419642857143,1.3167946571547795,364198912.0,378684096.0,28807877.20902906
609,fiesta,8,4000,100000,0.1,354.2873883928571,354.3571428571429,0.23526528049325982,57.21848772321428,57.50814732142857,1.9673750284096434,645120.0,645120.0,0.0,299.0,299.0,0.0,11.501222098214287,11.520089285714288,4.879170970174259,57748320.0,57748320.0,979438.5591756126
610,fiesta,8,4000,100000,0.3,356.22377232142856,355.28013392857144,2.1122735148271654,58.27900669642857,56.64763392857142,4.494159577165274,645120.0,645120.0,0.0,299.0,299.0,0.0,77.51121651785715,81.76026785714286,21.928486216151594,132175456.0,129639104.0,13072407.377231171
611,fiesta,8,4000,100000,0.5,357.82886904761904,356.65401785714283,3.3512637402917274,71.18726190476191,65.46160714285715,14.563570043289463,645120.0,645120.0,0.0,299.0,299.0,0.0,114.32961309523809,136.0,42.835545637845485,183911765.33333334,162469888.0,42459728.52168725
612,fiesta,8,4000,100000,0.7,354.2544642857143,354.26450892857144,1.580255200841769,56.558125,56.20022321428571,1.7090719477441312,645120.0,645120.0,0.0,299.0,299.0,0.0,173.08872767857142,177.24553571428572,16.970217123214734,174333488.0,168268800.0,23739823.808888223
613,fiesta,8,4000,100000,1.0,355.4994419642857,356.13392857142856,1.8681550004575052,57.91925223214286,57.96936383928572,1.200229848911078,645120.0,645120.0,0.0,299.0,299.0,0.0,152.78292410714286,151.04464285714286,34.86461156776795,288418704.0,291772992.0,69364426.29831657
614,fiesta,8,4000,1000000,0.3,353.5,353.50111607142856,0.894089551240658,57.10379464285714,56.338392857142864,3.5261381450390803,645120.0,645120.0,0.0,300.0,300.0,0.0,18.171668526785716,22.001674107142858,9.340842539085093,16884000.0,16658880.0,559672.9839849932
615,fiesta,8,4000,1000000,0.5,353.76953125,353.7600446428571,0.9496421306538007,59.457979910714286,59.509375,3.1858244748785305,645120.0,645120.0,0.0,299.25,299.0,0.5000000000000047,30.605027901785714,34.34151785714286,17.091210559073332,26944512.0,26593280.0,1698095.0143750298
616,fiesta,8,4000,1000000,0.7,354.37723214285717,353.125,2.6525719207897005,58.70989583333333,57.824999999999996,3.429029570956768,645120.0,645120.0,0.0,299.00074404761904,299.0,0.0012887282794346825,51.516369047619044,52.12544642857144,3.6607459801908955,34682069.333333336,34635328.0,492450.50394667505
617,fiesta,8,4000,1000000,1.0,356.04575892857144,355.02455357142856,2.6365531843647267,68.87734375,66.36629464285714,14.525761295056883,645120.0,645120.0,0.0,299.75,300.0,0.5000000000000047,41.807421875,47.02198660714286,13.118576735944698,51565920.0,50464512.0,2639026.622592504
618,fiesta,8,20000,0,0.1,359.078125,353.03348214285717,10.638250712811539,68.24755208333333,56.63370535714286,22.60606571169918,645120.0,645120.0,0.0,299.0,299.0,0.0,292.4293154761905,292.46875,0.6560234566054155,613488960.0,594982080.0,58640470.824194446
619,fiesta,8,20000,0,0.3,363.32924107142856,363.32924107142856,12.562193909517259,80.14453125000001,80.14453125000001,21.335210922618113,645120.0,645120.0,0.0,299.0,299.0,0.0,293.49107142857144,293.49107142857144,0.7197336879934875,523929280.0,523929280.0,48434348.12282573
620,fiesta,8,20000,0,0.5,353.0044642857143,352.87276785714283,0.3484359985553813,55.76220238095238,54.92834821428572,1.7445380200062166,645120.0,645120.0,0.0,299.0,299.0,0.0,291.50223214285717,292.49776785714283,2.642378244496764,781340672.0,681490432.0,275395381.2776926
621,fiesta,8,20000,0,0.7,353.0998883928571,353.0591517857143,0.16376866706640542,57.10022321428571,57.94229910714286,1.9655877296711004,645120.0,645120.0,0.0,299.0,299.0,0.0,289.61328125,289.7522321428571,2.003846394815958,974697024.0,961586080.0,199031984.91753256
622,fiesta,8,20000,0,1.0,361.00744047619054,353.11830357142856,13.805742098642817,69.30946428571428,56.86651785714286,22.15592122567551,645120.0,645120.0,0.0,299.0,299.0,0.0,293.4910714285714,293.5044642857143,1.2723742940145297,733737984.0,690482688.0,109912635.93322165
623,fiesta,8,20000,100,0.1,363.8608630952381,368.89732142857144,9.69603401605073,77.3299181547619,86.23325892857143,18.41607921918682,645120.0,645120.0,0.0,299.0,299.0,0.0,288.47023809523813,289.83482142857144,2.8645075747558044,577389120.0,515088000.0,148872320.01410067
624,fiesta,8,20000,100,0.3,369.99032738095235,377.72544642857144,14.946792145831147,86.92410714285715,102.06852678571428,26.420379954707922,645120.0,645120.0,0.0,299.0,299.0,0.0,290.48288690476187,290.01339285714283,0.8345418665469087,653428309.3333334,687426432.0,81028887.40381965
625,fiesta,8,20000,100,0.5,352.9380580357143,352.96875,0.19434924030097234,55.99129464285714,55.246428571428574,2.5737444231213904,645120.0,645120.0,0.0,299.0,299.0,0.0,290.0139508928571,289.86272321428567,2.234299088757343,807984128.0,818721792.0,204346514.1899987
626,fiesta,8,20000,100,0.7,371.58370535714283,371.58370535714283,7.678737701947664,92.70524553571428,92.70524553571428,0.40169347279459294,645120.0,645120.0,0.0,299.0,299.0,0.0,291.8247767857143,291.8247767857143,0.24780304608547568,685695360.0,685695360.0,10113640.811080448
627,fiesta,8,20000,100,1.0,368.39676339285717,363.77232142857144,19.224584692318555,83.34055803571428,76.06216517857143,34.78109835603184,645120.0,645120.0,0.0,299.0,299.0,0.0,291.8755580357143,291.9799107142857,1.8725735211545178,850887744.0,848885184.0,184551378.00776228
628,fiesta,8,20000,1000,0.1,356.6869419642857,353.05915178571433,7.37838422920888,66.14458705357143,57.770982142857136,17.83770383016948,645120.0,645120.0,0.0,299.0,299.0,0.0,258.38783482142856,258.5446428571429,6.441998671399076,613519200.0,606009600.0,113913133.48159991
629,fiesta,8,20000,1000,0.3,375.3839285714286,376.0357142857143,1.932489200210066,94.86462797619049,95.30705357142858,4.362950399589764,645120.0,645120.0,0.0,299.0,299.0,0.0,280.3251488095238,280.05357142857144,0.5274395029910565,637819989.3333334,636999552.0,15594498.82426049
630,fiesta,8,20000,1000,0.5,364.0563616071429,362.9486607142857,12.654438222628043,76.00401227678572,74.14497767857144,23.991857155814657,645120.0,645120.0,0.0,299.0,299.0,0.0,284.34095982142856,283.984375,3.1857245116606405,721455616.0,738390016.0,150808042.1538052
631,fiesta,8,20000,1000,0.7,374.29296875,379.72544642857144,14.466264467159304,94.69513392857144,105.64162946428573,26.284129210288963,645120.0,645120.0,0.0,299.0,299.0,0.0,287.7103794642857,287.5055803571429,0.9963034472317045,702697520.0,706378400.0,54082656.54502096
632,fiesta,8,20000,1000,1.0,371.1979166666667,377.4799107142857,16.16928546588089,86.17296875,96.71629464285715,25.44760592507556,645120.0,645120.0,0.0,299.0,299.0,0.0,289.30877976190476,289.9575892857143,2.090326803596325,781665920.0,753763584.0,135738907.67034402
633,fiesta,8,20000,10000,0.1,355.8013392857143,352.88392857142856,5.934942554750538,61.80411272321428,55.83158482142858,13.722744250492347,645120.0,645120.0,0.0,299.0,299.0,0.0,137.57087053571428,138.68638392857144,3.863136384769902,313543440.0,311431680.0,7431658.451570551
634,fiesta,8,20000,10000,0.3,357.8030133928571,353.2555803571429,9.464099239901216,65.81728236607142,58.26517857142858,16.393468022820215,645120.0,645120.0,0.0,299.0,299.0,0.0,205.32142857142856,206.00223214285714,3.746621476234548,524154400.0,520567488.0,21053544.211512506
635,fiesta,8,20000,10000,0.5,362.8125,361.4486607142857,11.42925122373677,76.31787388392857,74.37254464285715,22.826883251466082,645120.0,645120.0,0.0,299.0,299.0,0.0,235.94363839285714,237.80691964285714,11.96115938617467,575669248.0,558458880.0,107761305.79336615
636,fiesta,8,20000,10000,0.7,358.18359375,353.11272321428567,10.37398927141116,66.87560267857143,57.949107142857144,19.05936725239107,645120.0,645120.0,0.0,299.0,299.0,0.0,244.84319196428572,246.05133928571428,8.898677704781452,672864864.0,658351680.0,111482607.0560879
637,fiesta,8,20000,10000,1.0,368.7239583333333,375.7232142857143,13.610662774815506,84.80401041666666,93.02229910714286,24.16069936578485,645120.0,645120.0,0.0,299.0,299.0,0.0,261.8816964285714,261.4799107142857,3.972856248916314,645825600.0,655037376.0,68751708.39911725
638,fiesta,8,20000,100000,0.1,379.5708705357143,360.1919642857143,41.993330697537964,104.28816406249999,68.49209821428572,81.1745002418025,645120.0,645120.0,0.0,299.0,299.0,0.0,25.892075892857143,26.357031250000002,1.9263583954867969,54860400.0,54774720.0,385112.289079432
639,fiesta,8,20000,100000,0.3,357.44029017857144,358.5100446428571,3.087651159213021,66.54872209821428,69.94186383928573,8.07434784985098,645120.0,645120.0,0.0,299.0,299.0,0.0,59.534207589285714,61.33426339285714,6.706200076445334,142741088.0,141675520.0,3997540.751596161
640,fiesta,8,20000,100000,0.5,357.18136160714283,357.0513392857143,5.036411246187723,67.46268415178571,66.87622767857142,11.468145864606827,645120.0,645120.0,0.0,299.0,299.0,0.0,85.66707589285713,85.93683035714285,3.2716135652923426,212018688.0,211792896.0,3254227.265478139
641,fiesta,8,20000,100000,0.7,360.44642857142856,362.6852678571429,4.999671478897026,72.79069754464287,77.03752232142858,11.488901460234834,645120.0,645120.0,0.0,299.0,299.0,0.0,108.59151785714286,108.99665178571428,6.034700215513109,263866512.0,263621120.0,8404378.987452671
642,fiesta,8,20000,100000,1.0,365.69345238095235,365.3169642857143,1.0433264306642394,79.45857142857143,77.14435267857142,4.442649523319331,645120.0,645120.0,0.0,299.3333333333333,299.0,0.577350269189634,141.66666666666666,144.0,5.859465277082318,311131072.0,306391680.0,10914105.099843597
643,fiesta,8,20000,1000000,0.1,353.73995535714283,353.9319196428571,0.5588996288908405,58.985546875,59.473883928571425,2.0487607292173644,645120.0,645120.0,0.0,299.75,300.0,0.5,3.063219866071429,3.080345982142857,0.6058210372080336,5977440.0,5977440.0,11639.381426862856
644,fiesta,8,20000,1000000,0.3,354.8671875,354.5680803571429,2.08755723487161,61.20439732142857,56.60591517857142,11.10680226941664,645120.0,645120.0,0.0,299.25,299.0,0.5000000000000047,7.577790178571428,7.9401785714285715,2.209554556020401,17499328.0,17469312.0,114952.52826565698
645,fiesta,8,20000,1000000,0.5,354.3939732142857,354.8102678571429,1.1140823048182127,58.57363839285714,56.79761160714286,4.036503295201634,645120.0,645120.0,0.0,299.5,299.5,0.577350269189634,12.394765625000002,13.599888392857144,2.91801166192299,28775936.0,28650496.0,288239.17535269243
646,fiesta,8,20000,1000000,0.7,353.2572544642857,352.75,1.1864525217594009,54.749609375,54.59151785714286,1.1537279209875164,645120.0,645120.0,0.0,300.0,300.0,0.0,16.567745535714288,16.746875,1.6193208266264396,39648336.0,39613280.0,239478.07070098736
647,fiesta,8,20000,1000000,1.0,354.7533482142857,355.20424107142856,1.2663452221333387,56.73421316964286,57.52746651785714,2.5985263087485557,645120.0,645120.0,0.0,299.75,300.0,0.4999999999999952,25.395814732142856,26.407700892857143,4.50211152723067,54820080.0,54669888.0,930346.6456928836
648,fiesta,8,40000,0,0.1,364.94140625,364.9866071428571,13.24898609291673,77.52213727678571,77.37106026785715,24.251462566189595,645120.0,645120.0,0.0,299.0,299.0,0.0,295.85435267857144,295.7053571428571,0.833428409887681,293963040.0,285727680.0,51283652.15225609
649,fiesta,8,40000,0,0.3,379.23511904761904,376.7299107142857,4.860424482554639,102.06367559523808,100.84665178571429,5.261642824699428,645120.0,645120.0,0.0,299.3333333333333,299.0,0.5773502691896216,296.0,296.0,1.0,317309141.3333333,285752320.0,60092491.78378881
650,fiesta,8,40000,0,0.5,360.32589285714283,353.2611607142857,12.628972123736157,70.65982142857143,57.331919642857144,23.75347023246797,645120.0,645120.0,0.0,299.0,299.0,0.0,295.45238095238096,295.9375,1.8366430788842387,396591104.0,330760192.0,169817052.75150535
651,fiesta,8,40000,0,0.7,368.26060267857144,366.09375,17.914948419038144,83.56565848214285,80.97511160714285,28.68491677136029,645120.0,645120.0,0.0,299.0,299.0,0.0,296.0943080357143,296.0,0.6139065845142805,340008144.0,349157760.0,42379113.193351895
652,fiesta,8,40000,0,1.0,375.20033482142856,379.83928571428567,15.571881902186142,94.99988839285714,105.50380580357142,26.611567599405383,645120.0,645120.0,0.0,299.0,299.0,0.0,296.5,296.5,0.577350269189634,329270928.0,327318432.0,54062784.369547226
653,fiesta,8,40000,100,0.1,353.2310267857143,353.2845982142857,0.19927006600321368,57.59787946428571,58.16640625,2.9275958065903693,645120.0,645120.0,0.0,299.0,299.0,0.0,291.6361607142857,292.0959821428571,1.8240017421708217,378151200.0,348042240.0,96003921.72629616
654,fiesta,8,40000,100,0.3,368.31473214285717,368.16517857142856,17.437844018623895,80.50661830357143,80.18555803571428,26.85002132736177,645120.0,645120.0,0.0,299.0,299.0,0.0,293.30970982142856,294.0,2.0436218720563635,425686912.0,370997760.0,144875695.45562837
655,fiesta,8,40000,100,0.5,367.3939732142857,367.6875,14.086912094384289,81.71216517857144,81.0984375,24.299351539672653,645120.0,645120.0,0.0,299.0,299.0,0.0,294.9827008928571,295.4665178571429,1.4156530569575427,376119296.0,338637824.0,112374914.60523418
656,fiesta,8,40000,100,0.7,362.8638392857143,355.60267857142856,15.080144202325982,72.17172619047619,57.9046875,27.34231141654263,645120.0,645120.0,0.0,299.0,299.0,0.0,295.30654761904765,295.0044642857143,0.6022043990043996,349391466.6666667,363320384.0,50266799.9076272
657,fiesta,8,40000,100,1.0,383.3802083333333,383.29910714285717,3.910229053325207,107.74627976190476,105.31651785714287,5.629694002041948,645120.0,645120.0,0.0,299.0,299.0,0.0,296.66592261904765,296.99776785714283,0.5767069849888107,328086080.0,310797312.0,51392234.31306983
658,fiesta,8,40000,1000,0.1,368.0870535714286,375.00892857142856,13.046836429125431,88.43601190476191,99.04799107142857,25.93357170578076,645120.0,645120.0,0.0,299.0,299.0,0.0,278.8407738095238,278.98660714285717,2.726141332864439,286715520.0,283792320.0,39081599.04495209
659,fiesta,8,40000,1000,0.3,368.6272321428571,368.6272321428571,21.47205502513788,86.18972098214286,86.18972098214286,45.45116661315287,645120.0,645120.0,0.0,299.0,299.0,0.0,286.5424107142857,286.5424107142857,6.313453403451328,419713728.0,419713728.0,215004358.6696865
660,fiesta,8,40000,1000,0.5,399.23549107142856,399.09040178571433,53.14479474716827,57.993136160714286,58.09877232142857,0.6381215700790858,645120.0,645120.0,0.0,299.0,299.0,0.0,291.02064732142856,292.00111607142856,1.9976372288697648,393530368.0,350930944.0,100858685.94802727
661,fiesta,8,40000,1000,0.7,375.6010044642857,382.0569196428571,15.082977752961705,95.15773995535714,104.18534598214285,23.903404050005765,645120.0,645120.0,0.0,299.0,299.0,0.0,293.31919642857144,293.50111607142856,0.8403832584279292,344039584.0,339061632.0,44007480.40342936
662,fiesta,8,40000,1000,1.0,370.04389880952385,378.06919642857144,14.368616236786856,85.68426339285713,98.39408482142858,26.29913870605244,645120.0,645120.0,0.0,299.0,299.0,0.0,295.5855654761905,296.0,0.7178216516486995,303654848.0,281359680.0,45910771.677904435
663,fiesta,8,40000,10000,0.1,368.12946428571433,368.12946428571433,0.5713675330123299,88.70290178571429,88.70290178571429,1.0998035828812327,645120.0,645120.0,0.0,299.0,299.0,0.0,184.66852678571428,184.66852678571428,3.518171909073228,221568480.0,221568480.0,6628701.809555171
664,fiesta,8,40000,10000,0.3,363.34263392857144,363.34263392857144,13.982720925293792,76.57755580357143,76.57755580357143,29.519956131218905,645120.0,645120.0,0.0,299.0,299.0,0.0,239.56361607142856,239.56361607142856,24.658770630529975,333477760.0,333477760.0,136770788.47655082
665,fiesta,8,40000,10000,0.5,364.07310267857144,362.80357142857144,12.865654524732966,77.80161272321428,78.38559151785714,20.873294325027164,645120.0,645120.0,0.0,299.0,299.0,0.0,267.5022321428571,266.9977678571429,4.198221026761334,289089024.0,294733824.0,37411101.32625998
666,fiesta,8,40000,10000,0.7,360.8452380952381,353.078125,13.464634728783803,71.83654017857143,59.29955357142858,21.7253306528748,645120.0,645120.0,0.0,299.0,299.0,0.0,276.3392857142857,276.0,1.5372708058804487,281523050.6666667,285355840.0,20878469.922110416
667,fiesta,8,40000,10000,1.0,365.02845982142856,364.5993303571429,13.836506822457432,79.02890625,78.80401785714287,25.759395123423506,645120.0,645120.0,0.0,299.0,299.0,0.0,279.0,282.0,7.438637868140462,348595632.0,294376320.0,129404984.56179325
668,fiesta,8,40000,100000,0.1,356.34300595238096,357.22098214285717,2.984636546041803,61.76110863095238,59.32462053571429,7.505286573722391,645120.0,645120.0,0.0,299.0,299.0,0.0,56.28809523809523,57.64709821428572,3.928328817167103,48746880.0,48484800.0,789335.4450422203
669,fiesta,8,40000,100000,0.3,358.1302083333333,353.234375,8.555333408932034,70.80424107142858,58.81875,26.994233846571912,645120.0,645120.0,0.0,299.0,299.0,0.0,112.70758928571429,112.12276785714286,1.120942495174145,111039189.33333333,111299328.0,503458.1929230382
670,fiesta,8,40000,100000,0.5,363.78627232142856,366.578125,7.046969006973233,79.44403459821429,84.67400669642856,16.058931934507896,645120.0,645120.0,0.0,299.0,299.0,0.0,149.77790178571428,153.55580357142856,10.800173102250918,148445696.0,144757760.0,10684974.978413502
671,fiesta,8,40000,100000,0.7,360.7739955357143,360.9162946428571,8.79299019381629,73.26328125,72.38794642857142,18.64160181377469,645120.0,645120.0,0.0,299.0,299.0,0.0,163.81417410714286,164.62834821428572,8.443952121535098,187374320.0,186287584.0,11444303.105831942
672,fiesta,8,40000,100000,1.0,365.70535714285717,371.3013392857143,10.789179509647127,85.73254464285715,99.74419642857143,24.408866222033684,645120.0,645120.0,0.0,299.3333333333333,299.0,0.5773502691896216,194.33035714285714,196.0,5.691213185737308,207665472.0,203259840.0,11845612.13743148
673,fiesta,8,40000,1000000,0.1,353.3186383928571,353.19642857142856,0.5495496879818954,56.08811383928571,55.972767857142856,1.8741154143425354,645120.0,645120.0,0.0,299.25,299.0,0.5,6.2532310267857145,5.8529687500000005,3.1021250915938827,5906880.0,5916960.0,59349.43302172313
674,fiesta,8,40000,1000000,0.3,353.5044642857143,353.0703125,1.1331124617520958,55.72936941964286,55.42503348214286,1.7208561682221757,645120.0,645120.0,0.0,299.75,300.0,0.5,12.881473214285714,11.908482142857146,3.5573236632160254,17199168.0,17259200.0,199103.61941461518
675,fiesta,8,40000,1000000,0.5,355.8376116071429,356.07477678571433,0.5211288755448895,57.5523828125,57.260234375,1.708368931237813,645120.0,645120.0,0.0,299.75,300.0,0.4999999999999952,27.43515625,28.949999999999996,3.575662248356645,27295744.0,27145216.0,337835.17319150333
676,fiesta,8,40000,1000000,0.7,355.3705357142857,356.22544642857144,2.3019973598392016,58.52259672619048,59.909375000000004,3.3036744363113453,645120.0,645120.0,0.0,299.0,299.0,0.0,38.899925595238095,38.0,2.4759693301313397,36458240.0,36598464.0,370997.83184272115
677,fiesta,8,40000,1000000,1.0,354.7594866071429,353.0033482142857,3.687678970186352,59.46919642857143,55.918080357142856,7.2518292535827475,645120.0,645120.0,0.0,299.25,299.0,0.5,40.83521205357143,39.363169642857144,15.016213431338018,51716112.0,51966432.0,3056228.4924003966
678,fiesta,8,200000,0,0.1,356.58314732142856,357.4553571428571,2.253402017978394,66.300546875,66.12430803571428,6.635993650330007,645120.0,645120.0,0.0,299.0,299.0,0.0,298.0,298.0,0.0,118293840.0,116091360.0,8707165.614044562
679,fiesta,8,200000,0,0.3,354.31082589285717,353.3828125,1.923620580363282,61.652008928571426,62.175892857142856,2.702045860248968,645120.0,645120.0,0.0,299.0,299.0,0.0,298.0,298.0,0.0,111254304.0,108898048.0,11798731.797753857
680,fiesta,8,200000,0,0.5,354.10658482142856,353.3002232142857,1.7556825247267058,61.21378348214286,60.16517857142857,2.8201390634093197,645120.0,645120.0,0.0,299.0,299.0,0.0,298.25,298.0,0.4999999999999952,107903488.0,111842304.0,28504723.133826558
681,fiesta,8,200000,0,0.7,354.79092261904765,353.57589285714283,2.2648566313771377,63.07566964285714,63.478348214285724,2.976082621743648,645120.0,645120.0,0.0,299.0,299.0,0.0,298.04910714285717,298.0,0.08505606644312799,114048853.33333333,110216064.0,8654596.804999605
682,fiesta,8,200000,0,1.0,354.4056919642857,353.91517857142856,1.4179108076817322,57.80544084821429,57.575167410714286,2.4131465790171283,645120.0,645120.0,0.0,299.25,299.0,0.4999999999999952,298.72377232142856,298.9475446428571,0.4848851925478462,89314176.0,89414304.0,12974981.707891846
683,fiesta,8,200000,100,0.1,353.39657738095235,353.3861607142857,0.039003995303820906,57.98415178571429,56.380580357142854,3.88565973836615,645120.0,645120.0,0.0,299.0,299.0,0.0,296.9955357142857,296.99776785714283,0.005905694890787974,115227840.0,127612800.0,22436190.10908938
684,fiesta,8,200000,100,0.3,353.91685267857144,353.5044642857143,1.0504856935040048,59.15128348214285,57.78962053571428,4.179219484235757,645120.0,645120.0,0.0,299.0,299.0,0.0,298.0,298.0,0.0,111854624.0,110218752.0,7473984.000000002
685,fiesta,8,200000,100,0.5,355.5853794642857,353.30580357142856,4.838200537469347,68.43744977678571,60.91227678571429,16.303597041966572,645120.0,645120.0,0.0,299.25,299.0,0.4999999999999952,298.25,298.0,0.4999999999999952,105093632.0,103914496.0,19425025.63572699
686,fiesta,8,200000,100,0.7,371.15513392857144,357.33705357142856,30.339733196069723,97.09876116071428,65.0638169642857,66.48968246674686,645120.0,645120.0,0.0,299.0,299.0,0.0,298.0,298.0,0.0,100225104.0,99629152.0,7690938.069049315
687,fiesta,8,200000,100,1.0,353.24497767857144,353.26450892857144,0.14651174276654128,58.415680803571426,58.35915178571429,1.4716114609520667,645120.0,645120.0,0.0,299.0,299.0,0.0,298.25,298.0,0.5000000000000047,116298672.0,120153600.0,15072396.139609389
688,fiesta,8,200000,1000,0.1,355.5892857142857,356.4732142857143,1.9963495064844556,60.644360119047626,62.135312500000005,2.7154663291362344,645120.0,645120.0,0.0,299.0,299.0,0.0,292.6770833333333,293.0,0.559308073277454,93098880.0,91082880.0,5850882.143950603
689,fiesta,8,200000,1000,0.3,358.3052455357143,356.14397321428567,6.66845779751124,72.02131696428572,65.57343750000001,15.621607009898844,645120.0,645120.0,0.0,299.0,299.0,0.0,295.74441964285717,295.9720982142857,0.4746878029930499,118127968.0,123365760.0,14542073.087696034
690,fiesta,8,200000,1000,0.5,355.01841517857144,355.0055803571429,1.942763224236414,60.053671875,60.69743303571428,2.909248616565386,645120.0,645120.0,0.0,299.0,299.0,0.0,297.0,297.0,0.0,109258240.0,108129280.0,3677482.0723895654
691,fiesta,8,200000,1000,0.7,356.4330357142857,357.1305803571429,2.2060009362508737,63.76491629464286,65.156953125,3.2140082282658757,645120.0,645120.0,0.0,299.0,299.0,0.0,297.5,297.5,0.577350269189634,103625536.0,107762144.0,20136674.16852823
692,fiesta,8,200000,1000,1.0,356.26283482142856,356.50334821428567,2.3936755767357853,65.72482142857143,63.94573660714286,7.664886902766151,645120.0,645120.0,0.0,299.0,299.0,0.0,297.9614955357143,298.0,0.07700892857141166,119552832.0,122256288.0,14206419.026418164
693,fiesta,8,200000,10000,0.1,356.0435267857143,353.55803571428567,5.355335911779689,70.23995535714286,64.26953125,18.00058385292795,645120.0,645120.0,0.0,299.0,299.0,0.0,254.94419642857144,256.5,4.770767654317243,85780800.0,82938240.0,8943257.156987045
694,fiesta,8,200000,10000,0.3,358.22265625,356.2321428571429,6.389913885586851,73.47622767857142,68.74787946428572,19.01217524991407,645120.0,645120.0,0.0,299.0,299.0,0.0,280.2114955357143,280.8928571428571,3.0293752612905465,106121568.0,103585216.0,16097785.364204604
695,fiesta,8,200000,10000,0.5,353.25967261904765,353.1875,0.16106010248164118,58.99449404761905,58.88571428571429,1.0104279642926803,645120.0,645120.0,0.0,299.3333333333333,299.0,0.577350269189634,288.6666666666667,288.0,3.0550504633038855,101991082.66666667,104566784.0,20144107.00500465
696,fiesta,8,200000,10000,0.7,354.2025669642857,353.2388392857143,1.9606359617875675,59.50306919642857,58.80256696428571,3.3037064472036546,645120.0,645120.0,0.0,299.0,299.0,0.0,291.25,291.0,1.258305739211786,100856112.0,102714080.0,13767861.859750919
697,fiesta,8,200000,10000,1.0,355.1400669642857,354.9375,1.8343012229989601,59.8661328125,59.774386160714286,1.8222372277929313,645120.0,645120.0,0.0,299.25,299.0,0.5000000000000047,294.0,294.0,1.1547005383792515,96773712.0,101429664.0,14853519.987478793
698,fiesta,8,200000,100000,0.1,355.3470982142857,354.32142857142856,2.9159364785391166,61.39341517857143,57.297879464285714,8.68685172623609,645120.0,645120.0,0.0,299.0,299.0,0.0,103.93197544642857,104.59375,3.343135410723797,39206160.0,39060000.0,644568.5142791261
699,fiesta,8,200000,100000,0.3,356.32533482142856,354.703125,4.509988300369238,67.775390625,59.38850446428572,17.073095410030835,645120.0,645120.0,0.0,299.0,299.0,0.0,186.75,183.0,8.88350531415762,67100768.0,69276928.0,5356069.035337016
700,fiesta,8,200000,100000,0.5,355.19921875,355.55133928571433,1.235547529036541,60.79765625,60.61350446428571,1.5317385693655488,645120.0,645120.0,0.0,299.0,299.0,0.0,218.75,217.0,9.394147114027968,79804928.0,81435648.0,9411489.372461583
701,fiesta,8,200000,100000,0.7,369.74888392857144,354.9955357142857,30.78258108266183,95.45786830357143,61.01383928571428,69.70971514984709,645120.0,645120.0,0.0,299.0,299.0,0.0,237.24944196428572,237.99888392857144,6.750909422539282,86377984.0,85606752.0,9011506.024349093
702,fiesta,8,200000,100000,1.0,354.8677455357143,354.9330357142857,1.4941973566855045,61.34707589285714,61.463616071428575,1.6925967715067771,645120.0,645120.0,0.0,299.25,299.0,0.5000000000000047,254.75,255.0,2.061552812808833,87461808.0,86810976.0,3515904.577981604
703,fiesta,8,200000,1000000,0.1,353.4575892857143,353.49330357142856,0.6330319363175783,57.73292410714286,58.17957589285714,2.144160197964083,645120.0,645120.0,0.0,299.75,300.0,0.4999999999999952,14.92974330357143,15.25,1.5129588919763552,5735520.0,5725440.0,34918.14428058857
704,fiesta,8,200000,1000000,0.3,353.8197544642857,353.80580357142856,0.6682882504327502,56.95100446428571,56.863169642857144,0.6362682266085115,645120.0,645120.0,0.0,300.0,300.0,0.0,41.42499999999999,42.39999999999999,3.440324597088666,15503264.0,15458240.0,204314.68831519008
705,fiesta,8,200000,1000000,0.5,353.8392857142857,353.9888392857143,1.0976485428197735,56.4233984375,56.33470982142857,1.9320809021834586,645120.0,645120.0,0.0,299.5,299.5,0.577350269189634,67.07650669642857,67.64999999999999,6.698969759335287,23331840.0,23281664.0,663133.6294252214
706,fiesta,8,200000,1000000,0.7,354.52455357142856,354.546875,0.9306099561678273,62.14720982142857,58.696875,10.149529095717817,645120.0,645120.0,0.0,299.25,299.0,0.4999999999999952,86.95000000000002,87.10000000000002,1.3203534880225536,29762544.0,29727488.0,176444.66397523414
707,fiesta,8,200000,1000000,1.0,356.06919642857144,355.7243303571429,2.5397437436434407,65.22198660714285,61.924218749999994,8.940548511599877,645120.0,645120.0,0.0,299.75,300.0,0.5,108.57499999999999,110.5,7.182559896490034,38248896.0,37948512.0,1434779.8544891826
708,fiesta,8,400000,0,0.1,353.9704241071429,353.6997767857143,0.7349172873850661,60.8875,60.84743303571428,1.8782985529821383,645120.0,645120.0,0.0,299.0,299.0,0.0,298.1819196428571,298.00892857142856,0.3519596915394546,53907840.0,49331520.0,11057277.582913436
709,fiesta,8,400000,0,0.3,354.0747767857143,353.3649553571429,1.6993049119506867,61.87220982142857,58.79151785714286,7.10122028831668,645120.0,645120.0,0.0,299.0,299.0,0.0,298.75,299.0,0.5000000000000047,58065952.0,58921408.0,2312790.747100135
710,fiesta,8,400000,0,0.5,356.52845982142856,356.3616071428571,2.14610320776894,64.74832589285714,63.06696428571428,6.645624497327243,645120.0,645120.0,0.0,299.0,299.0,0.0,299.0,299.0,0.0,48369664.0,46412800.0,13946882.305628786
711,fiesta,8,400000,0,0.7,355.5954241071429,355.67633928571433,1.2970016163807538,64.04659598214286,64.27109375,3.270150847457053,645120.0,645120.0,0.0,299.0005580357143,299.0,0.0011160714285867674,299.0,299.0,0.0,45152128.0,44100448.0,6526067.744148539
712,fiesta,8,400000,0,1.0,354.78404017857144,354.57142857142856,1.6873212370277777,58.215624999999996,58.18783482142857,3.237214131301536,645120.0,645120.0,0.0,299.75,300.0,0.5,299.5,299.5,0.577350269189634,43956192.0,42754656.0,5814325.278727361
713,fiesta,8,400000,100,0.1,356.0747767857143,356.42857142857144,1.6984387565394383,63.12734933035715,63.62166294642857,3.806078158095297,645120.0,645120.0,0.0,299.0,299.0,0.0,298.0,298.0,0.0,51695280.0,52043040.0,5770959.194310769
714,fiesta,8,400000,100,0.3,357.4810267857143,355.94642857142856,5.060382072250649,68.81802455357143,68.58549107142856,9.930068541536018,645120.0,645120.0,0.0,299.0,299.0,0.0,298.75,299.0,0.5000000000000047,53323424.0,51597504.0,7624359.42734706
715,fiesta,8,400000,100,0.5,354.3063616071429,353.8392857142857,1.0048831385308263,62.557198660714285,62.559598214285714,4.256133226371527,645120.0,645120.0,0.0,299.0,299.0,0.0,298.9994419642857,299.0,0.0011160714285883462,50125824.0,49975296.0,2416101.616865207
716,fiesta,8,400000,100,0.7,356.7416294642857,353.9720982142857,5.849808481540265,69.57639508928571,62.868415178571425,18.528159689240383,645120.0,645120.0,0.0,299.5,299.5,0.5773502691896257,299.0,299.0,0.0,52864448.0,50761088.0,8944342.211108577
717,fiesta,8,400000,100,1.0,358.6713169642857,355.49107142857144,7.9980674796935185,69.91383928571429,62.734263392857144,17.00195475452343,645120.0,645120.0,0.0,299.5,299.5,0.5773502691896257,299.25,299.0,0.5000000000000047,51666048.0,49463232.0,8670568.34304926
718,fiesta,8,400000,1000,0.1,356.5658482142857,357.0055803571429,1.0190875043478063,63.16364955357143,62.96753348214286,1.7619784146540172,645120.0,645120.0,0.0,299.0,299.0,0.0,295.75,296.0,0.4999999999999952,46065600.0,43878240.0,7116584.701779358
719,fiesta,8,400000,1000,0.3,376.06529017857144,359.34375,35.903602551506246,103.39366071428572,71.05439732142858,69.41783880664771,645120.0,645120.0,0.0,299.25,299.0,0.5000000000000047,297.75,298.0,0.4999999999999952,50426880.0,46915008.0,12096212.139966901
720,fiesta,8,400000,1000,0.5,355.3521205357143,355.22209821428567,1.7213207187720574,61.84553571428572,62.617299107142856,4.01745337339571,645120.0,645120.0,0.0,299.25,299.0,0.5000000000000047,298.75,299.0,0.5,48319488.0,44807168.0,9255080.739038568
721,fiesta,8,400000,1000,0.7,356.5373883928571,356.4575892857143,0.809533469091745,64.41106026785714,63.83093749999999,5.280733374277176,645120.0,645120.0,0.0,299.5,299.5,0.577350269189634,298.5,298.5,0.577350269189634,50480640.0,49569184.0,6961477.876651959
722,fiesta,8,400000,1000,1.0,354.7377232142857,354.76450892857144,1.5154945942917013,59.85809151785715,60.413058035714286,4.346803645022257,645120.0,645120.0,0.0,299.25,299.0,0.4999999999999952,299.0189732142857,299.0,0.785818910444869,45508176.0,45257856.0,4364095.468418628
723,fiesta,8,400000,10000,0.1,354.7260044642857,354.8337053571429,1.519043189231784,63.43733258928572,60.67421875000001,9.112416353264777,645120.0,645120.0,0.0,299.0,299.0,0.0,273.2544642857143,273.50892857142856,2.757579805926648,50193360.0,49402080.0,5485060.812935441
724,fiesta,8,400000,10000,0.3,354.68526785714283,354.0982142857143,1.9437812210400116,58.44516369047619,59.185714285714276,1.5367614839150963,645120.0,645120.0,0.0,299.0,299.0,0.0,290.0,290.0,0.0,51847637.333333336,52948224.0,1958491.28920129
725,fiesta,8,400000,10000,0.5,354.2767857142857,353.84375,1.2656676475135886,60.40848214285714,59.545312499999994,2.7786247570511313,645120.0,645120.0,0.0,299.25,299.0,0.4999999999999952,294.2689732142857,294.5122767857143,0.9329475992226922,45534720.0,42298368.0,6778218.621512882
726,fiesta,8,400000,10000,0.7,356.07979910714283,356.2154017857143,1.851857583980645,61.2421875,60.034151785714286,4.555828780027547,645120.0,645120.0,0.0,299.0,299.0,0.0,295.3337053571429,295.6674107142857,0.9428093351763831,48026720.0,46133696.0,6928919.866261022
727,fiesta,8,400000,10000,1.0,355.44140625,355.18303571428567,1.4339711184145587,63.41612723214286,61.547321428571436,6.0776552273269235,645120.0,645120.0,0.0,300.0,300.0,0.816496580927726,297.25,297.5,0.9574271077563405,43856064.0,43755936.0,4510578.401409735
728,fiesta,8,400000,100000,0.1,354.171875,353.98325892857144,0.9809973704214543,59.499051339285714,58.454129464285714,2.75691336489173,645120.0,645120.0,0.0,299.0,299.0,0.0,166.0,168.0,4.6904157598234315,26717040.0,26258400.0,964928.5884457979
729,fiesta,8,400000,100000,0.3,354.9693080357143,354.203125,1.8614335013442393,64.98113839285715,63.20357142857142,5.337875179795967,645120.0,645120.0,0.0,299.0,299.0,0.0,237.75,239.0,5.499999999999999,36544480.0,35869120.0,3280910.3643048014
730,fiesta,8,400000,100000,0.5,356.7834821428571,356.6205357142857,1.6700675468920378,67.53722098214286,61.390513392857144,13.131101014300201,645120.0,645120.0,0.0,299.25,299.0,0.4999999999999952,259.7327008928571,260.4654017857143,2.6191983530504657,39563776.0,38635520.0,2799533.037541797
731,fiesta,8,400000,100000,0.7,356.59877232142856,356.52455357142856,2.6758898872814827,67.32354910714285,67.41495535714286,7.386577221928391,645120.0,645120.0,0.0,299.5,299.5,0.5773502691896257,268.25,269.5,4.349329450233293,43539552.0,41997088.0,5628207.774552749
732,fiesta,8,400000,100000,1.0,354.08203125,353.5669642857143,1.326398030616745,59.349888392857146,58.89241071428572,1.517802963187447,645120.0,645120.0,0.0,299.5,299.5,0.577350269189634,277.0,277.5,2.160246899469287,44456832.0,43355424.0,3845054.264151808
733,fiesta,8,400000,1000000,0.1,353.9095982142857,354.1361607142857,0.7284347790706456,59.06333705357143,59.517299107142854,1.030230946441985,645120.0,645120.0,0.0,299.75,300.0,0.5000000000000047,35.1,35.95,3.414674215792772,5332320.0,5312160.0,66863.15577356487
734,fiesta,8,400000,1000000,0.3,353.9341517857143,354.01674107142856,0.8885695041535326,58.05616071428572,57.269866071428574,2.0804366487336585,645120.0,645120.0,0.0,299.5,299.5,0.577350269189634,83.67500000000001,86.30000000000001,9.827300409234143,12951904.0,12786816.0,568193.7096918032
735,fiesta,8,400000,1000000,0.5,355.06175595238096,355.20535714285717,1.223968284081684,60.27122023809523,62.28950892857142,3.7526535335142106,645120.0,645120.0,0.0,300.0,300.0,0.0,113.6139136904762,117.0,13.403835753813352,18698922.666666668,18364416.0,1336353.0866912883
736,fiesta,8,400000,1000000,0.7,354.12667410714283,353.9921875,1.1641024481799664,59.9625,60.15111607142857,2.875269173198585,645120.0,645120.0,0.0,299.75,299.5,0.9574271077563455,136.0,136.0,6.58280588604383,22891568.0,22856512.0,867237.5448699166
737,fiesta,8,400000,1000000,1.0,356.4475446428571,355.82366071428567,3.858008016880223,66.59709821428572,65.46194196428571,10.326693426815318,645120.0,645120.0,0.0,300.25,300.5,0.9574271077563405,165.54854910714286,165.5,6.686188195603456,26884368.0,26934432.0,1216737.1748672759
738,fiesta,8,2000000,0,0.1,355.31994047619054,353.72544642857144,3.2025099998615936,63.754389880952374,61.36093749999999,5.757907757210072,645120.0,645120.0,0.0,299.0,299.0,0.0,299.0,299.0,0.0,13802880.0,13991040.0,645854.5817751857
739,fiesta,8,2000000,0,0.3,354.7505580357143,353.7845982142857,1.990451883344496,61.906529017857146,61.46595982142857,4.50451467410332,645120.0,645120.0,0.0,299.5,299.5,0.5773502691896257,299.5,299.5,0.5773502691896257,13207040.0,13026944.0,653953.9750736796
740,fiesta,8,2000000,0,0.5,356.20238095238096,356.71651785714283,2.2706459728533073,63.97328869047618,63.91674107142857,2.30989417842895,645120.0,645120.0,0.0,300.0,300.0,1.0,299.6666666666667,300.0,0.5773502691896216,11874986.666666666,11741184.0,910571.1402352557
741,fiesta,8,2000000,0,0.7,354.625,354.0290178571429,1.7643203181853397,59.837427455357144,59.49639508928571,3.068250106457877,645120.0,645120.0,0.0,301.75,301.5,0.9574271077563405,301.75,301.5,0.9574271077563405,10727136.0,10797248.0,926610.8304022066
742,fiesta,8,2000000,0,1.0,355.1545758928571,354.92857142857144,1.745582692363519,62.722321428571426,63.98493303571428,3.035583609538625,645120.0,645120.0,0.0,301.5,301.5,2.0816659994661326,301.25,301.0,2.217355782608346,11514720.0,11314464.0,622621.2065517845
743,fiesta,8,2000000,100,0.1,359.1411830357143,358.5390625,4.553808997873141,74.19029017857143,69.57388392857143,15.998442395746004,645120.0,645120.0,0.0,299.0,299.0,0.0,299.0,299.0,0.0,11723040.0,11904480.0,1915695.0939019497
744,fiesta,8,2000000,100,0.3,357.1372767857143,357.0959821428571,0.29124973997095027,63.41783482142857,63.36056919642857,2.0250410585951295,645120.0,645120.0,0.0,299.25,299.0,0.5,299.25,299.0,0.5,12306560.0,12486656.0,1076119.9975120497
745,fiesta,8,2000000,100,0.5,354.6400669642857,354.0044642857143,1.4676079008193712,63.68571428571428,64.0203125,2.2002291662057076,645120.0,645120.0,0.0,300.25,300.5,0.9574271077563405,300.0,300.0,1.1547005383792515,11264512.0,11239424.0,1362165.1989799181
746,fiesta,8,2000000,100,0.7,353.86551339285717,353.7734375,0.2986646902984685,60.87477678571429,61.27098214285714,3.4230583407265893,645120.0,645120.0,0.0,302.0,302.0,1.1547005383792515,302.0,302.0,1.1547005383792515,10621968.0,10657024.0,529333.991925703
747,fiesta,8,2000000,100,1.0,353.60379464285717,353.5959821428571,0.19244385694009775,60.34715401785714,60.646875,0.9932796006838847,645120.0,645120.0,0.0,301.75,302.0,1.2583057392117973,301.75,302.0,1.2583057392117973,10964016.0,11014080.0,444038.79960201675
748,fiesta,8,2000000,1000,0.1,356.99609375,355.85825892857144,4.009497079198171,67.87042410714285,62.877901785714286,12.33271202737347,645120.0,645120.0,0.0,299.25,299.0,0.4999999999999952,298.5,298.5,0.577350269189634,12151440.0,12186720.0,1731287.0735958263
749,fiesta,8,2000000,1000,0.3,355.13895089285717,355.3861607142857,1.5548327774566366,61.93900669642858,61.75200892857143,2.9318818475718893,645120.0,645120.0,0.0,300.0,300.0,0.8164965809277203,299.5,299.5,0.577350269189634,10775744.0,10835776.0,766437.2687389357
750,fiesta,8,2000000,1000,0.5,357.66294642857144,357.56138392857144,1.848355361823035,67.6953125,66.77064732142858,8.10875928080448,645120.0,645120.0,0.0,299.75,300.0,0.4999999999999952,299.5,299.5,0.5773502691896257,9784320.0,9483264.0,1443813.8550824341
751,fiesta,8,2000000,1000,0.7,356.7142857142857,356.6953125,1.8931580721593213,66.38426339285714,63.467522321428575,7.472317820130751,645120.0,645120.0,0.0,301.5,301.0,1.9148542155126687,301.25,301.0,2.2173557826083528,10516800.0,10516800.0,1305414.3972649707
752,fiesta,8,2000000,1000,1.0,356.0100446428571,356.4397321428571,1.6087309242205423,64.99765625,64.7513392857143,1.425024958709628,645120.0,645120.0,0.0,302.0,302.5,1.4142135623730983,301.75,302.5,1.8929694486000874,10713696.0,10613568.0,529827.5745485506
753,fiesta,8,2000000,10000,0.1,355.73939732142856,355.4508928571429,2.482524470038502,60.033928571428575,58.63839285714286,5.3753266943362625,645120.0,645120.0,0.0,299.0,299.0,0.0,293.25,293.5,0.9574271077563405,11768400.0,11642400.0,1260322.5187228862
754,fiesta,8,2000000,10000,0.3,353.9966517857143,353.9408482142857,0.300815240978478,61.54860491071428,61.17042410714285,1.7384423103363946,645120.0,645120.0,0.0,300.0,300.0,0.0,297.75,298.0,0.5,11286016.0,11496128.0,1500399.7332906544
755,fiesta,8,2000000,10000,0.5,355.3454241071429,355.08035714285717,1.854396592086762,62.47550223214286,62.10502232142858,1.4747676286748004,645120.0,645120.0,0.0,299.5,299.5,0.5773502691896257,298.5,298.5,0.5773502691896257,9784320.0,10336256.0,1625371.9894686674
756,fiesta,8,2000000,10000,0.7,354.58872767857144,354.2310267857143,0.9511187954666872,61.3890625,60.99441964285714,2.9217648288553386,645120.0,645120.0,0.0,299.75,300.0,0.5,299.25,299.0,0.5000000000000047,9675456.0,9324896.0,1784760.143131844
757,fiesta,8,2000000,10000,1.0,356.52232142857144,357.17299107142856,1.6731435719036096,64.48459821428571,64.02767857142857,1.5501206351693377,645120.0,645120.0,0.0,301.7483258928571,301.5,1.7101141415723196,300.75,300.5,1.707825127659933,9912672.0,10112928.0,1161945.0674244459
758,fiesta,8,2000000,100000,0.1,357.09765625,357.7533482142857,2.2889427817478185,63.56333705357143,61.827120535714286,5.431511010889556,645120.0,645120.0,0.0,299.25,299.0,0.4999999999999952,248.25,250.0,4.924428900898054,10296720.0,9959040.0,963242.3246514866
759,fiesta,8,2000000,100000,0.3,355.25892857142856,355.11830357142856,1.4775717933654897,60.07114955357143,60.10513392857143,1.0375053686386528,645120.0,645120.0,0.0,299.5,299.5,0.5773502691896257,281.5,282.5,3.8729833462074144,10730720.0,10085376.0,2122663.9489697847
760,fiesta,8,2000000,100000,0.5,355.5491071428571,355.48772321428567,1.3036414996659769,61.906718749999996,62.50569196428572,2.4578990053149923,645120.0,645120.0,0.0,300.25,300.5,0.9574271077563405,290.0,290.5,1.4142135623730983,10411520.0,10536960.0,652287.9999999999
761,fiesta,8,2000000,100000,0.7,356.32700892857144,356.7064732142857,1.63821900028001,62.761328125,63.306919642857146,3.362571901648989,645120.0,645120.0,0.0,301.25,301.5,0.9574271077563455,293.75,293.0,1.5,10096128.0,10096128.0,1086170.4334771778
762,fiesta,8,2000000,100000,1.0,355.2243303571429,355.36607142857144,1.620351741656093,61.783984375,61.82555803571428,3.3969852430837966,645120.0,645120.0,0.0,301.0,301.0,0.8164965809277203,295.75,295.5,0.9574271077563381,10012800.0,10012800.0,589537.7013491164
763,fiesta,8,2000000,1000000,0.1,355.6389508928571,354.4642857142857,3.4522042565940994,65.35334821428572,59.88716517857143,12.86432009571559,645120.0,645120.0,0.0,300.0,300.0,0.0,98.33024553571428,94.41049107142857,15.854212062480544,4062240.0,4142880.0,315982.94637527515
764,fiesta,8,2000000,1000000,0.3,397.9927455357143,398.0100446428571,51.35443721733184,60.510267857142864,60.61439732142858,1.2202538607793978,645120.0,645120.0,0.0,300.5,300.0,1.0,179.0,178.0,4.546060565661952,7293888.0,7323904.0,221929.0291842567
765,fiesta,8,2000000,1000000,0.5,376.68861607142856,355.1350446428571,44.14762248129513,60.174553571428575,60.268973214285715,0.5053647015882664,645120.0,645120.0,0.0,299.75,299.5,0.9574271077563381,216.25,217.5,3.593976442141304,8379392.0,8279040.0,312007.04757852294
766,fiesta,8,2000000,1000000,0.7,355.54185267857144,355.79575892857144,1.4380941621360688,62.789787946428575,63.150669642857146,2.9389685975939304,645120.0,645120.0,0.0,300.2505580357143,300.00111607142856,1.2581583982707674,236.5,238.0,3.785938897200184,8939280.0,8834112.0,529333.9919257028
767,fiesta,8,2000000,1000000,1.0,355.14341517857144,354.97767857142856,1.2854757743696537,60.16082589285715,59.53571428571429,1.3472169114668622,645120.0,645120.0,0.0,302.7505580357143,303.5,2.628894740216724,256.25,257.0,3.0956959368344497,9261840.0,9211776.0,958652.6144542663
768,fiesta,8,4000000,0,0.1,356.86328125,357.2544642857143,2.1093174241008454,63.68502790178571,61.13802455357143,6.4581912987395915,645120.0,645120.0,0.0,299.2505580357143,299.00111607142856,0.4996290842274097,299.25,299.0,0.5000000000000047,6199200.0,6209280.0,468620.6346289075
769,fiesta,8,4000000,0,0.3,355.9469866071429,355.3002232142857,2.777761880911353,66.31681919642857,62.34636160714285,9.745039196812154,645120.0,645120.0,0.0,300.75,301.0,1.4999999999999984,300.5,300.5,1.7320508075688772,5748064.0,5793088.0,157881.4969610646
770,fiesta,8,4000000,0,0.5,357.03125,355.5569196428571,4.393329330627903,69.79402901785714,62.22098214285714,16.212937099931114,645120.0,645120.0,0.0,301.5,301.5,2.3804761428476087,301.5,301.5,2.3804761428476087,5368832.0,5419008.0,342767.33442185924
771,fiesta,8,4000000,0,0.7,354.34095982142856,353.4966517857143,1.7813911350206115,59.357087053571426,58.270535714285714,3.9356754642939333,645120.0,645120.0,0.0,304.0,304.5,2.449489742783178,304.0,304.5,2.449489742783178,5258400.0,5328512.0,926610.8304022065
772,fiesta,8,4000000,0,1.0,356.3727678571429,356.9475446428571,1.74041406240896,62.282198660714286,62.77667410714285,1.8734256816798425,645120.0,645120.0,0.0,301.0,301.0,1.1547005383792515,300.75,300.5,0.9574271077563405,5356848.0,5306784.0,191730.52289085326
773,fiesta,8,4000000,100,0.1,356.6547619047619,355.02455357142856,4.123125161766992,67.39181547619047,65.03258928571428,7.519504245854415,645120.0,645120.0,0.0,299.3333333333333,299.0,0.5773502691896216,299.0,299.0,0.0,5705280.0,6027840.0,910776.9483248903
774,fiesta,8,4000000,100,0.3,355.8939732142857,356.2767857142857,0.9815922766812702,59.08236607142857,59.117745535714285,1.3553363725940049,645120.0,645120.0,0.0,300.0,300.0,0.816496580927726,300.0,300.0,0.816496580927726,5207776.0,5162752.0,553196.3186380281
775,fiesta,8,4000000,100,0.5,355.3392857142857,355.51450892857144,1.320217682412278,64.43415178571428,64.96785714285714,3.309597659775232,645120.0,645120.0,0.0,301.0,300.5,2.1602468994692803,300.75,300.0,2.3629078131262973,4340224.0,4114432.0,1227347.7640723241
776,fiesta,8,4000000,100,0.7,441.27306547619054,357.9263392857143,145.45820433257012,92.24847470238096,64.06830357142857,52.150107947373975,645120.0,645120.0,0.0,301.6674107142857,301.00223214285717,2.081308938844928,301.6666666666667,301.0,2.081665999466135,5655701.333333333,6029632.0,772293.5724226462
777,fiesta,8,4000000,100,1.0,356.1568080357143,356.45424107142856,1.3010544936167647,61.43002232142857,61.024441964285714,2.3718768240573156,645120.0,645120.0,0.0,304.0,304.5,2.943920288775944,303.75,304.0,2.9860788111948193,4405632.0,4505760.0,283204.7511465865
778,fiesta,8,4000000,1000,0.1,355.08426339285717,355.0234375,1.7207455706014825,63.22544642857143,63.513727678571435,2.151062979111531,645120.0,645120.0,0.0,299.5,299.5,0.5773502691896257,299.25,299.0,0.5000000000000047,5206320.0,5261760.0,649175.9995563606
779,fiesta,8,4000000,1000,0.3,354.48716517857144,354.328125,1.0451330107078276,62.913671875,63.346875,4.022523977739199,645120.0,645120.0,0.0,301.0,300.5,1.4142135623730983,301.0,300.5,1.4142135623730983,4952640.0,5012672.0,772681.2600566074
780,fiesta,8,4000000,1000,0.5,356.19029017857144,356.8314732142857,1.579248433013286,62.02371651785714,61.83482142857143,1.592659580279872,645120.0,645120.0,0.0,304.25,305.0,2.3629078131262973,303.75,304.5,1.8929694486000974,4867072.0,4766720.0,312007.04757852294
781,fiesta,8,4000000,1000,0.7,355.7349330357143,356.0970982142857,1.3423432051749455,63.50887276785714,63.43035714285714,3.1345794891903265,645120.0,645120.0,0.0,301.75,301.0,3.0956959368344554,301.7466517857143,300.99330357142856,3.095342635740319,4802672.0,4697504.0,265439.74796049925
782,fiesta,8,4000000,1000,1.0,357.0764508928571,356.7209821428571,3.1542752750031746,71.65284598214286,71.11640625000001,12.337933055488095,645120.0,645120.0,0.0,305.25,304.5,2.629955639676581,304.75,304.0,2.9860788111948193,4405632.0,4205376.0,766922.091563413
783,fiesta,8,4000000,10000,0.1,355.59933035714283,355.5758928571429,2.17080492897152,64.31969308035714,64.84184151785715,4.516268972364485,645120.0,645120.0,0.0,299.75,300.0,0.4999999999999952,296.75,297.0,0.4999999999999952,5528880.0,5473440.0,388265.4102543774
784,fiesta,8,4000000,10000,0.3,355.32924107142856,355.2232142857143,1.190428523971314,66.12098214285714,65.95591517857142,4.177905003678249,645120.0,645120.0,0.0,300.5,300.5,1.290994448735802,299.75,299.5,1.707825127659933,4997664.0,4532416.0,1224785.2163706094
785,fiesta,8,4000000,10000,0.5,353.86328125,353.8024553571429,0.24954368831056054,59.483984375,59.49587053571429,2.7932016086150733,645120.0,645120.0,0.0,301.5,301.0,1.9148542155126687,301.0,300.5,2.449489742783178,4917248.0,5067776.0,425757.4782337945
786,fiesta,8,4000000,10000,0.7,357.58872767857144,356.9319196428571,3.4532730728825975,68.09975446428572,64.41875,8.731018384734485,645120.0,645120.0,0.0,305.25,304.5,2.8722813232690143,305.0,304.5,3.1622776601683795,5118176.0,4837728.0,860599.2156414428
787,fiesta,8,4000000,10000,1.0,358.2025669642857,357.3002232142857,2.4589721595617524,69.91688058035714,63.92940848214286,12.939471964673098,645120.0,645120.0,0.0,306.75,307.0,1.2583057392117973,306.5,306.5,1.2909944487358056,5256720.0,5206656.0,526664.3965790739
788,fiesta,8,4000000,100000,0.1,354.84263392857144,354.0904017857143,1.7460803444884838,62.94983258928571,63.60479910714285,2.2060158683337048,645120.0,645120.0,0.0,300.25,300.0,1.258305739211786,275.7310267857143,275.5,1.7339689342011448,4914000.0,4858560.0,251461.8253333893
789,fiesta,8,4000000,100000,0.3,355.95033482142856,356.4397321428571,1.1987062638215236,63.46116071428571,63.075781250000006,3.0556138687247065,645120.0,645120.0,0.0,299.5,299.5,0.5773502691896257,291.5,291.0,1.0,4952640.0,4982656.0,358520.5663872948
790,fiesta,8,4000000,100000,0.5,354.9419642857143,354.296875,1.4049153956070708,65.71324404761906,65.56160714285714,6.622284337688742,645120.0,645120.0,0.0,302.0,302.0,2.0,296.6666666666667,297.0,2.5166114784235765,5017600.0,4917248.0,361824.28159536223
791,fiesta,8,4000000,100000,0.7,356.1049107142857,355.9453125,0.4570717892582274,61.05306919642857,60.352790178571425,3.881454771903389,645120.0,645120.0,0.0,302.25,301.5,2.629955639676581,299.0,298.5,2.160246899469287,4592336.0,4557280.0,541574.5456155291
792,fiesta,8,4000000,100000,1.0,355.1411830357143,354.87053571428567,1.779499392431663,60.45786830357143,61.252343749999994,2.986838180030702,645120.0,645120.0,0.0,306.25,306.5,4.112987559751022,303.47377232142856,303.5,3.739538791618131,4906272.0,5006400.0,383461.0457817065
793,fiesta,8,4000000,1000000,0.1,354.2126116071429,354.203125,1.2050806767929474,56.49626116071428,56.73191964285715,0.652729674990052,645120.0,645120.0,0.0,300.75,301.0,0.4999999999999952,156.0,151.5,13.686976778431875,2918160.0,3003840.0,273649.25872364425
794,fiesta,8,4000000,1000000,0.3,354.3208705357143,353.82924107142856,1.2541801054471735,57.7875,57.84430803571429,0.9109219935582978,645120.0,645120.0,0.0,301.0,301.0,1.8257418583505616,229.25,229.0,5.852349955359813,4307296.0,4322304.0,241996.7285729294
795,fiesta,8,4000000,1000000,0.5,353.7712053571429,353.5446428571429,0.7586867174155955,61.80145089285713,61.26841517857143,2.8038620215688135,645120.0,645120.0,0.0,303.9810267857143,303.5,1.4324926420531974,259.0,259.0,3.651483716701105,4490752.0,4566016.0,263921.3083528245
796,fiesta,8,4000000,1000000,0.7,355.5764508928571,355.95200892857144,1.0346865009590278,59.3615625,59.22223214285714,2.528273878979935,645120.0,645120.0,0.0,303.75,302.5,2.8722813232690183,271.5,271.0,3.0,4487168.0,4697504.0,572462.0828200473
797,fiesta,8,4000000,1000000,1.0,357.39620535714283,356.1953125,4.500878488336798,68.06908482142856,68.01584821428571,7.234077913202086,645120.0,645120.0,0.0,303.0,302.0,2.7080128015453147,280.5,279.5,3.1091263510296048,4505760.0,4405632.0,200256.0
798,kripke,8,20,5000,0.05,354.0,354.0,0.0,16.83236607142857,16.83236607142857,0.16099306178800715,302720.0,302720.0,0.0,355.0,355.0,0.0,24.046752232142854,24.046752232142854,23.04806661460797,629295744.0,629295744.0,44171071.2314043
799,kripke,8,20,10000,0.01,353.6666666666667,354.0,0.577350269189634,17.018898809523808,17.191294642857144,0.36222227313367145,302720.0,302720.0,0.0,355.0,355.0,0.0,8.651168154761905,8.91216517857143,0.6204905014414741,60566016.0,60508672.0,136580.49852010352
800,kripke,8,20,10000,0.05,353.6666666666667,354.0,0.577350269189634,17.17522321428571,17.119642857142857,0.2336938443746365,302720.0,302720.0,0.0,355.0,355.0,0.0,19.58214285714286,23.234375,9.610818258444962,320885077.3333333,317363200.0,9389444.157607067
801,kripke,8,20,25000,0.01,354.5,354.5,0.7071067811865476,17.465625000000003,17.465625000000003,0.7453031742774286,302720.0,302720.0,0.0,355.0,355.0,0.0,3.4131919642857147,3.4131919642857147,0.18867755496214267,24929408.0,24929408.0,16472.75957452181
802,kripke,8,20,25000,0.05,354.3333333333333,355.0,1.1547005383792557,17.327976190476193,17.49151785714286,0.373642401553874,302720.0,302720.0,0.0,355.0,355.0,0.0,8.127247023809524,10.141852678571427,4.347098028971052,135056768.0,134278144.0,1701495.0352581108
803,kripke,8,20,50000,0.01,353.75,354.0,1.2583057392117973,16.82885044642857,17.064285714285717,0.5431776549011931,302720.0,302720.0,0.0,355.0,355.0,0.0,1.4455876116071429,1.4080223214285714,0.3035904280719291,12602688.0,12604032.0,12274.436959252618
804,kripke,8,20,50000,0.05,354.6666666666667,355.0,0.577350269189634,17.39732142857143,17.398660714285715,0.4345997619937223,302720.0,302720.0,0.0,355.0,355.0,0.0,5.293139880952381,5.185066964285714,0.2205029327109516,68499200.0,68518912.0,42961.30798753688
805,kripke,8,200,5000,0.01,354.5,354.5,0.5773502691896257,17.485212053571427,17.487499999999997,0.46131275350491874,302720.0,302720.0,0.0,355.0,355.0,0.0,18.93685267857143,18.849765625000003,16.968742229007113,117398848.0,117427968.0,5962047.534778188
806,kripke,8,200,5000,0.05,353.0,353.0,0.0,16.16283482142857,16.16283482142857,0.06897447843270679,302720.0,302720.0,0.0,355.0,355.0,0.0,8.800301339285715,8.800301339285715,2.0205418436070506,658430080.0,658430080.0,3833084.439456037
807,kripke,8,200,10000,0.01,353.5,353.5,0.7071067811865476,16.93046875,16.93046875,0.17661885896154786,302720.0,302720.0,0.0,355.0,355.0,0.0,7.768526785714286,7.768526785714286,0.2268739480530234,60738944.0,60738944.0,49418.27872356543
808,kripke,8,200,10000,0.05,353.5,353.5,0.7071067811865476,16.79765625,16.79765625,0.8853040034989604,302720.0,302720.0,0.0,355.0,355.0,0.0,8.590033482142857,8.590033482142857,0.208864822219677,331521344.0,331521344.0,229985.06636736222
809,kripke,8,200,25000,0.01,353.5,353.5,0.577350269189634,16.92421875,16.882142857142856,0.4596693251377282,302720.0,302720.0,0.0,355.0,355.0,0.0,4.702181919642857,4.5920982142857145,2.4090378823380383,24846528.0,24855936.0,171729.177920741
810,kripke,8,200,25000,0.05,354.3333333333333,355.0,1.1547005383792557,17.400520833333335,17.371651785714285,0.8970002738335383,302720.0,302720.0,0.0,355.0,355.0,0.0,7.942574404761905,3.5785714285714283,7.931114158046965,135096192.0,136811136.0,3099284.9817156214
811,kripke,8,200,50000,0.01,354.0,354.0,0.816496580927726,17.146819196428574,17.013727678571428,0.5494776616935408,302720.0,302720.0,0.0,355.0,355.0,0.0,1.8373270089285716,1.4182667410714287,1.0016190381574475,12589248.0,12604032.0,35521.249227281915
812,kripke,8,200,50000,0.05,354.3333333333333,354.0,0.5773502691896216,17.12626488095238,17.099107142857143,0.45986522055108,302720.0,302720.0,0.0,355.0,355.0,0.0,8.899084821428572,8.813236607142857,0.23741018122354537,67796138.66666667,67819136.0,48618.49349099107
813,kripke,8,500,5000,0.01,354.0,354.0,1.0,17.0141369047619,17.269642857142856,0.48153029939533,302720.0,302720.0,0.0,355.0,355.0,0.0,16.974300595238095,4.601473214285714,22.013151869558552,118088021.33333333,122445568.0,7700080.816603768
814,kripke,8,500,5000,0.05,354.5,354.5,0.7071067811865476,17.072544642857142,17.072544642857142,0.10669736251832712,302720.0,302720.0,0.0,355.0,355.0,0.0,31.314330357142858,31.314330357142858,32.197286532387,615300224.0,615300224.0,61510551.38661633
815,kripke,8,500,10000,0.01,354.5,354.5,0.7071067811865476,17.658035714285713,17.658035714285713,0.21339472503665424,302720.0,302720.0,0.0,355.0,355.0,0.0,14.79904017857143,14.79904017857143,10.11393138145989,59470208.0,59470208.0,1765119.5451776064
816,kripke,8,500,10000,0.05,353.6666666666667,353.0,1.1547005383792557,16.803497023809523,17.010044642857142,0.5647886641205253,302720.0,302720.0,0.0,355.0,355.0,0.0,15.992224702380952,8.93330357142857,12.4355543769306,324311680.0,331072896.0,11950561.556021374
817,kripke,8,500,25000,0.01,353.6666666666667,353.0,1.1547005383792557,17.05528273809524,16.84419642857143,0.5560218273660139,302720.0,302720.0,0.0,355.0,355.0,0.0,5.015602678571429,2.736205357142857,4.1965006635026185,24827562.666666668,24991232.0,299136.99500618974
818,kripke,8,500,25000,0.05,354.5,354.5,0.5773502691896257,17.37578125,17.408928571428568,0.22294809276463656,302720.0,302720.0,0.0,355.0,355.0,0.0,8.115295758928571,8.176104910714285,5.119446366128689,135046912.0,135017344.0,1998590.0789880184
819,kripke,8,500,50000,0.01,354.6666666666667,355.0,1.5275252316519545,17.609821428571426,17.642857142857142,1.0479352544849658,302720.0,302720.0,0.0,355.0,355.0,0.0,3.7423020833333336,4.809352678571429,2.093952974671349,12522496.0,12484864.0,73077.5754387076
820,kripke,8,500,50000,0.05,354.0,354.0,0.816496580927726,17.511328125,17.57700892857143,0.5667012412097191,302720.0,302720.0,0.0,355.0,355.0,0.0,3.038939732142857,1.8306473214285717,2.5154346662439147,68935328.0,69169408.0,488336.3715910035
821,kripke,8,1000,5000,0.01,354.0,354.0,1.0,17.135416666666668,17.206473214285715,0.2157691784191036,302720.0,302720.0,0.0,355.0,355.0,0.0,17.249248511904764,5.339955357142857,21.039055500681982,117943466.66666667,122139136.0,7383812.070957746
822,kripke,8,1000,5000,0.05,356.3333333333333,356.0,0.5773502691896216,18.3953125,18.185937499999998,0.583147994275073,302720.0,302720.0,0.0,355.0,355.0,0.0,40.31480654761905,39.55312500000001,1.6207735204876927,597901098.6666666,599392640.0,3038100.3427729956
823,kripke,8,1000,10000,0.01,354.0,354.0,1.4142135623730951,16.989285714285714,16.989285714285714,0.851684864125584,302720.0,302720.0,0.0,355.0,355.0,0.0,15.579999999999998,15.579999999999998,10.005750357391749,59359104.0,59359104.0,1760051.0037700613
824,kripke,8,1000,10000,0.05,354.0,354.0,0.0,16.805245535714285,16.805245535714285,0.1340030484882574,302720.0,302720.0,0.0,355.0,355.0,0.0,18.320524553571428,18.320524553571428,11.42326269916815,322054656.0,322054656.0,10955652.25240889
825,kripke,8,1000,25000,0.01,354.5,354.5,0.5773502691896257,17.560825892857142,17.666852678571427,0.3259175473768451,302720.0,302720.0,0.0,355.0,355.0,0.0,8.047522321428572,9.75078125,3.60269459031408,24611328.0,24489472.0,256136.9233827876
826,kripke,8,1000,25000,0.05,354.3333333333333,354.0,0.5773502691896216,17.714657738095237,17.80982142857143,0.25487517082906425,302720.0,302720.0,0.0,355.0,355.0,0.0,6.844918154761904,4.708191964285715,3.8387315452375312,135539712.0,136387328.0,1519614.943395859
827,kripke,8,1000,50000,0.01,354.25,354.5,0.9574271077563381,17.14302455357143,17.070089285714285,0.18388742523684545,302720.0,302720.0,0.0,355.0,355.0,0.0,4.285265625,5.171584821428572,2.024519581543506,12503680.0,12472320.0,71567.91236301346
828,kripke,8,1000,50000,0.05,353.0,353.0,0.0,16.972916666666666,16.904687499999998,0.1317399922903627,302720.0,302720.0,0.0,355.0,355.0,0.0,2.0812574404761905,2.1034598214285714,0.056015091681798586,69116842.66666667,69110272.0,11380.728506263753
829,kripke,8,2000,0,0.3,356.5,356.5,1.2909944487358056,18.396316964285713,18.54263392857143,0.4248978570296347,302720.0,302720.0,0.0,355.0,355.0,0.0,352.0161830357143,352.53236607142856,1.4145838831895792,418513088.0,340051264.0,202583671.49777648
830,kripke,8,2000,0,0.5,358.0,356.5,3.3665016461206885,19.443917410714285,18.42008928571429,2.8936269998118123,302720.0,302720.0,0.0,355.0,355.0,0.0,352.7678571428571,353.0,0.4642857142857145,389039616.0,374363136.0,46068117.378969796
831,kripke,8,2000,0,0.7,354.5,354.5,1.7320508075688772,17.272265625,17.32064732142857,0.5452997957642881,302720.0,302720.0,0.0,355.0,355.0,0.0,352.8744419642857,352.875,0.14498479524946242,335450864.0,331419424.0,34045350.51996663
832,kripke,8,2000,0,1.0,359.25,354.0,10.5,21.806808035714287,17.520312500000003,8.73783649620318,302720.0,302720.0,0.0,355.0,355.0,0.0,352.3967633928571,352.40513392857144,0.06475458867825677,418835424.0,421338624.0,5140770.835995707
833,kripke,8,2000,100,0.3,358.5,359.0,3.415650255319873,18.986662946428574,19.294308035714288,1.270088676026613,302720.0,302720.0,0.0,355.0,355.0,0.0,346.0083705357143,346.5446428571429,5.167473990086209,923472256.0,886462528.0,532944389.25374633
834,kripke,8,2000,100,0.5,355.0,354.5,2.160246899469287,17.804966517857142,17.803459821428568,1.1604307456882703,302720.0,302720.0,0.0,355.0,355.0,0.0,352.61551339285717,352.75892857142856,0.41967600157227647,301532672.0,275717120.0,72916455.36678538
835,kripke,8,2000,100,0.7,357.0,357.0,1.0,18.50967261904762,18.558482142857144,0.3829205994117691,302720.0,302720.0,0.0,355.0,355.0,0.0,351.3333333333333,351.0,0.577350269189634,514107925.3333333,545050688.0,62415328.50675824
836,kripke,8,2000,100,1.0,355.25,355.0,1.4999999999999984,17.45357142857143,17.469419642857144,0.7613321314102035,302720.0,302720.0,0.0,355.0,355.0,0.0,351.1155133928571,351.3560267857143,0.8197859299570631,529576992.0,493230528.0,134844475.8825085
837,kripke,8,2000,1000,0.3,358.6666666666667,361.0,4.932882862316244,19.580357142857142,20.866294642857145,2.4261640448774813,302720.0,302720.0,0.0,355.0,355.0,0.0,332.47098214285717,330.66294642857144,10.514563126784223,902701184.0,981102976.0,434506573.2163856
838,kripke,8,2000,1000,0.5,354.5,354.5,2.1213203435596424,17.161383928571432,17.161383928571432,0.7042657271549918,302720.0,302720.0,0.0,355.0,355.0,0.0,347.99888392857144,347.99888392857144,2.82684876139533,396490752.0,396490752.0,168032284.74293756
839,kripke,8,2000,1000,0.7,354.75,354.5,0.9574271077563405,17.425892857142856,17.413392857142856,0.45883161062299127,302720.0,302720.0,0.0,355.0,355.0,0.0,349.8420758928571,349.9787946428571,0.6167621833847786,341200048.0,317116576.0,58784288.5512497
840,kripke,8,2000,1000,1.0,355.5,355.5,2.3804761428476167,18.064174107142858,18.08169642857143,0.9468331047370387,302720.0,302720.0,0.0,355.0,355.0,0.0,348.38169642857144,348.8805803571429,1.792237897883713,545096832.0,503243328.0,157923494.94849238
841,kripke,8,2000,10000,0.1,356.25,357.0,1.5,18.274274553571427,18.371651785714285,0.7202934748869101,302720.0,302720.0,0.0,355.0,355.0,0.0,41.668303571428574,42.1078125,3.4545086850138733,608771520.0,607652640.0,6732051.593385184
842,kripke,8,2000,10000,0.3,355.5,355.5,2.3804761428476167,17.630133928571425,17.760156249999998,1.3881192910128635,302720.0,302720.0,0.0,355.0,355.0,0.0,264.34486607142856,261.51004464285717,29.68753314646377,513273600.0,529212096.0,168689798.93898386
843,kripke,8,2000,10000,0.5,355.0,353.5,3.366501646120697,17.410323660714287,16.951339285714283,1.23539391629605,302720.0,302720.0,0.0,355.0,355.0,0.0,304.11328125,325.09821428571433,42.294938283029815,471980544.0,276018176.0,393968228.76558
844,kripke,8,2000,10000,0.7,356.25,357.0,2.217355782608345,17.827566964285715,18.14609375,1.0699981538488792,302720.0,302720.0,0.0,355.0,355.0,0.0,314.7734375,310.09375,11.4966971645119,508101664.0,568257760.0,146638126.39367056
845,kripke,8,2000,10000,1.0,354.25,354.0,2.217355782608345,17.249720982142858,17.24497767857143,1.0765086716762902,302720.0,302720.0,0.0,355.0,355.0,0.0,329.73939732142856,332.62611607142856,5.826422325591508,444618384.0,392501760.0,104634143.26436985
846,kripke,8,2000,100000,0.1,353.75,354.0,0.4999999999999952,16.848828125,16.871428571428574,0.42491493304916655,302720.0,302720.0,0.0,355.0,355.0,0.0,4.352935267857143,4.468638392857144,1.4698814674840885,70418880.0,70398720.0,285105.45417441597
847,kripke,8,2000,100000,0.3,354.75,355.0,0.4999999999999952,17.49598214285714,17.357142857142854,0.33974460860366057,302720.0,302720.0,0.0,355.0,355.0,0.0,56.70446428571428,59.831919642857144,16.85659778517312,178024896.0,176193920.0,10067433.817941623
848,kripke,8,2000,100000,0.5,354.5,355.0,1.0000000000000047,17.392075892857143,17.412165178571428,0.3573874952681227,302720.0,302720.0,0.0,355.0,355.0,0.0,144.25,127.0,42.65657432721635,209911296.0,227247104.0,42646677.88577882
849,kripke,8,2000,100000,0.7,354.0,353.5,1.4142135623730885,17.18247767857143,16.890290178571426,0.7056009999842593,302720.0,302720.0,0.0,355.0,355.0,0.0,200.93359375,225.78571428571428,56.04558258054797,213491040.0,178925824.0,77718132.09614961
850,kripke,8,2000,100000,1.0,355.0,355.0,1.8257418583505562,17.796875,17.77700892857143,0.8158606421273471,302720.0,302720.0,0.0,355.0,355.0,0.0,212.14564732142856,214.50223214285714,33.90201358055272,282411024.0,277755072.0,67104861.30452678
851,kripke,8,2000,1000000,0.1,353.75,354.0,0.5,17.07723214285714,16.980580357142856,0.3247756862606181,302720.0,302720.0,0.0,355.25,355.0,0.5,1.0087349330357143,1.0457321428571429,0.24859920133251473,7141680.0,7136640.0,10080.0
852,kripke,8,2000,1000000,0.3,355.0,355.0,0.816496580927726,17.386104910714288,17.228013392857143,0.6162455643466361,302720.0,302720.0,0.0,355.0,355.0,0.0,33.10318080357143,34.59921875,11.962535170297059,19330304.0,19240256.0,718714.509922635
853,kripke,8,2000,1000000,0.5,354.75,355.0,1.5,17.772042410714285,18.014955357142856,0.9446752306591194,302720.0,302720.0,0.0,355.25,355.0,0.5000000000000047,51.93922991071429,55.079687500000006,13.391604842710471,30431744.0,30105600.0,1371987.1572732257
854,kripke,8,2000,1000000,0.7,354.5,354.5,0.577350269189634,17.464453125,17.48002232142857,0.6106925669425046,302720.0,302720.0,0.0,355.5,355.5,0.5773502691896257,58.96216517857143,63.90558035714287,13.630011518340268,41541360.0,40875296.0,1923932.5574541322
855,kripke,8,2000,1000000,1.0,354.5,354.5,1.2909944487358056,17.2140625,17.066629464285715,0.49076664649036317,302720.0,302720.0,0.0,355.25,355.0,0.5,60.127343749999994,61.10691964285713,14.381998271653599,59025456.0,58875264.0,2852623.1142020845
856,kripke,8,4000,0,0.3,356.6666666666667,354.0,4.61880215351701,18.548065476190477,17.524553571428573,2.0417282882811585,302720.0,302720.0,0.0,355.0,355.0,0.0,350.75372023809524,350.5625,0.8149930273767039,487419818.6666667,472691968.0,170129219.32087782
857,kripke,8,4000,0,0.5,358.6666666666667,360.0,4.163331998932273,19.401190476190475,20.01183035714286,1.8676181262741576,302720.0,302720.0,0.0,355.0,355.0,0.0,350.8764880952381,351.00223214285717,0.8208713576563732,593548629.3333334,612648960.0,204735107.97679347
858,kripke,8,4000,0,0.7,363.5,361.5,5.802298395176403,21.562276785714285,20.85390625,2.2775175571576027,302720.0,302720.0,0.0,355.0,355.0,0.0,348.2466517857143,350.00111607142856,4.279406358894283,945390208.0,702662464.0,585355857.5076121
859,kripke,8,4000,0,1.0,360.0,358.0,7.3484692283495345,19.768191964285712,19.232589285714287,3.061838493542547,302720.0,302720.0,0.0,355.0,355.0,0.0,349.2220982142857,350.9899553571429,3.6837591731734705,818746656.0,568226400.0,603642816.6274049
860,kripke,8,4000,100,0.3,353.6666666666667,354.0,0.577350269189634,16.969717261904762,16.979017857142857,0.21521773842067476,302720.0,302720.0,0.0,355.0,355.0,0.0,348.68377976190476,348.1607142857143,1.1745703130876655,479595648.0,496044416.0,78032155.93318683
861,kripke,8,4000,100,0.5,366.0,368.5,8.28653526310403,22.56685267857143,23.68649553571429,3.4281704356319365,302720.0,302720.0,0.0,355.0,355.0,0.0,344.18359375,343.92857142857144,4.628821136717857,1280867840.0,1367145472.0,658349266.5872244
862,kripke,8,4000,100,0.7,359.0,358.5,6.480740698407868,19.38828125,19.050558035714285,2.8634524041139695,302720.0,302720.0,0.0,355.0,355.0,0.0,348.84151785714283,348.97433035714283,2.765732791723131,678158320.0,657860896.0,385776780.0392466
863,kripke,8,4000,100,1.0,363.5,365.0,6.9522178715380685,21.214676339285717,21.832142857142856,3.139921086837622,302720.0,302720.0,0.0,355.0,355.0,0.0,346.3844866071429,345.9107142857143,3.393779917883905,1096752048.0,1186416672.0,491247883.6664016
864,kripke,8,4000,1000,0.1,354.0,354.0,,17.686160714285712,17.686160714285712,,302720.0,302720.0,,355.0,355.0,,236.59151785714286,236.59151785714286,,1789361280.0,1789361280.0,
865,kripke,8,4000,1000,0.3,366.0,365.0,5.597618541248891,22.531808035714285,21.97243303571429,2.478835184913196,302720.0,302720.0,0.0,355.0,355.0,0.0,324.85323660714283,326.54464285714283,13.438616812942653,1185016672.0,1110832128.0,543507662.2779651
866,kripke,8,4000,1000,0.5,361.75,362.0,8.381527307120097,20.93270089285714,21.25111607142857,3.5395949877975257,302720.0,302720.0,0.0,355.0,355.0,0.0,337.1361607142857,337.0647321428571,11.832075487290785,921356800.0,919425024.0,651272560.1916922
867,kripke,8,4000,1000,0.7,363.5,363.5,2.1213203435596424,21.39151785714286,21.39151785714286,1.176827714403332,302720.0,302720.0,0.0,355.0,355.0,0.0,340.61830357142856,340.61830357142856,3.920654563543271,911806560.0,911806560.0,261467360.96881515
868,kripke,8,4000,1000,1.0,357.0,357.0,5.656854249492381,18.447544642857142,18.447544642857142,2.149099538534826,302720.0,302720.0,0.0,355.0,355.0,0.0,346.9642857142857,346.9642857142857,2.800016584430671,645024576.0,645024576.0,291700893.68098414
869,kripke,8,4000,10000,0.1,359.0,359.5,1.4142135623730983,19.81322544642857,19.7734375,0.414415155743995,302720.0,302720.0,0.0,355.0,355.0,0.0,78.76958705357143,85.85491071428572,16.931025709507946,534970800.0,522648000.0,30021912.87134116
870,kripke,8,4000,10000,0.3,356.0,354.5,4.082482904638636,18.441629464285715,17.838392857142857,2.03442797004746,302720.0,302720.0,0.0,355.0,355.0,0.0,278.4771205357143,287.14955357142856,39.525497449504904,428463392.0,375890368.0,225225697.541833
871,kripke,8,4000,10000,0.5,360.25,360.5,5.852349955359816,19.920479910714285,19.824107142857144,2.648290899278448,302720.0,302720.0,0.0,355.0,355.0,0.0,272.4408482142857,279.43080357142856,49.09086366059505,759815168.0,697546752.0,454774017.3112993
872,kripke,8,4000,10000,0.7,357.75,357.0,4.5,19.085546875,18.76294642857143,1.7800702880380357,302720.0,302720.0,0.0,355.0,355.0,0.0,315.78236607142856,321.08705357142856,18.54580138764027,487243344.0,420111104.0,238937344.81953695
873,kripke,8,4000,10000,1.0,360.5,360.0,7.549834435270758,19.90931919642857,19.8265625,3.147643037936405,302720.0,302720.0,0.0,355.0,355.0,0.0,305.640625,307.30580357142856,29.71176472124749,861050736.0,831563040.0,529154603.58489525
874,kripke,8,4000,100000,0.1,354.3333333333333,354.0,0.5773502691896216,17.418601190476192,17.334374999999998,0.3002883736158775,302720.0,302720.0,0.0,355.0,355.0,0.0,10.39938244047619,11.375669642857142,5.746611689210916,69189120.0,69027840.0,1117562.4675157985
875,kripke,8,4000,100000,0.3,356.0,356.0,0.0,17.99536830357143,18.020758928571432,0.24764538579466644,302720.0,302720.0,0.0,355.0,355.0,0.0,69.87466517857143,74.96417410714285,34.728574052374064,170145696.0,167099072.0,20735379.259811834
876,kripke,8,4000,100000,0.5,356.5,356.5,1.2909944487358056,18.463392857142857,18.412053571428572,0.3325460881982147,302720.0,302720.0,0.0,355.0,355.0,0.0,124.38376116071427,123.68191964285714,61.379677240057326,229530112.0,230307840.0,61016072.246052764
877,kripke,8,4000,100000,0.7,355.5,355.5,2.3804761428476167,17.86958705357143,17.949107142857144,1.2917954675956675,302720.0,302720.0,0.0,355.0,355.0,0.0,189.12723214285714,190.08816964285714,34.20187828599115,229757024.0,228424896.0,48014589.60384304
878,kripke,8,4000,100000,1.0,356.75,357.5,2.6299556396765835,18.689341517857144,19.010379464285716,1.156859389293838,302720.0,302720.0,0.0,355.0,355.0,0.0,193.03236607142856,180.98660714285714,29.572212905609106,319658640.0,344139936.0,59183779.664640956
879,kripke,8,4000,1000000,0.1,353.75,354.0,0.5,17.339676339285713,17.46517857142857,0.47152348343226136,302720.0,302720.0,0.0,355.25,355.0,0.5,1.2294229910714285,1.1915513392857142,0.2569472778819736,7136640.0,7136640.0,0.0
880,kripke,8,4000,1000000,0.3,357.0,355.0,4.000000000000004,19.21724330357143,17.82332589285714,3.0853307811983157,302720.0,302720.0,0.0,355.25,355.0,0.5,21.15484375,19.30100446428571,14.628637196006984,20050688.0,20170752.0,879559.2872675877
881,kripke,8,4000,1000000,0.5,354.25,354.5,0.9574271077563381,17.52075892857143,17.693526785714287,0.5439778092259576,302720.0,302720.0,0.0,355.25,355.0,0.5,32.95809151785715,30.686941964285722,13.714302500608563,32313344.0,32564224.0,1388101.9079899478
882,kripke,8,4000,1000000,0.7,355.0,355.0,0.8164965809277203,17.77299107142857,17.509709821428572,0.7906529590590257,302720.0,302720.0,0.0,356.0,356.0,0.0,40.85379464285714,40.572879464285705,21.016321204454474,44135504.0,44170560.0,2919837.22756549
883,kripke,8,4000,1000000,1.0,355.25,355.0,0.4999999999999952,18.142020089285715,18.041183035714283,0.45444522274869736,302720.0,302720.0,0.0,355.75,356.0,0.5,38.13152901785715,41.597991071428574,8.342323339645748,63531216.0,62880384.0,1579993.1897372217
884,kripke,8,20000,0,0.1,355.0,355.0,,17.85982142857143,17.85982142857143,,302720.0,302720.0,,355.0,355.0,,349.8950892857143,349.8950892857143,,494786880.0,494786880.0,
885,kripke,8,20000,0,0.3,371.0,375.0,14.422205101855956,25.086011904761904,26.9015625,6.040045772866607,302720.0,302720.0,0.0,355.0,355.0,0.0,348.58407738095235,348.50892857142856,1.3798838021747681,622431786.6666666,596838144.0,117815401.3579471
886,kripke,8,20000,0,0.5,361.25,355.5,12.57974562540912,21.04363839285714,18.62064732142857,5.639589281607869,302720.0,302720.0,0.0,355.0,355.0,0.0,347.64955357142856,347.43415178571433,1.9781429168407512,763151872.0,761772032.0,170352485.79978594
887,kripke,8,20000,0,0.7,367.25,366.5,14.198004554631378,23.880636160714285,23.398660714285715,6.483522806817353,302720.0,302720.0,0.0,355.0,355.0,0.0,348.0803571428571,349.2622767857143,2.939137466065557,754019504.0,647273984.0,273110335.62434447
888,kripke,8,20000,0,1.0,368.25,367.5,15.96610994158147,24.063671875,24.097433035714285,6.984408063255436,302720.0,302720.0,0.0,355.0,355.0,0.0,348.67075892857144,348.74888392857144,1.7729102903532024,838572000.0,818646528.0,193322631.3669686
889,kripke,8,20000,100,0.1,367.0,372.0,8.660254037844387,23.39940476190476,25.19955357142857,3.469130566183789,302720.0,302720.0,0.0,355.0,355.0,0.0,344.43973214285717,345.0044642857143,1.8934927230605543,564816000.0,522184320.0,90563659.63375817
890,kripke,8,20000,100,0.3,372.3333333333333,381.0,15.011106998930273,25.633035714285715,29.314508928571428,6.736105517008495,302720.0,302720.0,0.0,355.0,355.0,0.0,345.0625,345.2544642857143,1.0445641568340105,756703360.0,735512064.0,58569177.160547644
891,kripke,8,20000,100,0.5,376.5,382.0,13.820274961085254,28.124386160714288,30.428013392857146,6.083926216592202,302720.0,302720.0,0.0,355.0,355.0,0.0,346.9146205357143,346.5234375,1.2738417386648593,747246080.0,767191040.0,103735701.73349805
892,kripke,8,20000,100,0.7,369.5,369.5,16.176114078067904,24.743191964285714,24.909486607142856,7.035299671138245,302720.0,302720.0,0.0,355.0,355.0,0.0,346.0786830357143,347.74441964285717,3.5088118387336618,872719120.0,728814240.0,302357420.8133583
893,kripke,8,20000,100,1.0,361.75,355.0,13.5,21.290457589285715,18.455133928571428,5.846724473925507,302720.0,302720.0,0.0,355.0,355.0,0.0,347.0044642857143,347.0546875,2.3738493845013777,941653776.0,914168640.0,241376268.07521
894,kripke,8,20000,1000,0.1,366.3333333333333,372.0,10.692676621563631,23.25483630952381,25.997321428571432,5.116859290637766,302720.0,302720.0,0.0,355.0,355.0,0.0,317.3720238095238,320.4263392857143,6.652288426792982,545502720.0,495230400.0,106212037.96505931
895,kripke,8,20000,1000,0.3,372.0,376.0,9.416297927883694,25.99296875,27.003683035714282,3.418766228030636,302720.0,302720.0,0.0,355.0,355.0,0.0,335.19642857142856,338.03348214285717,6.341150536830025,669371808.0,573755840.0,211512932.43258953
896,kripke,8,20000,1000,0.5,355.0,355.0,0.0,18.333854166666665,18.259375,0.1811782841787373,302720.0,302720.0,0.0,355.0,355.0,0.0,337.0104166666667,338.45982142857144,2.5822973092967585,884268373.3333334,813252608.0,126846052.72075202
897,kripke,8,20000,1000,0.7,362.0,355.5,13.34166406412634,21.502064732142856,18.5453125,6.300646599072163,302720.0,302720.0,0.0,355.0,355.0,0.0,340.62890625,342.03459821428567,4.236637867051376,870089920.0,788479552.0,250750050.36438456
898,kripke,8,20000,1000,1.0,368.9938616071429,368.5,16.193496144629613,24.116908482142858,24.121763392857147,6.983223812753229,302720.0,302720.0,0.0,355.0005580357143,355.0,0.0011160714285867674,345.5881696428571,345.27232142857144,0.9827404499589516,763375872.0,783501600.0,69370906.00026083
899,kripke,8,20000,10000,0.1,391.25,359.5,67.36653471865685,53.49827008928572,20.446875,68.20637602766077,302720.0,302720.0,0.0,364.75,355.0,19.5,214.78571428571428,198.25334821428572,80.08876328249072,290702160.0,304224480.0,121643597.24822347
900,kripke,8,20000,10000,0.3,365.5,365.5,11.561430130683084,23.080915178571427,23.212611607142854,4.561348067774725,302720.0,302720.0,0.0,355.0,355.0,0.0,248.42243303571428,251.203125,11.54273631146399,595817600.0,580449408.0,63687227.98564038
901,kripke,8,20000,10000,0.5,376.5,377.0,0.9999999999999952,27.592131696428574,27.45011160714286,0.7469695093042956,302720.0,302720.0,0.0,355.0,355.0,0.0,293.15234375,293.203125,7.677624088285621,565985280.0,566386688.0,71968407.74435316
902,kripke,8,20000,10000,0.7,372.5,376.0,11.357816691600547,25.994810267857144,27.092299107142857,4.994995593536827,302720.0,302720.0,0.0,355.0,355.0,0.0,306.44140625,306.5357142857143,6.194814124874653,603418928.0,602332192.0,77881557.08538878
903,kripke,8,20000,10000,1.0,364.0,356.0,14.730919862656235,22.458928571428572,18.629464285714285,7.026141681776561,302720.0,302720.0,0.0,355.0,355.0,0.0,315.68154761904765,316.97098214285717,6.066825630664414,688146368.0,666852480.0,100532168.66656317
904,kripke,8,20000,100000,0.1,355.25,355.0,1.5,17.755189732142856,17.68482142857143,0.5402862439115615,302720.0,302720.0,0.0,355.0,355.0,0.0,42.08487723214286,44.114732142857136,4.897764786190636,62858880.0,62445600.0,982821.5382255316
905,kripke,8,20000,100000,0.3,357.75,358.5,3.593976442141304,19.331863839285717,19.789620535714285,1.5278763810868428,302720.0,302720.0,0.0,355.0,355.0,0.0,79.85546875,83.67455357142856,15.381588029488777,163977408.0,161696192.0,9166960.440478116
906,kripke,8,20000,100000,0.5,359.25,359.5,4.9916597106239795,20.03671875,20.314508928571428,2.190301606544345,302720.0,302720.0,0.0,355.0,355.0,0.0,122.703125,123.39955357142857,6.229742361573362,230960128.0,230307840.0,6354482.198711289
907,kripke,8,20000,100000,0.7,356.75,354.5,5.560275772537426,19.26796875,18.44084821428571,2.714910437411994,302720.0,302720.0,0.0,355.0,355.0,0.0,140.34598214285714,140.69308035714286,23.27146824879598,297309936.0,296503648.0,32067561.029130228
908,kripke,8,20000,100000,1.0,434.25,368.5,140.64464677571866,87.39146205357142,24.13616071428571,130.65987877516955,302720.0,302720.0,0.0,355.0,355.0,0.0,202.49330357142856,187.47879464285714,64.08534018652718,301385280.0,331423680.0,127155779.4979668
909,kripke,8,20000,1000000,0.1,354.5,354.5,1.2909944487358056,17.617243303571428,17.65078125,0.7832666653350148,302720.0,302720.0,0.0,355.5,355.5,0.5773502691896257,4.248526785714286,4.683058035714286,1.1328289538155285,7076160.0,7066080.0,28510.545417441597
910,kripke,8,20000,1000000,0.3,355.25,355.0,0.5000000000000047,17.819196428571427,17.842522321428568,0.3166634324206028,302720.0,302720.0,0.0,355.5,355.5,0.577350269189634,12.886551339285711,12.610937499999995,2.069160633511406,20560960.0,20560960.0,124966.57327995088
911,kripke,8,20000,1000000,0.5,355.25,355.5,0.9574271077563381,17.82963169642857,17.938504464285714,0.43721524743063167,302720.0,302720.0,0.0,355.75,356.0,0.4999999999999952,19.953515624999998,19.704464285714288,2.9677879324988963,33668096.0,33668096.0,289691.2710685866
912,kripke,8,20000,1000000,0.7,354.5,354.0,0.9999999999999952,17.664676339285712,17.66785714285714,0.7423900966546596,302720.0,302720.0,0.0,355.75,356.0,0.4999999999999952,21.425446428571426,21.749441964285708,6.972407068793481,46799760.0,46764704.0,932779.4917814167
913,kripke,8,20000,1000000,1.0,356.75,357.0,0.4999999999999952,18.526562499999997,18.61741071428571,0.2294097784761145,302720.0,302720.0,0.0,355.75,356.0,0.4999999999999952,36.87237723214286,37.703459821428574,3.9956922495897884,63731472.0,63581280.0,839723.1799873098
914,kripke,8,40000,0,0.1,355.0,355.0,0.0,17.807812499999997,17.807812499999997,0.14142135623730775,302720.0,302720.0,0.0,355.0,355.0,0.0,349.6116071428571,349.6116071428571,1.8498418472112272,468296640.0,468296640.0,164648399.7857252
915,kripke,8,40000,0,0.3,365.6666666666667,356.0,16.743157806499152,23.539285714285715,19.100446428571427,7.94150871914201,302720.0,302720.0,0.0,355.3333333333333,355.0,0.5773502691896216,349.9947916666667,350.11830357142856,2.0697301155903793,473952640.0,429468928.0,143665255.66758436
916,kripke,8,40000,0,0.5,355.3333333333333,355.0,0.5773502691896216,18.800967261904763,18.763169642857143,0.6445816918779559,302720.0,302720.0,0.0,355.0,355.0,0.0,350.5052083333333,350.9799107142857,1.619995010969344,478010026.6666667,440444928.0,159353298.97528687
917,kripke,8,40000,0,0.7,363.0,356.0,14.696938456699073,21.95931919642857,18.962165178571425,6.6738492852496,302720.0,302720.0,0.0,355.0,355.0,0.0,351.0970982142857,351.49330357142856,1.225798750202969,440408528.0,413801024.0,121770012.14854278
918,kripke,8,40000,0,1.0,365.0,356.0,16.46207763315433,22.893675595238093,19.15982142857143,7.105341646912592,302720.0,302720.0,0.0,355.0,355.0,0.0,352.03943452380946,351.6294642857143,0.8308020521467255,409123008.0,425944512.0,62596579.000704885
919,kripke,8,40000,100,0.1,355.25,355.0,0.4999999999999952,18.588839285714286,18.597321428571426,0.27952590650705095,302720.0,302720.0,0.0,355.0,355.0,0.0,346.1623883928571,346.2477678571429,0.9100728202360626,450324000.0,444396960.0,42658910.924832575
920,kripke,8,40000,100,0.3,369.5,368.5,16.82260384126073,24.507756696428572,24.07578125,7.464023246817888,302720.0,302720.0,0.0,355.0,355.0,0.0,349.046875,349.0502232142857,1.4956434307335191,449324512.0,446968256.0,96384516.83203794
921,kripke,8,40000,100,0.5,376.0,380.5,14.445299120013633,27.776562499999997,29.87578125,6.797539251789852,302720.0,302720.0,0.0,355.0,355.0,0.0,351.1060267857143,351.49330357142856,1.2105947438438198,377499136.0,356600832.0,93445922.15513833
922,kripke,8,40000,100,0.7,368.75,369.0,15.305227865013967,24.936049107142857,24.977901785714288,6.9629942366988065,302720.0,302720.0,0.0,355.25,355.0,0.4999999999999952,350.7126116071429,350.6819196428571,2.1341506650900066,435395520.0,413099904.0,173781687.5575367
923,kripke,8,40000,100,1.0,384.75,384.0,2.3629078131262973,31.478292410714285,31.24642857142857,1.4378673713386507,302720.0,302720.0,0.0,355.25,355.0,0.5000000000000047,352.29185267857144,352.0837053571429,0.4783920982358882,348445440.0,331924320.0,52624543.656273544
924,kripke,8,40000,1000,0.1,368.0,373.0,11.357816691600547,23.916369047619046,26.0703125,4.87862522159684,302720.0,302720.0,0.0,355.0,355.0,0.0,333.5245535714286,332.9174107142857,2.067962000795643,305114880.0,313649280.0,27307866.642592203
925,kripke,8,40000,1000,0.3,355.5,355.5,0.577350269189634,18.805636160714286,18.83247767857143,0.21241959130140217,302720.0,302720.0,0.0,355.0,355.0,0.0,339.5842633928571,339.1439732142857,2.5990306762064432,525460096.0,544220096.0,86360533.76100655
926,kripke,8,40000,1000,0.5,383.5,383.5,2.3804761428476167,31.278125,31.552232142857143,1.7488874185168926,302720.0,302720.0,0.0,355.25,355.0,0.4999999999999952,348.3844866071429,348.2734375,0.4787287320045864,344759296.0,332917760.0,33428364.36261206
927,kripke,8,40000,1000,0.7,370.25,369.0,17.211914478058503,24.88744419642857,24.123660714285716,7.426868556823996,302720.0,302720.0,0.0,355.0,355.0,0.0,347.8549107142857,348.0033482142857,2.0011846446368384,447454784.0,436727648.0,105926648.83223104
928,kripke,8,40000,1000,1.0,371.75,372.0,18.768324379123467,26.53683035714286,26.470870535714287,8.93382641673521,302720.0,302720.0,0.0,355.0,355.0,0.0,349.50167410714283,350.00669642857144,1.9158499827308402,458335920.0,416532480.0,128078637.6915892
929,kripke,8,40000,10000,0.1,363.0,363.5,9.273618495495695,21.684765624999997,21.881584821428568,3.900223848235697,302720.0,302720.0,0.0,355.0,355.0,0.0,224.60770089285714,233.45089285714283,22.61233431284732,252861840.0,235761120.0,43896915.55699102
930,kripke,8,40000,10000,0.3,372.5,378.0,10.999999999999995,25.956026785714286,28.38426339285714,5.022031489646775,302720.0,302720.0,0.0,355.0,355.0,0.0,294.41294642857144,302.5446428571429,16.694563076169718,338475424.0,293826624.0,92834532.10611169
931,kripke,8,40000,10000,0.5,362.25,356.0,13.175102782647787,21.55463169642857,18.96941964285714,5.597402768131954,302720.0,302720.0,0.0,355.0,355.0,0.0,308.7857142857143,308.9453125,6.476463418973673,422782976.0,422080512.0,57127353.6978694
932,kripke,8,40000,10000,0.7,369.5,369.0,16.217274740226856,24.734933035714285,24.51997767857143,7.096283698083617,302720.0,302720.0,0.0,355.0,355.0,0.0,324.5334821428571,324.0669642857143,3.667142838302537,380217376.0,383582752.0,43686396.56192974
933,kripke,8,40000,10000,1.0,367.75,365.5,15.840349322747482,23.789676339285712,22.648549107142856,6.9412968844865635,302720.0,302720.0,0.0,355.0,355.0,0.0,334.0016741071429,333.0033482142857,5.098145019427199,371174496.0,385793184.0,86688800.07916059
934,kripke,8,40000,100000,0.1,360.75,358.5,4.85626742811116,21.158426339285715,19.774441964285714,3.50826438631293,302720.0,302720.0,0.0,355.0,355.0,0.0,60.827399553571425,62.63616071428572,7.24614784380766,59083920.0,58716000.0,1462248.6836376362
935,kripke,8,40000,100000,0.3,359.75,360.0,5.560275772537426,20.147823660714288,20.42879464285714,2.328558471714964,302720.0,302720.0,0.0,355.0,355.0,0.0,119.14899553571428,115.66852678571428,14.796138776926727,140504896.0,142606016.0,8819393.449721584
936,kripke,8,40000,100000,0.5,363.25,362.5,9.776672917374976,21.933649553571428,21.26495535714286,4.818128012062742,302720.0,302720.0,0.0,355.0,355.0,0.0,161.29631696428572,159.01674107142856,14.930680086710565,192525312.0,194733056.0,15001533.177735135
937,kripke,8,40000,100000,0.7,359.5,355.5,9.036961141150634,20.51880580357143,18.46908482142857,4.652075895855996,302720.0,302720.0,0.0,355.0,355.0,0.0,176.49107142857144,171.98325892857144,26.955269959262942,247635584.0,253875552.0,37395929.46374607
938,kripke,8,40000,100000,1.0,375.25,375.5,0.9574271077563405,27.01847098214286,27.123660714285716,0.8028404697741989,302720.0,302720.0,0.0,355.0,355.0,0.0,233.78627232142858,234.47433035714286,3.4609437383813715,239756496.0,238504896.0,7420063.565010747
939,kripke,8,40000,1000000,0.1,354.0,354.0,0.816496580927726,17.588058035714287,17.51060267857143,0.2104938329869846,302720.0,302720.0,0.0,355.5,355.5,0.5773502691896257,7.2690625,8.108459821428571,1.9373637492894864,7015680.0,6995520.0,40320.0
940,kripke,8,40000,1000000,0.3,354.75,354.5,0.9574271077563381,17.621484375,17.688281250000003,0.3649314592346743,302720.0,302720.0,0.0,355.5,355.5,0.5773502691896257,18.80558035714286,18.849999999999998,2.2542991305607094,20200768.0,20200768.0,124966.57327995088
941,kripke,8,40000,1000000,0.5,356.5,357.0,1.7320508075688719,18.382366071428574,18.44486607142857,1.0813270746879662,302720.0,302720.0,0.0,355.75,356.0,0.4999999999999952,30.97779017857143,34.00569196428572,10.378123960599321,32539136.0,32212992.0,1066362.9733006798
942,kripke,8,40000,1000000,0.7,356.75,357.5,1.8929694486000974,18.51060267857143,18.622991071428572,0.8864389200602962,302720.0,302720.0,0.0,355.75,356.0,0.4999999999999952,39.90491071428571,41.00669642857143,6.681883869568272,44205616.0,44030336.0,911455.9999999994
943,kripke,8,40000,1000000,1.0,358.75,360.0,3.2015621187164207,19.329910714285713,19.67142857142857,1.437784027138544,302720.0,302720.0,0.0,355.75,355.5,0.9574271077563307,56.88420758928571,62.65301339285713,14.618839778472971,59776416.0,58675008.0,2908886.4240626516
944,kripke,8,200000,0,0.1,357.75,358.0,1.2583057392117898,21.075446428571432,21.195535714285718,0.8410033596773084,302720.0,302720.0,0.0,355.0,355.0,0.0,353.4994419642857,353.49888392857144,0.5767066250094061,144799200.0,153064800.0,36414126.14511023
945,kripke,8,200000,0,0.3,358.5,358.5,0.5773502691896257,21.60066964285714,21.513392857142854,0.276122657705256,302720.0,302720.0,0.0,355.0,355.0,0.0,354.0,354.0,0.0,116131904.0,110158720.0,31393789.740665764
946,kripke,8,200000,0,0.5,358.0,358.0,0.816496580927726,21.412388392857146,21.46026785714286,0.2686630052700273,302720.0,302720.0,0.0,355.0,355.0,0.0,354.0736607142857,354.0,0.1473214285714306,112318976.0,107928576.0,28194611.297191575
947,kripke,8,200000,0,0.7,360.75,358.5,4.85626742811116,23.428348214285712,21.700223214285714,3.5452430718962926,302720.0,302720.0,0.0,355.75,355.5,0.9574271077563381,354.96484375,354.9296875,0.8195184649066223,113441216.0,106640352.0,16688816.17390265
948,kripke,8,200000,0,1.0,358.0,358.0,0.0,21.78041294642857,21.863392857142856,0.48104877432203524,302720.0,302720.0,0.0,355.2248883928571,355.0,0.44977678571427604,354.75,355.0,0.4999999999999952,113244768.0,105935424.0,22190497.387768127
949,kripke,8,200000,100,0.1,358.0,358.0,1.0,20.76674107142857,20.940848214285715,0.8478895054901959,302720.0,302720.0,0.0,355.0,355.0,0.0,352.92261904761904,353.0,0.8864652154660612,116565120.0,109368000.0,29071384.070085138
950,kripke,8,200000,100,0.3,358.5,358.5,0.5773502691896257,21.912332589285715,21.889843749999997,0.6566728415601104,302720.0,302720.0,0.0,355.0,355.0,0.0,353.5,353.5,0.5773502691896257,134126496.0,130569600.0,30668357.460557856
951,kripke,8,200000,100,0.5,357.75,358.0,0.4999999999999952,21.114285714285714,21.302232142857143,0.6470501278762667,302720.0,302720.0,0.0,355.0,355.0,0.0,354.0,354.0,0.0,119218176.0,111942656.0,23994133.120962605
952,kripke,8,200000,100,0.7,357.75,357.5,0.9574271077563381,20.98599330357143,20.951116071428572,0.8789666220761789,302720.0,302720.0,0.0,355.0,355.0,0.0,354.0641741071429,354.0,0.12834821428572554,115299184.0,107341472.0,32335215.56360215
953,kripke,8,200000,100,1.0,358.5,358.5,0.5773502691896257,21.652399553571428,21.54207589285714,0.4176684004934777,302720.0,302720.0,0.0,355.0,355.0,0.0,354.25,354.0,0.5,103832736.0,100929024.0,22110233.430978335
954,kripke,8,200000,1000,0.1,358.25,358.5,0.9574271077563405,21.141685267857145,21.20658482142857,0.5360109351959199,302720.0,302720.0,0.0,355.0,355.0,0.0,347.4107142857143,348.2109375,2.167483891781175,112603680.0,102352320.0,31395265.371453702
955,kripke,8,200000,1000,0.3,357.5,357.5,0.577350269189634,20.66489955357143,20.53504464285714,0.7851575826214692,302720.0,302720.0,0.0,355.0,355.0,0.0,351.75,352.0,0.5,124521376.0,120484224.0,20594993.78488847
956,kripke,8,200000,1000,0.5,358.25,358.5,0.9574271077563381,21.24095982142857,21.620089285714286,0.8840451405970803,302720.0,302720.0,0.0,355.25,355.0,0.5000000000000047,353.25,353.5,0.9574271077563381,116232704.0,105570304.0,30030730.72645064
957,kripke,8,200000,1000,0.7,358.25,358.5,0.9574271077563381,21.133370535714285,21.256808035714286,0.7684018023483881,302720.0,302720.0,0.0,355.25,355.0,0.4999999999999952,354.0,354.0,0.816496580927726,113686608.0,105097888.0,21657951.25347154
958,kripke,8,200000,1000,1.0,358.25,358.5,0.9574271077563381,21.678906249999997,21.669866071428572,0.7464654725193121,302720.0,302720.0,0.0,355.75,356.0,0.4999999999999952,354.4799107142857,354.45982142857144,0.5551233526430506,108338496.0,98626080.0,25633289.494695134
959,kripke,8,200000,10000,0.1,357.5,357.5,0.577350269189634,20.874274553571432,20.861495535714287,0.7344819490575942,302720.0,302720.0,0.0,355.0,355.0,0.0,305.5943080357143,308.5758928571429,9.571844724976874,95996880.0,90105120.0,18231740.51943478
960,kripke,8,200000,10000,0.3,357.5,357.5,0.577350269189634,20.59302455357143,20.63973214285714,0.5085923131713217,302720.0,302720.0,0.0,355.0,355.0,0.0,333.7974330357143,335.5133928571429,5.362088916826215,120018976.0,110548928.0,28425659.12958389
961,kripke,8,200000,10000,0.5,357.5,357.5,0.5773502691896257,20.58660714285714,20.576116071428572,0.7154056046068489,302720.0,302720.0,0.0,355.0,355.0,0.0,342.94810267857144,343.5,2.0977736484823173,112720384.0,106624000.0,17943913.21792063
962,kripke,8,200000,10000,0.7,359.0,358.0,2.7080128015453147,21.809542410714286,20.927120535714284,2.4420896101445875,302720.0,302720.0,0.0,355.5,355.0,0.9999999999999952,347.01841517857144,348.0,2.0125763632877236,106114512.0,97035008.0,26543573.54688656
963,kripke,8,200000,10000,1.0,358.75,358.5,0.9574271077563381,21.70546875,21.567745535714288,1.0301027957943192,302720.0,302720.0,0.0,355.5,355.5,0.577350269189634,349.0,349.5,1.4142135623730983,111842976.0,108338496.0,17259619.9694524
964,kripke,8,200000,100000,0.1,356.0,356.5,1.4142135623730916,19.165011160714286,19.538281249999997,0.9952155784481219,302720.0,302720.0,0.0,355.0,355.0,0.0,142.60379464285714,146.59486607142856,19.24863924376216,42658560.0,41862240.0,3847445.022765108
965,kripke,8,200000,100000,0.3,356.5,356.5,0.5773502691896257,19.541350446428574,19.6015625,0.7072622369986256,302720.0,302720.0,0.0,355.0,355.0,0.0,226.24944196428572,234.0,20.499464672055552,76961024.0,72188480.0,12273473.51985237
966,kripke,8,200000,100000,0.5,356.5,357.0,1.0000000000000047,19.768582589285714,20.07444196428571,0.8328173634168662,302720.0,302720.0,0.0,355.25,355.0,0.4999999999999952,269.5334821428571,273.5,13.562082415825985,85299200.0,81485824.0,13311179.93453543
967,kripke,8,200000,100000,0.7,357.5,357.5,0.5773502691896257,20.725446428571427,20.683482142857144,0.12162331744226862,302720.0,302720.0,0.0,355.25,355.0,0.5,285.25948660714283,287.92522321428567,8.648663908739302,97140176.0,93879968.0,11615409.425707098
968,kripke,8,200000,100000,1.0,357.75,357.0,1.5,20.810714285714287,20.461160714285715,1.0711799686782877,302720.0,302720.0,0.0,355.75,356.0,0.4999999999999952,307.5,307.5,5.446711546122731,94971408.0,94220448.0,10960395.858964948
969,kripke,8,200000,1000000,0.1,354.25,354.0,1.2583057392117973,17.607198660714282,17.562276785714282,0.9308433311816242,302720.0,302720.0,0.0,355.25,355.0,0.5000000000000047,22.63052455357143,24.111049107142854,5.1248830619092995,6708240.0,6683040.0,103289.26372087275
970,kripke,8,200000,1000000,0.3,354.5,354.5,0.577350269189634,18.059486607142855,18.063839285714284,0.43559280834290465,302720.0,302720.0,0.0,355.25,355.0,0.4999999999999952,57.29001116071429,61.93046875000001,11.434882446725842,17889536.0,17619392.0,687971.2599268467
971,kripke,8,200000,1000000,0.5,356.0,356.0,0.8164965809277203,18.792466517857143,18.929799107142856,0.48809886900008564,302720.0,302720.0,0.0,355.5,355.5,0.5773502691896257,91.34079241071429,92.18158482142857,12.789166784254101,26518016.0,26442752.0,1238239.5827884036
972,kripke,8,200000,1000000,0.7,355.5,356.0,1.0,18.736886160714285,19.134263392857143,0.9115669950109133,302720.0,302720.0,0.0,355.75,356.0,0.5000000000000047,106.39168526785714,108.0,12.562355533063164,34950832.0,34705440.0,1741545.9510584273
973,kripke,8,200000,1000000,1.0,355.75,355.5,0.9574271077563381,18.684598214285714,18.57332589285714,0.5280395502562101,302720.0,302720.0,0.0,356.5,356.5,0.5773502691896257,148.75,150.5,13.961255912942311,41402928.0,41052480.0,2899104.75870052
974,kripke,8,400000,0,0.1,357.25,357.0,0.4999999999999952,20.775446428571428,20.784709821428574,0.35043623923616257,302720.0,302720.0,0.0,355.0,355.0,0.0,354.0,354.0,0.0,74082960.0,72767520.0,11287072.217010044
975,kripke,8,400000,0,0.3,357.25,357.5,0.9574271077563455,20.81099330357143,20.910267857142856,0.9547331277125244,302720.0,302720.0,0.0,355.0,355.0,0.0,354.4994419642857,354.49888392857144,0.5767066250093978,79587424.0,77351232.0,10951562.913072087
976,kripke,8,400000,0,0.5,357.6666666666667,358.0,0.5773502691896216,21.49010416666667,21.51941964285714,0.12580265522749487,302720.0,302720.0,0.0,355.0,355.0,0.0,354.8392857142857,355.0,0.27836530835926976,68306261.33333333,69443584.0,5804244.937989898
977,kripke,8,400000,0,0.7,357.75,358.0,0.4999999999999952,20.73169642857143,20.742745535714285,0.48995350973184637,302720.0,302720.0,0.0,355.25,355.0,0.5,354.88783482142856,355.0,0.22433035714286595,70287280.0,69621216.0,3668003.6113570007
978,kripke,8,400000,0,1.0,357.75,357.5,0.9574271077563405,21.29849330357143,21.354464285714286,0.3896982789094407,302720.0,302720.0,0.0,355.75,356.0,0.5000000000000047,355.0,355.0,0.0,67235952.0,65884224.0,4829381.490554665
979,kripke,8,400000,100,0.1,358.25,358.5,0.9574271077563381,21.317578125,21.465513392857147,0.6671430616513636,302720.0,302720.0,0.0,355.25,355.0,0.4999999999999952,353.75,353.5,0.9574271077563405,87721200.0,85942080.0,24540759.3881526
980,kripke,8,400000,100,0.3,358.0,358.0,0.0,21.377957589285714,21.381584821428568,0.2525266516394105,302720.0,302720.0,0.0,355.0,355.0,0.0,354.03794642857144,354.0,0.07589285714287541,76630848.0,73449152.0,14704000.717951378
981,kripke,8,400000,100,0.5,357.96875,357.9375,0.8188851669597307,20.882589285714285,20.968638392857144,0.7862304049246488,302720.0,302720.0,0.0,355.0,355.0,0.0,354.70703125,354.9140625,0.4782671017045943,67812864.0,62418944.0,12490868.169760926
982,kripke,8,400000,100,0.7,360.0,359.5,2.160246899469287,23.05814732142857,22.604241071428568,2.024255007484561,302720.0,302720.0,0.0,355.0,355.0,0.0,354.75,355.0,0.4999999999999952,59630256.0,60927328.0,18733553.795096967
983,kripke,8,400000,100,1.0,358.0,358.0,0.816496580927726,21.51244419642857,21.510267857142857,0.8668150874015569,302720.0,302720.0,0.0,355.75,356.0,0.4999999999999952,355.25,355.0,0.5000000000000047,60277056.0,58875264.0,11771464.900996476
984,kripke,8,400000,1000,0.1,358.0,358.0,0.816496580927726,21.262276785714285,21.638950892857142,0.9521189941538234,302720.0,302720.0,0.0,355.0,355.0,0.0,349.96986607142856,350.31361607142856,1.2777953727267832,77404320.0,73483200.0,15266196.883415332
985,kripke,8,400000,1000,0.3,358.5,358.0,1.0000000000000047,21.849497767857144,21.595870535714283,0.544387606530956,302720.0,302720.0,0.0,355.25,355.0,0.4999999999999952,353.5,353.5,0.577350269189634,68571552.0,65494912.0,12737386.652660377
986,kripke,8,400000,1000,0.5,358.0,357.5,1.4142135623730951,21.341629464285717,21.051339285714285,0.7739297675863428,302720.0,302720.0,0.0,355.25,355.0,0.5000000000000047,354.20591517857144,354.0,0.411830357142866,61942272.0,60361728.0,15082513.890500173
987,kripke,8,400000,1000,0.7,358.0,358.0,0.816496580927726,21.399832589285715,21.69575892857143,1.0077752042319896,302720.0,302720.0,0.0,355.5,355.5,0.577350269189634,354.5,354.5,0.577350269189634,63065744.0,58964192.0,13615634.869952705
988,kripke,8,400000,1000,1.0,357.75,357.5,0.9574271077563405,21.142801339285715,20.94921875,0.6822130066840529,302720.0,302720.0,0.0,355.25,355.0,0.5,354.75,355.0,0.5000000000000047,58424688.0,58574880.0,13266739.590621956
989,kripke,8,400000,10000,0.1,358.0,358.0,0.0,20.5766369047619,20.493080357142855,0.20839110859173726,302720.0,302720.0,0.0,355.0,355.0,0.0,313.4136904761905,315.24107142857144,6.689879734258574,80881920.0,77132160.0,12972705.452048158
990,kripke,8,400000,10000,0.3,358.0,358.0,0.8164965809277203,21.167745535714285,21.043973214285714,0.3558838252309487,302720.0,302720.0,0.0,355.0,355.0,0.0,342.0,342.0,0.8164965809277203,75130048.0,76330688.0,4259734.681390381
991,kripke,8,400000,10000,0.5,358.0,358.0,0.816496580927726,21.288448660714288,21.006138392857146,0.9069682962781032,302720.0,302720.0,0.0,355.25,355.0,0.5000000000000047,347.9994419642857,348.0,0.8174081034099141,71576064.0,71751680.0,7610173.701143664
992,kripke,8,400000,10000,0.7,357.5,357.5,0.577350269189634,20.456529017857143,20.53258928571428,0.4660869426682063,302720.0,302720.0,0.0,355.5,355.5,0.577350269189634,349.75,350.0,0.5,71374016.0,68429312.0,6804356.656419082
993,kripke,8,400000,10000,1.0,358.75,358.5,1.7078251276599261,21.848660714285714,21.484375,1.1389897186489077,302720.0,302720.0,0.0,355.5,355.5,0.577350269189634,352.25,352.5,0.9574271077563455,63180768.0,62880384.0,11200619.611660777
994,kripke,8,400000,100000,0.1,355.5,355.5,0.577350269189634,18.779017857142858,18.73292410714286,0.3437169994208925,302720.0,302720.0,0.0,355.0,355.0,0.0,163.06529017857144,166.5,10.299131553363171,38596320.0,37910880.0,2039018.9829425325
995,kripke,8,400000,100000,0.3,357.0,357.0,0.816496580927726,20.181473214285713,20.1796875,0.500833303267231,302720.0,302720.0,0.0,355.0,355.0,0.0,254.53683035714286,252.57366071428572,9.622073318596565,60016992.0,61172608.0,5922895.363576164
996,kripke,8,400000,100000,0.5,356.75,357.0,0.4999999999999952,20.153962053571426,20.39676339285714,0.6968564909142827,302720.0,302720.0,0.0,355.5,355.5,0.577350269189634,294.25,297.5,8.26135582092916,60687872.0,57602048.0,7936642.099099257
997,kripke,8,400000,100000,0.7,357.25,357.0,0.4999999999999952,20.62739955357143,20.54720982142857,0.20894887078011926,302720.0,302720.0,0.0,355.25,355.0,0.4999999999999952,312.5,312.0,3.316624790355401,59630256.0,60015872.0,4322562.591767064
998,kripke,8,400000,100000,1.0,357.25,357.0,0.5,20.724330357142858,20.740290178571428,0.7197363878204324,302720.0,302720.0,0.0,355.75,356.0,0.5000000000000047,324.75,325.0,3.304037933599827,61378464.0,60977952.0,6214392.513445542
999,kripke,8,400000,1000000,0.1,354.25,354.0,0.4999999999999952,17.67265625,17.611383928571428,0.17435017188165194,302720.0,302720.0,0.0,355.5,355.5,0.5773502691896257,29.21199776785714,29.77008928571429,7.195797689650478,6572160.0,6562080.0,140639.18088498668
1000,kripke,8,400000,1000000,0.3,355.0,355.0,0.816496580927726,18.20206473214286,18.14720982142857,0.5523361425906652,302720.0,302720.0,0.0,355.25,355.0,0.5,74.28091517857142,77.64999999999999,7.629321248946526,16868992.0,16688896.0,446556.3085002088
1001,kripke,8,400000,1000000,0.5,355.25,355.5,0.9574271077563381,18.087946428571428,18.147098214285712,0.4517532161754142,302720.0,302720.0,0.0,355.75,356.0,0.5,118.75,122.5,8.539125638299666,23783424.0,23382016.0,871002.9472403253
1002,kripke,8,400000,1000000,0.7,358.5,356.5,5.066228051190217,20.736160714285717,19.114843750000002,3.6921180898391652,302720.0,302720.0,0.0,356.25,356.0,0.4999999999999952,149.5,152.0,10.246950765959596,28921200.0,28605696.0,1370924.1831659882
1003,kripke,8,400000,1000000,1.0,356.0,356.0,0.816496580927726,18.981808035714288,18.995647321428574,0.8167746433709745,302720.0,302720.0,0.0,357.0,357.0,0.0,183.88671875,184.5,9.578038972900782,34594224.0,34444032.0,1845363.839038795
1004,kripke,8,2000000,0,0.1,359.0,359.0,0.8164965809277203,21.922154017857146,21.7375,0.9032020564888082,302720.0,302720.0,0.0,355.25,355.0,0.5000000000000047,355.0,355.0,0.0,14545440.0,12731040.0,4952211.433289172
1005,kripke,8,2000000,0,0.3,357.5,357.0,0.9999999999999952,20.663448660714288,20.63515625,0.543849269829187,302720.0,302720.0,0.0,355.5,355.5,0.5773502691896257,355.25,355.0,0.4999999999999952,13612256.0,12456640.0,2494701.009813133
1006,kripke,8,2000000,0,0.5,359.5,359.5,1.290994448735802,22.334151785714287,22.21796875,1.4270500525254333,302720.0,302720.0,0.0,355.5,355.5,0.5773502691896257,355.5,355.5,0.5773502691896257,12970496.0,12092416.0,2861205.466866486
1007,kripke,8,2000000,0,0.7,359.0,359.0,1.6329931618554578,21.869754464285716,21.740848214285712,1.082933341560303,302720.0,302720.0,0.0,357.25,357.5,1.707825127659933,357.0,357.5,1.4142135623730916,12269600.0,12269600.0,2924603.396455663
1008,kripke,8,2000000,0,1.0,358.0,358.0,0.0,21.356473214285714,21.445200892857144,0.34218980542353933,302720.0,302720.0,0.0,357.5,357.5,0.5773502691896257,357.25,357.5,0.9574271077563405,12816384.0,12816384.0,1995873.637426979
1009,kripke,8,2000000,100,0.1,360.0,359.5,2.9439202887759426,23.002566964285716,22.03716517857143,2.8787180794140124,302720.0,302720.0,0.0,355.0,355.0,0.0,355.0,355.0,0.0,12509280.0,10523520.0,4403271.98778363
1010,kripke,8,2000000,100,0.3,361.5,361.5,2.081665999466128,24.10636160714286,23.90669642857143,1.9692535301512006,302720.0,302720.0,0.0,355.75,356.0,0.5,355.75,356.0,0.5,11946368.0,10955840.0,3091890.838359379
1011,kripke,8,2000000,100,0.5,358.75,358.5,1.7078251276599345,21.65546875,21.647209821428575,1.4071951012045054,302720.0,302720.0,0.0,356.5,357.0,1.0000000000000047,356.25,356.5,0.9574271077563405,12092416.0,11088896.0,2986490.8065558593
1012,kripke,8,2000000,100,0.7,358.75,358.5,2.061552812808831,21.661104910714286,21.622544642857143,1.9785469125793202,302720.0,302720.0,0.0,357.25,357.5,1.7078251276599345,357.25,357.5,1.7078251276599345,12094320.0,11428256.0,1699643.6837439388
1013,kripke,8,2000000,100,1.0,359.25,359.0,0.4999999999999952,21.906808035714285,21.724665178571428,0.7799315937626784,302720.0,302720.0,0.0,358.5,358.5,2.886751345948129,358.25,358.5,2.5,11164272.0,10313184.0,2343223.4008527654
1014,kripke,8,2000000,1000,0.1,357.5,357.5,0.5773502691896257,20.848158482142857,20.86305803571429,0.05185185860717399,302720.0,302720.0,0.0,355.75,355.0,1.5,354.75,354.0,1.5,18587520.0,19283040.0,1697195.8350172793
1015,kripke,8,2000000,1000,0.3,359.0,358.5,1.4142135623730885,21.81478794642857,21.529799107142857,1.0912381624894387,302720.0,302720.0,0.0,356.0,356.0,0.0,355.25,355.0,0.4999999999999952,12081440.0,11496128.0,1847955.543384454
1016,kripke,8,2000000,1000,0.5,359.0,359.0,0.0,21.87818080357143,21.875558035714285,0.3004398710965379,302720.0,302720.0,0.0,356.5055803571429,356.5111607142857,0.5709793504902211,356.4319196428571,356.3638392857143,0.5109787313815546,11916800.0,11189248.0,2066983.2525378624
1017,kripke,8,2000000,1000,0.7,359.0,359.0,1.1547005383792515,21.753738839285717,21.919754464285717,0.9851934390351864,302720.0,302720.0,0.0,357.75,358.0,0.5,357.25,357.0,0.4999999999999952,12094320.0,11358144.0,1767693.9480019344
1018,kripke,8,2000000,1000,1.0,358.75,359.0,2.217355782608345,22.163783482142858,22.39542410714286,1.7510240980410456,302720.0,302720.0,0.0,357.5,357.5,1.7320508075688772,357.25,357.0,1.5000000000000016,11064144.0,10213056.0,1978214.4125164996
1019,kripke,8,2000000,10000,0.1,359.0,358.5,1.4142135623730983,21.707198660714287,21.463504464285712,1.224890847025418,302720.0,302720.0,0.0,355.25,355.0,0.4999999999999952,348.75,349.0,1.258305739211786,12761280.0,11975040.0,1933328.9342478688
1020,kripke,8,2000000,10000,0.3,357.75,358.5,2.6299556396765835,20.96010044642857,21.77254464285714,2.3588364111847215,302720.0,302720.0,0.0,356.0,356.0,0.0,353.75,354.0,0.4999999999999952,11961376.0,11045888.0,2080363.609982319
1021,kripke,8,2000000,10000,0.5,358.6666666666667,358.0,1.1547005383792557,21.425148809523808,20.999330357142856,0.9816124362469558,302720.0,302720.0,0.0,356.6666666666667,356.0,1.1547005383792557,355.6666666666667,355.0,1.1547005383792557,9600341.333333334,9734144.0,322586.5470557215
1022,kripke,8,2000000,10000,0.7,357.5,357.5,0.5773502691896257,20.607254464285717,20.60825892857143,0.6488582306490985,302720.0,302720.0,0.0,357.5,358.0,1.0000000000000047,356.5,357.0,1.0000000000000047,11323088.0,11288032.0,1385192.642321397
1023,kripke,8,2000000,10000,1.0,359.0,359.0,0.816496580927726,22.23738839285714,22.28069196428571,0.4004120242228237,302720.0,302720.0,0.0,358.5,358.5,1.2909944487358056,357.75,357.5,0.9574271077563455,11264400.0,10613568.0,2083528.712130457
1024,kripke,8,2000000,100000,0.1,358.25,358.0,1.5,21.231305803571427,21.243191964285714,1.1934224568977763,302720.0,302720.0,0.0,355.25,355.0,0.4999999999999952,300.0,303.5,9.556847457887638,11183760.0,10473120.0,1952044.3339227724
1025,kripke,8,2000000,100000,0.3,359.0,359.5,1.4142135623730885,21.98002232142857,22.0921875,1.112737498117231,302720.0,302720.0,0.0,355.5,355.5,0.5773502691896257,337.75,339.5,3.8622100754188224,10535616.0,9665152.0,2168643.0172621775
1026,kripke,8,2000000,100000,0.5,359.0,359.5,1.4142135623730916,21.641629464285714,21.782477678571425,1.3583382709541258,302720.0,302720.0,0.0,357.0,357.0,0.8164965809277203,345.0602678571429,346.4821428571429,3.4204810221727975,11590656.0,10888192.0,2472409.3531872914
1027,kripke,8,2000000,100000,0.7,361.0,360.0,4.320493798938574,24.122935267857144,22.86439732142857,4.104657505230522,302720.0,302720.0,0.0,357.25,356.5,2.8722813232690143,350.25,349.5,3.593976442141301,9780624.0,9535232.0,1575571.2407631713
1028,kripke,8,2000000,100000,1.0,360.25,360.0,0.4999999999999952,22.934598214285714,22.852120535714285,0.5868253618988967,302720.0,302720.0,0.0,358.75,359.0,2.2173557826083528,353.0,353.5,2.449489742783178,10713696.0,10513440.0,872895.6668376811
1029,kripke,8,2000000,1000000,0.1,355.3333333333333,356.0,1.1547005383792557,18.730357142857144,18.917410714285715,0.49890659903747675,302720.0,302720.0,0.0,355.6666666666667,356.0,0.5773502691896216,125.33333333333333,120.0,11.930353445448855,4643520.0,4737600.0,236253.63997195894
1030,kripke,8,2000000,1000000,0.3,357.5,358.0,1.0,20.337500000000002,20.74497767857143,1.189756306709851,302720.0,302720.0,0.0,356.25,355.5,1.8929694486000874,226.0,230.5,18.529256146249725,7819168.0,7594048.0,1064193.1412069898
1031,kripke,8,2000000,1000000,0.5,358.6666666666667,358.0,2.081665999466135,21.197247023809524,20.441741071428574,1.8530586063177072,302720.0,302720.0,0.0,358.0,358.0,1.0,266.32738095238096,268.98214285714283,18.146234336033224,9198933.333333334,8931328.0,1721653.5275941363
1032,kripke,8,2000000,1000000,0.7,358.0,358.0,0.816496580927726,20.81752232142857,20.947991071428568,0.6889502449942178,302720.0,302720.0,0.0,356.75390625,357.0,1.4983940956699595,284.5,289.0,10.408329997330657,10131184.0,9465120.0,1380452.876012313
1033,kripke,8,2000000,1000000,1.0,357.5,357.5,0.5773502691896257,20.77974330357143,20.80234375,0.5947200882643457,302720.0,302720.0,0.0,359.0,359.5,3.1622776601683715,305.25,304.5,4.349329450233296,10763760.0,10413312.0,839723.1799873098
1034,kripke,8,4000000,0,0.1,357.25,357.0,0.4999999999999952,21.00736607142857,21.048102678571425,0.8212683227164761,302720.0,302720.0,0.0,355.5,355.5,0.577350269189634,355.5,355.5,0.577350269189634,10311840.0,10221120.0,1222245.8960454725
1035,kripke,8,4000000,0,0.3,357.75,358.0,0.4999999999999952,21.07421875,21.11205357142857,0.38705354997391,302720.0,302720.0,0.0,356.0,356.0,0.816496580927726,356.0,356.0,0.816496580927726,8479520.0,8584576.0,414104.7798870876
1036,kripke,8,4000000,0,0.5,358.75,358.5,1.707825127659933,21.537276785714287,21.522209821428575,1.1307982987535212,302720.0,302720.0,0.0,357.5,357.5,2.0816659994661326,357.0,357.0,1.632993161855452,8404480.0,8529920.0,752640.0000000001
1037,kripke,8,4000000,0,0.7,357.25,357.0,1.258305739211786,20.26378348214286,20.00044642857143,1.1451455647168518,302720.0,302720.0,0.0,357.578125,357.65625,1.2597277731716554,357.0,357.5,1.4142135623731018,7501984.0,7151424.0,805525.5525481486
1038,kripke,8,4000000,0,1.0,357.5,357.5,0.577350269189634,20.673102678571432,20.514955357142856,0.6784600692812041,302720.0,302720.0,0.0,358.5,359.0,2.6457513110645925,358.25,358.5,2.75378527364305,6908832.0,7109088.0,775588.1529781125
1039,kripke,8,4000000,100,0.1,357.75,358.0,1.4999999999999984,21.36830357142857,21.56160714285714,0.9596137129891864,302720.0,302720.0,0.0,355.5,355.5,0.5773502691896257,355.25,355.0,0.5000000000000047,7817040.0,7963200.0,1584869.6521796358
1040,kripke,8,4000000,100,0.3,357.5,357.5,0.5773502691896257,20.914006696428572,21.012053571428574,0.6036021465826797,302720.0,302720.0,0.0,356.25,356.0,1.258305739211786,356.03794642857144,356.0,0.8795549264386152,7368928.0,7173824.0,624592.4998332913
1041,kripke,8,4000000,100,0.5,357.25,357.0,0.5000000000000047,20.407979910714285,20.411607142857143,0.3426434229237542,302720.0,302720.0,0.0,357.5,357.5,2.0816659994661393,357.5,357.5,2.0816659994661393,7225344.0,6723584.0,1454238.6392336024
1042,kripke,8,4000000,100,0.7,358.25,358.0,1.2583057392117973,21.44129464285714,20.86283482142857,1.2942050907042728,302720.0,302720.0,0.0,356.25,356.5,0.9574271077563381,356.2494419642857,356.49888392857144,0.9568447318418578,6976144.0,6941088.0,599037.1905917027
1043,kripke,8,4000000,100,1.0,358.5,358.5,0.5773502691896257,21.282533482142856,21.34921875,0.35950522517613787,302720.0,302720.0,0.0,358.5,358.5,2.0816659994661393,358.0,357.5,2.1602468994692803,6858768.0,6908832.0,661653.4204309685
1044,kripke,8,4000000,1000,0.1,358.0,357.5,1.4142135623731018,21.209374999999998,20.81707589285714,1.0994787260888788,302720.0,302720.0,0.0,355.75,356.0,0.5000000000000047,354.859375,355.0,0.28125,8764560.0,8739360.0,566725.5335698224
1045,kripke,8,4000000,1000,0.3,358.0,358.0,0.8164965809277203,20.671372767857143,20.657700892857143,0.20280156213954245,302720.0,302720.0,0.0,356.25,356.5,0.9574271077563381,355.75,356.0,0.4999999999999952,7924224.0,8014272.0,1112348.3049716637
1046,kripke,8,4000000,1000,0.5,357.75,357.5,0.9574271077563307,20.63197544642857,20.664174107142856,0.6389652667857095,302720.0,302720.0,0.0,357.0,357.0,0.8164965809277203,356.5,356.5,1.2909944487358056,7275520.0,7777280.0,1516389.2282040694
1047,kripke,8,4000000,1000,0.7,357.0,357.0,0.0,20.61305803571429,20.700781250000002,0.33839553197365796,302720.0,302720.0,0.0,358.25,357.5,1.8929694486000874,358.0,357.0,1.9999999999999951,7291648.0,7501984.0,472064.32682562806
1048,kripke,8,4000000,1000,1.0,358.5,358.5,0.577350269189634,21.42064732142857,21.467745535714286,0.7996632081149079,302720.0,302720.0,0.0,359.5,359.0,3.3166247903554056,359.25,359.0,3.685557397915991,7309344.0,7409472.0,888077.5992040335
1049,kripke,8,4000000,10000,0.1,357.25,357.5,0.9574271077563405,20.38191964285714,20.315625,0.35525874856679857,302720.0,302720.0,0.0,356.0,356.0,0.8164965809277203,351.48939732142856,351.0,1.007266882178444,9066960.0,9152640.0,495836.28265789506
1050,kripke,8,4000000,10000,0.3,357.25,357.0,1.2583057392117973,20.733816964285715,20.72979910714286,0.583164242036357,302720.0,302720.0,0.0,357.25,357.0,1.258305739211786,355.5,355.5,1.2909944487358056,8089312.0,8104320.0,551020.5134765855
1051,kripke,8,4000000,10000,0.5,357.75,358.0,0.5000000000000047,20.953069196428572,21.091964285714283,0.5758769197395581,302720.0,302720.0,0.0,358.5,358.5,1.2909944487358056,357.5,357.5,1.2909944487358056,7300608.0,7325696.0,701866.4124822235
1052,kripke,8,4000000,10000,0.7,358.5,358.5,0.5773502691896257,20.959375,20.97265625,0.38190405276270817,302720.0,302720.0,0.0,361.75,361.0,2.986078811194825,361.2477678571429,360.5,2.632504407148546,6870976.0,7151424.0,1195335.921874126
1053,kripke,8,4000000,10000,1.0,358.25,358.5,0.9574271077563381,21.653459821428573,21.59609375,0.7414112929971558,302720.0,302720.0,0.0,362.0,361.5,2.9439202887759537,361.5,361.0,2.5166114784235774,7309344.0,7409472.0,383461.0457817065
1054,kripke,8,4000000,100000,0.1,357.75,357.5,0.9574271077563381,20.65083705357143,20.35122767857143,0.9122192166950726,302720.0,302720.0,0.0,355.5,355.5,0.5773502691896257,317.14341517857144,317.0,5.200344332598413,7696080.0,7741440.0,989604.1390374234
1055,kripke,8,4000000,100000,0.3,357.75,357.5,0.9574271077563405,20.74458705357143,20.910937500000003,0.5841496213761155,302720.0,302720.0,0.0,357.25,357.0,1.5000000000000078,344.5,344.0,1.0000000000000047,7504000.0,7323904.0,625793.4094209261
1056,kripke,8,4000000,100000,0.5,357.75,358.0,0.4999999999999952,20.658147321428572,20.944642857142856,0.7628355861589163,302720.0,302720.0,0.0,356.75,357.0,1.258305739211786,349.0,349.5,1.4142135623730983,7702016.0,7727104.0,1063210.378158528
1057,kripke,8,4000000,100000,0.7,358.0,358.0,0.0,21.079241071428573,21.247656250000002,0.48442310354732976,302720.0,302720.0,0.0,359.25,359.5,0.9574271077563455,353.75,353.5,0.9574271077563381,7221536.0,7081312.0,652707.1986324853
1058,kripke,8,4000000,100000,1.0,358.25,358.5,0.9574271077563381,21.051618303571427,20.800892857142856,0.7454688890201732,302720.0,302720.0,0.0,359.25,358.0,4.031128874149271,355.25,354.0,4.031128874149271,7008960.0,7008960.0,517058.76865207497
1059,kripke,8,4000000,1000000,0.1,355.75,356.0,0.5000000000000047,18.735379464285714,18.794196428571432,0.6006853199100887,302720.0,302720.0,0.0,355.25,355.0,0.5000000000000047,164.25,166.5,19.311050377094112,3850560.0,3800160.0,398128.099987931
1060,kripke,8,4000000,1000000,0.3,359.75,357.0,5.500000000000004,21.869531249999998,19.8203125,4.422217430807897,302720.0,302720.0,0.0,358.25,358.0,0.5000000000000047,261.5,262.0,12.503332889007368,5808096.0,5763072.0,727642.982816894
1061,kripke,8,4000000,1000000,0.5,357.25,357.5,1.7078251276599261,20.32935267857143,20.546651785714285,1.142142030326039,302720.0,302720.0,0.0,358.5,359.5,2.3804761428476207,293.5,294.0,2.6457513110645907,6497792.0,6522880.0,378820.49262414523
1062,kripke,8,4000000,1000000,0.7,357.5,357.5,0.5773502691896257,20.58353794642857,20.55424107142857,0.45576998875719443,302720.0,302720.0,0.0,358.0,357.5,3.559026084010437,306.0,304.5,5.228129047119367,7256592.0,7431872.0,448935.8465348919
1063,kripke,8,4000000,1000000,1.0,357.5,357.5,0.577350269189634,20.81568080357143,20.878236607142856,0.13814137757566045,302720.0,302720.0,0.0,361.0,361.0,4.760952285695235,328.0,328.5,5.715476066494081,6608448.0,6508320.0,589537.7013491164
1064,laghos,8,20,5000,0.01,323.3333333333333,312.0,22.27853974867594,47.49270833333333,37.372767857142854,19.78596054807891,801311390.0,801311390.0,0.0,332.0,332.0,0.0,4.114241071428571,4.547700892857143,0.8582057273242523,114551210.66666667,114392320.0,301973.71237466007
1065,laghos,8,20,5000,0.05,311.5,311.5,2.1213203435596424,37.058482142857144,37.058482142857144,2.1588853913101738,801311390.0,801311390.0,0.0,332.0,332.0,0.0,8.487790178571428,8.487790178571428,2.0782625913481025,615354432.0,615354432.0,4174577.416789393
1066,laghos,8,20,10000,0.01,310.0,310.0,1.0,35.789136904761904,36.060267857142854,0.924079573145217,801311390.0,801311390.0,0.0,332.0,332.0,0.0,7.260848214285715,7.302321428571429,0.11752034364432687,56789674.666666664,56786688.0,27896.170155298878
1067,laghos,8,20,10000,0.05,324.0,324.0,,47.830133928571435,47.830133928571435,,801311390.0,801311390.0,,332.38169642857144,332.38169642857144,,9.454330357142856,9.454330357142856,,308522368.0,308522368.0,
1068,laghos,8,20,25000,0.01,328.0,328.0,16.97056274847714,51.39017857142857,51.39017857142857,14.605227430874109,801311390.0,801311390.0,0.0,332.0,332.0,0.0,2.4757700892857146,2.4757700892857146,0.053522301227758425,23364992.0,23364992.0,1267.1353518862932
1069,laghos,8,20,25000,0.05,315.0,313.0,5.416025603090645,39.99285714285715,38.16997767857143,5.0103406006448985,801311390.0,801311390.0,0.0,332.0,332.0,0.0,3.488002232142857,3.425100446428572,0.46630618791840756,127879136.0,127906240.0,207737.26668077603
1070,laghos,8,20,50000,0.01,323.0,327.0,12.489995996796797,47.24017857142857,50.715624999999996,10.58321921995934,801311390.0,801311390.0,0.0,332.0,332.0,0.0,1.1359055059523808,1.1724709821428572,0.06769574785324546,11792554.666666666,11791360.0,3730.3454710431233
1071,laghos,8,20,50000,0.05,310.3333333333333,311.0,1.1547005383792557,35.56860119047619,35.595982142857146,1.2439760246543994,801311390.0,801311390.0,0.0,332.0,332.0,0.0,1.5741815476190475,1.4758928571428573,0.250444749816651,64711210.666666664,64734208.0,57750.88977092399
1072,laghos,8,200,5000,0.01,322.3333333333333,328.0,12.503332889007373,46.877604166666664,52.15379464285714,11.249471745528254,801311390.0,801311390.0,0.0,332.0,332.0,0.0,6.393980654761904,7.8842187500000005,3.131930180836062,113756757.33333333,113249024.0,1087425.6052408053
1073,laghos,8,200,5000,0.05,312.0,312.0,,37.386383928571426,37.386383928571426,,801311390.0,801311390.0,,332.0,332.0,,6.345379464285714,6.345379464285714,,619311616.0,619311616.0,
1074,laghos,8,200,10000,0.01,317.3355654761905,312.0,10.119855398211909,41.62581845238095,37.15558035714286,9.196501487806165,801311390.0,801311390.0,0.0,332.0,332.0,0.0,7.711614583333334,7.9891741071428575,0.6053503119566486,56714410.666666664,56657664.0,107733.83181402771
1075,laghos,8,200,10000,0.05,311.6666666666667,311.0,1.1547005383792557,36.62433035714286,36.36674107142857,0.7921060782634657,801311390.0,801311390.0,0.0,332.0,332.0,0.0,9.58796875,8.184642857142856,2.454272637014412,308459946.6666667,309823360.0,2412895.6155767236
1076,laghos,8,200,25000,0.01,312.0,311.0,2.6457513110645907,37.05424107142858,36.471651785714286,2.2340569360280855,801311390.0,801311390.0,0.0,332.0,332.0,0.0,2.5171354166666666,2.45453125,0.3709477702491508,23368874.666666668,23376640.0,28578.514260425836
1077,laghos,8,200,25000,0.05,311.0,311.5,2.9439202887759537,36.37918526785714,36.51651785714286,2.2570244360838085,801311390.0,801311390.0,0.0,332.0,332.0,0.0,3.9489843749999998,3.8954799107142852,1.3414857191623268,127689408.0,127718976.0,549731.5978693602
1078,laghos,8,200,50000,0.01,317.0,311.0,10.392304845413264,41.796130952380956,36.669642857142854,9.309819205776177,801311390.0,801311390.0,0.0,332.0,332.0,0.0,1.4264955357142857,1.40109375,0.07856674854162583,11782400.0,11784192.0,3103.835047163428
1079,laghos,8,200,50000,0.05,318.25,316.5,6.701989754294367,43.01969866071428,41.54720982142857,5.682005601190937,801311390.0,801311390.0,0.0,332.0,332.0,0.0,2.030111607142857,2.0913504464285713,0.5152976623436767,64618400.0,64606080.0,107176.91930635065
1080,laghos,8,500,5000,0.01,311.5,311.5,0.7071067811865476,36.20524553571428,36.20524553571428,0.21797197875415264,801311390.0,801311390.0,0.0,332.0,332.0,0.0,10.964062499999999,10.964062499999999,0.3301936130005047,112165760.0,112165760.0,102637.96350278975
1081,laghos,8,500,5000,0.05,311.6666666666667,312.0,1.5275252316519452,37.17864583333333,37.46941964285714,1.149571565682097,801311390.0,801311390.0,0.0,332.0,332.0,0.0,12.664642857142857,14.852678571428575,4.941501722932245,607247872.0,602999936.0,9434838.433336737
1082,laghos,8,500,10000,0.01,331.75,334.0,15.92430008927655,54.31568080357143,56.30602678571429,13.809730035504183,801311390.0,801311390.0,0.0,332.0,332.0,0.0,8.8428125,9.385625000000001,1.2645336707693702,56505344.0,56407680.0,226686.22924209578
1083,laghos,8,500,10000,0.05,311.06026785714283,311.06026785714283,,36.61339285714286,36.61339285714286,,801311390.0,801311390.0,,332.0,332.0,,8.058370535714285,8.058370535714285,,309803648.0,309803648.0,
1084,laghos,8,500,25000,0.01,312.0,312.0,2.8284271247461903,37.52265625,37.52265625,1.327561414410723,801311390.0,801311390.0,0.0,332.0,332.0,0.0,2.350970982142857,2.350970982142857,0.00904402200044357,23381120.0,23381120.0,1267.1353518862932
1085,laghos,8,500,25000,0.05,319.3333333333333,323.0,9.073771725877469,43.70453869047619,46.60848214285714,7.700269126957684,801311390.0,801311390.0,0.0,332.0,332.0,0.0,4.758489583333334,4.748794642857143,0.025706653572437163,127349376.0,127359232.0,17071.092759398856
1086,laghos,8,500,50000,0.01,311.75,312.0,2.061552812808831,37.07678571428572,37.34520089285714,2.0933724292135807,801311390.0,801311390.0,0.0,332.0,332.0,0.0,1.6167047991071428,1.7650892857142857,0.3526809238090956,11776128.0,11769856.0,13764.613180180708
1087,laghos,8,500,50000,0.05,330.3333333333333,324.0,21.221058723196013,53.545982142857135,47.627678571428575,19.087615359139377,801311390.0,801311390.0,0.0,332.0,332.0,0.0,2.4869419642857142,2.419642857142857,0.15636820943030597,64530517.333333336,64546944.0,28451.82126566422
1088,laghos,8,1000,5000,0.01,319.5,319.5,14.849242404917497,44.15145089285714,44.15145089285714,14.179227162476222,801311390.0,801311390.0,0.0,332.0,332.0,0.0,9.090736607142858,9.090736607142858,7.685208991686202,112805504.0,112805504.0,2685059.810647055
1089,laghos,8,1000,5000,0.05,313.5,313.5,3.5355339059327378,38.76339285714286,38.76339285714286,2.681007987775607,801311390.0,801311390.0,0.0,332.0,332.0,0.0,14.783482142857146,14.783482142857146,5.751871723214327,603231552.0,603231552.0,10990498.474585764
1090,laghos,8,1000,10000,0.01,320.25,319.5,10.242883708539628,44.553236607142864,43.922879464285714,9.105157336555596,801311390.0,801311390.0,0.0,332.0,332.0,0.0,9.747315848214285,10.543381696428572,1.6477191878656627,56348544.0,56201600.0,296904.71209463757
1091,laghos,8,1000,10000,0.05,319.0,316.0,7.937253933193772,43.819568452380956,40.95200892857143,6.693574698170023,801311390.0,801311390.0,0.0,332.0,332.0,0.0,13.045349702380951,13.619196428571428,2.6701483409641815,305082624.0,304619392.0,2569431.034444785
1092,laghos,8,1000,25000,0.01,312.0,311.0,1.7320508075688772,36.86815476190476,35.93616071428571,1.8508825784535905,801311390.0,801311390.0,0.0,332.0,332.0,0.0,3.2169866071428572,2.614866071428571,1.099753981785021,23319296.0,23362304.0,80779.25753558273
1093,laghos,8,1000,25000,0.05,315.0,312.5,6.782329983125273,39.74174107142857,37.54017857142857,6.087799199534781,801311390.0,801311390.0,0.0,332.0,332.0,0.0,4.429821428571429,3.9650669642857146,1.018445233819391,127507072.0,127694336.0,395224.3710704074
1094,laghos,8,1000,50000,0.01,312.0,312.0,2.0,37.0921130952381,36.9546875,0.9637384859425159,801311390.0,801311390.0,0.0,332.0,332.0,0.0,1.1422633928571428,1.1418147321428571,0.036771026142334975,11794944.0,11794944.0,0.0
1095,laghos,8,1000,50000,0.05,316.3333333333333,312.0,8.386497083606079,40.910267857142856,37.213169642857146,7.456655071071195,801311390.0,801311390.0,0.0,332.0,332.0,0.0,2.5651488095238095,2.8678125,0.5791593104513131,64510805.333333336,64458240.0,108565.23062810258
1096,laghos,8,2000,0,0.3,352.0,351.0,7.483314773547876,77.15731026785714,75.43537946428572,7.879749593038401,801311390.0,801311390.0,0.0,332.02734375,332.0,0.0546875,327.82700892857144,328.74888392857144,1.9022332254888867,561329216.0,413050176.0,325647288.1379646
1097,laghos,8,2000,0,0.5,357.3333333333333,362.0,12.662279942148391,82.72671130952381,86.84776785714287,12.116451636011032,801311390.0,801311390.0,0.0,332.01785714285717,332.01785714285717,0.017857142857124586,329.328125,329.0,0.5683291712335379,422348117.3333333,482693120.0,113946252.93022245
1098,laghos,8,2000,0,0.7,339.25,337.0,14.614490525958578,64.31752232142857,62.53582589285713,14.326198252510792,801311390.0,801311390.0,0.0,332.0022321428571,332.0,0.004464285714287068,329.81529017857144,329.75669642857144,0.12181550254934342,334294016.0,306529664.0,58465393.049416356
1099,laghos,8,2000,0,1.0,338.5,337.0,7.54983443527075,63.731696428571425,62.84832589285714,7.454430164516037,801311390.0,801311390.0,0.0,332.0,332.0,0.0,329.27622767857144,329.28236607142856,0.24862354252169933,421538880.0,421138368.0,26142933.13003604
1100,laghos,8,2000,100,0.3,394.8002232142857,373.60044642857144,47.60266599386117,120.32460937500001,99.21685267857143,48.2610678792346,801311390.0,801311390.0,0.0,332.0,332.0,0.0,327.23325892857144,327.0546875,2.5396126268240176,504869120.0,504418880.0,268088264.29369882
1101,laghos,8,2000,100,0.5,395.51283482142856,383.0,44.125007466634685,121.32996651785714,108.80513392857142,44.278646132728404,801311390.0,801311390.0,0.0,332.0,332.0,0.0,329.18638392857144,329.3727678571429,0.8975647842832922,367438848.0,343705600.0,133913455.40274358
1102,laghos,8,2000,100,0.7,402.0,369.0,59.77457653551382,127.57931547619047,93.38080357142857,61.15652234287366,801311390.0,801311390.0,0.0,332.0,332.0,0.0,329.6547619047619,329.9642857142857,0.5673215503544676,347428330.6666667,354486272.0,56073179.70313598
1103,laghos,8,2000,100,1.0,383.0,372.0,41.20679555607303,108.54375,97.18895089285715,41.61751233580762,801311390.0,801311390.0,0.0,332.0,332.0,0.0,328.9771205357143,329.0,0.04878053590789457,404166672.0,402614688.0,9283149.065092944
1104,laghos,8,2000,1000,0.3,354.3333333333333,346.0,31.342197327777352,79.70267857142858,69.42053571428572,31.839717595946176,801311390.0,801311390.0,0.0,332.0,332.0,0.0,318.0342261904762,318.74776785714283,6.714877982719444,556676736.0,519576960.0,286359832.42288023
1105,laghos,8,2000,1000,0.5,357.2600446428571,343.5,46.4886982426233,82.96322544642858,68.80948660714286,47.02124667308359,801311390.0,801311390.0,0.0,332.0,332.0,0.0,327.07924107142856,326.984375,0.6832970535675631,274788864.0,276419584.0,34334893.33846294
1106,laghos,8,2000,1000,0.7,358.5,362.5,37.063009411901064,84.03091517857143,87.55301339285714,37.36782344118441,801311390.0,801311390.0,0.0,332.0,332.0,0.0,326.56863839285717,326.87611607142856,1.0973419139060951,377658288.0,351261120.0,96706477.30083115
1107,laghos,8,2000,1000,1.0,384.0,382.0,52.313159593611495,110.18627232142858,108.21316964285714,53.13095004116388,801311390.0,801311390.0,0.0,332.0,332.0,0.0,326.99609375,326.9977678571429,0.005274347797166045,404817504.0,395505600.0,20691074.273073014
1108,laghos,8,2000,10000,0.1,348.5,345.0,21.205345238091894,73.24056919642857,69.83102678571429,21.587590586465083,801311390.0,801311390.0,0.0,332.0,332.0,0.0,35.059765625,31.944531249999997,7.77851821765784,577261440.0,583359840.0,15209790.349324346
1109,laghos,8,2000,10000,0.3,352.75,334.5,43.622433066791075,78.35970982142858,59.87611607142858,43.83388159424728,801311390.0,801311390.0,0.0,332.0,332.0,0.0,256.43638392857144,253.74553571428572,26.828499961721842,427217728.0,441715456.0,152661533.3783433
1110,laghos,8,2000,10000,0.5,346.5,338.5,30.490435658853205,71.28504464285714,62.183705357142856,30.437612561275653,801311390.0,801311390.0,0.0,332.0,332.0,0.0,294.40513392857144,298.5569196428571,10.00823900934292,349425664.0,311091200.0,93201889.6107622
1111,laghos,8,2000,10000,0.7,348.5,329.5,46.13386319541572,74.35496651785715,54.96875,46.92951050656742,801311390.0,801311390.0,0.0,332.0,332.0,0.0,307.5825892857143,306.98883928571433,1.9928398416747553,306214160.0,313681088.0,24473641.17331962
1112,laghos,8,2000,10000,1.0,351.25,339.5,35.387144558441,76.79263392857142,65.5265625,35.60390784422445,801311390.0,801311390.0,0.0,332.0,332.0,0.0,310.6875,310.9029017857143,0.45885604276798425,371424816.0,367169376.0,9401907.235116076
1113,laghos,8,2000,100000,0.1,326.0,324.0,4.358898943540674,51.5282738095238,50.17120535714285,4.4864670283588115,801311390.0,801311390.0,0.0,332.0,332.0,0.0,3.0362276785714286,2.9428124999999996,0.2994497978981723,66064320.0,66084480.0,53338.34643106215
1114,laghos,8,2000,100000,0.3,342.5,344.0,10.472185381603339,67.47047991071429,69.53638392857144,10.806236982962666,801311390.0,801311390.0,0.0,332.0,332.0,0.0,72.97885044642858,69.95301339285714,17.84148322522059,154597408.0,156413376.0,10638530.304446885
1115,laghos,8,2000,100000,0.5,337.5,338.5,12.871156384205214,62.93141741071428,64.24765625,13.068241484335156,801311390.0,801311390.0,0.0,332.0,332.0,0.0,165.25111607142856,175.5,24.33715020257018,166107648.0,156047360.0,24332049.193340376
1116,laghos,8,2000,100000,0.7,342.25,339.5,14.930394055974098,67.551953125,64.80212053571428,14.804927013385507,801311390.0,801311390.0,0.0,332.0,332.0,0.0,190.13225446428572,193.5,24.16904800855757,196909552.0,192106880.0,33676611.67492763
1117,laghos,8,2000,100000,1.0,349.25,334.0,33.380383460949034,74.60452008928571,59.331026785714286,33.9049913156952,801311390.0,801311390.0,0.0,332.0,332.0,0.0,215.48604910714286,213.04241071428572,7.1681926920916075,230444592.0,235100544.0,14221818.68830228
1118,laghos,8,2000,1000000,0.1,343.0,343.5,2.4494897427831703,67.82600446428572,67.41495535714284,2.6295529162088043,801311390.0,801311390.0,0.0,333.0,333.0,0.0,0.5855033482142857,0.5961194196428572,0.07466957289412479,6693120.0,6693120.0,0.0
1119,laghos,8,2000,1000000,0.3,342.75,343.5,9.776672917374976,68.05507812500001,67.94799107142858,9.73089888936885,801311390.0,801311390.0,0.0,332.75,333.0,0.5,15.801060267857144,13.302120535714284,6.906910827379274,19015136.0,19150208.0,411193.63813496294
1120,laghos,8,2000,1000000,0.5,344.34095982142856,337.5,22.060168319939798,69.91590401785714,63.10859375,22.06257440642429,801311390.0,801311390.0,0.0,332.5,332.5,0.5773502691896257,32.029241071428565,33.33549107142857,9.81809524400453,30130688.0,29955072.0,994700.4441378319
1121,laghos,8,2000,1000000,0.7,341.72377232142856,345.0,12.141839009832221,66.70412946428571,69.53392857142856,11.706831045427952,801311390.0,801311390.0,0.0,332.25,332.0,0.5000000000000047,46.04481026785714,44.850223214285705,11.47770843368013,40104064.0,40244288.0,1647259.0216137844
1122,laghos,8,2000,1000000,1.0,337.25,337.5,11.5,62.568749999999994,62.857142857142854,11.78805802391474,801311390.0,801311390.0,0.0,332.25,332.0,0.5000000000000047,64.38018973214287,64.9513392857143,3.9281858339201476,53568480.0,53468352.0,825676.6401636902
1123,laghos,8,4000,0,0.3,364.3333333333333,367.0,15.176736583776288,89.41636904761906,93.57299107142856,14.234667017318534,801311390.0,801311390.0,0.0,332.0,332.0,0.0,326.4732142857143,327.11830357142856,1.2670846961557785,586012373.3333334,415901696.0,296045154.74372905
1124,laghos,8,4000,0,0.5,380.5736607142857,383.14732142857144,24.35234248600528,106.21501116071428,109.35044642857142,24.461676305603678,801311390.0,801311390.0,0.0,332.0,332.0,0.0,327.546875,327.62053571428567,0.42039414764093136,507028480.0,433570816.0,183614956.8911744
1125,laghos,8,4000,0,0.7,389.0,391.0,17.625738755203038,114.09441964285715,115.65546875000001,18.515369364283394,801311390.0,801311390.0,0.0,332.0,332.0,0.0,328.3415178571429,328.1875,0.46596750688701155,473571504.0,495551616.0,76586045.51552975
1126,laghos,8,4000,0,1.0,384.2092633928571,385.5,23.214024607548872,109.64938616071429,111.72287946428571,24.366570331640744,801311390.0,801311390.0,0.0,332.0,332.0,0.0,328.46986607142856,328.5580357142857,0.5297300309766416,491728608.0,490827456.0,14154100.124322422
1127,laghos,8,4000,100,0.1,465.0,465.0,11.313708498984761,186.71986607142858,186.71986607142858,12.893650213198452,801311390.0,801311390.0,0.0,332.0,332.0,0.0,287.62946428571433,287.62946428571433,4.261581047329625,2487834720.0,2487834720.0,226701601.88678685
1128,laghos,8,4000,100,0.3,410.6666666666667,417.0,12.741009902410925,135.75669642857144,140.51339285714286,11.240735671330274,801311390.0,801311390.0,0.0,332.0,332.0,0.0,320.43973214285717,322.1205357142857,2.9499834818263553,1065688064.0,994430080.0,132465243.29256558
1129,laghos,8,4000,100,0.5,407.0,416.0,20.816659994661325,133.41255580357142,142.99665178571428,21.13273582061594,801311390.0,801311390.0,0.0,332.0,332.0,0.0,324.44363839285717,324.81361607142856,1.7662794477841643,740146176.0,749579264.0,155310242.17094454
1130,laghos,8,4000,100,0.7,424.0,422.0,4.358898943540674,150.34747023809524,149.09375,3.789455707120585,801311390.0,801311390.0,0.0,332.0,332.0,0.0,326.5907738095238,326.2924107142857,1.1923954488156532,594082346.6666666,591605056.0,65729965.723013304
1131,laghos,8,4000,100,1.0,420.75,420.0,24.770614310778267,146.37555803571428,146.22544642857144,23.290312375179855,801311390.0,801311390.0,0.0,332.0,332.0,0.0,327.69642857142856,327.8080357142857,0.39508298017570087,506447424.0,524470464.0,47832826.94671014
1132,laghos,8,4000,1000,0.3,404.3333333333333,407.0,12.22020185321558,130.79315476190476,133.61160714285714,12.847828489421907,801311390.0,801311390.0,0.0,332.0,332.0,0.0,303.7001488095238,300.6517857142857,17.42326189531714,1018582954.6666666,1126740608.0,645007544.154951
1133,laghos,8,4000,1000,0.5,409.0,401.0,16.673332000533073,134.86886160714286,127.57142857142857,15.993866387078919,801311390.0,801311390.0,0.0,332.0,332.0,0.0,317.28013392857144,316.7712053571429,4.504642182586032,749654528.0,771506176.0,234079171.27484307
1134,laghos,8,4000,1000,0.7,402.5122767857143,413.5,28.00551086111724,128.81986607142858,139.82589285714286,27.762212904628587,801311390.0,801311390.0,0.0,332.0,332.0,0.0,323.4196428571429,323.46875,1.861655317978917,524192368.0,524437760.0,128324261.6971622
1135,laghos,8,4000,1000,1.0,401.25,405.0,27.801378862687127,126.3587611607143,131.73772321428572,27.607294719548378,801311390.0,801311390.0,0.0,332.0,332.0,0.0,325.6138392857143,325.63616071428567,0.44754325124472294,492429504.0,487623360.0,19962084.87464974
1136,laghos,8,4000,10000,0.1,400.75,393.5,28.998563182796953,124.70909598214286,119.44754464285714,26.13885960997943,801311390.0,801311390.0,0.0,332.0,332.0,0.0,59.188671875,58.69620535714286,2.9416857309902293,528751440.0,528847200.0,5377882.320467788
1137,laghos,8,4000,10000,0.3,374.6666666666667,376.0,5.131601439446878,101.03630952380952,102.11964285714285,5.219827529396882,801311390.0,801311390.0,0.0,332.0,332.0,0.0,267.7395833333333,263.74330357142856,8.380782517862746,355969749.3333333,377841408.0,46066662.6056939
1138,laghos,8,4000,10000,0.5,390.0083705357143,395.5,15.041469874242944,116.34391741071428,121.37276785714286,15.508572353335293,801311390.0,801311390.0,0.0,332.0,332.0,0.0,260.95033482142856,260.6361607142857,22.407329456413983,644034048.0,650381312.0,201047234.40178713
1139,laghos,8,4000,10000,0.7,395.5078125,399.015625,32.27179874349469,121.132421875,125.81473214285714,31.319028720910634,801311390.0,801311390.0,0.0,332.0,332.0,0.0,295.5747767857143,295.11830357142856,12.379414445424542,447770288.0,452432736.0,158402953.02364564
1140,laghos,8,4000,10000,1.0,388.25,394.5,21.203380233664,114.64866071428571,121.10267857142857,21.138156815949696,801311390.0,801311390.0,0.0,332.0,332.0,0.0,306.86049107142856,308.125,3.31241501503419,429899568.0,403716096.0,67223083.7365561
1141,laghos,8,4000,100000,0.1,366.3333333333333,367.0,15.011106998930263,92.41748511904763,93.12165178571429,15.359655418834308,801311390.0,801311390.0,0.0,332.0,332.0,0.0,5.842380952380952,5.460691964285714,1.2045356663225815,65466240.0,65520000.0,206906.17003849836
1142,laghos,8,4000,100000,0.3,367.6666666666667,369.0,7.094598884597586,93.14241071428573,95.64620535714286,5.932875133031927,801311390.0,801311390.0,0.0,332.0,332.0,0.0,93.76703869047618,100.06964285714285,29.884709716462687,141955669.33333334,138013568.0,17947091.59282822
1143,laghos,8,4000,100000,0.5,375.75,379.5,33.05929017185134,101.27606026785715,103.99553571428572,32.86881620708192,801311390.0,801311390.0,0.0,332.0,332.0,0.0,100.046875,99.83604910714287,20.509580364763195,230659072.0,231110656.0,20596458.573584862
1144,laghos,8,4000,100000,0.7,385.5,386.5,19.226717521892983,111.52600446428572,112.93392857142858,19.62154604357059,801311390.0,801311390.0,0.0,332.0,332.0,0.0,169.64787946428572,163.24553571428572,30.283294519373975,224673904.0,233823520.0,42144777.50838146
1145,laghos,8,4000,100000,1.0,376.3822544642857,376.76450892857144,10.62536879346329,102.333984375,102.33325892857144,11.058336596463569,801311390.0,801311390.0,0.0,332.0,332.0,0.0,204.78180803571428,204.9609375,6.595897760267189,250720512.0,250320000.0,13516909.150468387
1146,laghos,8,4000,1000000,0.1,362.75,355.0,21.013884299037464,88.95345982142857,81.31316964285713,20.986774743227077,801311390.0,801311390.0,0.0,332.0,332.0,0.0,0.9475518973214285,0.9230468749999999,0.07543475568281148,6672960.0,6672960.0,0.0
1147,laghos,8,4000,1000000,0.3,373.75,378.5,14.174507634012084,100.0220982142857,105.13303571428571,14.630369191737563,801311390.0,801311390.0,0.0,332.75,333.0,0.4999999999999952,11.85493861607143,9.88966517857143,5.078324713346991,19240256.0,19360320.0,304135.8023690514
1148,laghos,8,4000,1000000,0.5,369.6666666666667,370.0,5.507570547286109,95.14992559523809,96.15200892857142,4.397202054519393,801311390.0,801311390.0,0.0,333.0,333.0,0.0,20.84546130952381,21.336160714285718,2.0445398047629206,31276373.333333332,31209472.0,208899.34637842496
1149,laghos,8,4000,1000000,0.7,371.7633928571429,366.5,15.309431526512222,98.24787946428572,92.84609375000001,16.057858710338948,801311390.0,801311390.0,0.0,332.0,332.0,0.0,41.88928571428571,39.35736607142857,13.726066763196716,40664960.0,41015520.0,1932854.4522130985
1150,laghos,8,4000,1000000,1.0,374.83091517857144,369.1618303571429,18.912504093543557,100.83041294642858,95.12388392857144,19.147825956446976,801311390.0,801311390.0,0.0,332.5,332.5,0.5773502691896257,54.703013392857144,51.76316964285714,8.752609558140252,55571040.0,56171808.0,1703157.364163394
1151,laghos,8,20000,0,0.1,444.0,444.0,,166.04017857142858,166.04017857142858,,801311390.0,801311390.0,,332.0,332.0,,323.99776785714283,323.99776785714283,,804706560.0,804706560.0,
1152,laghos,8,20000,0,0.3,405.33779761904765,402.0,11.379940069262954,132.46949404761904,129.04464285714286,11.465072398858869,801311390.0,801311390.0,0.0,332.0,332.0,0.0,321.3638392857143,321.1674107142857,1.483003192642459,981963434.6666666,992148864.0,125746626.50816022
1153,laghos,8,20000,0,0.5,423.0,423.0,12.727922061357855,141.14174107142856,141.14174107142856,12.265461599555033,801311390.0,801311390.0,0.0,332.07700892857144,332.07700892857144,0.1089070712094979,319.60825892857144,319.60825892857144,0.20676559896301627,1382047744.0,1382047744.0,9792421.999377273
1154,laghos,8,20000,0,0.7,417.6339285714286,412.0,16.29664371277166,142.1860119047619,138.69866071428572,13.062633945684848,801311390.0,801311390.0,0.0,332.0,332.0,0.0,322.67782738095235,322.5357142857143,0.2776514159513119,1002741824.0,1008350784.0,27357698.80635548
1155,laghos,8,20000,0,1.0,420.3333333333333,416.0,33.70954365359066,144.81324404761904,142.609375,30.53515374294057,801311390.0,801311390.0,0.0,332.0,332.0,0.0,323.375,323.4732142857143,1.71193570324378,1095266816.0,1083785472.0,177305324.94241443
1156,laghos,8,20000,100,0.1,388.0,388.0,4.242640687119285,114.98214285714286,114.98214285714286,4.621447891326364,801311390.0,801311390.0,0.0,332.0,332.0,0.0,310.8515625,310.8515625,2.0597641728760037,1172031840.0,1172031840.0,120271735.84347737
1157,laghos,8,20000,100,0.3,426.6666666666667,435.0,21.73323108360406,151.97172619047618,156.74107142857142,20.940405074377047,801311390.0,801311390.0,0.0,332.0,332.0,0.0,319.2313988095238,320.64955357142856,2.553580534033017,965254528.0,895077120.0,167693920.04818836
1158,laghos,8,20000,100,0.5,438.0,436.0,38.03945320322047,161.5766369047619,153.12946428571428,39.069344192076706,801311390.0,801311390.0,0.0,332.0,332.0,0.0,320.1733630952381,319.0200892857143,2.642450210486851,1072328021.3333334,1202216960.0,242741227.18179327
1159,laghos,8,20000,100,0.7,397.0,400.0,16.083117442419756,123.62271205357142,126.93415178571428,16.4139756574938,801311390.0,801311390.0,0.0,332.0,332.0,0.0,317.8744419642857,317.67299107142856,0.54330979216907,1324626016.0,1342995360.0,57448331.29608005
1160,laghos,8,20000,100,1.0,426.0,426.5,15.383974345619107,149.76116071428572,149.57700892857144,14.57881030290201,801311390.0,801311390.0,0.0,332.0,332.0,0.0,322.29129464285717,322.5033482142857,2.2615433559566327,1160633712.0,1177104768.0,264188362.06101665
1161,laghos,8,20000,1000,0.1,402.0,402.0,,124.56696428571429,124.56696428571429,,801311390.0,801311390.0,,332.0,332.0,,277.86160714285717,277.86160714285717,,858614400.0,858614400.0,
1162,laghos,8,20000,1000,0.3,403.0,398.0,30.805843601498726,129.4965029761905,124.74330357142857,31.07264158296275,801311390.0,801311390.0,0.0,332.0,332.0,0.0,299.6480654761905,295.64732142857144,7.141235283690056,1091041578.6666667,1228314752.0,242092036.65975794
1163,laghos,8,20000,1000,0.5,442.33184523809524,448.9955357142857,26.632753858207273,164.54910714285714,170.41071428571428,30.838088515412856,801311390.0,801311390.0,0.0,332.0,332.0,0.0,312.22842261904765,314.9017857142857,5.235084732064219,987865088.0,870955008.0,261862213.03709427
1164,laghos,8,20000,1000,0.7,419.5,419.5,3.5355339059327378,138.73549107142856,138.73549107142856,5.064967992918821,801311390.0,801311390.0,0.0,332.0,332.0,0.0,312.5569196428571,312.5569196428571,1.1790374230945593,1201158784.0,1201158784.0,84280340.09233707
1165,laghos,8,20000,1000,1.0,421.11011904761904,430.33035714285717,30.56157052410202,145.8296130952381,150.46205357142858,30.627722160532468,801311390.0,801311390.0,0.0,332.0,332.0,0.0,319.08779761904765,318.0,2.4990923628750363,1021038592.0,1134450240.0,209045811.4664203
1166,laghos,8,20000,10000,0.1,387.75,403.0,31.85775677392661,112.80569196428571,127.29464285714286,31.219976575324537,801311390.0,801311390.0,0.0,332.0,332.0,0.0,136.52455357142856,141.85714285714286,19.8217659874488,379380960.0,369129600.0,38436961.39965281
1167,laghos,8,20000,10000,0.3,391.75,380.0,26.28529373369578,117.79274553571429,104.97857142857143,27.014856178481534,801311390.0,801311390.0,0.0,332.0,332.0,0.0,212.75223214285714,209.68861607142856,16.411371791228802,666115072.0,682864000.0,90853918.41492353
1168,laghos,8,20000,10000,0.5,413.3333333333333,389.0,67.85523806850384,138.98251488095238,115.73660714285714,66.46319553727353,801311390.0,801311390.0,0.0,332.0,332.0,0.0,246.45238095238096,248.12946428571428,16.481529993958443,781374122.6666666,766087168.0,148660042.87052023
1169,laghos,8,20000,10000,0.7,401.25,399.5,23.683679331275087,128.03627232142858,126.14285714285714,23.64991066067577,801311390.0,801311390.0,0.0,332.0,332.0,0.0,260.2885044642857,259.7388392857143,11.05180107475883,890702848.0,897784160.0,137918507.8461438
1170,laghos,8,20000,10000,1.0,429.73939732142856,429.9787946428571,35.14266316134755,154.45089285714286,154.30245535714286,33.033998256186806,801311390.0,801311390.0,0.0,332.0,332.0,0.0,279.59598214285717,280.65625,12.415479424147108,911715504.0,891940224.0,213011230.3294393
1171,laghos,8,20000,100000,0.1,374.7522321428571,380.0044642857143,19.61948335386802,99.74927455357142,105.02220982142856,19.489399125464345,801311390.0,801311390.0,0.0,332.0,332.0,0.0,23.537053571428572,23.617410714285718,3.555106326245671,61961760.0,61941600.0,713808.2566067725
1172,laghos,8,20000,100000,0.3,363.0,349.0,26.888659319497503,88.47924107142858,74.25625000000001,27.766326533413746,801311390.0,801311390.0,0.0,332.0,332.0,0.0,58.76956845238095,44.489062499999996,25.019264374286937,162866816.0,171331328.0,14869406.533665828
1173,laghos,8,20000,100000,0.5,376.0,380.5,20.768565991260292,102.21272321428572,107.17745535714286,20.658052836989196,801311390.0,801311390.0,0.0,332.0,332.0,0.0,85.12600446428571,85.54352678571428,14.193392833810345,245360640.0,244909056.0,14045217.545988904
1174,laghos,8,20000,100000,0.7,390.3333333333333,402.0,27.428695436227613,114.43422619047618,124.37276785714286,27.454788816465868,801311390.0,801311390.0,0.0,332.0,332.0,0.0,106.42819940476191,114.0,16.699044880022367,312559296.0,302322944.0,23019382.995054927
1175,laghos,8,20000,100000,1.0,387.6666666666667,370.0,35.92121007612819,112.85416666666667,96.52589285714286,36.50167160448058,801311390.0,801311390.0,0.0,332.0,332.0,0.0,127.87425595238096,118.0,25.655698108038695,403115328.0,422740416.0,50789280.297496475
1176,laghos,8,20000,1000000,0.1,356.0,356.0,17.907168024751048,82.01813616071428,81.42857142857142,17.942317486747573,801311390.0,801311390.0,0.0,333.0,333.0,0.0,2.6126674107142858,2.5722879464285713,0.16815961707460883,6652800.0,6652800.0,0.0
1177,laghos,8,20000,1000000,0.3,369.0,371.5,18.708286933869708,95.04475446428572,97.22566964285714,19.148808630322105,801311390.0,801311390.0,0.0,332.5,332.5,0.5773502691896257,7.750680803571427,7.903325892857142,0.669125746891663,19480384.0,19480384.0,34659.49135999161
1178,laghos,8,20000,1000000,0.5,368.3264508928571,367.6529017857143,11.77880591728327,93.46707589285714,92.29497767857143,12.388270104094754,801311390.0,801311390.0,0.0,332.5,332.5,0.577350269189634,12.268470982142857,12.700223214285716,1.6697590098281125,32112640.0,32062464.0,141919.15941126485
1179,laghos,8,20000,1000000,0.7,368.0,373.5,23.366642891095847,93.86618303571429,99.40636160714286,23.802482348259964,801311390.0,801311390.0,0.0,332.625,332.75,0.4787135538781616,15.854129464285714,16.251339285714288,3.088803838669379,44345840.0,44310784.0,418719.91522098234
1180,laghos,8,20000,1000000,1.0,362.5,365.0,22.869193252058544,87.95463169642858,91.18649553571429,22.929062731868868,801311390.0,801311390.0,0.0,332.25,332.0,0.4999999999999952,22.406473214285715,22.008370535714285,4.150590653818246,61979232.0,62079360.0,825676.6401636902
1181,laghos,8,40000,0,0.1,418.5,423.0,25.15949125081825,142.41908482142856,146.02678571428572,23.56069340729969,801311390.0,801311390.0,0.0,332.0,332.0,0.0,327.0775669642857,327.0055803571429,0.6993447012268843,452884320.0,467339040.0,48299877.87114994
1182,laghos,8,40000,0,0.3,460.5,460.5,40.30508652763321,182.65401785714283,182.65401785714283,42.63475083350676,801311390.0,801311390.0,0.0,332.0,332.0,0.0,327.5,327.5,0.7071067811865476,436072448.0,436072448.0,79379694.11891684
1183,laghos,8,40000,0,0.5,445.27455357142856,444.0491071428571,26.012538854712783,169.33203125,164.97321428571428,26.269114582004605,801311390.0,801311390.0,0.0,332.0,332.0,0.0,327.3515625,327.25,0.43852187207899523,512547840.0,505322496.0,35854418.16010845
1184,laghos,8,40000,0,0.7,426.3333333333333,424.0,20.59935274064051,153.2797619047619,150.8125,20.577752286796652,801311390.0,801311390.0,0.0,332.0,332.0,0.0,326.75223214285717,326.72098214285717,0.1916525708363119,554819626.6666666,553884800.0,9849010.07893347
1185,laghos,8,40000,0,1.0,456.0,451.5,17.64464035715472,177.25111607142856,172.75892857142856,17.926470751247834,801311390.0,801311390.0,0.0,332.0,332.0,0.0,328.31361607142856,328.3694196428571,0.23398493618477323,507398640.0,500039232.0,18535222.695581082
1186,laghos,8,40000,100,0.1,413.5,421.0,16.44181660685137,140.31808035714286,147.99888392857144,16.709957644588744,801311390.0,801311390.0,0.0,332.0,332.0,0.0,322.11160714285717,322.0256696428571,0.5737576928403925,498718080.0,499484160.0,29684160.69855437
1187,laghos,8,40000,100,0.3,441.0,453.0,29.586032740692577,163.37890625,173.87611607142856,27.35381176484195,801311390.0,801311390.0,0.0,332.0,332.0,0.0,324.46484375,324.61049107142856,1.4222684322903203,555626176.0,554005312.0,98235423.93708979
1188,laghos,8,40000,100,0.5,438.25,437.5,6.130524719249841,163.07979910714286,163.40625,3.8715441128694787,801311390.0,801311390.0,0.0,332.25,332.0,0.5000000000000047,326.02232142857144,326.46763392857144,1.313298216540998,546767872.0,521178112.0,120244883.06168348
1189,laghos,8,40000,100,0.7,447.6666666666667,453.0,10.115993936995674,170.1421130952381,173.328125,6.642569618233468,801311390.0,801311390.0,0.0,332.0,332.0,0.0,325.8526785714286,326.0,1.227629869163863,598008618.6666666,599457600.0,109171596.09659335
1190,laghos,8,40000,100,1.0,446.25,447.5,19.448650338776723,169.65513392857142,170.1875,15.465598320533735,801311390.0,801311390.0,0.0,332.0,332.0,0.0,327.3744419642857,327.49888392857144,0.7493805349030702,555510144.0,561517824.0,98583054.54201248
1191,laghos,8,40000,1000,0.1,428.77529761904765,432.0,17.38866755085917,152.70535714285714,154.60491071428572,15.193118193499494,801311390.0,801311390.0,0.0,332.0,332.0,0.0,299.9092261904762,300.9888392857143,3.7966134151653366,458592960.0,446100480.0,50100306.85644949
1192,laghos,8,40000,1000,0.3,449.3385416666667,452.0,6.420189357036774,172.61532738095238,172.375,3.6565977053547116,801311390.0,801311390.0,0.0,332.0,332.0,0.0,316.87127976190476,315.9330357142857,1.8458300881695309,525179946.6666667,551634048.0,60014478.10422354
1193,laghos,8,40000,1000,0.5,446.5,443.0,16.999999999999996,170.53292410714286,166.49665178571428,15.868377659412648,801311390.0,801311390.0,0.0,332.25,332.0,0.5,321.2271205357143,321.4453125,0.9215053792478644,547545600.0,548273152.0,46791471.80076962
1194,laghos,8,40000,1000,0.7,428.5,421.5,26.43860813280457,152.26618303571428,144.99330357142856,24.36540755503582,801311390.0,801311390.0,0.0,332.0,332.0,0.0,322.86439732142856,323.2633928571429,1.3505348197656422,561947680.0,542947328.0,63390812.70603566
1195,laghos,8,40000,1000,1.0,440.75,446.5,23.83799488212043,164.44475446428572,170.76116071428572,20.670372137496408,801311390.0,801311390.0,0.0,332.0,332.0,0.0,325.3325892857143,325.25669642857144,1.3436647160881323,559114752.0,558313728.0,95632392.05585086
1196,laghos,8,40000,10000,0.1,421.3333333333333,429.0,32.192131543800166,145.87797619047618,151.640625,33.57719041411855,801311390.0,801311390.0,0.0,332.0,332.0,0.0,191.06026785714286,198.67857142857142,13.66185711693728,273309120.0,258733440.0,26158942.023377016
1197,laghos,8,40000,10000,0.3,419.75,419.0,20.039544239661073,144.50167410714286,143.47098214285714,17.986465994401645,801311390.0,801311390.0,0.0,332.0,332.0,0.0,257.9017857142857,261.14174107142856,7.158351173501603,414355872.0,396391296.0,39994601.41098219
1198,laghos,8,40000,10000,0.5,424.0055803571429,425.0111607142857,23.837747792097286,149.76060267857144,151.70424107142856,22.40297510429059,801311390.0,801311390.0,0.0,332.0,332.0,0.0,280.9313616071429,282.640625,6.212884687602737,466385920.0,449978368.0,55092943.348277286
1199,laghos,8,40000,10000,0.7,476.29575892857144,456.0,70.02298866082741,200.08035714285717,177.75223214285714,70.35058865373087,801311390.0,801311390.0,0.0,332.0,332.0,0.0,298.27845982142856,295.53013392857144,11.950654433640832,419445040.0,453764864.0,150601332.1719067
1200,laghos,8,40000,10000,1.0,452.25,450.0,10.657548185832118,173.85100446428572,172.94084821428572,10.018366155150234,801311390.0,801311390.0,0.0,332.0,332.0,0.0,302.92745535714283,303.0200892857143,2.707488687135219,511403760.0,508049472.0,44869374.13683949
1201,laghos,8,40000,100000,0.1,387.0,385.5,23.62202362203543,112.82645089285714,111.48660714285714,23.557746481094313,801311390.0,801311390.0,0.0,332.0,332.0,0.0,43.151953125,42.440178571428575,4.313014210903965,58020480.0,58161600.0,862885.6814201983
1202,laghos,8,40000,100000,0.3,396.35267857142856,395.5,11.721364504264711,122.45145089285714,120.96986607142857,11.759174942815994,801311390.0,801311390.0,0.0,332.0,332.0,0.0,92.73900669642859,96.16037946428571,7.073455513295028,142636032.0,140624960.0,4207667.961064735
1203,laghos,8,40000,100000,0.5,401.9583333333333,394.0,17.47870728438843,127.95982142857143,121.04241071428571,18.149963978001228,801311390.0,801311390.0,0.0,332.0,332.0,0.0,129.81994047619048,124.14732142857143,14.512998284539892,200770901.33333334,206424064.0,14452197.847049467
1204,laghos,8,40000,100000,0.7,413.25,412.5,14.997221964972935,138.89899553571428,136.27566964285714,15.312797331448785,801311390.0,801311390.0,0.0,332.0,332.0,0.0,155.29520089285714,154.09040178571428,7.915404840713084,244655824.0,246233344.0,10795350.863634339
1205,laghos,8,40000,100000,1.0,411.0,415.5,16.87206764645835,136.90513392857144,140.73660714285717,16.891500489402418,801311390.0,801311390.0,0.0,332.0,332.0,0.0,181.58649553571428,181.16629464285717,11.465743493526634,296629200.0,297179904.0,22224732.307381883
1206,laghos,8,40000,1000000,0.1,388.5647321428571,390.03125,31.72059388595155,115.21395089285714,117.0765625,31.69957564518986,801311390.0,801311390.0,0.0,332.5,332.5,0.5773502691896257,4.891595982142857,4.989375000000001,0.66169998929304,6602400.0,6602400.0,11639.381426862856
1207,laghos,8,40000,1000000,0.3,380.75,376.0,22.336442569636436,106.69927455357143,101.75368303571429,22.35106908467136,801311390.0,801311390.0,0.0,332.75,333.0,0.5000000000000047,13.584095982142857,13.710602678571428,0.7282408946690084,19135200.0,19120192.0,57476.26413282833
1208,laghos,8,40000,1000000,0.5,368.0,362.5,13.4412301024373,93.40312499999999,87.25435267857142,13.769799137857031,801311390.0,801311390.0,0.0,332.5,332.5,0.5773502691896257,21.50362723214286,22.25736607142857,1.889923500660551,31184384.0,31109120.0,222516.08749631266
1209,laghos,8,40000,1000000,0.7,384.5,390.5,19.122412679017955,110.75295758928571,116.4296875,19.367223135937763,801311390.0,801311390.0,0.0,333.0,333.0,0.0,29.476841517857146,29.503683035714285,2.723460032182396,42487872.0,42487872.0,362056.81115905923
1210,laghos,8,40000,1000000,1.0,393.25,403.5,29.22755549135096,118.72299107142857,128.56361607142856,28.410986150574765,801311390.0,801311390.0,0.0,332.71875,332.9375,0.4827762594273473,39.297377232142864,40.44988839285715,3.774637489805038,58624944.0,58374624.0,755949.8223347897
1211,laghos,8,200000,0,0.1,483.5,474.5,35.199431813596085,209.19810267857144,200.73660714285714,36.70862464312312,801311390.0,801311390.0,0.0,332.0,332.0,0.0,330.7421875,330.984375,0.49501091633585886,129250800.0,127784160.0,55083975.781216085
1212,laghos,8,200000,0,0.3,465.5,472.0,22.956480566498,192.46819196428572,199.22544642857144,22.933731908582974,801311390.0,801311390.0,0.0,332.0,332.0,0.0,331.0,331.0,0.0,133496160.0,138824000.0,13697856.767895918
1213,laghos,8,200000,0,0.5,473.60658482142856,476.0,20.5545527250098,199.64118303571428,201.68638392857144,20.47836740608738,801311390.0,801311390.0,0.0,332.0,332.0,0.0,331.0,331.0,0.0,139188224.0,134321152.0,23060153.03308759
1214,laghos,8,200000,0,0.7,480.5,480.5,23.69950773047125,206.15736607142856,207.10714285714283,24.92320192179032,801311390.0,801311390.0,0.0,332.0,332.0,0.0,331.0,331.0,0.0,126411936.0,119470848.0,27764233.966079067
1215,laghos,8,200000,0,1.0,473.75,476.5,20.774583830568865,200.34375,203.90625,21.434716768241568,801311390.0,801311390.0,0.0,332.0,332.0,0.0,331.21763392857144,331.0,0.4352678571428849,131317872.0,133370496.0,19201877.349737655
1216,laghos,8,200000,100,0.1,445.25,448.0,16.760568804985898,170.63616071428572,172.60379464285717,16.623293737725035,801311390.0,801311390.0,0.0,332.0,332.0,0.0,329.25,329.0,0.4999999999999952,162474480.0,167237280.0,27507724.08295532
1217,laghos,8,200000,100,0.3,466.0,470.0,23.380903889000237,192.89676339285714,197.41517857142856,23.97168848057142,801311390.0,801311390.0,0.0,332.0,332.0,0.0,330.4235491071429,330.3537946428571,0.5021622801938082,155167712.0,150140032.0,32999053.08902205
1218,laghos,8,200000,100,0.5,471.3119419642857,469.5,21.190096355073102,198.15625,196.30357142857142,21.69019497581477,801311390.0,801311390.0,0.0,332.0,332.0,0.0,330.9447544642857,330.99888392857144,0.45087582107726903,134797824.0,138786816.0,36923206.64601174
1219,laghos,8,200000,100,0.7,475.5,474.5,23.101226518664905,201.8984375,201.59040178571428,22.643117125274877,801311390.0,801311390.0,0.0,332.0,332.0,0.0,331.0,331.0,0.0,134264480.0,138821760.0,20154080.282639608
1220,laghos,8,200000,100,1.0,479.1049107142857,470.5,34.437347891406986,204.90457589285714,196.46205357142856,34.242281594090656,801311390.0,801311390.0,0.0,332.0,332.0,0.0,331.0234375,331.0,0.046875,126912240.0,126361536.0,20481907.872558355
1221,laghos,8,200000,1000,0.1,477.6666666666667,468.0,23.07234997422962,204.5796130952381,194.43526785714286,23.3993260903439,801311390.0,801311390.0,0.0,332.0,332.0,0.0,324.2901785714286,324.9888392857143,1.219794081165489,117653760.0,109045440.0,16993732.06087468
1222,laghos,8,200000,1000,0.3,454.21763392857144,454.5,31.44385860262297,181.15290178571428,181.91852678571428,31.62501126469409,801311390.0,801311390.0,0.0,332.25,332.0,0.5,328.5306919642857,328.9866071428571,0.920845504587781,142425920.0,143956736.0,29915197.093842365
1223,laghos,8,200000,1000,0.5,463.75,467.5,21.234798484249072,190.96707589285714,194.52232142857144,20.706476903844006,801311390.0,801311390.0,0.0,332.0,332.0,0.0,329.5,329.5,0.5773502691896257,135926784.0,136880128.0,26612964.427970365
1224,laghos,8,200000,1000,0.7,471.0,467.5,18.055470085267782,198.06305803571428,194.37165178571428,18.167713840998637,801311390.0,801311390.0,0.0,332.25,332.0,0.5000000000000047,330.5,330.5,0.577350269189634,118699616.0,122836224.0,24546677.474082284
1225,laghos,8,200000,1000,1.0,477.5,481.5,24.365275838099322,204.71819196428572,208.34040178571428,25.3648933503706,801311390.0,801311390.0,0.0,332.0,332.0,0.0,330.89341517857144,331.0,0.21316964285711984,123608016.0,126762048.0,16430249.195545148
1226,laghos,8,200000,10000,0.1,452.5,448.5,27.2824730061872,179.28738839285714,175.65625,27.574538515985225,801311390.0,801311390.0,0.0,332.0,332.0,0.0,273.1060267857143,274.5959821428571,10.52036571479647,114534000.0,111767040.0,20425462.108887523
1227,laghos,8,200000,10000,0.3,462.56640625,479.0,33.54710515320445,189.35435267857144,205.63839285714286,33.63381699249374,801311390.0,801311390.0,0.0,332.0,332.0,0.0,306.75,307.0,6.238322424070965,142335872.0,140654976.0,35006703.962047346
1228,laghos,8,200000,10000,0.5,469.0,473.5,12.93573860795483,196.30915178571428,200.6640625,13.473619400978945,801311390.0,801311390.0,0.0,332.0,332.0,0.0,318.7611607142857,319.0,2.247656653630734,124762624.0,124285952.0,23818383.89225667
1229,laghos,8,200000,10000,0.7,504.0,494.0,38.93584466786357,230.04799107142858,220.7109375,37.36600300190725,801311390.0,801311390.0,0.0,332.0,332.0,0.0,323.5,323.5,2.380476142847615,109620112.0,110917184.0,34534104.3161792
1230,laghos,8,200000,10000,1.0,481.79966517857144,480.0993303571429,24.01694839008968,208.15792410714286,207.63169642857144,23.030986313365005,801311390.0,801311390.0,0.0,332.0,332.0,0.0,326.0,326.0,0.816496580927726,110140800.0,106135680.0,14515452.246697104
1231,laghos,8,200000,100000,0.1,408.75,411.5,32.90769920044041,135.228515625,137.82254464285714,32.82007488912549,801311390.0,801311390.0,0.0,332.0,332.0,0.0,111.35424107142858,111.0,15.99647042301415,44357040.0,44412480.0,3169862.179969344
1232,laghos,8,200000,100000,0.3,429.7544642857143,424.5,36.5709123120881,156.70591517857142,151.4921875,37.02671199011852,801311390.0,801311390.0,0.0,332.0,332.0,0.0,198.75,200.0,22.381167678802342,79587424.0,78852032.0,13481729.086607253
1233,laghos,8,200000,100000,0.5,454.8303571428571,456.6607142857143,45.95309068351494,181.2734375,184.12834821428572,45.88744664596087,801311390.0,801311390.0,0.0,332.0,332.0,0.0,240.25,239.0,17.727097901235837,91571200.0,92825600.0,17851847.03678257
1234,laghos,8,200000,100000,0.7,440.53236607142856,430.5,30.963828163456036,167.39341517857144,156.66852678571428,31.322176871997858,801311390.0,801311390.0,0.0,332.0005580357143,332.0,0.0011160714285836093,254.0,250.0,9.41629792788369,108708656.0,113861888.0,12668561.318044603
1235,laghos,8,200000,100000,1.0,470.25,479.5,25.064915718988566,197.28738839285714,206.4453125,25.22290951242072,801311390.0,801311390.0,0.0,332.5,332.5,0.5773502691896257,281.25,282.5,5.9090326337452845,100678704.0,98225568.0,11351029.904596323
1236,laghos,8,200000,1000000,0.1,358.5,358.5,8.660254037844387,84.87544642857142,84.65970982142858,8.811853199490127,801311390.0,801311390.0,0.0,332.5,332.5,0.577350269189634,13.380859375,12.899999999999999,1.7801958292249285,6431040.0,6441120.0,28510.545417441597
1237,laghos,8,200000,1000000,0.3,374.75,380.5,25.927784324928346,100.95150669642857,106.7213169642857,25.912551316581077,801311390.0,801311390.0,0.0,332.0005580357143,332.0,0.0011160714285883462,35.874888392857144,36.7,2.0237191104300707,17784480.0,17739456.0,113638.74193836092
1238,laghos,8,200000,1000000,0.5,396.5200892857143,400.54017857142856,33.966963221755336,122.72907366071428,127.29698660714286,33.97597296753839,801311390.0,801311390.0,0.0,332.5,332.5,0.577350269189634,67.38883928571428,67.87801339285713,12.157258366762896,26593280.0,26543104.0,1173160.2335344756
1239,laghos,8,200000,1000000,0.7,406.5,408.5,28.827070610799147,132.90853794642857,134.87611607142858,29.116862382187158,801311390.0,801311390.0,0.0,332.75,333.0,0.5,93.45128348214286,92.95245535714287,9.936208656509155,33513536.0,33583648.0,1330281.667858353
1240,laghos,8,200000,1000000,1.0,405.2388392857143,403.5959821428571,28.790594607454114,132.01238839285713,130.50669642857142,29.286158953721166,801311390.0,801311390.0,0.0,332.5,332.5,0.5773502691896257,116.5,119.5,11.67618659209133,43205232.0,42654528.0,2354605.2451211433
1241,laghos,8,400000,0,0.1,477.25,471.0,20.15564437074638,204.83928571428572,198.66183035714286,20.20941307756952,801311390.0,801311390.0,0.0,332.0,332.0,0.0,331.0,331.0,0.0,71114400.0,69582240.0,4107382.521850138
1242,laghos,8,400000,0,0.3,480.859375,478.21875,23.538884883581467,207.77399553571428,204.74441964285714,23.440770206592386,801311390.0,801311390.0,0.0,332.0,332.0,0.0,331.5,331.5,0.5773502691896257,71528128.0,67896192.0,8038835.485443563
1243,laghos,8,400000,0,0.5,479.5,476.0,23.444971031474246,206.36886160714286,202.49888392857144,23.430125000026656,801311390.0,801311390.0,0.0,332.0,332.0,0.0,332.0,332.0,0.0,63974400.0,64927744.0,5479684.793893411
1244,laghos,8,400000,0,0.7,476.18470982142856,464.3694196428571,24.553867786022643,202.80412946428572,190.53794642857144,24.62475998918038,801311390.0,801311390.0,0.0,332.25,332.0,0.5,332.0,332.0,0.0,60927328.0,58964192.0,8308789.688512762
1245,laghos,8,400000,0,1.0,490.2845982142857,485.5,26.874147761512972,217.43805803571428,212.57366071428572,27.548732004237895,801311390.0,801311390.0,0.0,332.75,333.0,0.4999999999999952,332.75,333.0,0.4999999999999952,58725072.0,60777696.0,6094662.312443569
1246,laghos,8,400000,100,0.1,471.0,468.0,15.383974345619094,198.08928571428572,195.26674107142858,15.889100198834852,801311390.0,801311390.0,0.0,332.0,332.0,0.0,330.68861607142856,330.87611607142856,0.4722604521131128,75937680.0,74773440.0,6969693.767964271
1247,laghos,8,400000,100,0.3,478.3333333333333,475.0,22.188585654190156,204.9888392857143,201.85714285714286,22.956529942917957,801311390.0,801311390.0,0.0,332.0,332.0,0.0,331.0,331.0,0.0,76360704.0,73479168.0,5412210.254884043
1248,laghos,8,400000,100,0.5,480.0,470.5,25.0199920063936,206.00223214285717,197.52455357142858,25.97858352164391,801311390.0,801311390.0,0.0,332.0,332.0,0.0,331.82924107142856,331.93638392857144,0.2636103067290345,62594560.0,62218240.0,4919210.275134278
1249,laghos,8,400000,100,0.7,482.25,474.0,28.61672005430858,209.08482142857142,200.45200892857142,29.386890538791317,801311390.0,801311390.0,0.0,332.25,332.0,0.5,331.8091517857143,332.0,0.3816964285714306,63696752.0,63591584.0,6299554.421362831
1250,laghos,8,400000,100,1.0,494.6666666666667,485.0,32.59345537578569,220.79985119047623,208.82142857142858,33.26276885886487,801311390.0,801311390.0,0.0,332.6666666666667,333.0,0.5773502691896216,332.0,332.0,0.0,62212864.0,64882944.0,4624714.220273508
1251,laghos,8,400000,1000,0.1,481.25,468.5,29.30728009670407,208.43861607142856,195.70200892857144,29.323617159970116,801311390.0,801311390.0,0.0,332.0,332.0,0.0,327.36439732142856,327.8091517857143,0.9097132376879137,71734320.0,66497760.0,11039845.908489846
1252,laghos,8,400000,1000,0.3,490.5,471.0,44.06434688800762,217.25837053571428,198.41183035714283,42.58754677457046,801311390.0,801311390.0,0.0,332.25,332.0,0.5000000000000047,330.5,330.5,0.5773502691896257,66890656.0,67025728.0,9244586.902798416
1253,laghos,8,400000,1000,0.5,499.0,491.5,26.545558322752733,226.39676339285714,219.00334821428572,26.858944995714513,801311390.0,801311390.0,0.0,332.0,332.0,0.0,331.0,331.0,0.0,63171584.0,62067712.0,5364531.7108141575
1254,laghos,8,400000,1000,0.7,498.0,498.0,34.88074922742726,225.66350446428572,225.87388392857144,35.238194671451296,801311390.0,801311390.0,0.0,332.0,332.0,0.0,331.0,331.0,0.0,63942144.0,63100800.0,2809150.244700581
1255,laghos,8,400000,1000,1.0,496.0,499.0,9.848857801796104,223.51636904761904,227.58258928571428,9.879902114246685,801311390.0,801311390.0,0.0,332.3333333333333,332.0,0.5773502691896216,332.0,332.0,0.0,57673728.0,58474752.0,7840732.087419389
1256,laghos,8,400000,10000,0.1,464.5,459.5,25.670995305986878,190.39732142857144,184.4296875,25.885893011022503,801311390.0,801311390.0,0.0,332.0,332.0,0.0,296.0133928571429,295.5267857142857,3.1510774194013824,70207200.0,70741440.0,5735050.525601322
1257,laghos,8,400000,10000,0.3,479.3333333333333,481.0,6.658328118479385,205.61830357142858,205.55803571428572,6.985686055783072,801311390.0,801311390.0,0.0,332.0,332.0,0.0,319.6666666666667,320.0,1.5275252316519405,71998378.66666667,69396992.0,8411623.630698971
1258,laghos,8,400000,10000,0.5,491.25,491.0,30.66349621292392,218.70870535714286,219.06473214285714,30.752578862664528,801311390.0,801311390.0,0.0,332.75,333.0,0.4999999999999952,326.0,326.0,0.816496580927726,58304512.0,59759616.0,5481216.073731571
1259,laghos,8,400000,10000,0.7,490.25,481.0,25.72126228110381,217.18415178571428,208.23772321428572,25.46381836486958,801311390.0,801311390.0,0.0,332.75,333.0,0.5000000000000047,327.9977678571429,328.0,0.004464285714287068,59349808.0,59384864.0,2700601.631324892
1260,laghos,8,400000,10000,1.0,497.76171875,491.0,34.347155803885805,224.26116071428572,216.46763392857144,34.512396785230415,801311390.0,801311390.0,0.0,332.25,332.0,0.5000000000000047,328.9782366071429,329.0,0.0435267857142697,60627504.0,59976672.0,3842880.8117910707
1261,laghos,8,400000,100000,0.1,435.25,438.5,29.702693480558295,162.67299107142858,165.89285714285717,29.59173893224458,801311390.0,801311390.0,0.0,332.0,332.0,0.0,162.5,166.5,12.714820748507098,34080480.0,33284160.0,2514402.743873781
1262,laghos,8,400000,100000,0.3,444.75,442.5,16.938614661968863,171.29631696428572,168.73325892857144,17.289547125605708,801311390.0,801311390.0,0.0,332.0,332.0,0.0,246.23883928571428,249.47767857142856,10.393259521645213,51492448.0,49646464.0,6096992.688405872
1263,laghos,8,400000,100000,0.5,459.6666666666667,457.0,12.220201853215565,187.1450892857143,184.19419642857142,12.548689254298905,801311390.0,801311390.0,0.0,332.0,332.0,0.0,278.6666666666667,279.0,1.5275252316519405,53387264.0,52985856.0,1350098.080371941
1264,laghos,8,400000,100000,0.7,478.0,475.0,21.83269719175042,205.703125,202.95200892857144,21.800542545239416,801311390.0,801311390.0,0.0,332.75,333.0,0.5,296.25,296.0,1.258305739211786,49884688.0,49919744.0,1436298.1251462619
1265,laghos,8,400000,100000,1.0,471.0,475.0,13.45362404707371,197.91815476190473,201.82366071428572,14.210823566703798,801311390.0,801311390.0,0.0,332.3333333333333,332.0,0.5773502691896216,302.6666666666667,302.0,2.0816659994661384,58140992.0,60477312.0,4398040.004009059
1266,laghos,8,400000,1000000,0.1,392.0,387.5,30.011109054259677,118.93203125,114.42455357142856,30.034651869938852,801311390.0,801311390.0,0.0,332.5,332.5,0.5773502691896257,30.078515624999994,29.457031249999996,3.0670582507472153,6093360.0,6108480.0,62409.230086582545
1267,laghos,8,400000,1000000,0.3,409.5,398.5,31.775252424908707,135.46930803571428,123.94419642857143,32.222660594025015,801311390.0,801311390.0,0.0,332.75,333.0,0.5000000000000047,72.77360491071428,73.9005580357143,6.622339546650386,15593312.0,15518272.0,416995.5987873253
1268,laghos,8,400000,1000000,0.5,428.25,427.0,6.34428877022476,154.35100446428572,153.5625,7.566574775540007,801311390.0,801311390.0,0.0,333.0,333.0,0.0,116.75,118.0,7.088723439378913,21701120.0,21575680.0,711367.5745885525
1269,laghos,8,400000,1000000,0.7,424.03497023809524,440.0,32.079930990014375,149.765625,164.04910714285714,31.944236201897848,801311390.0,801311390.0,0.0,332.6666666666667,332.0,1.1547005383792432,146.33779761904762,151.0,16.508071626848484,26081664.0,25380544.0,2256691.710354784
1270,laghos,8,400000,1000000,1.0,434.25,435.0,13.275918047351754,160.88337053571428,161.85491071428572,14.086824009469337,801311390.0,801311390.0,0.0,333.0,333.0,0.816496580927726,172.5,173.0,8.225975119502044,32141088.0,32141088.0,1572572.8519594888
1271,laghos,8,2000000,0,0.1,498.0,515.0,48.8739876280488,224.69196428571428,240.60825892857142,49.044155119515686,801311390.0,801311390.0,0.0,332.0,332.0,0.0,332.0,332.0,0.0,16616880.0,15946560.0,3286775.6318921437
1272,laghos,8,2000000,0,0.3,491.0,491.5,37.336309405188935,218.10602678571428,218.97433035714286,38.36224842723034,801311390.0,801311390.0,0.0,332.5,332.5,0.577350269189634,332.25,332.0,0.4999999999999952,14812896.0,14647808.0,612944.0649455707
1273,laghos,8,2000000,0,0.5,473.25,475.0,37.097843603099086,200.47935267857144,202.28683035714286,36.82983050556923,801311390.0,801311390.0,0.0,333.25,333.5,0.9574271077563405,333.0,333.0,1.1547005383792515,13773312.0,13848576.0,2496560.6514264112
1274,laghos,8,2000000,0,0.7,498.75,508.5,42.79700145259401,225.77120535714286,235.81696428571428,43.34965463759382,801311390.0,801311390.0,0.0,335.75,335.0,1.5,335.5,335.0,1.7320508075688772,12374768.0,12479936.0,1800754.9846824433
1275,laghos,8,2000000,0,1.0,484.0,494.5,37.4076640988626,210.86941964285714,221.28571428571428,37.56423696261714,801311390.0,801311390.0,0.0,334.7779017857143,335.0,2.1714436695463175,334.5,335.0,1.9148542155126738,12015360.0,12215616.0,712716.327479594
1276,laghos,8,2000000,100,0.1,461.6666666666667,474.0,33.26158945891392,188.77827380952382,200.94642857142858,32.940870455037555,801311390.0,801311390.0,0.0,332.0,332.0,0.0,332.0,332.0,0.0,14031360.0,12156480.0,3929545.4979933747
1277,laghos,8,2000000,100,0.3,488.75,484.0,39.76074278313557,215.25446428571428,211.52008928571428,37.912483898415005,801311390.0,801311390.0,0.0,332.25,332.0,0.4999999999999952,332.0,332.0,0.0,12846848.0,13056960.0,2407774.6836601356
1278,laghos,8,2000000,100,0.5,484.6666666666667,489.0,17.897858344878397,210.56919642857142,216.13169642857142,17.5276589914166,801311390.0,801311390.0,0.0,333.3333333333333,333.0,0.5773502691896216,332.6666666666667,332.0,1.1547005383792557,12510549.333333334,11841536.0,1706967.5596089498
1279,laghos,8,2000000,100,0.7,465.75,465.0,26.862303202319286,192.57533482142856,191.88727678571428,27.09548693660855,801311390.0,801311390.0,0.0,334.25,334.5,0.9574271077563381,334.0,334.0,0.816496580927726,12374768.0,12339712.0,529333.9919257025
1280,laghos,8,2000000,100,1.0,478.5,491.0,25.670995305986864,205.78459821428572,218.38169642857144,25.67731824303345,801311390.0,801311390.0,0.0,333.75,334.0,0.5,333.75,334.0,0.5,11815104.0,11314464.0,1899795.225344037
1281,laghos,8,2000000,1000,0.1,492.0,521.0,53.73081052803875,219.39136904761904,248.38169642857142,53.727882326334324,801311390.0,801311390.0,0.0,332.0,332.0,0.0,331.6666666666667,332.0,0.5773502691896216,13594560.0,11491200.0,5883485.686835653
1282,laghos,8,2000000,1000,0.3,485.25,495.0,25.95348403072955,212.33147321428572,222.40401785714286,26.074396598271775,801311390.0,801311390.0,0.0,332.75,333.0,0.5000000000000047,332.5,332.5,0.577350269189634,11961376.0,11406080.0,2470020.7556914715
1283,laghos,8,2000000,1000,0.5,482.0,481.5,36.99549522126534,209.03850446428572,208.734375,37.43355190208136,801311390.0,801311390.0,0.0,333.25,333.5,0.9574271077563381,332.75,332.5,0.9574271077563405,12819968.0,12744704.0,1943092.1886711053
1284,laghos,8,2000000,1000,0.7,478.5,492.0,35.49178308660565,205.67020089285714,219.86941964285714,36.49114904533549,801311390.0,801311390.0,0.0,334.0,334.0,1.1547005383792515,333.75,334.0,1.4999999999999984,12094320.0,12620160.0,2781894.791043927
1285,laghos,8,2000000,1000,1.0,463.75,461.5,23.099422792211346,190.55022321428572,187.99330357142858,23.465700261039842,801311390.0,801311390.0,0.0,334.75,334.5,1.707825127659933,334.5,334.5,1.2909944487358056,12115488.0,12015360.0,1102924.0475173257
1286,laghos,8,2000000,10000,0.1,481.2728794642857,482.0,27.596803566605875,208.77957589285714,209.53013392857144,27.535409473906498,801311390.0,801311390.0,0.0,332.25,332.0,0.4999999999999952,326.0,326.0,0.8164965809277203,12564720.0,12710880.0,2088052.7993324306
1287,laghos,8,2000000,10000,0.3,493.75,501.5,49.94246689942338,220.76339285714286,227.73660714285714,49.70299012092831,801311390.0,801311390.0,0.0,332.75,333.0,0.4999999999999952,330.5,330.5,0.577350269189634,12981920.0,12636736.0,2631098.3043243876
1288,laghos,8,2000000,10000,0.5,484.0,496.5,29.495762407505257,211.23270089285714,223.48325892857144,29.16671419694028,801311390.0,801311390.0,0.0,334.0,334.0,0.816496580927726,332.25,332.5,0.9574271077563307,12544000.0,12644352.0,2467652.75527548
1289,laghos,8,2000000,10000,0.7,483.25,488.5,31.223655562196214,210.01841517857142,214.58147321428572,31.18324414145969,801311390.0,801311390.0,0.0,334.25,334.5,0.9574271077563405,333.0,333.0,0.816496580927726,12690272.0,13110944.0,1089183.3946977584
1290,laghos,8,2000000,10000,1.0,482.25,489.0,26.98610753702727,209.6953125,216.81026785714286,28.0366934672707,801311390.0,801311390.0,0.0,334.25,334.0,1.5000000000000016,333.5,333.0,1.9148542155126762,12816384.0,12916512.0,1144558.375171839
1291,laghos,8,2000000,100000,0.1,450.5161830357143,450.0,36.949776965506516,176.54352678571428,175.31808035714283,38.59674434199797,801311390.0,801311390.0,0.0,332.0,332.0,0.0,266.9626116071429,266.5,10.149020414660999,13169520.0,13265280.0,2034154.6560672324
1292,laghos,8,2000000,100000,0.3,475.25,487.5,38.265519727294965,202.36439732142858,214.33258928571428,38.55496052110942,801311390.0,801311390.0,0.0,332.59375,332.6875,0.49344663676362727,310.75,312.0,3.2015621187164243,13147008.0,12636736.0,1942787.3873559437
1293,laghos,8,2000000,100000,0.5,478.75,483.5,33.944808144987356,205.70535714285714,210.32589285714286,34.34386093477716,801311390.0,801311390.0,0.0,333.75,333.0,1.5,321.75,322.0,2.8722813232690134,11891712.0,11038720.0,2151530.653869163
1294,laghos,8,2000000,100000,0.7,470.0,468.0,46.8187996428785,197.24386160714286,195.6171875,47.026319441720865,801311390.0,801311390.0,0.0,333.75,334.0,0.4999999999999952,324.5,324.5,1.2909944487358056,12970720.0,12760384.0,1357109.4796731274
1295,laghos,8,2000000,100000,1.0,481.5,485.5,40.12065137390801,208.50390625,212.63392857142856,40.30333437498691,801311390.0,801311390.0,0.0,335.75,335.5,1.7078251276599345,329.25,329.0,2.0615528128088294,12716256.0,12916512.0,1271796.4105752148
1296,laghos,8,2000000,1000000,0.1,416.0,394.0,76.15773105863909,142.32209821428572,120.58939732142858,76.86310841572599,801311390.0,801311390.0,0.0,332.75,333.0,0.4999999999999952,111.21501116071428,96.03002232142858,35.366520187016974,4465440.0,4767840.0,709620.545362097
1297,laghos,8,2000000,1000000,0.3,409.25,411.5,25.38208029299411,135.84765625,137.47321428571428,25.65773257432391,801311390.0,801311390.0,0.0,333.5,333.5,0.5773502691896257,186.79241071428572,186.08482142857144,9.997904156966486,8794688.0,8854720.0,609258.2584356162
1298,laghos,8,2000000,1000000,0.5,463.0,473.0,37.77124126457411,190.18917410714286,201.05022321428572,38.56729102170168,801311390.0,801311390.0,0.0,333.5,333.5,0.5773502691896257,243.0,240.0,12.832251036613439,9081856.0,9332736.0,1273324.13333919
1299,laghos,8,2000000,1000000,0.7,472.0,474.0,40.60377650744653,199.01841517857144,200.97433035714286,40.78925399302205,801311390.0,801311390.0,0.0,335.0,335.5,2.1602468994692936,264.75,266.0,8.732124598286484,9850736.0,9535232.0,1152768.6459395627
1300,laghos,8,2000000,1000000,1.0,469.0,491.0,38.1051177665153,196.09449404761904,217.93973214285714,37.8970039426747,801311390.0,801311390.0,0.0,334.6666666666667,335.0,0.5773502691896216,278.3333333333333,281.0,6.429100507328642,11281088.0,10813824.0,1173393.078527396
1301,laghos,8,4000000,0,0.1,465.75,440.0,52.84174486142561,192.35323660714286,166.75669642857144,52.95973855575773,801311390.0,801311390.0,0.0,332.0,332.0,0.0,332.0,332.0,0.0,7751520.0,8003520.0,1105005.8722015915
1302,laghos,8,4000000,0,0.3,477.75,457.0,45.59513862975599,203.79296875,182.52120535714286,45.45484723774053,801311390.0,801311390.0,0.0,333.25,333.0,1.4999999999999984,333.25,333.0,1.4999999999999984,7203840.0,7443968.0,614167.7516596477
1303,laghos,8,4000000,0,0.5,500.75,502.0,44.63462781294362,226.36272321428572,226.29910714285714,43.80168342013117,801311390.0,801311390.0,0.0,333.5,333.5,1.2909944487358056,333.5,333.5,1.2909944487358056,5770240.0,5519360.0,960797.2511756404
1304,laghos,8,4000000,0,0.7,512.1690848214286,490.5,62.08255651141525,238.0625,217.79241071428572,61.52735198039821,801311390.0,801311390.0,0.0,337.5061383928571,337.0122767857143,2.6411355792611064,337.25,337.0,2.217355782608346,5994576.0,6730752.0,1567229.3092648142
1305,laghos,8,4000000,0,1.0,487.75,478.0,33.48009358808107,214.27622767857144,204.21651785714286,33.47206705412952,801311390.0,801311390.0,0.0,340.0,341.0,2.7080128015453147,340.0,341.0,2.7080128015453147,6258000.0,6608448.0,1038953.6550510807
1306,laghos,8,4000000,100,0.1,490.0,504.5,30.757112998459398,216.46875,230.84040178571428,31.112443157579754,801311390.0,801311390.0,0.0,332.25,332.0,0.5,332.0,332.0,0.0,6415920.0,5967360.0,2169261.9028600487
1307,laghos,8,4000000,100,0.3,459.5,458.0,23.41651838624464,185.78069196428572,183.38950892857144,22.77737490538911,801311390.0,801311390.0,0.0,333.25,333.0,0.4999999999999952,333.25,333.0,0.4999999999999952,6858656.0,6753600.0,823664.417568223
1308,laghos,8,4000000,100,0.5,487.75,485.5,21.715969546242533,214.08816964285714,211.48772321428572,21.628992244161076,801311390.0,801311390.0,0.0,333.75,333.0,2.3629078131262973,333.75,333.0,2.3629078131262973,6347264.0,6422528.0,237122.52486285084
1309,laghos,8,4000000,100,0.7,479.3333333333333,474.0,21.50193789716018,205.92782738095238,199.640625,22.397359394692426,801311390.0,801311390.0,0.0,335.375,335.125,2.5093574874855915,335.0,335.0,2.0,6076373.333333333,6450304.0,1033607.2011307456
1310,laghos,8,4000000,100,1.0,481.5,475.5,16.743157806499152,208.85267857142856,203.16852678571428,16.76669358712684,801311390.0,801311390.0,0.0,339.0,340.5,4.966554808583774,338.75,340.0,4.9916597106239795,6458256.0,6608448.0,619931.6855267199
1311,laghos,8,4000000,1000,0.1,485.0,482.0,32.84306116467627,212.03459821428572,209.46428571428572,32.91502273279358,801311390.0,801311390.0,0.0,332.75,333.0,0.4999999999999952,332.0,332.0,0.0,5700240.0,5664960.0,1627215.079576145
1312,laghos,8,4000000,1000,0.3,474.0,481.5,17.454703282114732,201.14787946428572,208.47544642857144,16.925665270434898,801311390.0,801311390.0,0.0,333.25,333.5,0.9574271077563307,333.0,333.0,1.1547005383792432,6468448.0,6573504.0,670954.4007715179
1313,laghos,8,4000000,1000,0.5,492.5,489.5,22.898325994127465,219.87444196428572,216.69754464285714,22.756843914825446,801311390.0,801311390.0,0.0,334.5,334.5,1.2909944487358056,334.5,334.5,1.2909944487358056,5920768.0,5870592.0,764258.062719655
1314,laghos,8,4000000,1000,0.7,485.5,489.5,18.15672510852843,212.62667410714286,217.23883928571428,18.200506537295965,801311390.0,801311390.0,0.0,336.5,336.0,3.6968455021364712,336.5,336.0,3.6968455021364712,5644016.0,5608960.0,620534.110757284
1315,laghos,8,4000000,1000,1.0,486.0,480.0,18.40289832245635,212.43247767857142,205.54575892857142,18.88253860897932,801311390.0,801311390.0,0.0,338.75,339.0,2.2173557826083483,338.5,338.5,2.380476142847615,5857488.0,6207936.0,1238514.9602455352
1316,laghos,8,4000000,10000,0.1,497.0,503.5,22.759613353482088,224.43024553571428,230.67745535714286,22.968437438219343,801311390.0,801311390.0,0.0,332.5,332.5,0.5773502691896257,329.5,329.5,0.5773502691896257,5770800.0,5503680.0,897120.0
1317,laghos,8,4000000,10000,0.3,465.75,456.5,23.79600806858159,192.51506696428572,182.68080357142856,24.561313604526198,801311390.0,801311390.0,0.0,333.0,333.0,0.0,331.75,332.0,0.5,6963712.0,6963712.0,451904.4788743155
1318,laghos,8,4000000,10000,0.5,485.5,492.5,36.02314071075239,211.78515625,218.328125,35.80842115758787,801311390.0,801311390.0,0.0,334.48939732142856,334.4787946428571,1.2966314968409982,333.75,333.5,1.707825127659933,6121472.0,6372352.0,1628466.9563897615
1319,laghos,8,4000000,10000,0.7,489.0,491.0,16.693312034065215,216.64341517857142,218.80803571428572,16.85589918916876,801311390.0,801311390.0,0.0,335.75,335.0,2.9860788111948193,335.25,334.5,3.403429642777029,6029632.0,5749184.0,978223.6359333517
1320,laghos,8,4000000,10000,1.0,498.0,500.0,17.08800749063506,225.24181547619048,227.03794642857142,16.317612439084353,801311390.0,801311390.0,0.0,335.6666666666667,336.0,2.5166114784235765,335.0,335.0,2.0,6141184.0,6408192.0,643732.9755978017
1321,laghos,8,4000000,100000,0.1,482.25,478.0,20.854655755170516,208.89676339285714,204.63727678571428,21.19851090728554,801311390.0,801311390.0,0.0,332.5,332.5,0.5773502691896257,302.25,301.5,3.593976442141304,6113520.0,6289920.0,721336.5195246945
1322,laghos,8,4000000,100000,0.3,488.9453125,484.390625,35.36758585989849,215.84263392857144,211.44308035714286,35.734196760901035,801311390.0,801311390.0,0.0,332.75,332.5,0.9574271077563381,322.75,322.5,0.9574271077563307,6228320.0,6243328.0,1033265.6499468083
1323,laghos,8,4000000,100000,0.5,492.5446428571429,491.0,34.85645216675185,219.17578125,216.59598214285714,34.98649427638565,801311390.0,801311390.0,0.0,335.25,335.5,0.9574271077563381,329.25,329.0,0.4999999999999952,6021120.0,6021120.0,871002.9472403256
1324,laghos,8,4000000,100000,0.7,491.0,480.0,33.13608305156178,217.46484375,206.97879464285714,34.47712283741696,801311390.0,801311390.0,0.0,336.75,337.0,1.2583057392117898,332.5,332.5,1.2909944487358056,6064688.0,6099744.0,699950.4912625368
1325,laghos,8,4000000,100000,1.0,488.5,491.0,14.999999999999993,214.32756696428572,215.14732142857142,15.166586696119895,801311390.0,801311390.0,0.0,338.0161830357143,338.03236607142856,2.5738219571954835,335.0,335.0,1.632993161855452,5807424.0,5807424.0,1245242.413103569
1326,laghos,8,4000000,1000000,0.1,461.0,443.0,63.14533500848129,186.14508928571428,169.83147321428572,60.48795120774539,801311390.0,801311390.0,0.0,332.75,333.0,0.5000000000000047,166.0,168.0,14.094916341243986,3361680.0,3316320.0,284808.31448537455
1327,laghos,8,4000000,1000000,0.3,462.02232142857144,466.0446428571429,29.862216812967777,189.36049107142856,193.47433035714286,29.973505769439956,801311390.0,801311390.0,0.0,334.25,334.0,1.5000000000000016,259.5,256.5,13.428824718989121,4472384.0,4652480.0,869255.6210336903
1328,laghos,8,4000000,1000000,0.5,484.5,474.5,51.43604443060009,212.12165178571428,202.41517857142856,51.06869924533043,801311390.0,801311390.0,0.0,336.0,336.0,1.1547005383792432,287.75,287.5,8.261355820929152,4841984.0,4766720.0,833082.7924346215
1329,laghos,8,4000000,1000000,0.7,457.25,444.5,41.20173944548135,184.24665178571428,171.51897321428572,41.338705196382925,801311390.0,801311390.0,0.0,337.5,338.5,2.3804761428476167,295.75,295.5,2.0615528128088303,5749184.0,5819296.0,549086.3405379278
1330,laghos,8,4000000,1000000,1.0,491.0,481.0,29.30870177950569,218.29985119047618,208.01339285714286,29.08213676601186,801311390.0,801311390.0,0.0,336.6666666666667,337.0,3.5118845842842537,309.0,310.0,5.5677643628300215,5540416.0,5406912.0,416866.1063890899
1331,lammps,8,20,5000,0.01,359.0,359.0,,24.3171875,24.3171875,,457408.0,457408.0,,266.0,266.0,,3.3594642857142856,3.3594642857142856,,91768320.0,91768320.0,
1332,lammps,8,20,5000,0.05,368.6666666666667,359.0,19.399312702601954,33.14305803571428,22.252901785714283,20.240492810164522,457408.0,457408.0,0.0,266.0,266.0,0.0,7.73607886904762,8.200669642857141,3.348601195675657,491058773.3333333,490000896.0,6442306.62849179
1333,lammps,8,20,10000,0.01,366.6666666666667,356.0,23.860706890897713,31.183497023809526,19.807299107142857,21.87146426151865,457408.0,457408.0,0.0,266.0,266.0,0.0,7.875937499999999,6.070602678571428,3.3665127713253917,45142869.333333336,45452288.0,581515.2746724153
1334,lammps,8,20,10000,0.05,360.5,355.5,11.733143937865355,24.977550223214287,19.75546875,12.452281426069613,457408.0,457408.0,0.0,266.0,266.0,0.0,6.9675111607142854,6.9830580357142855,1.1194159062185416,247819264.0,247799552.0,1135024.4230112408
1335,lammps,8,20,25000,0.01,359.0,353.5,14.212670403551895,23.710703125,18.608649553571425,12.861464574982598,457408.0,457408.0,0.0,266.0,266.0,0.0,1.9592968749999997,1.983147321428571,0.1782860829369318,18721920.0,18719232.0,13842.16091030106
1336,lammps,8,20,25000,0.05,358.25,357.0,3.9475730941089986,21.82413504464286,21.879017857142856,3.474297002395183,457408.0,457408.0,0.0,266.0,266.0,0.0,2.9103292410714285,2.8804464285714286,0.6540840494942638,102408768.0,102428480.0,267689.1535394489
1337,lammps,8,20,50000,0.01,352.5,353.0,4.795831523312712,17.07990513392857,16.996908482142857,3.2566138649807437,457408.0,457408.0,0.0,266.0,266.0,0.0,0.9112293526785714,0.9153839285714285,0.08720766732745512,9448768.0,9448320.0,3694.3026405534615
1338,lammps,8,20,50000,0.05,355.75,355.5,2.5,19.05202566964286,19.174162946428574,1.7541530324878325,457408.0,457408.0,0.0,266.0,266.0,0.0,1.6211216517857143,1.6212388392857142,0.022403438445825718,51776032.0,51773568.0,4927.999999999379
1339,lammps,8,200,5000,0.01,351.0,351.0,2.8284271247461903,15.435859375,15.435859375,3.0305365518241754,457408.0,457408.0,0.0,266.0,266.0,0.0,4.145881696428572,4.145881696428572,2.6717745621730544,91461888.0,91461888.0,947817.2432109473
1340,lammps,8,200,5000,0.05,380.5,380.5,34.64823227814083,42.52152901785714,42.52152901785714,34.258139775975074,457408.0,457408.0,0.0,266.0,266.0,0.0,14.534486607142856,14.534486607142856,1.928602178419294,478055424.0,478055424.0,3637945.5952655477
1341,lammps,8,200,10000,0.01,353.0,354.0,3.605551275463989,18.980967261904762,19.83120535714286,2.144902027156763,457408.0,457408.0,0.0,266.0,266.0,0.0,6.341026785714287,6.590022321428571,0.5797945208123296,45406293.333333336,45364480.0,110063.42820998031
1342,lammps,8,200,10000,0.05,360.75,353.0,18.282505298782223,24.713443080357145,17.003080357142856,17.250983238891756,457408.0,457408.0,0.0,266.0,266.0,0.0,9.119916294642856,9.955948660714284,1.8640790541507333,245700224.0,244862464.0,1845205.3535582402
1343,lammps,8,200,25000,0.01,360.5,360.5,7.7781745930520225,23.468671875,23.468671875,7.476817678471782,457408.0,457408.0,0.0,266.0,266.0,0.0,2.314196428571429,2.314196428571429,0.45390573244113275,18699520.0,18699520.0,40548.33126036138
1344,lammps,8,200,25000,0.05,353.0,354.5,4.830458915396473,17.381958705357142,17.217801339285714,4.511082866660861,457408.0,457408.0,0.0,266.0,266.0,0.0,3.9037723214285713,4.365580357142857,1.0330349094663904,102007136.0,101817408.0,423263.27784016303
1345,lammps,8,200,50000,0.01,354.75,355.0,4.031128874149278,18.962561383928573,19.029263392857146,3.4950226604274324,457408.0,457408.0,0.0,266.0,266.0,0.0,0.9938018973214287,0.9911495535714285,0.18308275520999998,9446528.0,9446528.0,7242.281776714397
1346,lammps,8,200,50000,0.05,348.6666666666667,349.0,2.5166114784235765,13.090215773809526,13.929575892857144,2.2104833618481017,457408.0,457408.0,0.0,266.0,266.0,0.0,1.7894144345238094,2.08203125,0.6000204464967779,51744000.0,51684864.0,119903.4149972385
1347,lammps,8,500,5000,0.01,350.0,350.0,,14.211049107142856,14.211049107142856,,457408.0,457408.0,,266.0,266.0,,3.1714732142857147,3.1714732142857147,,91840000.0,91840000.0,
1348,lammps,8,500,5000,0.05,356.0,356.0,0.0,19.82963169642857,19.82963169642857,2.545505494104025,457408.0,457408.0,0.0,266.0,266.0,0.0,8.529263392857143,8.529263392857143,3.9357752844445346,489734784.0,489734784.0,7289829.679401845
1349,lammps,8,500,10000,0.01,370.5,370.5,28.991378028648448,34.548448660714286,34.548448660714286,26.261424993362585,457408.0,457408.0,0.0,266.0,266.0,0.0,6.700602678571428,6.700602678571428,1.3439448259926818,45334912.0,45334912.0,239488.58150650942
1350,lammps,8,500,10000,0.05,356.0,355.5,2.1602468994692847,20.692979910714286,20.872232142857143,2.7136781835767207,457408.0,457408.0,0.0,266.0,266.0,0.0,7.432349330357143,6.626395089285714,1.840574789398707,247316608.0,248110016.0,1774134.7547105863
1351,lammps,8,500,25000,0.01,351.25,350.0,4.031128874149271,15.766763392857143,15.544620535714285,2.668845091275741,457408.0,457408.0,0.0,266.0,266.0,0.0,2.4631417410714285,2.4614174107142857,0.7454726933227593,18688768.0,18688768.0,53018.17067132105
1352,lammps,8,500,25000,0.05,350.6666666666667,351.0,4.509249752822893,15.220885416666667,16.339441964285715,3.3732441542540985,457408.0,457408.0,0.0,266.0,266.0,0.0,3.60031994047619,3.9775892857142856,0.8301976446317171,102137728.0,101989888.0,344960.0
1353,lammps,8,500,50000,0.01,354.0,354.0,2.943920288775949,18.876752232142856,17.87833705357143,3.849426672697228,457408.0,457408.0,0.0,266.0,266.0,0.0,1.1551339285714284,1.174635044642857,0.31728021373263676,9440704.0,9440256.0,10888.028410445422
1354,lammps,8,500,50000,0.05,358.3333333333333,358.0,4.509249752822893,21.568586309523813,20.215491071428573,2.575064678055322,457408.0,457408.0,0.0,266.0,266.0,0.0,1.7911309523809524,2.039799107142857,0.4433693598755034,51740714.666666664,51694720.0,88338.20875098855
1355,lammps,8,1000,5000,0.01,355.5,355.5,0.7071067811865476,19.683828125,19.683828125,0.5453403213566158,457408.0,457408.0,0.0,266.0,266.0,0.0,6.6443191964285715,6.6443191964285715,5.034489796613658,90585600.0,90585600.0,1763852.4098257201
1356,lammps,8,1000,5000,0.05,354.0,354.0,4.242640687119285,18.10546875,18.10546875,6.490072262412866,457408.0,457408.0,0.0,266.0,266.0,0.0,12.794564732142856,12.794564732142856,5.187875147050508,481431104.0,481431104.0,9917234.831538074
1357,lammps,8,1000,10000,0.01,357.0,357.0,4.0,19.47484375,19.650825892857142,1.2454537505433503,457408.0,457408.0,0.0,266.0,266.0,0.0,7.415476190476191,8.201205357142857,1.4336710195653757,45216341.333333336,45070592.0,257115.05425652076
1358,lammps,8,1000,10000,0.05,350.0,348.0,6.928203230275509,14.116417410714286,12.713950892857142,5.436222599683262,457408.0,457408.0,0.0,266.0,266.0,0.0,8.523030133928572,7.7770424107142855,1.7465483057714917,246264480.0,247025856.0,1719570.7396130366
1359,lammps,8,1000,25000,0.01,355.0,354.0,2.0000000000000044,19.59541294642857,18.242689732142857,3.373375505661395,457408.0,457408.0,0.0,266.0,266.0,0.0,2.5488895089285717,2.5146428571428574,0.7595760896157211,18683392.0,18686080.0,55542.36475580299
1360,lammps,8,1000,25000,0.05,352.0,352.0,4.396968652757637,16.341255580357142,16.52986607142857,3.001297284379141,457408.0,457408.0,0.0,266.0,266.0,0.0,4.879185267857142,4.876685267857143,0.15415579625762849,101627680.0,101625216.0,60955.99356912979
1361,lammps,8,1000,50000,0.01,364.6666666666667,352.0,24.583192089989726,29.32190476190476,16.465223214285714,23.070263867519138,457408.0,457408.0,0.0,266.0,266.0,0.0,1.1251852678571428,0.9440714285714285,0.33528395729038796,9441450.666666666,9447424.0,11931.723988315189
1362,lammps,8,1000,50000,0.05,353.3333333333333,353.0,8.504900548115382,17.685215773809524,18.51439732142857,6.4801336081139995,457408.0,457408.0,0.0,266.0,266.0,0.0,2.4681919642857144,2.478370535714286,0.027669362307271905,51609301.333333336,51606016.0,5690.364253133489
1363,lammps,8,2000,0,0.3,373.3333333333333,361.0,25.813433195399117,36.946577380952384,25.576919642857142,25.771926253602704,457408.0,457408.0,0.0,266.0,266.0,0.0,258.3229166666667,264.0,10.51683608058209,1063907114.6666666,231903616.0,1478924642.5489264
1364,lammps,8,2000,0,0.5,371.3333333333333,360.0,27.790885796126275,34.933474702380956,25.14397321428571,25.729839243210062,457408.0,457408.0,0.0,266.0,266.0,0.0,262.93154761904765,264.8392857142857,3.4444194427536163,544275797.3333334,220674048.0,578841134.294099
1365,lammps,8,2000,0,0.7,362.5,355.0,19.209372712298546,26.522449776785713,17.934252232142857,19.939574452359246,457408.0,457408.0,0.0,297.0,266.0,61.99999999999999,295.5122767857143,264.484375,62.3254411161152,220362016.0,239572704.0,66382156.13295288
1366,lammps,8,2000,0,1.0,358.0,357.0,5.0332229568471645,21.45765066964286,20.363638392857144,6.588263333337078,457408.0,457408.0,0.0,266.0,266.0,0.0,263.875,263.875,0.14433756729741465,324514848.0,319808832.0,10931238.71337407
1367,lammps,8,2000,100,0.3,359.0,357.5,5.2281290471193715,24.284581473214285,23.54341517857143,4.758196452223183,457408.0,457408.0,0.0,266.0,266.0,0.0,261.73549107142856,262.5078125,1.9862346661247556,412524896.0,353678528.0,178603505.915094
1368,lammps,8,2000,100,0.5,352.0,352.0,1.1547005383792515,15.258297991071428,15.173928571428572,1.634983614919799,457408.0,457408.0,0.0,266.0,266.0,0.0,263.7338169642857,264.0,0.6248495115381719,258331136.0,240242688.0,69612824.4931807
1369,lammps,8,2000,100,0.7,351.25,351.0,2.872281323269015,13.597176339285715,12.92396205357143,2.1225488910604176,457408.0,457408.0,0.0,266.0,266.0,0.0,264.01953125,264.0122767857143,0.025474804041333256,250229728.0,249178048.0,16777534.490588617
1370,lammps,8,2000,100,1.0,353.3125,353.0,4.5155979670471105,16.818554687499997,16.092064732142855,2.3244367188905546,457408.0,457408.0,0.0,266.0,266.0,0.0,263.72544642857144,263.6618303571429,0.1875088575005383,340234944.0,330522528.0,29611265.448408786
1371,lammps,8,2000,1000,0.3,355.0,354.0,2.6457513110645907,17.442090773809525,16.79169642857143,2.7141664379864006,457408.0,457408.0,0.0,266.0,266.0,0.0,247.92261904761904,257.8482142857143,19.987426459269596,734151338.6666666,336959616.0,823381899.9856285
1372,lammps,8,2000,1000,0.5,355.5,355.0,3.41565025531987,19.598303571428573,19.57411830357143,3.5275525247134976,457408.0,457408.0,0.0,266.0,266.0,0.0,258.9955357142857,261.5,6.051374004177499,417138176.0,259159040.0,368856344.2447648
1373,lammps,8,2000,1000,0.7,358.5,359.0,6.4031242374328405,22.600608258928574,23.35318080357143,6.114009608728174,457408.0,457408.0,0.0,266.0,266.0,0.0,261.9944196428571,262.0,0.21151246751862096,265338864.0,268318624.0,23292770.958007272
1374,lammps,8,2000,1000,1.0,352.25,353.0,7.88986691902975,16.787829241071428,16.305725446428568,5.69770913920503,457408.0,457408.0,0.0,266.0,266.0,0.0,261.9921875,262.0,0.015625,329671440.0,328119456.0,11810436.094852382
1375,lammps,8,2000,10000,0.1,364.0,364.0,,27.776785714285715,27.776785714285715,,457408.0,457408.0,,266.0,266.0,,35.640625,35.640625,,446785920.0,446785920.0,
1376,lammps,8,2000,10000,0.3,354.6666666666667,355.0,1.5275252316519405,19.515543154761904,19.267366071428572,1.9541877560562675,457408.0,457408.0,0.0,266.0,266.0,0.0,207.98958333333334,217.02678571428572,28.72514629869593,327754709.3333333,277527936.0,162609261.75713035
1377,lammps,8,2000,10000,0.5,356.0,354.0,4.690415759823424,20.197589285714287,18.379676339285716,4.7539202608702755,457408.0,457408.0,0.0,266.0,266.0,0.0,239.06194196428572,239.53236607142856,3.2292477779820157,248797696.0,245310464.0,30521570.419075623
1378,lammps,8,2000,10000,0.7,370.5,370.0,15.609825965290794,33.939068080357146,34.659196428571434,16.179108883205387,457408.0,457408.0,0.0,266.0,266.0,0.0,242.94642857142856,247.3515625,9.94379283091508,290579184.0,235716544.0,125691888.63647194
1379,lammps,8,2000,10000,1.0,353.3333333333333,353.0,1.5275252316519452,17.915677083333335,17.191651785714285,2.0434334090994337,457408.0,457408.0,0.0,266.0,266.0,0.0,248.68675595238096,249.00892857142858,0.5951260125129437,301318528.0,293575296.0,13759982.09606277
1380,lammps,8,2000,100000,0.1,352.75,353.0,5.377421934967221,18.21556919642857,17.841104910714286,4.624728683785695,457408.0,457408.0,0.0,266.0,266.0,0.0,3.901886160714286,3.767477678571429,2.0410558094109943,52642800.0,52668000.0,403325.98031864996
1381,lammps,8,2000,100000,0.3,356.0,358.0,5.291502622129181,19.942127976190477,21.43720982142857,4.226801245681484,457408.0,457408.0,0.0,266.0,266.0,0.0,111.66592261904763,111.0,1.1534118100998128,92249173.33333333,92509312.0,503458.1929230382
1382,lammps,8,2000,100000,0.5,354.75,354.0,10.531698185319726,18.693080357142858,17.004207589285713,7.311673104052852,457408.0,457408.0,0.0,266.0,266.0,0.0,143.01339285714286,150.5,23.454632060502192,122655232.0,115404800.0,23106452.055822905
1383,lammps,8,2000,100000,0.7,358.0,357.0,6.557438524302,20.878690476190474,19.377343749999998,6.1343422666501395,457408.0,457408.0,0.0,266.0,266.0,0.0,151.99925595238096,161.99776785714286,18.192791985625757,158266154.66666666,144991616.0,24960397.17799549
1384,lammps,8,2000,100000,1.0,350.75,348.0,6.238322424070967,15.553962053571427,14.21271205357143,5.036782922408216,457408.0,457408.0,0.0,266.0,266.0,0.0,170.50613839285714,176.51227678571428,15.288038103458558,188741280.0,176826048.0,29940560.23362342
1385,lammps,8,2000,1000000,0.1,356.75,354.5,6.396613687465166,20.863599330357143,18.798683035714284,5.457793465188519,457408.0,457408.0,0.0,267.0,267.0,0.0,0.7198872767857143,0.7166964285714287,0.11753261597525755,5362560.0,5362560.0,0.0
1386,lammps,8,2000,1000000,0.3,357.25,357.5,3.2015621187164234,20.826718749999998,21.723102678571426,2.503323355010531,457408.0,457408.0,0.0,291.75,267.0,50.168881457200804,75.03142857142858,22.96696428571429,116.28249783818025,12996928.0,14617792.0,3973163.093237092
1387,lammps,8,2000,1000000,0.5,357.0,357.0,2.449489742783178,20.509815848214288,20.556395089285715,2.8881229036130973,457408.0,457408.0,0.0,266.5,266.5,0.577350269189634,37.71160714285715,46.02154017857144,17.414454115092088,22955520.0,22127616.0,1758070.4275434094
1388,lammps,8,2000,1000000,0.7,359.5,360.5,4.041451884327378,22.934263392857144,24.01390625,5.4821496718998475,457408.0,457408.0,0.0,266.75,267.0,0.5,38.23642299107143,47.25,18.87503303343612,32006128.0,30779168.0,2596669.329388451
1389,lammps,8,2000,1000000,1.0,355.25,354.5,2.8722813232690143,19.974140625,19.719955357142858,4.142620378716079,457408.0,457408.0,0.0,266.5,266.5,0.5773502691896257,54.98275669642857,54.73136160714286,0.6677201408600304,42304080.0,42254016.0,100128.0
1390,lammps,8,4000,0,0.1,363.0,363.0,,24.449107142857144,24.449107142857144,,457408.0,457408.0,,266.0,266.0,,240.140625,240.140625,,2407003200.0,2407003200.0,
1391,lammps,8,4000,0,0.3,356.0,356.0,8.48528137423857,20.377801339285714,20.377801339285714,7.1730143006977025,457408.0,457408.0,0.0,266.0,266.0,0.0,255.70424107142858,255.70424107142858,0.9801636408858228,1180259136.0,1180259136.0,416212781.195711
1392,lammps,8,4000,0,0.5,413.8125,357.5,119.7837243743907,76.67487723214285,18.749441964285715,118.92570959580777,457408.0,457408.0,0.0,266.0,266.0,0.0,260.70033482142856,260.5178571428571,1.6820045618749644,722434048.0,738540544.0,370717610.58533734
1393,lammps,8,4000,0,0.7,363.5,364.0,10.246950765959598,27.869453125000003,27.529129464285713,11.564945144071984,457408.0,457408.0,0.0,266.0,266.0,0.0,261.0797991071429,262.8080357142857,4.362647457436551,689621632.0,401601536.0,617604675.8182895
1394,lammps,8,4000,0,1.0,355.5,353.5,5.916079783099619,19.414090401785714,17.452131696428573,5.46953318718875,457408.0,457408.0,0.0,266.0,266.0,0.0,262.9213169642857,262.9553571428571,0.10590139828940931,383039664.0,358558368.0,77495600.6457694
1395,lammps,8,4000,100,0.3,356.75,353.5,9.06917857360853,18.85388392857143,16.545848214285712,7.529131822162225,457408.0,457408.0,0.0,266.0,266.0,0.0,255.37779017857142,255.20200892857144,1.408793258362494,864460800.0,800766848.0,276560498.14640427
1396,lammps,8,4000,100,0.5,358.0,358.0,2.943920288775949,20.795675223214285,21.028571428571425,2.770133626662918,457408.0,457408.0,0.0,266.0,266.0,0.0,260.4508928571429,260.3415178571429,0.3871851090544005,552538112.0,526797824.0,63477009.590832524
1397,lammps,8,4000,100,0.7,352.6666666666667,352.0,4.0414518843273814,17.817901785714284,17.12035714285714,2.474490879353922,457408.0,457408.0,0.0,266.0,266.0,0.0,262.17261904761904,262.1049107142857,0.25569811048039326,329152469.3333333,323496768.0,31859045.038133908
1398,lammps,8,4000,100,1.0,358.25,358.0,4.031128874149278,23.126690848214288,22.549308035714287,5.640821616070049,457408.0,457408.0,0.0,266.0,266.0,0.0,262.5290178571429,262.5580357142857,0.47229737651424925,429298800.0,437158848.0,69752047.1696136
1399,lammps,8,4000,1000,0.1,361.0,361.0,2.8284271247461903,24.719832589285716,24.719832589285716,2.832167845887736,457408.0,457408.0,0.0,266.0,266.0,0.0,175.92522321428572,175.92522321428572,11.820363134611743,1394638560.0,1394638560.0,126287460.92655756
1400,lammps,8,4000,1000,0.3,353.3333333333333,352.0,6.110100926607785,18.199940476190477,17.726674107142856,4.8206137779990765,457408.0,457408.0,0.0,266.0,266.0,0.0,245.13764880952382,248.42633928571428,6.3368209703785565,779595562.6666666,624873088.0,301603219.535684
1401,lammps,8,4000,1000,0.5,357.75,358.5,6.601767440112785,21.283258928571428,20.967031249999998,5.095528979001071,457408.0,457408.0,0.0,266.0,266.0,0.0,253.29129464285714,252.70200892857144,3.2582203751874284,646191616.0,668745728.0,216160046.30354184
1402,lammps,8,4000,1000,0.7,361.25,359.5,8.500000000000004,25.476501116071425,21.990267857142854,9.296827111031387,457408.0,457408.0,0.0,266.0,266.0,0.0,259.60770089285717,259.46986607142856,0.7749906029130362,407806448.0,432030144.0,82545647.91872542
1403,lammps,8,4000,1000,1.0,361.5,363.5,12.233832869001711,24.239324776785715,25.85685267857143,9.694273016113712,457408.0,457408.0,0.0,266.0,266.0,0.0,260.6696428571429,260.8392857142857,0.45333936695665905,401813664.0,388797024.0,66155744.84707553
1404,lammps,8,4000,10000,0.1,356.0,352.0,11.532562594670797,22.177581845238098,17.945401785714285,11.429151014058355,457408.0,457408.0,0.0,266.0,266.0,0.0,47.88206845238094,47.87165178571428,0.23521769564421632,421606080.0,421263360.0,1848464.2325995923
1405,lammps,8,4000,10000,0.3,355.5,355.5,3.5355339059327378,18.58050223214286,18.58050223214286,0.9455816998684119,457408.0,457408.0,0.0,266.0,266.0,0.0,149.61160714285714,149.61160714285714,31.82611860679808,658851200.0,658851200.0,181257376.4105748
1406,lammps,8,4000,10000,0.5,357.0,356.0,8.54400374531753,21.135238095238098,21.926116071428574,7.882869813222471,457408.0,457408.0,0.0,266.0,266.0,0.0,211.5513392857143,206.99776785714286,13.290493482040958,493497685.3333333,547420160.0,121061049.81234533
1407,lammps,8,4000,10000,0.7,360.25,360.0,5.852349955359809,23.794949776785714,23.821305803571427,4.526134312442805,457408.0,457408.0,0.0,266.0,266.0,0.0,236.90569196428572,240.49107142857144,10.088916214624291,357921760.0,311928288.0,130467135.47946243
1408,lammps,8,4000,10000,1.0,362.25,363.5,8.732124598286491,25.342276785714287,26.198348214285716,6.772769062351777,457408.0,457408.0,0.0,266.0,266.0,0.0,245.20256696428572,245.50111607142856,2.3738776319682775,360610992.0,361662336.0,45981142.641612895
1409,lammps,8,4000,100000,0.1,356.5,357.5,4.358898943540671,20.97467075892857,21.184921875,5.9943111897216035,457408.0,457408.0,0.0,266.0,266.0,0.0,5.872131696428571,6.452087053571429,2.240056384927484,52204320.0,52093440.0,432227.1402862157
1410,lammps,8,4000,100000,0.3,355.75,358.0,6.849574196011513,20.563147321428573,21.77950892857143,5.184035382938905,457408.0,457408.0,0.0,266.0,266.0,0.0,41.901395089285714,49.228906249999994,20.373206998962775,133616224.0,129308928.0,12254213.509984555
1411,lammps,8,4000,100000,0.5,358.6666666666667,361.0,12.662279942148395,24.617879464285718,26.779464285714283,11.831366422854964,457408.0,457408.0,0.0,266.0,266.0,0.0,82.56956845238095,78.63392857142857,9.45583892337243,182339584.0,185851904.0,9292725.244878383
1412,lammps,8,4000,100000,0.7,357.75,354.5,7.544313531837517,22.545284598214288,19.309285714285714,8.06095929686696,457408.0,457408.0,0.0,266.0,266.0,0.0,141.62109375,140.49888392857144,10.626908775717332,172019792.0,174158208.0,14704755.86540935
1413,lammps,8,4000,100000,1.0,356.25,356.5,5.0579969684978385,20.405463169642857,21.879185267857146,4.391656657663321,457408.0,457408.0,0.0,266.0,266.0,0.0,155.05412946428572,157.5,20.781096744406376,219080064.0,214374048.0,41282860.612473644
1414,lammps,8,4000,1000000,0.1,356.5,355.5,4.654746681256314,20.377885044642856,19.65970982142857,4.426929893425931,457408.0,457408.0,0.0,267.0,267.0,0.0,0.7331356026785715,0.7984787946428571,0.16773216627819462,5362560.0,5362560.0,0.0
1415,lammps,8,4000,1000000,0.3,365.25,369.5,8.845903006477071,27.927321428571428,31.95832589285714,8.528801937418285,457408.0,457408.0,0.0,266.25,266.0,0.5,4.705775669642856,4.405758928571428,2.787013002921617,15698368.0,15728384.0,158829.74270582944
1416,lammps,8,4000,1000000,0.5,365.25,359.5,16.17353805861085,29.83047433035714,24.572734374999996,16.764897391945624,457408.0,457408.0,0.0,266.5,266.5,0.5773502691896257,16.352137276785715,15.704464285714284,7.458027560496847,25088000.0,25188352.0,741971.6796607985
1417,lammps,8,4000,1000000,0.7,355.6666666666667,354.0,8.621678104251714,22.177678571428572,20.006517857142857,8.720871760608986,457408.0,457408.0,0.0,266.6666666666667,267.0,0.5773502691896216,32.521502976190476,30.630133928571432,5.325561848572996,32765674.666666668,32952640.0,719573.6802449995
1418,lammps,8,4000,1000000,1.0,359.25,361.0,4.272001872658765,22.66708705357143,23.82015625,4.430025196657231,457408.0,457408.0,0.0,266.25,266.0,0.4999999999999952,42.145535714285714,44.95,10.703738136641288,44857344.0,44256576.0,2087534.7314265217
1419,lammps,8,20000,0,0.1,357.0,357.0,1.4142135623730951,19.026395089285714,19.026395089285714,0.21842970412590676,457408.0,457408.0,0.0,266.0,266.0,0.0,261.0,261.0,1.4142135623730951,495996480.0,495996480.0,132574036.19110343
1420,lammps,8,20000,0,0.3,635.0,364.0,471.9862286126577,297.0477380952381,26.74691964285714,473.50270079199385,457408.0,457408.0,0.0,266.0,266.0,0.0,258.6763392857143,257.9330357142857,1.5374539176145132,712479786.6666666,761325824.0,150187302.85891315
1421,lammps,8,20000,0,0.5,356.0,355.0,7.393691004272944,18.523108258928573,17.735044642857144,4.2966217935357705,457408.0,457408.0,0.0,266.0,266.0,0.0,259.8655133928571,259.46875,1.5711330119355407,642729472.0,684400640.0,163353234.55842108
1422,lammps,8,20000,0,0.7,768.25,769.5,469.73210450213,429.9341517857143,430.88542410714285,467.6525077813802,457408.0,457408.0,0.0,266.0,266.0,0.0,259.1674107142857,258.7734375,1.255873477689638,729550416.0,783361376.0,141078370.3382523
1423,lammps,8,20000,0,1.0,763.25,764.5,463.95931933737467,426.1831919642857,428.721171875,461.2018504712891,457408.0,457408.0,0.0,266.0,266.0,0.0,260.4681919642857,260.1049107142857,1.5940588175778516,737342592.0,806831424.0,190677645.9211162
1424,lammps,8,20000,100,0.1,364.0,364.0,4.242640687119285,26.268325892857142,26.268325892857142,3.6717150958451814,457408.0,457408.0,0.0,266.0,266.0,0.0,255.66964285714283,255.66964285714283,3.3019361300050316,561949920.0,561949920.0,184277910.30563375
1425,lammps,8,20000,100,0.3,409.75,355.5,116.35112089418536,74.85007254464286,18.544910714285713,116.8029787714759,457408.0,457408.0,0.0,313.2516741071429,266.0,94.50334821428574,302.57700892857144,255.43415178571428,98.44586953034425,796834752.0,782667200.0,343491222.2426003
1426,lammps,8,20000,100,0.5,487.5,487.5,187.3832970144351,150.82004464285714,150.82004464285714,186.90543172632786,457408.0,457408.0,0.0,355.5,355.5,126.572113832392,348.28794642857144,348.28794642857144,129.70042999380212,641851392.0,641851392.0,259853980.8820259
1427,lammps,8,20000,100,0.7,435.6666666666667,361.0,131.93306383667945,99.58462053571428,25.55066964285714,133.6556048339913,457408.0,457408.0,0.0,323.3363095238095,266.0,99.30940121373338,317.3705357142857,259.89285714285717,100.549505544336,569215957.3333334,655547200.0,167572921.20561957
1428,lammps,8,20000,100,1.0,414.0,405.0,47.148700936505136,78.01934523809524,68.90133928571429,49.48894649627905,457408.0,457408.0,0.0,266.0,266.0,0.0,259.05059523809524,260.0,2.7699321978788873,858564224.0,742549248.0,389076811.55986744
1429,lammps,8,20000,1000,0.1,608.6666666666666,358.0,434.16740243059854,273.69787946428573,24.277232142857144,437.19097361575007,457408.0,457408.0,0.0,266.0,266.0,0.0,224.50818452380952,228.046875,6.886849979010517,641921280.0,577785600.0,117090262.88843663
1430,lammps,8,20000,1000,0.3,358.0,358.0,,20.95334821428571,20.95334821428571,,457408.0,457408.0,,266.0,266.0,,250.05580357142858,250.05580357142858,,537406464.0,537406464.0,
1431,lammps,8,20000,1000,0.5,358.0,358.0,2.8284271247461903,23.736808035714283,23.736808035714283,5.105089989297748,457408.0,457408.0,0.0,266.0,266.0,0.0,253.99107142857144,253.99107142857144,4.248954140522735,601810944.0,601810944.0,205073185.34927768
1432,lammps,8,20000,1000,0.7,373.0,373.0,12.727922061357855,34.353270089285715,34.353270089285715,11.167662538129425,457408.0,457408.0,0.0,266.0,266.0,0.0,256.8002232142857,256.8002232142857,2.5774673519589846,581789376.0,581789376.0,165784386.6286913
1433,lammps,8,20000,1000,1.0,358.3333333333333,360.0,4.725815626252601,21.430699404761906,21.942857142857143,3.879389983756788,457408.0,457408.0,0.0,266.0,266.0,0.0,256.0029761904762,256.0267857142857,2.0090343887475086,788341120.0,771586368.0,164151583.04253024
1434,lammps,8,20000,10000,0.1,738.0,740.0,441.1076966002747,402.6417801339286,404.07847098214285,441.154189818119,457408.0,457408.0,0.0,266.0,266.0,0.0,116.92299107142857,111.5546875,18.65065291279801,289265760.0,299748960.0,36105933.394897856
1435,lammps,8,20000,10000,0.3,618.6666666666666,375.0,434.22382861069855,281.34601934523806,38.71361607142857,435.72752877075516,457408.0,457408.0,0.0,266.1822916666667,266.0,0.3157384284630807,181.61011904761904,187.20982142857142,17.864990649052444,471771477.3333333,439734400.0,98853955.13148808
1436,lammps,8,20000,10000,0.5,612.6666666666666,361.0,439.3681068686408,275.5670089285714,25.707232142857144,438.1843715728964,457408.0,457408.0,0.0,266.0,266.0,0.0,207.46130952380952,204.109375,8.492548930869841,533671936.0,563978240.0,76872710.62242381
1437,lammps,8,20000,10000,0.7,367.3333333333333,368.0,6.027713773341709,29.76880208333333,29.890848214285715,4.875955966901851,457408.0,457408.0,0.0,266.0,266.0,0.0,217.53125,215.58705357142858,3.8869491281969784,603664320.0,628203520.0,49713116.18326962
1438,lammps,8,20000,10000,1.0,361.6666666666667,360.0,2.886751345948133,24.612440476190475,23.301941964285714,3.4766334800089975,457408.0,457408.0,0.0,266.0,266.0,0.0,231.2388392857143,234.0,7.531432260793137,608244224.0,557512704.0,129063296.00126946
1439,lammps,8,20000,100000,0.1,357.6666666666667,360.0,5.8594652770823235,22.885669642857142,24.78232142857143,3.644819584491354,457408.0,457408.0,0.0,266.0,266.0,0.0,31.242261904761907,35.72566964285714,9.020684201305828,47160960.0,46267200.0,1798011.3174282303
1440,lammps,8,20000,100000,0.3,551.75,362.5,385.54236688938175,216.15711495535714,25.685792410714285,387.2657057955448,457408.0,457408.0,0.0,266.0,266.0,0.0,56.48526785714286,52.61473214285714,11.003229485259439,124896576.0,127207808.0,6563285.1347379405
1441,lammps,8,20000,100000,0.5,360.0,360.0,12.727922061357855,25.251897321428572,25.251897321428572,11.500113210721665,457408.0,457408.0,0.0,266.0,266.0,0.0,92.09029017857144,92.09029017857144,18.25708671576542,172956672.0,172956672.0,17952773.665525
1442,lammps,8,20000,100000,0.7,555.25,366.5,383.18957449283505,217.1504296875,28.025334821428565,382.94542570532536,457408.0,457408.0,0.0,266.0,266.0,0.0,88.06088169642857,87.49107142857143,4.201014252866029,246548848.0,247285024.0,5771797.672362398
1443,lammps,8,20000,100000,1.0,555.5,370.5,376.37082777494857,219.57706473214287,32.08816964285714,379.0386298553989,457408.0,457408.0,0.0,266.0,266.0,0.0,111.08024553571428,107.49553571428572,15.660434694281486,305991168.0,313500768.0,31236940.57434127
1444,lammps,8,20000,1000000,0.1,622.3333333333334,365.0,457.0189638661982,288.7102380952381,31.86205357142857,455.57041939436,457408.0,457408.0,0.0,266.6666666666667,267.0,0.5773502691896216,2.8244419642857146,2.417790178571429,0.8353220182557604,5315520.0,5322240.0,11639.381426862856
1445,lammps,8,20000,1000000,0.3,388.75,361.0,66.99937810656654,53.706043526785706,25.406640624999998,66.12834369756797,457408.0,457408.0,0.0,269.25,266.0,6.500000000000005,36.76871651785714,6.566417410714285,60.822084764921,13957440.0,15578304.0,3261861.4291826277
1446,lammps,8,20000,1000000,0.5,757.0,760.0,453.82375433641636,420.06035156250005,422.53803571428574,453.6257907320676,457408.0,457408.0,0.0,266.25,266.0,0.5,13.664302455357143,12.589408482142858,4.95772989101115,25338880.0,25439232.0,508406.1173930411
1447,lammps,8,20000,1000000,0.7,358.5,358.5,0.7071067811865476,21.80044642857143,21.80044642857143,1.5272243782948771,457408.0,457408.0,0.0,266.5,266.5,0.7071067811865476,14.75,14.75,2.3334523779156116,35266336.0,35266336.0,297460.0238553073
1448,lammps,8,20000,1000000,1.0,619.3333333333334,360.0,450.9116691030887,281.70298363095236,23.40752232142857,447.7091995604736,457408.0,457408.0,0.0,266.6666666666667,267.0,0.5773502691896216,23.6703869047619,19.300000000000004,7.83175818135386,48595456.0,49463232.0,1503032.12158889
1449,lammps,8,40000,0,0.1,365.0,365.0,8.48528137423857,28.739843750000002,28.739843750000002,5.97331610134038,457408.0,457408.0,0.0,266.0,266.0,0.0,262.75,262.75,0.3535533905932738,296009280.0,296009280.0,33100743.229649693
1450,lammps,8,40000,0,0.3,477.5,370.0,224.64416306683776,141.59760044642857,32.717187499999994,224.59573965779836,457408.0,457408.0,0.0,266.0,266.0,0.0,261.5775669642857,261.9944196428571,1.4457456489203893,413740544.0,382493888.0,128105446.7163832
1451,lammps,8,40000,0,0.5,363.25,363.5,11.87083260208258,24.593136160714288,24.177098214285714,10.801442763675835,457408.0,457408.0,0.0,266.0,266.0,0.0,262.3415178571429,263.0,1.321432341934792,386530816.0,327649280.0,139291067.30528998
1452,lammps,8,40000,0,0.7,366.0,364.0,13.366625103842287,27.87704241071429,24.919933035714287,10.39032348803788,457408.0,457408.0,0.0,266.0,266.0,0.0,262.69029017857144,262.5,1.0248645572093533,392486976.0,390033056.0,102066955.24057268
1453,lammps,8,40000,0,1.0,361.6666666666667,363.0,10.066445913694333,23.736495535714283,23.386607142857144,9.173030613187809,457408.0,457408.0,0.0,266.0,266.0,0.0,262.7232142857143,263.0,1.3891408900139206,446904640.0,391900992.0,131675033.10034941
1454,lammps,8,40000,100,0.1,360.0,360.0,4.242640687119285,23.006328125,23.006328125,6.081007832769752,457408.0,457408.0,0.0,266.0,266.0,0.0,259.7779017857143,259.7779017857143,0.3140943068217145,341439840.0,341439840.0,27812037.054714277
1455,lammps,8,40000,100,0.3,357.5,357.5,3.5355339059327378,22.44598214285714,22.44598214285714,0.9296560136582074,457408.0,457408.0,0.0,266.0,266.0,0.0,260.515625,260.515625,0.6818529675727079,395070592.0,395070592.0,42194340.08246168
1456,lammps,8,40000,100,0.5,366.5,366.5,4.654746681256314,27.782276785714284,27.170870535714286,3.930834766208932,457408.0,457408.0,0.0,266.0,266.0,0.0,261.41294642857144,262.0,1.1770852146152961,418693632.0,374965248.0,101437205.24088858
1457,lammps,8,40000,100,0.7,375.6666666666667,377.0,9.073771725877474,36.99791666666666,38.091517857142854,10.145640839196554,457408.0,457408.0,0.0,266.0,266.0,0.0,262.0,262.0,0.0,415623936.0,417026176.0,11422878.047494685
1458,lammps,8,40000,100,1.0,360.25,359.0,7.274384280931732,23.352795758928572,20.374441964285715,7.174242957240724,457408.0,457408.0,0.0,266.0,266.0,0.0,261.75669642857144,262.0,0.863478722277833,484719648.0,450475872.0,100120590.25382924
1459,lammps,8,40000,1000,0.1,354.0,354.0,,19.841517857142858,19.841517857142858,,457408.0,457408.0,,266.0,266.0,,240.77232142857142,240.77232142857142,,356892480.0,356892480.0,
1460,lammps,8,40000,1000,0.3,360.6666666666667,362.0,5.131601439446882,23.038444940476193,24.52102678571428,2.9757863919972225,457408.0,457408.0,0.0,266.0,266.0,0.0,255.69791666666666,256.00223214285717,0.5406779593422942,347745365.3333333,345964416.0,14340780.772186901
1461,lammps,8,40000,1000,0.5,391.0,357.0,62.385895841928885,53.685930059523805,17.829285714285714,63.100483890234045,457408.0,457408.0,0.0,266.0,266.0,0.0,257.0014880952381,258.0,2.643220343849418,457939626.6666667,408231936.0,122326467.3495609
1462,lammps,8,40000,1000,0.7,367.3333333333333,365.0,6.80685928555404,29.30529761904762,26.508928571428573,7.045050088037097,457408.0,457408.0,0.0,266.0,266.0,0.0,259.6733630952381,259.99776785714283,0.5638197268786596,398516608.0,395151232.0,9435731.204147775
1463,lammps,8,40000,1000,1.0,369.5,370.0,5.802298395176399,32.01243861607143,30.9375,5.199755635023745,457408.0,457408.0,0.0,266.0,266.0,0.0,261.45814732142856,261.5,0.629399310117459,383289984.0,372275904.0,36848555.10186135
1464,lammps,8,40000,10000,0.1,356.0,356.0,4.242640687119285,20.734285714285715,20.734285714285715,4.6240995417558155,457408.0,457408.0,0.0,266.0,266.0,0.0,162.28348214285717,162.28348214285717,2.6832176964668024,201116160.0,201116160.0,5217429.811391812
1465,lammps,8,40000,10000,0.3,363.6666666666667,367.0,5.773502691896254,25.57386160714286,27.75930803571429,4.818599374738631,457408.0,457408.0,0.0,266.0,266.0,0.0,215.03645833333334,214.99776785714286,2.9086751434338245,286072490.6666667,286952960.0,14727592.374546668
1466,lammps,8,40000,10000,0.5,375.5,371.0,24.906491790963525,38.47169084821429,33.51651785714286,23.03993253823706,457408.0,457408.0,0.0,266.0,266.0,0.0,229.37555803571428,231.11495535714286,4.276078257158864,333695488.0,318667776.0,38796432.327865206
1467,lammps,8,40000,10000,0.7,355.5,356.5,7.325753658611977,18.94575892857143,19.496919642857144,5.45749995033515,457408.0,457408.0,0.0,266.0,266.0,0.0,236.80859375,236.57477678571428,2.433072831056989,363250272.0,365353632.0,27194419.447554603
1468,lammps,8,40000,10000,1.0,362.3333333333333,362.0,12.503332889007368,25.75231398809524,26.09671875,11.184580333481255,457408.0,457408.0,0.0,266.0,266.0,0.0,241.00297619047618,243.0,6.244283631598886,436424576.0,404917632.0,109199090.61962272
1469,lammps,8,40000,100000,0.1,367.5,362.5,18.484227510682363,30.260753348214287,25.26188616071429,17.317189696306276,457408.0,457408.0,0.0,266.0,266.0,0.0,35.77193080357143,36.54017857142857,7.171527149591842,46247040.0,46085760.0,1438393.9844145624
1470,lammps,8,40000,100000,0.3,356.0,357.0,6.0553007081949835,19.803510044642856,20.47775669642857,6.669808566575482,457408.0,457408.0,0.0,266.0,266.0,0.0,75.33180803571429,79.16060267857142,8.132548226574002,113655584.0,111359360.0,4841764.713514554
1471,lammps,8,40000,100000,0.5,359.75,357.5,5.560275772537431,23.203175223214288,20.822232142857146,5.986862569798362,457408.0,457408.0,0.0,266.0,266.0,0.0,101.86964285714285,105.5,13.540288051227126,163247616.0,159710208.0,13422025.290854236
1472,lammps,8,40000,100000,0.7,517.21875,360.5,321.9094459723883,179.61142857142855,22.410479910714287,321.07908506876237,457408.0,457408.0,0.0,266.1462053571429,266.0,0.29241071428572557,122.58984375,126.18415178571429,9.33444964199362,198837632.0,193649344.0,13243561.075855695
1473,lammps,8,40000,100000,1.0,522.5,365.5,325.09331993547124,185.84751674107144,27.12131696428571,326.9500707842769,457408.0,457408.0,0.0,266.0279017857143,266.0,0.05580357142858361,146.79854910714286,145.0,12.658347381090488,235801440.0,239406048.0,25244173.18575865
1474,lammps,8,40000,1000000,0.1,362.75,364.0,7.0887234393789145,25.902237723214284,26.436540178571427,7.582931778679714,457408.0,457408.0,0.0,266.25,266.0,0.4999999999999952,4.047991071428571,4.125189732142857,0.9633333740780307,5286960.0,5281920.0,25367.443702509718
1475,lammps,8,40000,1000000,0.3,353.5,354.0,1.7320508075688719,18.770580357142858,19.27112723214286,2.161006650899095,457408.0,457408.0,0.0,266.5,266.5,0.5773502691896257,10.906439732142855,11.199776785714285,1.3168808278514414,15338176.0,15338176.0,77500.97874650788
1476,lammps,8,40000,1000000,0.5,352.5,350.5,4.358898943540674,17.568588169642858,15.979229910714285,4.101179143988401,457408.0,457408.0,0.0,266.75,267.0,0.4999999999999952,16.453404017857142,17.106808035714284,1.8272882534660606,25088000.0,25037824.0,216785.09685554187
1477,lammps,8,40000,1000000,0.7,352.25,353.0,4.112987559751022,17.04010044642857,17.31654017857143,3.6200743644733056,457408.0,457408.0,0.0,266.75,267.0,0.4999999999999952,24.870758928571433,24.50625,1.7747626505312377,33864096.0,33934208.0,268508.5175160495
1478,lammps,8,40000,1000000,1.0,354.5,354.5,3.696845502136472,17.490111607142858,17.305379464285714,3.686633805082765,457408.0,457408.0,0.0,266.5,266.5,0.5773502691896257,30.80044642857143,31.301004464285718,6.071966803108062,47160288.0,47060160.0,1150383.1373451194
1479,lammps,8,200000,0,0.1,363.5,363.5,4.93288286231624,26.49517857142857,25.18247767857143,4.196750235977993,457408.0,457408.0,0.0,266.0,266.0,0.0,265.0,265.0,0.0,104000400.0,103733280.0,13438313.594197748
1480,lammps,8,200000,0,0.3,361.0,361.0,4.760952285695241,24.025033482142856,23.508325892857144,2.335390799810346,457408.0,457408.0,0.0,266.0,266.0,0.0,265.0,265.0,0.0,99382976.0,101724224.0,13504442.693381958
1481,lammps,8,200000,0,0.5,360.25,359.0,4.7871355387816905,26.748967633928572,26.739676339285715,2.0320689482979883,457408.0,457408.0,0.0,266.0,266.0,0.0,265.0033482142857,265.0,0.0066964285714306016,95359488.0,96538624.0,13082856.794422233
1482,lammps,8,200000,0,0.7,364.25,363.5,9.032349269892824,28.466651785714287,27.691651785714285,8.834778449509264,457408.0,457408.0,0.0,266.25,266.0,0.4999999999999952,265.3353794642857,265.17075892857144,0.4627822174841213,94055248.0,95772992.0,8935819.555057872
1483,lammps,8,200000,0,1.0,355.0,356.0,2.7080128015453253,21.434938616071427,21.57333705357143,1.8449827338101847,457408.0,457408.0,0.0,266.25,266.0,0.5000000000000047,265.7873883928571,266.0,0.42522321428573034,96273072.0,95722368.0,5448472.273309648
1484,lammps,8,200000,100,0.1,367.0,367.0,8.48528137423857,31.10212053571429,31.10212053571429,7.975943520915136,457408.0,457408.0,0.0,266.0,266.0,0.0,264.0,264.0,0.0,101162880.0,101162880.0,12116981.802412678
1485,lammps,8,200000,100,0.3,369.0,372.0,10.816653826391969,31.91324404761905,34.27142857142857,9.234896574881121,457408.0,457408.0,0.0,266.0,266.0,0.0,264.9479166666667,265.0,0.09021097956088724,116722218.66666667,118743296.0,13828528.978016037
1486,lammps,8,200000,100,0.5,360.0,360.0,1.4142135623730951,25.34877232142857,25.34877232142857,4.378853444298751,457408.0,457408.0,0.0,266.0,266.0,0.0,265.0,265.0,0.0,103362560.0,103362560.0,20436358.955222137
1487,lammps,8,200000,100,0.7,362.5,362.5,6.363961030678928,26.130357142857143,26.130357142857143,5.858569085732649,457408.0,457408.0,0.0,266.0,266.0,0.0,265.0,265.0,0.0,103345088.0,103345088.0,7733960.62023799
1488,lammps,8,200000,100,1.0,365.0,365.0,5.656854249492381,30.163281249999997,30.163281249999997,5.215070347585871,457408.0,457408.0,0.0,266.0,266.0,0.0,265.5,265.5,0.7071067811865476,82405344.0,82405344.0,22514777.71615363
1489,lammps,8,200000,1000,0.1,364.0,364.0,9.899494936611665,28.638169642857143,28.638169642857143,8.355855579467814,457408.0,457408.0,0.0,266.0,266.0,0.0,259.5033482142857,259.5033482142857,2.1165852535070426,98249760.0,98249760.0,25474172.330484066
1490,lammps,8,200000,1000,0.3,373.3333333333333,362.0,21.38535324312725,37.68244047619047,26.939285714285713,19.145847723443662,457408.0,457408.0,0.0,266.0,266.0,0.0,262.77752976190476,263.0,0.6935908781325784,106696874.66666667,94310272.0,23778457.208526995
1491,lammps,8,200000,1000,0.5,360.0,360.0,7.0710678118654755,24.283638392857142,24.283638392857142,5.76585602250297,457408.0,457408.0,0.0,266.0,266.0,0.0,264.0,264.0,0.0,100101120.0,100101120.0,780555.3767619566
1492,lammps,8,200000,1000,0.7,367.5,367.5,9.192388155425117,31.971874999999997,31.971874999999997,5.475973809483499,457408.0,457408.0,0.0,266.0,266.0,0.0,264.95982142857144,264.95982142857144,0.056821080631099176,95282208.0,95282208.0,9419567.422084732
1493,lammps,8,200000,1000,1.0,365.0,365.0,8.48528137423857,31.031584821428574,31.031584821428574,5.812323039552371,457408.0,457408.0,0.0,266.5,266.5,0.7071067811865476,265.0,265.0,0.0,87812256.0,87812256.0,4106468.8916255045
1494,lammps,8,200000,10000,0.1,362.0,362.0,8.48528137423857,27.209921875,27.209921875,7.68329917203166,457408.0,457408.0,0.0,266.0,266.0,0.0,228.49553571428572,228.49553571428572,0.7134202345900175,73553760.0,73553760.0,1667866.9069203334
1495,lammps,8,200000,10000,0.3,364.0,364.0,2.8284271247461903,25.027901785714285,25.027901785714285,4.845891159819061,457408.0,457408.0,0.0,266.0,266.0,0.0,250.0,250.0,2.8284271247461903,89537728.0,89537728.0,14984509.10373136
1496,lammps,8,200000,10000,0.5,364.5,364.5,0.5773502691896257,27.571540178571425,26.91819196428571,1.8307538088257458,457408.0,457408.0,0.0,266.0,266.0,0.0,257.0,257.0,0.8164965809277203,84195328.0,84596736.0,4458611.239668243
1497,lammps,8,200000,10000,0.7,366.5,366.5,3.5355339059327378,30.440625,30.440625,0.8359012306169543,457408.0,457408.0,0.0,266.0,266.0,0.0,259.5,259.5,0.7071067811865476,84344736.0,84344736.0,13385701.07348883
1498,lammps,8,200000,10000,1.0,361.0,361.0,2.8284271247461903,27.01473214285714,27.01473214285714,4.516644564829078,457408.0,457408.0,0.0,266.5055803571429,266.5055803571429,0.6992149644322075,261.5,261.5,0.7071067811865476,83006112.0,83006112.0,15434658.937488966
1499,lammps,8,200000,100000,0.1,674.25,674.0,364.05253741733486,336.3931417410714,338.00055803571433,363.5567093706845,457408.0,457408.0,0.0,266.0,266.0,0.0,103.18616071428572,105.54575892857143,12.218933925447303,32754960.0,32256000.0,2406194.039058363
1500,lammps,8,200000,100000,0.3,673.0,673.5,360.84622763720284,337.144921875,337.54084821428575,360.65947012891087,457408.0,457408.0,0.0,266.0,266.0,0.0,169.75,172.5,10.372238588334406,57510656.0,55859776.0,6056392.816047519
1501,lammps,8,200000,100000,0.5,565.0,359.0,361.1412466058121,229.21822916666667,21.51584821428571,361.57474000058664,457408.0,457408.0,0.0,266.0,266.0,0.0,194.0,195.0,6.557438524302,71718229.33333333,70547456.0,6948485.334019014
1502,lammps,8,200000,100000,0.7,361.5,361.5,7.7781745930520225,25.966785714285713,25.966785714285713,7.928687322190303,457408.0,457408.0,0.0,266.0,266.0,0.0,212.0,212.0,2.8284271247461903,74599168.0,74599168.0,3767826.9688338926
1503,lammps,8,200000,100000,1.0,361.5,362.0,7.724420150837645,26.22138950892857,26.91908482142857,7.505001143086506,457408.0,457408.0,0.0,266.2505580357143,266.00111607142856,0.49962908422738916,225.0,223.5,4.242640687119285,81404064.0,84107520.0,8553377.381255664
1504,lammps,8,200000,1000000,0.1,354.5,355.0,4.795831523312719,17.277511160714283,16.42453125,3.9755948054204957,457408.0,457408.0,0.0,266.5,266.5,0.5773502691896257,14.599999999999998,15.199999999999998,1.4071247279470276,5075280.0,5060160.0,30240.0
1505,lammps,8,200000,1000000,0.3,354.0,354.0,1.8257418583505562,17.95884486607143,17.671685267857143,1.572769333661156,457408.0,457408.0,0.0,266.5,266.5,0.5773502691896257,35.47472098214286,36.699441964285725,3.8541504586396824,13867392.0,13807360.0,213655.45387531456
1506,lammps,8,200000,1000000,0.5,359.0,358.5,1.4142135623730983,23.021121651785716,23.135546875000003,2.6037104488800855,457408.0,457408.0,0.0,266.0,266.0,0.0,56.75,57.0,3.264455033641393,20998656.0,20973568.0,331566.81471261044
1507,lammps,8,200000,1000000,0.7,359.75,360.5,6.701989754294367,22.476244419642857,22.49458705357143,4.502083829567435,457408.0,457408.0,0.0,266.5,266.5,0.5773502691896257,79.35,79.94999999999999,7.9559202275203,26221888.0,26081664.0,1092188.0442536746
1508,lammps,8,200000,1000000,1.0,514.5,354.0,321.6680483562726,179.57989955357144,21.267946428571427,319.81394734250796,457408.0,457408.0,0.0,267.5,267.5,0.577350269189634,103.1,103.64999999999998,10.709186087965167,32791920.0,32641728.0,2127965.3976134104
1509,lammps,8,400000,0,0.1,360.5,361.5,2.380476142847623,24.557996651785714,24.70401785714286,0.7684325321109504,457408.0,457408.0,0.0,266.0,266.0,0.0,265.0329241071429,265.00892857142856,0.05459631610997111,60369120.0,57758400.0,7385377.833746896
1510,lammps,8,400000,0,0.3,362.25,361.5,3.403429642777021,26.922689732142857,25.954531250000002,3.541065432355816,457408.0,457408.0,0.0,266.0,266.0,0.0,265.7399553571429,265.9799107142857,0.4936670445037655,58125984.0,59191552.0,7977764.940388756
1511,lammps,8,400000,0,0.5,361.75,361.5,1.7078251276599261,24.634481026785714,24.557142857142857,1.269590531435767,457408.0,457408.0,0.0,266.0,266.0,0.0,266.0,266.0,0.0,49724416.0,49172480.0,1533996.6597860204
1512,lammps,8,400000,0,0.7,360.75,359.5,4.349329450233301,25.239174107142855,24.23627232142857,3.8961381471744,457408.0,457408.0,0.0,266.5,266.5,0.577350269189634,266.0,266.0,0.0,53250064.0,53775904.0,2316527.076005516
1513,lammps,8,400000,0,1.0,364.25,363.5,6.18465843842649,28.450055803571427,28.01127232142857,5.649641846285826,457408.0,457408.0,0.0,266.5,266.5,0.5773502691896257,266.4760044642857,266.45200892857144,0.5510375927748773,49563360.0,48962592.0,2535697.532094867
1514,lammps,8,400000,100,0.1,359.25,360.5,5.852349955359811,24.03400111607143,24.151651785714286,5.018159697435769,457408.0,457408.0,0.0,266.0,266.0,0.0,264.8041294642857,265.0,0.3917410714285694,63483840.0,60923520.0,13604908.448820962
1515,lammps,8,400000,100,0.3,367.0,371.0,9.643650760992955,30.565580357142863,33.51741071428572,10.033423384243173,457408.0,457408.0,0.0,266.0,266.0,0.0,265.3333333333333,265.0,0.5773502691896216,59931946.666666664,57090432.0,14438829.615925154
1516,lammps,8,400000,100,0.5,362.75,361.5,3.593976442141304,26.295022321428572,26.440803571428575,3.8965247645671903,457408.0,457408.0,0.0,266.0,266.0,0.0,265.49609375,265.4921875,0.4819305329169379,59834880.0,56849408.0,6658300.372946837
1517,lammps,8,400000,100,0.7,370.0,370.5,8.831760866327848,34.54185267857143,35.21249999999999,9.37452142609982,457408.0,457408.0,0.0,266.2505580357143,266.00111607142856,0.4996290842273906,266.0,266.0,0.0,47360656.0,47535936.0,2472545.8459965233
1518,lammps,8,400000,100,1.0,358.5,357.5,4.795831523312716,23.99648995535714,22.06752232142857,5.363926626389919,457408.0,457408.0,0.0,266.5,266.5,0.5773502691896257,266.1674107142857,266.0,0.3348214285714117,54369504.0,54269376.0,6059743.471671388
1519,lammps,8,400000,1000,0.1,373.6666666666667,369.0,15.53490693030805,37.5647693452381,31.01484375,17.27355675933568,457408.0,457408.0,0.0,266.0,266.0,0.0,261.74032738095235,262.1763392857143,1.5251602362636325,61756800.0,53444160.0,22310939.415165827
1520,lammps,8,400000,1000,0.3,431.5,371.0,125.03466186088826,94.22625558035713,32.838973214285716,124.21306616377504,457408.0,457408.0,0.0,266.0,266.0,0.0,264.25,264.0,0.4999999999999952,62268192.0,63663936.0,12271650.441151045
1521,lammps,8,400000,1000,0.5,363.0,362.0,5.29150262212918,27.85256138392857,26.707957589285712,4.215324701415139,457408.0,457408.0,0.0,266.0,266.0,0.0,265.25,265.0,0.5000000000000047,53863936.0,53236736.0,10432224.720557101
1522,lammps,8,400000,1000,0.7,362.6666666666667,360.0,4.618802153516998,26.87432291666667,24.465468750000003,5.456329992401122,457408.0,457408.0,0.0,266.3333333333333,266.0,0.5773502691896216,265.3333333333333,265.0,0.5773502691896216,51415466.666666664,53004672.0,4028441.342743535
1523,lammps,8,400000,1000,1.0,365.0,364.5,6.0553007081949835,29.184765625,27.680803571428573,5.32692393179362,457408.0,457408.0,0.0,266.5,266.5,0.5773502691896257,266.0,266.0,0.0,47360544.0,48161568.0,7504480.601684303
1524,lammps,8,400000,10000,0.1,362.75,362.0,4.573474244670748,24.507181919642857,23.875636160714286,2.2753194747970475,457408.0,457408.0,0.0,266.0,266.0,0.0,239.59542410714286,241.69084821428572,7.82140720444971,51730560.0,47779200.0,15095986.050232029
1525,lammps,8,400000,10000,0.3,370.25,369.5,5.057996968497847,33.86540178571428,33.64040178571429,3.9761141270382327,457408.0,457408.0,0.0,266.0,266.0,0.0,255.5,255.5,2.081665999466135,59281600.0,58110976.0,12499012.245375978
1526,lammps,8,400000,10000,0.5,363.0,364.0,8.48528137423857,27.56364955357143,27.579642857142858,7.190745862341413,457408.0,457408.0,0.0,266.0,266.0,0.0,260.25279017857144,260.5,0.9603531455643672,53788672.0,54240256.0,7191348.766979761
1527,lammps,8,400000,10000,0.7,363.0,363.0,2.943920288775957,27.03113839285714,25.395524553571427,4.6190452978893335,457408.0,457408.0,0.0,266.25,266.0,0.4999999999999952,262.5,262.5,0.5773502691896257,48622672.0,47185376.0,7517693.60764111
1528,lammps,8,400000,10000,1.0,364.5,363.5,7.141428428542855,29.74622767857143,28.071986607142854,5.251768887360008,457408.0,457408.0,0.0,266.75,267.0,0.5,263.9983258928571,264.0,0.003348214285720827,47160288.0,46960032.0,10214364.778886644
1529,lammps,8,400000,100000,0.1,358.5,356.5,7.416198487095666,23.04257254464286,20.504408482142857,7.908111635873618,457408.0,457408.0,0.0,266.0,266.0,0.0,117.75,118.0,12.446552400832395,29826720.0,29826720.0,2486172.962607389
1530,lammps,8,400000,100000,0.3,359.5,359.0,4.795831523312719,23.370898437500003,22.62784598214286,2.2699028040924514,457408.0,457408.0,0.0,266.0,266.0,0.0,196.5,194.0,7.187952884282611,41737248.0,43102976.0,4283322.81448628
1531,lammps,8,400000,100000,0.5,362.0,361.0,1.7320508075688772,26.356845238095236,25.94553571428571,3.3919693779026434,457408.0,457408.0,0.0,266.0,266.0,0.0,228.0,227.0,6.557438524302,38033408.0,39036928.0,6282227.565105868
1532,lammps,8,400000,100000,0.7,357.0,357.0,2.581988897471604,23.888426339285715,23.96830357142857,2.449721136659133,457408.0,457408.0,0.0,266.0,266.0,0.0,232.75,233.5,2.629955639676582,46344032.0,45362464.0,3940435.7858382445
1533,lammps,8,400000,100000,1.0,361.5,361.5,5.68624070307732,25.932890625,26.58775669642857,4.686926129855494,457408.0,457408.0,0.0,266.5,266.5,0.577350269189634,241.75,242.0,2.217355782608341,49062720.0,48762336.0,3608314.5387684815
1534,lammps,8,400000,1000000,0.1,361.5,359.0,6.60807586719967,25.478671875000003,23.03185267857143,6.142648656351689,457408.0,457408.0,0.0,266.25,266.0,0.5,21.700000000000003,22.75,3.2608792270388274,4929120.0,4908960.0,62679.98723675684
1535,lammps,8,400000,1000000,0.3,357.5,356.5,4.654746681256316,23.532310267857145,21.944051339285718,3.512461403428857,457408.0,457408.0,0.0,266.25,266.0,0.5,59.724999999999994,60.94999999999999,6.760362416320594,12396608.0,12306560.0,387504.8937325395
1536,lammps,8,400000,1000000,0.5,360.25,362.5,5.678908345800274,24.76036830357143,25.993973214285717,6.0191652812023015,457408.0,457408.0,0.0,267.0,267.0,0.816496580927726,88.00831473214286,88.30000000000001,8.229103150672092,17937920.0,17912832.0,795992.3338994331
1537,lammps,8,400000,1000000,0.7,356.0,354.5,8.04155872120988,20.239637276785714,18.330457589285714,6.2065582321453885,457408.0,457408.0,0.0,267.25,267.0,0.4999999999999952,109.25,109.5,5.678908345800272,22085280.0,22015168.0,772293.5724226459
1538,lammps,8,400000,1000000,1.0,360.46875,359.4375,3.116446627704917,24.45486049107143,22.698582589285714,4.503990821796669,457408.0,457408.0,0.0,266.75,267.0,0.5000000000000047,141.75,143.5,6.184658438426492,25032000.0,24631488.0,1277040.9541060145
1539,lammps,8,2000000,0,0.1,367.0,361.0,16.431676725154983,31.951450892857142,26.986272321428572,15.45290665976334,457408.0,457408.0,0.0,266.0,266.0,0.0,266.0,266.0,0.0,10992240.0,11178720.0,2002878.4981620826
1540,lammps,8,2000000,0,0.3,359.25,360.5,6.551081335677847,25.4043359375,25.964397321428574,5.840476972525438,457408.0,457408.0,0.0,266.75,267.0,0.4999999999999952,266.5,266.5,0.577350269189634,10400544.0,10265472.0,1322862.4785809494
1541,lammps,8,2000000,0,0.5,363.5,364.5,5.8022983951764004,27.358599330357144,28.62578125,5.633507418113243,457408.0,457408.0,0.0,268.25,268.0,0.5000000000000047,268.0,268.0,0.0,9658880.0,9583616.0,1314509.0565915979
1542,lammps,8,2000000,0,0.7,359.25,358.0,7.804912982645396,25.23599330357143,23.697098214285717,7.461391222524967,457408.0,457408.0,0.0,268.5,268.5,1.290994448735802,268.25,268.5,1.7078251276599372,9500176.0,9675456.0,1558842.7377119649
1543,lammps,8,2000000,0,1.0,365.0,366.5,6.48074069840786,29.925613839285717,31.492968750000003,4.831122830175521,457408.0,457408.0,0.0,268.75,268.5,2.0615528128088303,268.5,268.5,1.7320508075688772,8961456.0,9412032.0,1971445.4810782874
1544,lammps,8,2000000,100,0.1,360.5,361.0,3.0000000000000013,25.296808035714285,24.797075892857144,2.3379661878751192,457408.0,457408.0,0.0,266.0,266.0,0.0,266.0,266.0,0.0,11375280.0,11743200.0,1507052.7061785199
1545,lammps,8,2000000,100,0.3,365.5,364.0,12.013880860626736,31.787388392857142,27.83649553571428,10.773293140074585,457408.0,457408.0,0.0,266.75111607142856,267.0,0.49776785714286276,266.75,267.0,0.5000000000000047,10010336.0,9995328.0,1441080.6327475226
1546,lammps,8,2000000,100,0.5,362.0,361.0,3.829708431025355,25.762767857142855,24.584151785714283,3.162612540136476,457408.0,457408.0,0.0,267.0,267.0,0.0,266.75,267.0,0.5000000000000047,9081856.0,8931328.0,527842.6167056487
1547,lammps,8,2000000,100,0.7,367.0,369.0,6.97614984548545,31.748828125000003,33.11071428571429,5.674849837518064,457408.0,457408.0,0.0,267.75,267.0,1.5,267.5,267.0,1.7320508075688719,9324896.0,9815680.0,1083149.091231058
1548,lammps,8,2000000,100,1.0,359.25,359.0,3.304037933599835,24.586049107142856,24.815178571428575,1.9168641165095095,457408.0,457408.0,0.0,269.25,269.0,2.0615528128088303,268.7912946428571,269.0,1.9884651390362615,9662352.0,9612288.0,1342113.6602359726
1549,lammps,8,2000000,1000,0.1,367.0,362.0,12.083045973594569,30.831874999999997,26.552008928571425,9.295135102439222,457408.0,457408.0,0.0,266.0,266.0,0.0,265.5,265.5,0.5773502691896257,11062800.0,11047680.0,492821.6358886854
1550,lammps,8,2000000,1000,0.3,361.75,362.0,5.123475382979799,28.74517299107143,29.305468750000003,5.903765319571289,457408.0,457408.0,0.0,267.0,267.0,0.8164965809277203,266.5,266.5,0.5773502691896257,9395008.0,9214912.0,605301.9941373615
1551,lammps,8,2000000,1000,0.5,361.5,360.5,3.1091263510296048,26.43080357142857,26.348995535714284,2.6921877560150427,457408.0,457408.0,0.0,267.27622767857144,267.05357142857144,0.4836711578983946,266.75,267.0,0.4999999999999952,9633792.0,9583616.0,944944.329658984
1552,lammps,8,2000000,1000,0.7,360.0,358.0,4.690415759823425,25.46923549107143,24.399665178571425,3.814957845066238,457408.0,457408.0,0.0,268.25,268.5,0.9574271077563405,268.25,268.5,0.9574271077563405,9710512.0,9815680.0,754043.6134088443
1553,lammps,8,2000000,1000,1.0,362.0,363.0,5.999999999999998,27.503286830357144,27.771875,4.833944442381271,457408.0,457408.0,0.0,268.3454241071429,267.6908482142857,1.8170514624210587,268.25,267.5,1.8929694486000874,9662352.0,9812544.0,901152.0
1554,lammps,8,2000000,10000,0.1,360.5,360.0,3.4156502553198647,27.563264508928576,26.846395089285714,4.364963030029686,457408.0,457408.0,0.0,266.0,266.0,0.0,260.5172991071429,260.5345982142857,0.5580903991062987,10473120.0,10281600.0,1188414.473153201
1555,lammps,8,2000000,10000,0.3,361.0,360.5,7.788880963698615,25.56924107142857,23.741495535714286,6.053015025591123,457408.0,457408.0,0.0,266.5,266.5,0.5773502691896257,264.75,264.5,0.9574271077563405,10160416.0,10025344.0,654642.4686580199
1556,lammps,8,2000000,10000,0.5,361.25,361.0,4.42530601578391,25.488738839285716,24.140457589285717,4.51784775426411,457408.0,457408.0,0.0,268.0,268.0,0.816496580927726,267.0,267.0,0.816496580927726,9508352.0,9483264.0,845084.6033733349
1557,lammps,8,2000000,10000,0.7,365.75,357.5,17.519037264263886,32.9571875,25.02410714285714,18.917307020926653,457408.0,457408.0,0.0,267.25,267.0,1.2583057392117973,266.25,266.0,1.2583057392117973,8623776.0,8483552.0,1112993.4955281636
1558,lammps,8,2000000,10000,1.0,365.0,363.0,11.135528725660041,30.394084821428574,29.259598214285717,9.57346326726996,457408.0,457408.0,0.0,269.25,269.0,1.4999999999999984,269.0,269.0,1.8257418583505538,8611008.0,8510880.0,283204.7511465865
1559,lammps,8,2000000,100000,0.1,365.6666666666667,362.0,10.969655114602892,28.16770089285714,22.08660714285714,11.918203247004058,457408.0,457408.0,0.0,266.3333333333333,266.0,0.5773502691896216,223.0,223.0,2.0,8736000.0,8789760.0,506145.8319496467
1560,lammps,8,2000000,100000,0.3,362.5,362.5,4.654746681256314,28.027393973214284,27.625558035714285,4.582893771392232,457408.0,457408.0,0.0,266.75,267.0,0.4999999999999952,252.25,252.5,1.707825127659935,8764672.0,8974784.0,1135858.74411918
1561,lammps,8,2000000,100000,0.5,358.0,358.5,3.915780041490245,22.185881696428574,22.616741071428574,3.2948238350762553,457408.0,457408.0,0.0,266.75,266.5,0.9574271077563405,257.25,257.0,1.258305739211786,9633792.0,9633792.0,660597.7362762705
1562,lammps,8,2000000,100000,0.7,357.75,358.0,2.2173557826083528,23.902734375,24.880915178571428,2.7463646358952167,457408.0,457408.0,0.0,267.0,267.0,0.816496580927726,260.5,260.5,1.290994448735802,9324896.0,9324896.0,404791.82073423045
1563,lammps,8,2000000,100000,1.0,366.25,367.0,4.5,29.727957589285715,29.73247767857143,4.903765210993067,457408.0,457408.0,0.0,267.2578125,266.00669642857144,2.5067043792012527,262.5,261.0,3.0,9311904.0,9211776.0,529827.5745485506
1564,lammps,8,2000000,1000000,0.1,358.0,358.5,8.286535263104035,21.676462053571427,20.635814732142855,6.803561518194121,457408.0,457408.0,0.0,267.0,267.0,0.0,90.60000000000001,93.3,7.778603130811259,3553200.0,3497760.0,152093.36080184433
1565,lammps,8,2000000,1000000,0.3,359.25,358.5,4.1932485418030465,22.918487723214284,22.184933035714288,2.4275721987736034,457408.0,457408.0,0.0,267.0,267.0,1.1547005383792432,169.5,169.5,3.696845502136472,5853120.0,5853120.0,186647.0731050092
1566,lammps,8,2000000,1000000,0.5,360.0,359.0,5.2915026221291885,24.864771205357144,23.558002232142858,4.1315355732132595,457408.0,457408.0,0.0,268.0,268.0,1.1547005383792515,202.0,202.0,1.8257418583505498,6598144.0,6623232.0,206880.94787099175
1567,lammps,8,2000000,1000000,0.7,361.25,362.0,4.112987559751022,25.725262276785713,25.259263392857143,3.8259442207569516,457408.0,457408.0,0.0,268.5,268.5,0.577350269189634,210.78738839285714,211.07477678571428,5.155543066038436,8062880.0,7992768.0,672490.6795250026
1568,lammps,8,2000000,1000000,1.0,358.25,359.0,4.573474244670742,24.307098214285716,24.266875,1.9300404754080784,457408.0,457408.0,0.0,268.5,267.5,2.380476142847623,226.75,227.0,0.5000000000000023,8360688.0,8210496.0,444038.79960201675
1569,lammps,8,4000000,0,0.1,360.25,358.5,9.178779875342906,25.520786830357142,23.277042410714284,8.178854043949926,457408.0,457408.0,0.0,266.44921875,266.3984375,0.5252998585629459,266.0,266.0,0.0,7182000.0,7308000.0,1417366.5270493727
1570,lammps,8,4000000,0,0.3,369.75,371.5,10.012492197250387,33.16969866071429,31.889620535714283,10.627459326367605,457408.0,457408.0,0.0,267.75,267.5,0.9574271077563381,267.5,267.5,1.2909944487358056,6378400.0,6393408.0,829477.7365901188
1571,lammps,8,4000000,0,0.5,364.25,365.5,5.500000000000003,27.130535714285713,28.09330357142857,5.054329096329077,457408.0,457408.0,0.0,269.25,269.0,2.217355782608346,269.25,269.0,2.217355782608346,5017600.0,4917248.0,531012.8711359075
1572,lammps,8,4000000,0,0.7,366.0,364.5,11.343133018115703,30.77794642857143,30.8221875,6.957165932034159,457408.0,457408.0,0.0,269.53125,270.0625,2.6700011704117212,269.0,269.5,2.4494897427831703,5573904.0,5749184.0,448935.846534892
1573,lammps,8,4000000,0,1.0,363.0,364.0,2.7080128015453147,25.960825892857144,26.91316964285714,3.318136356702337,457408.0,457408.0,0.0,272.25,273.5,2.8722813232690143,272.25,273.5,2.8722813232690143,5206656.0,5106528.0,784158.4479886702
1574,lammps,8,4000000,100,0.1,360.75,361.0,2.6299556396765915,25.21060267857143,25.143080357142857,1.3603108400483073,457408.0,457408.0,0.0,266.25,266.0,0.5,266.0,266.0,0.0,6426000.0,6179040.0,853473.0702254173
1575,lammps,8,4000000,100,0.3,364.75,363.0,4.1932485418030465,27.580078125,27.932142857142857,1.6721523822303568,457408.0,457408.0,0.0,266.5,266.5,0.5773502691896257,266.5,266.5,0.5773502691896257,5612992.0,5763072.0,1054127.2768187595
1576,lammps,8,4000000,100,0.5,365.25,366.0,7.88986691902975,28.97529575892857,27.927209821428573,5.899411876749083,457408.0,457408.0,0.0,269.5,270.0,1.9148542155126762,269.25,270.0,2.362907813126307,5293568.0,5268480.0,387580.5054884297
1577,lammps,8,4000000,100,0.7,362.75,363.0,2.9860788111948193,26.691266741071427,26.441517857142856,3.0937855680297024,457408.0,457408.0,0.0,271.25,271.0,1.5000000000000016,271.0,271.0,1.1547005383792515,5013008.0,5048064.0,289079.1816233054
1578,lammps,8,4000000,100,1.0,361.75,361.0,3.862210075418816,25.677606026785718,24.029910714285712,5.345791377554195,457408.0,457408.0,0.0,271.0,271.5,2.1602468994692847,271.0,271.5,2.1602468994692847,5106528.0,5006400.0,529827.5745485506
1579,lammps,8,4000000,1000,0.1,363.25,362.0,4.272001872658765,26.993370535714284,26.60546875,2.9029663025363854,457408.0,457408.0,0.0,266.75,267.0,0.4999999999999952,266.25,266.0,0.5,5110560.0,5251680.0,816168.8295934856
1580,lammps,8,4000000,1000,0.3,362.5,363.5,6.557438524302,28.046551339285713,29.36238839285714,6.774641944623935,457408.0,457408.0,0.0,267.5044642857143,267.50892857142856,0.5722417948461203,267.0,267.0,0.8164965809277203,5658016.0,5492928.0,825121.587071061
1581,lammps,8,4000000,1000,0.5,361.75,362.5,1.892969448600095,26.871819196428568,26.108593749999997,2.5588987507751204,457408.0,457408.0,0.0,268.75,269.0,1.5,268.5,269.0,1.9148542155126835,5318656.0,5419008.0,271754.500660676
1582,lammps,8,4000000,1000,0.7,355.75,356.5,3.9475730941090057,21.9159375,21.71078125,2.3595195136960285,457408.0,457408.0,0.0,269.0,268.0,2.8284271247461903,269.0,268.0,2.8284271247461903,5013008.0,4907840.0,1118134.3704391406
1583,lammps,8,4000000,1000,1.0,364.25,365.0,3.8622100754188224,30.482533482142856,30.765066964285715,3.6083640367121856,457408.0,457408.0,0.0,271.5,271.5,2.0816659994661393,271.5,271.5,2.0816659994661393,5306784.0,5406912.0,346853.5665205131
1584,lammps,8,4000000,10000,0.1,363.0,363.0,3.366501646120686,26.779888392857142,27.194040178571427,4.146473120559794,457408.0,457408.0,0.0,266.75,267.0,0.4999999999999952,263.0,263.0,0.816496580927726,6733440.0,6622560.0,792333.3116813909
1585,lammps,8,4000000,10000,0.3,360.5,359.5,4.795831523312722,23.98234375,22.4225,5.012609610176502,457408.0,457408.0,0.0,267.75,268.0,0.4999999999999952,266.75,267.0,0.4999999999999952,5748064.0,5703040.0,670954.4007715178
1586,lammps,8,4000000,10000,0.5,362.0,361.5,5.354126134736337,26.137053571428574,26.470424107142858,4.10412783599202,457408.0,457408.0,0.0,269.0016741071429,269.0,1.1566368615890406,268.5,268.5,1.290994448735802,5042688.0,5067776.0,387580.5054884297
1587,lammps,8,4000000,10000,0.7,358.0,358.0,0.816496580927726,22.565306919642858,22.643671875000003,1.7932585620373127,457408.0,457408.0,0.0,269.75,270.0,2.217355782608346,269.0,269.0,1.8257418583505538,4942896.0,4977952.0,134254.25875802478
1588,lammps,8,4000000,10000,1.0,366.25,365.0,4.031128874149282,31.48672433035714,30.751238839285712,3.3344144069644543,457408.0,457408.0,0.0,275.75,276.0,1.5000000000000016,274.75,275.0,1.5000000000000016,4756080.0,4806144.0,755949.8223347897
1589,lammps,8,4000000,100000,0.1,369.75,367.5,12.148388096094612,34.64084821428571,33.29799107142857,9.806560976894938,457408.0,457408.0,0.0,266.5,266.5,0.5773502691896257,238.28962053571428,239.57924107142856,4.371251725467338,5634720.0,5312160.0,919216.4176079538
1590,lammps,8,4000000,100000,0.3,367.25,365.5,10.626225419530055,29.865284598214288,28.412031250000005,9.648768259040715,457408.0,457408.0,0.0,267.75,267.5,0.9574271077563405,258.25,258.0,1.4999999999999984,5567968.0,5462912.0,444871.8200051186
1591,lammps,8,4000000,100000,0.5,366.0,363.5,10.23067283548187,30.061104910714285,27.674776785714283,11.140962205111727,457408.0,457408.0,0.0,268.5,268.5,1.7320508075688772,263.25,263.0,1.5000000000000078,5117952.0,5017600.0,433570.1937110837
1592,lammps,8,4000000,100000,0.7,363.25,361.5,6.184658438426488,26.632745535714285,23.753214285714286,8.414932334127933,457408.0,457408.0,0.0,271.0,271.5,2.44948974278318,266.75,267.0,2.217355782608345,5293456.0,5258400.0,386146.7862113232
1593,lammps,8,4000000,100000,1.0,361.25,356.5,13.573871960498224,25.455848214285716,22.65310267857143,9.030055690471258,457408.0,457408.0,0.0,272.25,272.5,3.8622100754188224,269.25,269.5,3.8622100754188224,5507040.0,5607168.0,346853.5665205131
1594,lammps,8,4000000,1000000,0.1,369.0,360.5,26.16613587572048,34.22333147321429,26.10022321428572,24.711195464613134,457408.0,457408.0,0.0,267.0,267.0,0.816496580927726,124.0,122.5,4.082482904638629,2882880.0,2903040.0,87101.15498660164
1595,lammps,8,4000000,1000000,0.3,369.5,358.5,23.014488190413157,36.690892857142856,26.68705357142857,23.20406924502815,457408.0,457408.0,0.0,267.5,267.5,0.5773502691896257,199.0,200.0,8.12403840463596,4112192.0,4052160.0,455874.43342511175
1596,lammps,8,4000000,1000000,0.5,367.5,362.0,14.730919862656235,32.7001171875,26.03549107142857,16.889894262424367,457408.0,457408.0,0.0,268.03125,267.0625,2.693307678301905,224.5,225.5,6.350852961085884,4365312.0,4164608.0,508406.11739304103
1597,lammps,8,4000000,1000000,0.7,368.5,363.0,19.706175005143276,33.6653515625,27.124330357142853,18.414517078508624,457408.0,457408.0,0.0,270.75,272.0,3.3040379335998313,237.0,236.5,3.915780041490247,4697504.0,4487168.0,530879.4959209985
1598,lammps,8,4000000,1000000,1.0,367.25,365.5,6.1846584384264975,31.054363839285713,28.07168526785714,7.829903616420744,457408.0,457408.0,0.0,269.5,270.5,2.3804761428476167,245.0,246.0,4.32049379893857,4856208.0,4906272.0,500640.0
1599,minife,8,20,5000,0.01,385.0,385.0,,12.491249999999999,12.491249999999999,,6788000.0,6788000.0,,384.0,384.0,,10.923437500000002,10.923437500000002,,130235392.0,130235392.0,
1600,minife,8,20,5000,0.05,385.5,385.5,2.1213203435596424,12.964375,12.964375,1.4266826328449107,6788000.0,6788000.0,0.0,384.0,384.0,0.0,20.715301339285716,20.715301339285716,16.21245904742421,690777472.0,690777472.0,31291907.51483201
1601,minife,8,20,10000,0.01,384.5,384.0,0.9999999999999952,12.53265625,12.393102678571427,0.5144421600876816,6788000.0,6788000.0,0.0,384.0,384.0,0.0,8.8025,8.412589285714287,0.956474639174913,65614080.0,65693824.0,181000.87106972717
1602,minife,8,20,10000,0.05,384.5,384.5,0.5773502691896257,12.455279017857142,12.546540178571426,0.28038276245686006,6788000.0,6788000.0,0.0,384.0,384.0,0.0,12.278744419642857,12.063370535714284,3.6561636538611118,355653760.0,355860736.0,3656261.621705609
1603,minife,8,20,25000,0.01,384.0,384.0,0.0,12.230396205357144,12.262321428571429,0.19077223788359918,6788000.0,6788000.0,0.0,384.0,384.0,0.0,3.0990904017857144,3.033627232142857,0.33409860537577585,27017984.0,27017984.0,23134.620521345107
1604,minife,8,20,25000,0.05,386.0,385.0,1.7320508075688772,13.500811011904764,12.970334821428574,1.5926313148087303,6788000.0,6788000.0,0.0,384.0,384.0,0.0,6.5251785714285715,6.176808035714286,0.8077130864276287,146906965.33333334,147051520.0,303035.27148721786
1605,minife,8,20,50000,0.01,384.75,384.0,2.217355782608345,12.990457589285715,12.577745535714286,1.4562621682184287,6788000.0,6788000.0,0.0,384.0,384.0,0.0,1.3683454241071429,1.307237723214286,0.1372242290674334,13638912.0,13641600.0,6032.770949848097
1606,minife,8,20,50000,0.05,384.5,384.0,1.0000000000000047,12.443404017857143,12.209832589285714,0.5436830818411426,6788000.0,6788000.0,0.0,384.0,384.0,0.0,2.5473325892857144,2.586796875,0.8887957988789427,74710944.0,74708480.0,179472.14002549968
1607,minife,8,200,5000,0.05,384.3333333333333,384.0,0.5773502691896216,12.360558035714284,12.450044642857142,0.4856319412826695,6788000.0,6788000.0,0.0,384.0,384.0,0.0,27.200952380952376,24.747991071428572,22.02747330671604,678490325.3333334,683484032.0,42130264.11950768
1608,minife,8,200,10000,0.01,385.0,385.0,0.0,13.0765625,13.0765625,0.8039867236625086,6788000.0,6788000.0,0.0,384.0,384.0,0.0,10.316953125000001,10.316953125000001,3.0544645402232553,65344384.0,65344384.0,520792.6296252665
1609,minife,8,200,10000,0.05,385.5,385.5,0.7071067811865476,13.137678571428571,13.137678571428571,0.7287303590933676,6788000.0,6788000.0,0.0,384.0,384.0,0.0,27.209040178571428,27.209040178571428,1.3335591951440038,341219648.0,341219648.0,1275371.731673554
1610,minife,8,200,25000,0.01,387.7806919642857,386.5,4.4081705265845645,15.313320312499998,14.009430803571428,3.887908195851305,6788000.0,6788000.0,0.0,384.0,384.0,0.0,4.0339676339285715,4.054363839285714,1.4499934703689725,26949440.0,26948992.0,105046.20849892679
1611,minife,8,200,25000,0.05,385.3333333333333,385.0,1.5275252316519545,12.977738095238095,12.769642857142857,1.2045618934023006,6788000.0,6788000.0,0.0,384.0,384.0,0.0,8.778705357142858,11.243080357142858,4.629065576404218,146056064.0,145090176.0,1793792.0
1612,minife,8,200,50000,0.01,384.3333333333333,384.0,0.5773502691896216,12.319449404761905,12.193214285714285,0.3505624099573987,6788000.0,6788000.0,0.0,384.0,384.0,0.0,1.7673400297619049,1.30659375,0.8089300882690283,13625770.666666666,13642496.0,28969.127106858392
1613,minife,8,200,50000,0.05,384.25,384.0,0.4999999999999952,12.224598214285713,12.238526785714285,0.1961562142191971,6788000.0,6788000.0,0.0,384.0,384.0,0.0,2.4228236607142857,2.1553013392857143,0.9856261610782449,74735584.0,74782400.0,187415.23717492397
1614,minife,8,500,5000,0.01,385.0,385.0,,12.447857142857144,12.447857142857144,,6788000.0,6788000.0,,384.0,384.0,,32.99464285714286,32.99464285714286,,122549504.0,122549504.0,
1615,minife,8,500,5000,0.05,384.0,384.0,0.0,12.128147321428571,12.128147321428571,0.14530413008043297,6788000.0,6788000.0,0.0,384.0,384.0,0.0,10.057310267857144,10.057310267857144,0.23380296316331045,711070976.0,711070976.0,487847.1104762229
1616,minife,8,500,10000,0.01,386.3333333333333,386.0,1.5275252316519405,13.813467261904762,13.679866071428572,1.2046984812353003,6788000.0,6788000.0,0.0,384.0,384.0,0.0,18.244717261904764,18.341741071428572,0.5457923564356139,63948117.333333336,63918848.0,113085.47063762661
1617,minife,8,500,10000,0.05,387.25,386.0,4.031128874149271,14.82392857142857,13.787689732142857,3.4501598388207246,6788000.0,6788000.0,0.0,384.0,384.0,0.0,19.559559151785713,22.041629464285712,6.388134007256875,348648608.0,346251136.0,6152004.222944373
1618,minife,8,500,25000,0.01,385.6666666666667,386.0,1.5275252316519405,13.282001488095238,13.36703125,1.3144526765971216,6788000.0,6788000.0,0.0,384.0,384.0,0.0,6.0993973214285715,7.663214285714285,2.723992971131196,26804138.666666668,26693632.0,196077.3394080342
1619,minife,8,500,25000,0.05,385.3333333333333,385.0,1.5275252316519452,13.341108630952382,12.92234375,1.4097237530932587,6788000.0,6788000.0,0.0,384.0,384.0,0.0,6.236897321428571,4.311808035714285,3.613696163574288,147048234.66666666,147800576.0,1398035.7608320825
1620,minife,8,500,50000,0.01,384.25,384.0,0.5000000000000047,12.110636160714286,12.101886160714287,0.18636870527008786,6788000.0,6788000.0,0.0,384.0,384.0,0.0,2.1486886160714285,1.567466517857143,1.2919883351939354,13612928.0,13634432.0,46188.19889683208
1621,minife,8,500,50000,0.05,385.5,385.5,1.2909944487358056,13.3335546875,13.429620535714285,0.9239926141387028,6788000.0,6788000.0,0.0,384.0,384.0,0.0,4.0808203125,4.650435267857143,1.4427165063269645,74410336.0,74299456.0,280434.5215078425
1622,minife,8,1000,5000,0.01,387.0,387.0,2.0,14.226644345238094,14.29375,1.75218054694471,6788000.0,6788000.0,0.0,384.0,384.0,0.0,35.51242559523809,35.535937499999996,0.5722373833245693,121657685.33333333,121644544.0,193870.32851195318
1623,minife,8,1000,10000,0.01,385.0044642857143,385.0,0.9933110954771195,12.764360119047618,12.483080357142857,0.8998917360360003,6788000.0,6788000.0,0.0,384.0,384.0,0.0,16.338779761904764,20.317410714285717,6.967687569204598,64293376.0,63610624.0,1215297.0903149566
1624,minife,8,1000,10000,0.05,385.3333333333333,384.0,2.309401076758499,13.065818452380952,12.211361607142859,1.5399835183705515,6788000.0,6788000.0,0.0,384.0,384.0,0.0,14.596949404761903,11.049999999999999,6.149490140704325,353331029.3333333,356678784.0,5909790.524099935
1625,minife,8,1000,25000,0.01,385.5,385.5,0.5773502691896257,13.144386160714287,12.98796875,0.7921926968903656,6788000.0,6788000.0,0.0,384.0,384.0,0.0,7.032003348214285,8.296205357142856,2.7967367694824197,26738880.0,26648832.0,200316.29219145767
1626,minife,8,1000,25000,0.05,384.6666666666667,384.0,1.1547005383792557,12.457559523809524,12.21997767857143,0.5251232233293367,6788000.0,6788000.0,0.0,384.0,384.0,0.0,6.205215773809524,4.875781250000001,2.7366880848163304,147061376.0,147583744.0,1071043.8606443715
1627,minife,8,1000,50000,0.01,384.75,384.5,0.9574271077563307,12.644073660714286,12.631595982142857,0.8135424562726985,6788000.0,6788000.0,0.0,384.0,384.0,0.0,2.0180736607142857,1.3732477678571429,1.3093344481349942,13616512.0,13638912.0,46002.42358832847
1628,minife,8,1000,50000,0.05,384.6666666666667,385.0,0.5773502691896216,12.359293154761906,12.483191964285714,0.35495450463600925,6788000.0,6788000.0,0.0,384.0,384.0,0.0,3.904412202380952,4.125982142857143,1.5250772425910788,74439082.66666667,74393088.0,298350.95847228897
1629,minife,8,2000,0,0.3,385.66815476190476,385.0,2.0841680938164133,13.56514880952381,13.140022321428571,1.6658916940446467,6788000.0,6788000.0,0.0,384.0,384.0,0.0,380.75,382.0,2.240876885764934,409298176.0,296017792.0,256591171.62378374
1630,minife,8,2000,0,0.5,386.25111607142856,386.0022321428571,2.6309465943765753,14.03983816964286,13.849575892857144,1.978673637238246,6788000.0,6788000.0,0.0,384.0,384.0,0.0,381.9291294642857,382.0,0.14174107142858677,313951232.0,308632576.0,32146125.474833738
1631,minife,8,2000,0,0.7,385.75,385.5,1.7078251276599261,13.865089285714285,13.975602678571429,1.460119051410568,6788000.0,6788000.0,0.0,384.0,384.0,0.0,381.6741071428571,381.59709821428567,0.23210708286620663,345652160.0,346914176.0,15114733.620484969
1632,minife,8,2000,0,1.0,393.0016741071429,390.0022321428571,6.731677410403215,19.315078125,16.394274553571428,6.40584838038467,6788000.0,6788000.0,0.0,384.0,384.0,0.0,380.94642857142856,381.0,0.10714285714285647,487272912.0,473805696.0,36898719.02303125
1633,minife,8,2000,100,0.3,385.5,385.0,1.0000000000000047,13.98165736607143,13.885479910714285,0.4913244661846467,6788000.0,6788000.0,0.0,384.0,384.0,0.0,381.59263392857144,381.65736607142856,0.39736531659692076,243174624.0,242769408.0,25995236.606908016
1634,minife,8,2000,100,0.5,386.25111607142856,386.5,2.062816840098764,13.937511160714285,13.934587053571429,1.325222397988653,6788000.0,6788000.0,0.0,384.0,384.0,0.0,381.07421875,381.63950892857144,1.3999117542625945,369546240.0,302761984.0,161981381.29997778
1635,minife,8,2000,100,0.7,387.25111607142856,388.0,1.5007455231713598,14.958973214285715,15.002209821428572,1.4244864534178565,6788000.0,6788000.0,0.0,384.0,384.0,0.0,381.33872767857144,381.49776785714283,0.6927447955021748,373977408.0,339692640.0,75225351.42529176
1636,minife,8,2000,100,1.0,386.3333333333333,386.0,2.5166114784235907,14.260848214285716,14.676473214285716,1.632670926876801,6788000.0,6788000.0,0.0,384.0,384.0,0.0,380.65922619047615,380.5,0.295329736881325,464727424.0,461790336.0,9556499.438287223
1637,minife,8,2000,1000,0.3,387.25,387.5,2.500000000000005,14.525200892857143,15.048392857142854,1.345127160612707,6788000.0,6788000.0,0.0,384.0,384.0,0.0,371.9375,372.8649553571429,6.346039588412252,475348384.0,439014016.0,252411592.49174544
1638,minife,8,2000,1000,0.5,386.75,386.5,1.7078251276599372,14.630106026785715,14.762912946428571,0.5402602891550821,6788000.0,6788000.0,0.0,384.0,384.0,0.0,377.47767857142856,379.203125,3.6705280041271635,382566912.0,280734720.0,224215225.5780988
1639,minife,8,2000,1000,0.7,388.5,388.5,0.5773502691896257,15.366015625,15.16802455357143,0.5496821770395529,6788000.0,6788000.0,0.0,384.0,384.0,0.0,378.24609375,378.99888392857144,1.5063247722835351,405843312.0,352873696.0,107866706.2749757
1640,minife,8,2000,1000,1.0,387.0005580357143,387.0,1.8265570808011864,14.723303571428573,14.818872767857144,0.862051320980207,6788000.0,6788000.0,0.0,384.0,384.0,0.0,378.3588169642857,378.4330357142857,0.25817943121436737,474406464.0,460288416.0,36519506.14181741
1641,minife,8,2000,10000,0.1,390.5,390.5,0.7071067811865476,17.306640625,17.306640625,0.00781289858677287,6788000.0,6788000.0,0.0,384.0,384.0,0.0,80.59375,80.59375,3.300357766654182,589680000.0,589680000.0,6557425.4460115675
1642,minife,8,2000,10000,0.3,387.66889880952385,388.0,0.5734840843512848,14.825178571428571,14.944441964285714,0.24472715590928099,6788000.0,6788000.0,0.0,384.0,384.0,0.0,315.76190476190476,300.15848214285717,28.802946471379308,387246421.3333333,475693568.0,162430987.9591146
1643,minife,8,2000,10000,0.5,385.6666666666667,385.0,2.0816659994661384,13.915639880952382,13.734441964285713,1.4040976964462843,6788000.0,6788000.0,0.0,384.0,384.0,0.0,354.92261904761904,355.97767857142856,4.69468482814654,271117653.3333333,265330688.0,43092547.87829661
1644,minife,8,2000,10000,0.7,386.3333333333333,387.0,2.0816659994661246,14.009174107142856,14.751517857142858,1.6156989937796198,6788000.0,6788000.0,0.0,384.0,384.0,0.0,357.46949404761904,358.0,0.9188632632415027,333873344.0,327983936.0,11814652.152282098
1645,minife,8,2000,10000,1.0,389.75,389.5,1.707825127659933,16.2013671875,16.03744419642857,1.4651896033750795,6788000.0,6788000.0,0.0,384.0,384.0,0.0,357.01729910714283,357.4732142857143,2.4410530144119917,474806976.0,469099680.0,44008050.06581846
1646,minife,8,2000,100000,0.1,386.3333333333333,387.0,2.081665999466135,14.62109375,15.35796875,2.1470301754327408,6788000.0,6788000.0,0.0,384.0,384.0,0.0,7.770513392857143,9.391874999999999,4.095534933680416,75559680.0,75237120.0,815421.5361394375
1647,minife,8,2000,100000,0.3,386.25,386.5,0.9574271077563405,14.080597098214286,14.093705357142857,0.6107144239654431,6788000.0,6788000.0,0.0,384.0,384.0,0.0,175.05915178571428,185.53794642857144,32.534687094814075,124686464.0,118383104.0,19343971.05256836
1648,minife,8,2000,100000,0.7,386.5,386.5,1.2909944487358056,14.546953125,14.487712053571428,0.9954078487478909,6788000.0,6788000.0,0.0,384.0,384.0,0.0,240.26674107142856,250.03348214285714,24.89218577627439,199363472.0,185656576.0,34479401.22808044
1649,minife,8,2000,100000,1.0,389.5005580357143,390.00111607142856,4.122654606866812,17.243939732142856,17.72207589285714,3.1475486612974186,6788000.0,6788000.0,0.0,384.0,384.0,0.0,253.75,257.0,9.673847907287632,257629344.0,251121024.0,19559247.268873308
1650,minife,8,2000,1000000,0.1,387.0016741071429,385.0033482142857,4.68946506961192,15.062354910714287,13.494185267857144,3.5512752912668586,6788000.0,6788000.0,0.0,384.0,384.0,0.0,1.1159207589285716,1.0799665178571431,0.0983996025860996,7721280.0,7721280.0,0.0
1651,minife,8,2000,1000000,0.5,384.50111607142856,384.5,0.5786418676808229,12.813409598214285,12.857220982142858,0.6063671390288173,6788000.0,6788000.0,0.0,384.25,384.0,0.5000000000000047,61.559654017857135,62.88872767857143,9.517868820724479,32363520.0,32212992.0,932427.9580993556
1652,minife,8,2000,1000000,0.7,384.5,384.5,0.577350269189634,12.852505580357143,13.022064732142857,0.7225560699717112,6788000.0,6788000.0,0.0,384.5,384.5,0.5773502691896257,72.14927455357143,72.74933035714285,4.692356141657358,43749888.0,43679776.0,657708.8595054817
1653,minife,8,2000,1000000,1.0,385.5,386.0,1.0000000000000047,13.522522321428571,13.884274553571428,0.8996156939364048,6788000.0,6788000.0,0.0,384.5,384.5,0.577350269189634,71.49972098214286,73.08035714285714,5.59043364754288,62630064.0,62279616.0,1183319.2391032944
1654,minife,8,4000,0,0.3,394.03720238095235,398.0,7.840136174750209,18.47857886904762,21.014754464285716,4.478382650618926,6788000.0,6788000.0,0.0,384.0,384.0,0.0,377.06324404761904,376.0,3.4865130638639594,914987733.3333334,1124879616.0,532388810.1814988
1655,minife,8,4000,0,0.5,384.5396205357143,384.5502232142857,0.5318822986611121,13.032650669642857,12.893805803571428,0.645432292225908,6788000.0,6788000.0,0.0,384.0,384.0,0.0,379.4631696428571,379.2131696428571,1.4244062465790088,442652672.0,453390336.0,109852702.34766573
1656,minife,8,4000,0,0.7,386.0267857142857,384.05357142857144,3.982406851835442,13.549302455357143,12.318415178571428,2.6834246232115215,6788000.0,6788000.0,0.0,384.0,384.0,0.0,379.99330357142856,380.0189732142857,0.18476067266863072,406334096.0,378955360.0,66776702.046490915
1657,minife,8,4000,0,1.0,391.7689732142857,393.0390625,4.79992535245465,16.878922991071427,17.659598214285715,2.7216212660666703,6788000.0,6788000.0,0.0,384.0,384.0,0.0,379.0876116071429,379.2209821428571,0.9475674284937626,699394080.0,699293952.0,210353176.67066348
1658,minife,8,4000,100,0.1,396.0,396.0,14.142135623730951,20.039709821428573,20.039709821428573,7.7913065761312,6788000.0,6788000.0,0.0,384.0,384.0,0.0,339.1997767857143,339.1997767857143,9.263414506213957,2273342400.0,2273342400.0,252090242.5810186
1659,minife,8,4000,100,0.3,395.5764508928571,393.6529017857143,12.381053753671885,19.657924107142854,18.681919642857142,7.2578822683108175,6788000.0,6788000.0,0.0,384.0,384.0,0.0,367.8404017857143,368.8046875,5.054092136485626,1451123520.0,1340634624.0,643173306.7223357
1660,minife,8,4000,100,0.5,391.56919642857144,391.00111607142856,8.281469200346276,17.340892857142855,17.11441964285714,5.267400831792959,6788000.0,6788000.0,0.0,384.0,384.0,0.0,375.6635044642857,375.72321428571433,1.4342583224279752,872385024.0,841702400.0,323054295.3278867
1661,minife,8,4000,100,0.7,387.578125,384.65625,6.295123567426351,14.629681919642858,12.854977678571428,3.9117957303242523,6788000.0,6788000.0,0.0,384.0,384.0,0.0,378.109375,378.4609375,1.2761286500271043,566084288.0,497444640.0,213492931.90272835
1662,minife,8,4000,100,1.0,388.10342261904765,385.31026785714283,6.0084345001808535,15.009174107142854,12.907767857142858,3.984572720621865,6788000.0,6788000.0,0.0,384.0,384.0,0.0,378.6852678571429,378.9375,0.6086304975839437,598832192.0,510853056.0,190705265.3572156
1663,minife,8,4000,1000,0.3,392.18191964285717,391.5,8.763657135991533,17.215558035714285,17.316082589285713,4.6350928053306495,6788000.0,6788000.0,0.0,384.0,384.0,0.0,358.2885044642857,359.1763392857143,9.15323238692864,970957568.0,934908352.0,411272226.3084543
1664,minife,8,4000,1000,0.5,388.82645089285717,385.5033482142857,6.9975615796569945,15.597399553571428,14.200334821428571,3.448114536447215,6788000.0,6788000.0,0.0,384.0,384.0,0.0,369.09151785714283,371.0390625,5.613897714597021,756152320.0,633923584.0,324135209.7901148
1665,minife,8,4000,1000,0.7,389.6666666666667,385.0,8.962886439832506,16.11627232142857,13.460714285714285,5.539695742160998,6788000.0,6788000.0,0.0,384.0,384.0,0.0,372.140625,371.45535714285717,4.703881346397045,710234560.0,743467648.0,335460797.424249
1666,minife,8,4000,1000,1.0,390.8197544642857,390.5,7.367816210882412,17.206411830357144,17.207466517857142,4.567959324800829,6788000.0,6788000.0,0.0,384.0,384.0,0.0,374.81863839285717,375.14174107142856,2.27157241534911,708956304.0,697291392.0,237885662.32040104
1667,minife,8,4000,10000,0.1,384.5111607142857,384.5111607142857,0.6913231476779078,12.768470982142857,12.768470982142857,0.6755868650698142,6788000.0,6788000.0,0.0,384.0,384.0,0.0,60.06997767857142,60.06997767857142,22.409129346545186,624627360.0,624627360.0,41012419.58298974
1668,minife,8,4000,10000,0.3,391.078125,394.0,6.1608287224102405,16.593377976190478,18.466874999999998,3.356953749047023,6788000.0,6788000.0,0.0,384.0,384.0,0.0,256.53794642857144,239.24330357142858,43.17029777950916,717822634.6666666,818596352.0,249411867.2394156
1669,minife,8,4000,10000,0.5,389.5022321428571,387.5044642857143,6.854786785989597,16.3071875,15.651484374999999,4.109022028817736,6788000.0,6788000.0,0.0,384.0,384.0,0.0,314.36216517857144,330.5256696428571,36.86387874634761,632393216.0,481739776.0,345772873.8687091
1670,minife,8,4000,10000,0.7,393.83872767857144,395.0,7.256966229503878,18.694754464285715,19.22114955357143,4.871742468984985,6788000.0,6788000.0,0.0,384.0,384.0,0.0,325.8208705357143,317.6584821428571,20.429565395344074,724642576.0,829635296.0,262517988.28973946
1671,minife,8,4000,10000,1.0,392.34654017857144,394.00111607142856,5.0248516691812295,17.693772321428572,18.727935267857145,2.9404697099310177,6788000.0,6788000.0,0.0,384.0,384.0,0.0,341.3364955357143,339.53794642857144,6.894306383459361,745553088.0,780998400.0,125999806.35394186
1672,minife,8,4000,100000,0.1,386.7739955357143,386.5,2.465022490978951,14.676780133928572,14.180803571428573,2.210729973567234,6788000.0,6788000.0,0.0,384.0,384.0,0.0,8.613861607142859,8.128381696428571,2.883915114674027,75373200.0,75489120.0,553911.0571201842
1673,minife,8,4000,100000,0.3,385.52232142857144,385.5,1.7582032587217071,13.534782366071429,13.533895089285714,1.2980520494488765,6788000.0,6788000.0,0.0,384.0,384.0,0.0,93.33286830357143,89.33984375,29.804605570715815,173237344.0,175623616.0,17979316.74370095
1674,minife,8,4000,100000,0.5,387.02232142857144,386.0055803571429,3.864703805858266,14.591780133928571,14.033437500000002,2.384497529930169,6788000.0,6788000.0,0.0,384.0,384.0,0.0,140.70703125,135.703125,38.45856885064539,241898496.0,247116800.0,38636823.25074669
1675,minife,8,4000,100000,0.7,391.01060267857144,390.5,2.4668342254280127,17.42888950892857,16.747366071428573,2.3598246580100115,6788000.0,6788000.0,0.0,384.0,384.0,0.0,144.72991071428572,145.078125,21.985474348386344,331594704.0,330928640.0,30497000.73008483
1676,minife,8,4000,100000,1.0,388.0,387.0,4.546060565661952,15.494955357142857,14.745245535714286,3.1610270404833605,6788000.0,6788000.0,0.0,384.0,384.0,0.0,215.80357142857144,212.984375,30.02864118516701,331373616.0,337030848.0,60244197.74181955
1677,minife,8,4000,1000000,0.1,385.0256696428571,385.0,0.7751451528403749,13.0111328125,12.943515625,0.6938340527483325,6788000.0,6788000.0,0.0,384.75,385.0,0.5000000000000047,1.1652488839285715,1.226138392857143,0.38992741799929537,7726320.0,7721280.0,10080.0
1678,minife,8,4000,1000000,0.3,386.52455357142856,386.0,2.615094842503658,14.955396205357143,14.462968749999998,2.7300936616397733,6788000.0,6788000.0,0.0,384.25,384.0,0.5,33.32594866071428,38.206026785714286,10.923552295429198,21056224.0,20771072.0,654642.46865802
1679,minife,8,4000,1000000,0.5,387.01953125,386.0,3.5017056623269975,15.050831473214286,13.850758928571429,3.2168522505626744,6788000.0,6788000.0,0.0,385.0,385.0,0.0,34.785044642857144,36.85982142857143,10.96292836441229,35098112.0,34872320.0,1097390.913418428
1680,minife,8,4000,1000000,0.7,386.3024553571429,386.0625,2.6873674400743934,14.6537109375,14.471171875,2.6012950241689112,6788000.0,6788000.0,0.0,385.0,385.0,0.0,61.51902901785714,65.56696428571428,13.419838151359452,45292352.0,44731456.0,1860281.5784111829
1681,minife,8,4000,1000000,1.0,385.2751116071429,385.5,0.9140479641555813,13.517204241071429,13.315089285714285,0.9805815384003093,6788000.0,6788000.0,0.0,384.5,384.5,0.577350269189634,67.31082589285714,70.18404017857142,11.31487971916766,63431088.0,62780256.0,2291305.5477364864
1682,minife,8,20000,0,0.1,431.43973214285717,410.0044642857143,58.84728366850104,54.18473958333333,28.540044642857143,56.451402980639095,6788000.0,6788000.0,0.0,384.0,384.0,0.0,375.52157738095235,376.99776785714283,4.403925274471511,840020160.0,727856640.0,388846340.43126905
1683,minife,8,20000,0,0.3,408.70535714285717,415.0,19.447085110629402,28.014345238095235,32.61808035714286,10.999601438063284,6788000.0,6788000.0,0.0,384.0,384.0,0.0,373.25595238095235,373.03348214285717,3.6245438756109594,1039113898.6666666,1070010368.0,304220506.2190721
1684,minife,8,20000,0,0.5,411.6733630952381,420.0200892857143,19.862046182961244,31.174010416666672,36.32566964285714,11.194808163350574,6788000.0,6788000.0,0.0,384.0,384.0,0.0,375.86160714285717,375.5044642857143,1.0148004894963913,882261333.3333334,876574720.0,83036919.1717012
1685,minife,8,20000,0,0.7,425.3995535714286,428.0,6.5018129799669415,38.796800595238096,39.916741071428575,3.4865059256656004,6788000.0,6788000.0,0.0,384.0,384.0,0.0,375.9791666666667,375.0,1.6978998749743788,935340821.3333334,1026159232.0,174579518.23390698
1686,minife,8,20000,0,1.0,413.4270833333333,424.0,23.699624480586895,32.209858630952375,39.11517857142858,14.460720168213241,6788000.0,6788000.0,0.0,384.0,384.0,0.0,376.1733630952381,376.71651785714283,2.497816063516258,1026378752.0,1022907648.0,258948456.8908071
1687,minife,8,20000,100,0.1,403.0,403.0,22.627416997969522,24.47638392857143,24.47638392857143,11.17497036044392,6788000.0,6788000.0,0.0,384.0,384.0,0.0,366.55357142857144,366.55357142857144,3.7217807813345143,945393120.0,945393120.0,209509743.00006956
1688,minife,8,20000,100,0.3,386.5,386.5,0.7071067811865476,15.307399553571429,15.307399553571429,1.2967675454353913,6788000.0,6788000.0,0.0,384.0,384.0,0.0,366.2399553571429,366.2399553571429,5.989888916524435,1297351552.0,1297351552.0,421009522.07027656
1689,minife,8,20000,100,0.5,405.5,405.5,23.33452377915607,27.90892857142857,27.90892857142857,12.236419713899174,6788000.0,6788000.0,0.0,384.0,384.0,0.0,375.20535714285717,375.20535714285717,0.30935921676911454,820528128.0,820528128.0,55561350.90951018
1690,minife,8,20000,100,0.7,388.00111607142856,388.00111607142856,1.4157919257239953,16.95072544642857,16.95072544642857,1.822299406738676,6788000.0,6788000.0,0.0,384.0,384.0,0.0,371.82924107142856,371.82924107142856,5.1943937876896085,1152430944.0,1152430944.0,486148832.3208573
1691,minife,8,20000,1000,0.1,402.8694196428571,407.7388392857143,10.646220664747462,24.30406808035714,27.019988839285713,5.751254313247968,6788000.0,6788000.0,0.0,384.0,384.0,0.0,337.70033482142856,337.8984375,4.0088462841373,682446240.0,679271040.0,68403680.13678797
1692,minife,8,20000,1000,0.3,398.3995535714286,388.0,19.5932728221604,22.63098958333333,16.861383928571428,11.784946179658034,6788000.0,6788000.0,0.0,384.0,384.0,0.0,351.8080357142857,348.49330357142856,5.781926928791591,1085378560.0,1194576768.0,194149195.96803874
1693,minife,8,20000,1000,0.5,403.11328125,402.1272321428571,19.56737623005615,25.638270089285715,25.529464285714287,12.123541266635883,6788000.0,6788000.0,0.0,384.0,384.0,0.0,362.12667410714283,361.5100446428571,6.427720464666388,1075773440.0,1106531328.0,318277617.7829938
1694,minife,8,20000,1000,0.7,408.2756696428571,408.5,23.993187004377287,29.013532366071427,29.154799107142857,13.923593872154209,6788000.0,6788000.0,0.0,384.0,384.0,0.0,367.4888392857143,366.9720982142857,1.7062071320397927,1000813744.0,1042495328.0,106854023.32852153
1695,minife,8,20000,1000,1.0,387.25,387.5,0.9574271077563381,16.473046875,16.414386160714287,1.436002451297374,6788000.0,6788000.0,0.0,384.0,384.0,0.0,368.94810267857144,368.9787946428571,4.2342372783505935,1186066224.0,1187017440.0,325959128.82612514
1696,minife,8,20000,10000,0.1,392.0,392.0,8.48528137423857,18.339877232142857,18.339877232142857,5.012171738832459,6788000.0,6788000.0,0.0,384.0,384.0,0.0,196.24107142857144,196.24107142857144,22.838917686985127,364381920.0,364381920.0,44120069.03349087
1697,minife,8,20000,10000,0.3,400.25,400.0,14.221462653327883,23.711724330357143,24.095870535714287,7.678757709045096,6788000.0,6788000.0,0.0,384.0,384.0,0.0,265.38169642857144,265.0892857142857,9.228332424654175,662963392.0,664644288.0,52287343.58707356
1698,minife,8,20000,10000,0.5,409.05970982142856,415.5,15.308561613363544,28.880424107142858,33.35379464285714,9.413528896159605,6788000.0,6788000.0,0.0,384.0,384.0,0.0,298.2025669642857,301.1674107142857,13.658568582337049,783096832.0,756152320.0,123605246.67351791
1699,minife,8,20000,10000,0.7,402.9352678571429,403.0,18.984614047303808,25.961685267857142,25.767444196428574,11.78415231028807,6788000.0,6788000.0,0.0,384.0,384.0,0.0,316.3671875,319.5814732142857,13.23433873249172,840046928.0,801099712.0,162184938.78815398
1700,minife,8,20000,10000,1.0,405.0345982142857,404.0022321428571,21.507990962967078,27.063325892857144,26.910937499999996,13.108288549856045,6788000.0,6788000.0,0.0,384.0,384.0,0.0,328.5279017857143,329.4944196428571,11.217878678407669,968387952.0,952717920.0,191141484.68462288
1701,minife,8,20000,100000,0.1,386.75,387.0,2.217355782608342,14.187885044642858,14.184933035714286,1.2753394974372996,6788000.0,6788000.0,0.0,384.0,384.0,0.0,30.03521205357143,28.9765625,6.528263217924432,71104320.0,71316000.0,1308900.0646344242
1702,minife,8,20000,100000,0.3,391.5,393.0,3.6968455021364672,17.569910714285715,17.897823660714288,2.064285547985271,6788000.0,6788000.0,0.0,384.0,384.0,0.0,79.82606026785714,76.64430803571429,9.231598956658372,181281632.0,183187648.0,5510177.883436674
1703,minife,8,20000,100000,0.5,390.5658482142857,389.1294642857143,6.7398664318387125,17.944799107142856,17.91630580357143,5.175094171585311,6788000.0,6788000.0,0.0,384.0,384.0,0.0,104.48649553571428,101.90691964285713,21.909258015380587,277724160.0,280232960.0,21766361.908832688
1704,minife,8,20000,100000,0.7,393.5552455357143,393.61049107142856,9.313350546516066,18.891305803571427,18.805680803571427,5.729795228192419,6788000.0,6788000.0,0.0,384.0,384.0,0.0,128.1015625,131.10825892857144,14.581590772196659,354416160.0,350279552.0,19784839.50925765
1705,minife,8,20000,100000,1.0,396.75111607142856,395.0022321428571,13.866310199685081,22.34276785714286,20.915390625,10.088408493078429,6788000.0,6788000.0,0.0,384.0,384.0,0.0,160.21707589285717,155.48883928571428,37.34282530480509,441664608.0,450976512.0,73843251.63039276
1706,minife,8,20000,1000000,0.1,407.5,385.5,45.00740679784458,35.71337053571428,13.581986607142856,44.891576744525395,6788000.0,6788000.0,0.0,384.25,384.0,0.5,23.868710937499998,4.090624999999999,40.368211911916774,7262640.0,7660800.0,809815.765714647
1707,minife,8,20000,1000000,0.3,385.31529017857144,385.0,1.1759041774028507,13.379185267857142,13.209185267857144,0.6514147010798906,6788000.0,6788000.0,0.0,384.75,385.0,0.5,8.610083705357143,8.789642857142857,1.5546576761034354,22557024.0,22542016.0,102524.15806368155
1708,minife,8,20000,1000000,0.5,388.03125,387.0,4.301616701892441,15.79525669642857,15.019207589285717,3.4932139800288766,6788000.0,6788000.0,0.0,384.5,384.5,0.577350269189634,14.732366071428572,14.51171875,3.3165974439440844,37080064.0,37130240.0,332829.9309617449
1709,minife,8,20000,1000000,0.7,389.75,387.0,7.804912982645393,17.224458705357144,14.73799107142857,6.610978355199544,6788000.0,6788000.0,0.0,384.25,384.0,0.4999999999999952,18.596093749999998,17.59419642857143,4.996621694656087,51216816.0,51321984.0,680965.2438394596
1710,minife,8,20000,1000000,1.0,386.25,385.5,1.8929694486000874,14.439229910714285,14.0721875,1.1692987483268804,6788000.0,6788000.0,0.0,384.75,385.0,0.4999999999999952,29.421205357142853,28.80647321428571,2.2821429517498504,71040816.0,71191008.0,526664.3965790739
1711,minife,8,40000,0,0.1,398.2671130952381,390.0,17.16385669913295,23.011034226190475,20.144419642857144,9.18652266251995,6788000.0,6788000.0,0.0,384.0,384.0,0.0,378.07514880952385,379.50669642857144,2.8366051170421596,547693440.0,455716800.0,230695967.36503565
1712,minife,8,40000,0,0.3,408.0251116071429,408.0502232142857,22.552343051957106,29.46529017857143,29.79642857142857,12.414092739481886,6788000.0,6788000.0,0.0,384.0,384.0,0.0,378.7790178571429,378.99330357142856,0.9021410927526845,493252928.0,494753728.0,83215764.22745603
1713,minife,8,40000,0,0.5,408.04799107142856,406.0959821428571,23.269071506233836,30.708705357142858,29.7953125,14.901121621385027,6788000.0,6788000.0,0.0,384.0,384.0,0.0,379.3431919642857,379.2555803571429,1.421710149438626,510666240.0,518217728.0,125489239.75233847
1714,minife,8,40000,0,0.7,405.90848214285717,392.0,27.902314369991775,29.28637648809524,22.305580357142855,16.79897701904751,6788000.0,6788000.0,0.0,384.0,384.0,0.0,378.85193452380946,379.47767857142856,1.5435656553915165,563046101.3333334,520791936.0,143834923.21577454
1715,minife,8,40000,0,1.0,411.7845982142857,411.56919642857144,26.823295158233766,33.7640625,33.79441964285714,17.716275698314124,6788000.0,6788000.0,0.0,384.25,384.0,0.4999999999999952,379.8236607142857,379.97767857142856,1.3814085158525744,555359952.0,548801568.0,154241358.52680054
1716,minife,8,40000,100,0.1,401.6138392857143,401.6138392857143,17.51667646787569,25.44475446428571,25.44475446428571,10.73618534890405,6788000.0,6788000.0,0.0,384.0,384.0,0.0,373.85267857142856,373.85267857142856,4.450984649433181,514967040.0,514967040.0,219759284.07763982
1717,minife,8,40000,100,0.3,401.3333333333333,390.0,21.385353243127263,25.96666666666667,19.87767857142857,12.164232684256833,6788000.0,6788000.0,0.0,384.0,384.0,0.0,377.1294642857143,377.26339285714283,0.9446474986383407,501367253.3333333,491722112.0,63882209.724167965
1718,minife,8,40000,100,0.5,421.25,431.5,20.838665984174707,39.162109375,44.94296875,12.787655601706673,6788000.0,6788000.0,0.0,384.0,384.0,0.0,379.3404017857143,379.4877232142857,0.7884163242071833,456375808.0,454092800.0,42844653.44164542
1719,minife,8,40000,100,0.7,404.69568452380946,389.0,28.056204154950994,28.477529761904762,19.115848214285712,17.837272552954246,6788000.0,6788000.0,0.0,384.3333333333333,384.0,0.5773502691896216,378.09300595238096,378.38839285714283,1.0852676122896185,576741312.0,514061184.0,123928746.3361964
1720,minife,8,40000,100,1.0,437.6666666666667,439.0,2.309401076758499,50.13854166666667,50.20736607142857,1.9184484491888067,6788000.0,6788000.0,0.0,384.0,384.0,0.0,380.00297619047615,380.0,0.005154913117759241,482216448.0,473805696.0,36774657.649943225
1721,minife,8,40000,1000,0.1,416.0,416.0,1.4142135623730951,32.91294642857143,32.91294642857143,0.12153397801643785,6788000.0,6788000.0,0.0,384.0,384.0,0.0,355.76674107142856,355.76674107142856,3.568679536300857,398371680.0,398371680.0,52388127.20454893
1722,minife,8,40000,1000,0.3,404.0,404.0,22.627416997969522,27.13973214285714,27.13973214285714,13.542673223073246,6788000.0,6788000.0,0.0,384.0,384.0,0.0,369.3805803571429,369.3805803571429,6.532845909221265,508831232.0,508831232.0,209019044.8350516
1723,minife,8,40000,1000,0.5,430.0,430.0,1.4142135623730951,43.64430803571429,43.64430803571429,0.28552593017108346,6788000.0,6788000.0,0.0,384.5,384.5,0.7071067811865476,375.97544642857144,375.97544642857144,0.03156726701725946,434925568.0,434925568.0,25687367.853438936
1724,minife,8,40000,1000,0.7,417.6666666666667,432.0,26.576932353703523,37.54049107142857,46.19553571428571,17.86942553791046,6788000.0,6788000.0,0.0,384.0,384.0,0.0,375.67113095238096,377.0,3.202745694731176,518548352.0,427402752.0,186370884.3971408
1725,minife,8,40000,1000,1.0,409.7083333333333,402.125,24.400414101677313,33.660572916666666,30.229040178571427,15.093883368466537,6788000.0,6788000.0,0.0,384.0,384.0,0.0,377.4910714285714,377.9955357142857,1.2904855510966817,524203456.0,509451264.0,86161370.62229705
1726,minife,8,40000,10000,0.1,404.3333333333333,404.0,0.5773502691896216,25.389985119047623,25.543125,0.36728070648154243,6788000.0,6788000.0,0.0,384.0,384.0,0.0,256.84226190476187,255.15848214285714,3.6121039834985806,246684480.0,250024320.0,6658611.280079353
1727,minife,8,40000,10000,0.3,396.0329241071429,388.5658482142857,15.99901939812595,22.245747767857146,17.647176339285714,9.961190234797272,6788000.0,6788000.0,0.0,384.0,384.0,0.0,301.43861607142856,304.19642857142856,18.21966882367889,461105792.0,445707584.0,101367452.48043899
1728,minife,8,40000,10000,0.5,407.0005580357143,406.0,20.94369580811271,29.564827008928575,29.834040178571428,12.725605472074442,6788000.0,6788000.0,0.0,384.0,384.0,0.0,331.4765625,331.3727678571429,12.836034945219726,480836608.0,480284672.0,114302455.14929467
1729,minife,8,40000,10000,0.7,388.25,388.5,0.9574271077563381,18.00026785714286,17.93487723214286,1.301583935566151,6788000.0,6788000.0,0.0,384.0,384.0,0.0,340.30970982142856,339.16294642857144,8.771953254534557,543297888.0,556198496.0,108129131.93648021
1730,minife,8,40000,10000,1.0,412.50111607142856,412.5,27.717511101271864,34.524441964285714,34.89006696428571,18.114327607715968,6788000.0,6788000.0,0.0,384.0,384.0,0.0,355.7600446428571,357.5212053571429,4.576859109654781,494582256.0,461189568.0,77835529.79887126
1731,minife,8,40000,100000,0.1,392.0766369047619,392.0,1.116928986014845,18.504471726190474,18.491071428571427,0.5690134432468271,6788000.0,6788000.0,0.0,384.0,384.0,0.0,58.1997767857143,57.195089285714296,3.177367669646594,65439360.0,65640960.0,629495.7982385586
1732,minife,8,40000,100000,0.3,400.8013392857143,400.60267857142856,0.9805282995270805,23.869525669642858,23.73504464285714,0.8324262047004453,6788000.0,6788000.0,0.0,384.0,384.0,0.0,127.65234375,125.6875,8.962876132528212,152661376.0,153832000.0,5351721.769493376
1733,minife,8,40000,100000,0.5,397.29017857142856,398.0,12.519647611575472,22.6478125,23.26227678571429,7.928522171795729,6788000.0,6788000.0,0.0,384.0,384.0,0.0,161.890625,160.67410714285717,24.003829754293115,220699136.0,221777920.0,24102505.254788764
1734,minife,8,40000,100000,0.7,399.03794642857144,398.5,13.92795399844889,23.692053571428573,23.883515625,8.190427856377049,6788000.0,6788000.0,0.0,384.0,384.0,0.0,199.79910714285714,196.09821428571428,12.686557600677773,255102512.0,260045408.0,17481899.16117201
1735,minife,8,40000,100000,1.0,418.0172991071429,417.5,1.4468790347481324,36.59202008928571,36.461049107142856,1.572599063269287,6788000.0,6788000.0,0.0,384.25,384.0,0.5000000000000047,237.01506696428572,234.53013392857144,9.0398925908249,290521392.0,295677984.0,17218425.765310835
1736,minife,8,40000,1000000,0.1,385.53515625,386.0,1.0255821993659309,13.523297991071429,13.702254464285716,0.8572313063504851,6788000.0,6788000.0,0.0,384.25,384.0,0.5000000000000047,7.695295758928571,7.911160714285714,2.3518427443481307,7590240.0,7590240.0,47990.399039807955
1737,minife,8,40000,1000000,0.3,389.52734375,389.5546875,2.4039618111199097,16.66,16.476774553571428,2.3403872821694485,6788000.0,6788000.0,0.0,384.5,384.5,0.5773502691896257,20.70580357142857,19.411607142857143,4.194443473615884,21821632.0,21911680.0,266224.604683088
1738,minife,8,40000,1000000,0.5,387.26450892857144,386.5290178571429,2.620905493805855,15.179095982142858,15.044107142857143,1.958462581489752,6788000.0,6788000.0,0.0,384.75,385.0,0.4999999999999952,24.630357142857143,22.262053571428567,7.47812997260482,36076544.0,36327424.0,735154.0311490285
1739,minife,8,40000,1000000,0.7,389.515625,389.5,4.1809261209888255,16.926958705357144,16.973448660714286,3.1412418798193555,6788000.0,6788000.0,0.0,384.75,385.0,0.5000000000000047,38.625948660714286,39.20279017857143,8.254253447481116,48447392.0,48377280.0,1198074.3811834045
1740,minife,8,40000,1000000,1.0,391.25669642857144,390.5,6.8414354409313765,18.17943638392857,17.389832589285714,5.326943113867642,6788000.0,6788000.0,0.0,384.75,385.0,0.5,50.768750000000004,48.60189732142858,9.62807378729421,66735312.0,67185888.0,1957837.4117418432
1741,minife,8,200000,0,0.1,404.0,404.0,1.1547005383792432,37.464453125000006,37.32823660714286,1.0705818264815423,6788000.0,6788000.0,0.0,384.0,384.0,0.0,382.75,383.0,0.4999999999999952,135631440.0,133943040.0,16776256.581728833
1742,minife,8,200000,0,0.3,405.25,405.0,2.217355782608345,40.55491071428571,39.13850446428572,4.309274899651611,6788000.0,6788000.0,0.0,384.0,384.0,0.0,382.75,383.0,0.4999999999999952,144436992.0,142485952.0,42437231.81588695
1743,minife,8,200000,0,0.5,403.7483258928571,403.5,1.704885108841176,37.70306919642857,37.50602678571428,1.8131267826704598,6788000.0,6788000.0,0.0,384.0,384.0,0.0,383.0,383.0,0.0,148746752.0,143101952.0,26752216.414257023
1744,minife,8,200000,0,0.7,410.4760044642857,405.9486607142857,10.41857285519184,47.83510044642857,41.548102678571425,14.698227135891738,6788000.0,6788000.0,0.0,384.25,384.0,0.5000000000000047,383.25,383.0,0.5000000000000047,130443376.0,136297728.0,29321544.764582556
1745,minife,8,200000,0,1.0,404.25,404.0,1.5,39.03761160714286,38.59006696428571,3.345156920081183,6788000.0,6788000.0,0.0,384.25,384.0,0.5000000000000047,383.25,383.0,0.5000000000000047,136474464.0,135973824.0,11990301.870535204
1746,minife,8,200000,100,0.1,445.5,446.0,47.92702786528703,78.37477678571429,79.8984375,47.954989448795835,6788000.0,6788000.0,0.0,384.0,384.0,0.0,381.6244419642857,381.94642857142856,0.6815615291845719,134179920.0,121746240.0,35757601.958789125
1747,minife,8,200000,100,0.3,403.25,403.0,2.217355782608345,37.190234375,35.73404017857143,3.5538999598327266,6788000.0,6788000.0,0.0,384.0,384.0,0.0,382.2594866071429,382.0189732142857,0.493999572973928,156038176.0,162026368.0,28954323.1336988
1748,minife,8,200000,100,0.5,403.5,403.5,0.5773502691896257,36.61919642857143,37.116629464285715,1.4539819564591472,6788000.0,6788000.0,0.0,384.0,384.0,0.0,382.65904017857144,382.8180803571429,0.47165122230826895,153337856.0,151230464.0,21992585.926714364
1749,minife,8,200000,100,0.7,403.25111607142856,402.5022321428571,1.8919878640466572,38.10396205357143,37.8921875,1.160984019926459,6788000.0,6788000.0,0.0,384.0,384.0,0.0,383.0,383.0,0.0,139207376.0,139032096.0,18829173.388103757
1750,minife,8,200000,100,1.0,403.0,403.0,1.0,36.5999255952381,37.00915178571428,2.0795287060141496,6788000.0,6788000.0,0.0,384.0,384.0,0.0,383.10342261904765,383.06473214285717,0.12725824711322703,134104768.0,131968704.0,9592102.138118422
1751,minife,8,200000,1000,0.1,405.10193452380946,405.30580357142856,2.007777861575533,36.021726190476194,36.354017857142864,1.9587545950940628,6788000.0,6788000.0,0.0,384.0,384.0,0.0,372.78422619047615,373.13392857142856,1.431945884358506,163181760.0,157227840.0,22296562.0217647
1752,minife,8,200000,1000,0.3,405.28125,404.0,2.562499999999995,39.761662946428565,38.73013392857142,3.0558586564078767,6788000.0,6788000.0,0.0,384.0,384.0,0.0,379.9888392857143,380.0,0.022321428571411655,148774304.0,148819328.0,7849953.971157453
1753,minife,8,200000,1000,0.5,404.50111607142856,403.5022321428571,2.3801646064695476,37.53794642857143,36.52979910714285,3.5274210595966307,6788000.0,6788000.0,0.0,384.0,384.0,0.0,381.4994419642857,381.49888392857144,0.5767066250093732,144607232.0,139138048.0,20062537.55330254
1754,minife,8,200000,1000,0.7,404.0,403.5,2.44948974278318,38.403292410714286,37.53158482142857,3.050154661356343,6788000.0,6788000.0,0.0,384.0,384.0,0.0,382.25,382.0,0.4999999999999952,135912112.0,136928736.0,16850769.286517303
1755,minife,8,200000,1000,1.0,404.9670758928571,405.0,0.7636786201954618,38.75825892857143,38.55301339285714,1.2899876923595863,6788000.0,6788000.0,0.0,384.75,385.0,0.4999999999999952,383.0,383.0,0.0,132769728.0,132869856.0,9557898.12097869
1756,minife,8,200000,10000,0.1,430.3333333333333,407.0,42.15843134336634,62.71793154761905,41.00669642857143,40.57161777526416,6788000.0,6788000.0,0.0,384.0,384.0,0.0,333.0833333333333,334.07589285714283,1.8048877651568527,98972160.0,97030080.0,3826702.2151194364
1757,minife,8,200000,10000,0.3,405.25,403.5,3.862210075418827,39.83744419642858,38.935602678571435,5.61140065067564,6788000.0,6788000.0,0.0,384.0,384.0,0.0,360.25,361.0,5.439056290693567,134681792.0,130719680.0,31952611.213788796
1758,minife,8,200000,10000,0.5,407.5016741071429,407.5,2.084347681687964,43.629631696428575,43.33794642857143,2.2558500895702998,6788000.0,6788000.0,0.0,384.0,384.0,0.0,372.0,372.0,0.816496580927726,113874432.0,112293888.0,6726516.534607394
1759,minife,8,200000,10000,0.7,426.34933035714283,407.4263392857143,40.1833645247854,60.689341517857144,43.23325892857143,40.192862227596116,6788000.0,6788000.0,0.0,384.0,384.0,0.0,373.5,373.5,1.7320508075688772,132792128.0,133493248.0,18506380.81650672
1760,minife,8,200000,10000,1.0,405.0,403.0,5.291502622129181,39.78065476190476,35.6921875,7.1181933645006215,6788000.0,6788000.0,0.0,384.0,384.0,0.0,376.3333333333333,377.0,1.1547005383792557,133170240.0,124959744.0,19095856.071903348
1761,minife,8,200000,100000,0.1,394.9977678571429,394.9955357142857,0.8165087853254199,24.949497767857142,24.709374999999998,1.2368710014693867,6788000.0,6788000.0,0.0,384.0,384.0,0.0,121.53459821428572,120.5,19.688958473336644,52718400.0,52930080.0,3968158.5774764596
1762,minife,8,200000,100000,0.3,402.75,402.5,5.0579969684978465,35.98431919642857,34.78370535714286,8.19717868861872,6788000.0,6788000.0,0.0,384.0,384.0,0.0,241.25,238.0,37.615378060929636,85230432.0,87106432.0,22608212.46435669
1763,minife,8,200000,100000,0.5,405.66369047619054,402.0,6.35343198607655,39.32559523809524,33.65714285714286,10.25214856554116,6788000.0,6788000.0,0.0,384.0,384.0,0.0,285.6666666666667,282.0,22.722969289539012,97910101.33333333,101857280.0,22638070.761263143
1764,minife,8,200000,100000,0.7,403.81361607142856,403.0022321428571,3.9759092903187256,35.322823660714285,36.371428571428574,2.9156840149620056,6788000.0,6788000.0,0.0,384.0,384.0,0.0,301.25,300.0,11.086778913041734,115229072.0,116806592.0,15608963.664722735
1765,minife,8,200000,100000,1.0,403.75,403.5,2.7537852736430484,37.50128348214285,35.84151785714286,4.117005930930834,6788000.0,6788000.0,0.0,384.25,384.0,0.4999999999999952,326.75,326.5,8.99536917900909,114045792.0,113945664.0,17188218.74435254
1766,minife,8,200000,1000000,0.1,387.25,387.0,1.2583057392117973,15.726439732142858,15.393727678571429,1.820299547275528,6788000.0,6788000.0,0.0,384.75,385.0,0.4999999999999952,19.33169642857143,17.1,4.868474109204887,7363440.0,7408800.0,97902.35135072088
1767,minife,8,200000,1000000,0.3,391.0,391.0,0.816496580927726,20.402622767857146,19.923883928571428,1.3735140293870292,6788000.0,6788000.0,0.0,384.25,384.0,0.5000000000000047,53.53978794642858,55.72935267857143,11.514856377593137,19855584.0,19720512.0,704150.8793471281
1768,minife,8,200000,1000000,0.5,392.5,392.0,1.7320508075688719,22.39017857142857,21.998995535714286,2.075913026335709,6788000.0,6788000.0,0.0,384.0,384.0,0.0,79.82483258928572,81.0,11.733034077073674,30532096.0,30406656.0,1182777.9218140093
1769,minife,8,200000,1000000,0.7,393.3333333333333,394.0,2.0816659994661384,23.000074404761904,23.061607142857145,3.010404721607603,6788000.0,6788000.0,0.0,384.6666666666667,385.0,0.5773502691896216,105.96666666666665,106.0,16.05002596051898,39029013.333333336,39122496.0,2245044.1914985413
1770,minife,8,200000,1000000,1.0,395.25111607142856,395.5,0.9585946964100734,25.59112723214286,25.527566964285715,0.9145177342427087,6788000.0,6788000.0,0.0,384.25,384.0,0.5000000000000047,137.0,132.5,10.099504938362077,49463232.0,50364384.0,2022486.4609366362
1771,minife,8,400000,0,0.1,403.75,403.5,1.707825127659933,36.68660714285714,35.795312499999994,4.0975299600803865,6788000.0,6788000.0,0.0,384.25,384.0,0.4999999999999952,383.25,383.0,0.4999999999999952,94716720.0,92332800.0,21106434.47065373
1772,minife,8,400000,0,0.3,403.0,402.0,2.7080128015453147,36.93816964285714,35.453236607142856,4.65739726498118,6788000.0,6788000.0,0.0,384.0,384.0,0.0,383.2438616071429,383.0,0.4877232142857129,86401056.0,91999040.0,15887993.631837595
1773,minife,8,400000,0,0.5,404.3333333333333,404.0,2.5166114784235765,37.718824404761904,38.07946428571428,2.4079524557937835,6788000.0,6788000.0,0.0,384.0,384.0,0.0,383.98660714285717,384.0,0.02319710902992684,77237589.33333333,71751680.0,9851547.883665252
1774,minife,8,400000,0,0.7,404.0,404.0,1.1547005383792515,37.99849330357143,38.418303571428574,1.8935421514237512,6788000.0,6788000.0,0.0,384.25,384.0,0.5000000000000047,383.75,384.0,0.5,74669280.0,77333536.0,9322875.009064816
1775,minife,8,400000,0,1.0,404.5,404.5,0.5773502691896257,38.44034598214285,38.14933035714286,2.206685179582889,6788000.0,6788000.0,0.0,384.5,384.5,0.5773502691896257,384.0295758928571,384.0,0.05915178571427443,76197408.0,76998432.0,5946175.839498863
1776,minife,8,400000,100,0.1,403.80189732142856,404.1037946428571,2.196279889197955,35.680691964285714,35.04084821428572,1.9318423308510624,6788000.0,6788000.0,0.0,384.0,384.0,0.0,382.25,382.0,0.5000000000000047,93502080.0,97866720.0,22445007.232576247
1777,minife,8,400000,100,0.3,403.0212053571429,402.5424107142857,1.3947225708500548,37.50731026785715,36.99017857142857,2.5465566397198804,6788000.0,6788000.0,0.0,384.0,384.0,0.0,383.0,383.0,0.0,78131648.0,81403392.0,10239577.602221424
1778,minife,8,400000,100,0.5,405.25,406.0,2.3629078131263013,41.01104910714286,41.15200892857143,3.907615894272835,6788000.0,6788000.0,0.0,384.25,384.0,0.4999999999999952,383.75,384.0,0.4999999999999952,66834432.0,65780736.0,14956376.253566593
1779,minife,8,400000,100,0.7,403.0474330357143,403.5033482142857,2.2178585918624547,36.90580357142857,37.11774553571429,2.2474134423502754,6788000.0,6788000.0,0.0,384.0,384.0,0.0,384.0,384.0,0.0,72110192.0,72495808.0,7359088.581967742
1780,minife,8,400000,100,1.0,403.6666666666667,404.0,0.5773502691896216,37.269196428571426,36.54933035714286,1.6848705332243417,6788000.0,6788000.0,0.0,384.0,384.0,0.0,383.6666666666667,384.0,0.577350269189634,72692928.0,72092160.0,6928394.564875185
1781,minife,8,400000,1000,0.1,403.25,403.0,1.258305739211786,35.33828125,33.918080357142856,3.6012454945558594,6788000.0,6788000.0,0.0,384.25,384.0,0.5000000000000047,378.3247767857143,378.1506696428571,0.4571281067420994,88336080.0,89913600.0,11677570.150540737
1782,minife,8,400000,1000,0.3,404.2516741071429,404.0,1.2614107355941833,38.88325892857143,39.25636160714286,3.359148856294347,6788000.0,6788000.0,0.0,384.0,384.0,0.0,382.00111607142856,382.0,0.002232142857138797,69412000.0,63543872.0,14039564.876694433
1783,minife,8,400000,1000,0.5,403.30580357142856,403.1116071428571,1.2484338615712423,36.792857142857144,36.29854910714286,2.371533305864102,6788000.0,6788000.0,0.0,384.0,384.0,0.0,383.0,383.0,0.0,74887680.0,75565056.0,11048256.922703177
1784,minife,8,400000,1000,0.7,404.2912946428571,404.0825892857143,2.056524064583265,37.94553571428571,36.974107142857136,2.364001242259745,6788000.0,6788000.0,0.0,384.0,384.0,0.0,383.0,383.0,0.0,73898048.0,72005024.0,14672461.156884985
1785,minife,8,400000,1000,1.0,403.5357142857143,404.57142857142856,2.3915241489690375,37.955580357142864,38.40468750000001,2.6889070681786316,6788000.0,6788000.0,0.0,384.75,385.0,0.4999999999999952,383.75,384.0,0.4999999999999952,73193568.0,73293696.0,8090771.980674279
1786,minife,8,400000,10000,0.1,403.0016741071429,402.0033482142857,3.5590276589548404,34.473046874999994,34.23348214285714,2.942770317444015,6788000.0,6788000.0,0.0,384.0,384.0,0.0,341.99888392857144,339.5133928571429,7.530936077694043,82278000.0,86819040.0,14390939.621636942
1787,minife,8,400000,10000,0.3,401.75,401.5,2.0615528128088383,35.337890625,34.80803571428571,3.2124827241883653,6788000.0,6788000.0,0.0,384.0,384.0,0.0,369.0,368.5,3.559026084010429,84269920.0,87076416.0,18584235.36804661
1788,minife,8,400000,10000,0.5,403.0,403.0,1.632993161855452,37.01372767857143,36.57310267857143,2.32158167206338,6788000.0,6788000.0,0.0,384.25,384.0,0.4999999999999952,376.25,376.0,1.2583057392117973,74937856.0,73457664.0,11182345.73359466
1789,minife,8,400000,10000,0.7,405.25,405.5,3.8622100754188224,38.95066964285714,39.04754464285715,3.0971237155749747,6788000.0,6788000.0,0.0,384.5,384.5,0.5773502691896257,378.0,377.5,1.4142135623730916,78069712.0,83082720.0,15437966.146455778
1790,minife,8,400000,10000,1.0,404.0,403.0,2.6457513110645907,38.565848214285715,37.777901785714285,4.326253325133311,6788000.0,6788000.0,0.0,384.3333333333333,384.0,0.5773502691896216,380.6666666666667,380.0,1.1547005383792557,69555584.0,70089600.0,11824151.654432042
1791,minife,8,400000,100000,0.1,397.3376116071429,397.1752232142857,0.47148217010760674,28.01646205357143,27.938169642857144,1.9220964677906136,6788000.0,6788000.0,0.0,384.0,384.0,0.0,197.90011160714286,199.80022321428572,28.759362348092345,37432080.0,37054080.0,5830235.170008154
1792,minife,8,400000,100000,0.3,400.0,399.0,2.6457513110645907,32.521875,32.03660714285714,3.5710203170677564,6788000.0,6788000.0,0.0,384.0,384.0,0.0,282.6547619047619,290.9642857142857,24.57714669069179,60572288.0,55949824.0,14520176.01226211
1793,minife,8,400000,100000,0.5,402.78236607142856,401.5022321428571,3.8330226028720995,35.937834821428574,35.17109375,4.899559132291559,6788000.0,6788000.0,0.0,384.0,384.0,0.0,320.25,318.0,9.878427675158289,63547904.0,65680384.0,9648893.940869838
1794,minife,8,400000,100000,0.7,402.11607142857144,402.11607142857144,,33.418749999999996,33.418749999999996,,6788000.0,6788000.0,,384.0,384.0,,330.0,330.0,,74599168.0,74599168.0,
1795,minife,8,400000,100000,1.0,402.25,402.0,1.258305739211786,35.955636160714285,35.934375,1.539855182739704,6788000.0,6788000.0,0.0,384.5,384.5,0.5773502691896257,349.75,349.0,5.377421934967232,68888064.0,70289856.0,9670519.615302581
1796,minife,8,400000,1000000,0.1,388.25,388.5,0.9574271077563381,17.015072544642855,17.04825892857143,1.2425423826664221,6788000.0,6788000.0,0.0,385.0,385.0,0.816496580927726,31.202901785714285,31.730357142857144,6.692710860365071,7131600.0,7126560.0,132069.79972726543
1797,minife,8,400000,1000000,0.3,391.5,391.5,1.2909944487358056,20.818694196428574,20.463839285714286,1.1909617458684298,6788000.0,6788000.0,0.0,385.0,385.0,0.0,81.65139508928573,80.05279017857143,13.729589842722257,18189696.0,18279744.0,815787.5391906073
1798,minife,8,400000,1000000,0.5,393.75,393.5,1.7078251276599261,24.404129464285717,24.129687500000003,2.5960014093325516,6788000.0,6788000.0,0.0,384.75,385.0,0.5000000000000047,132.0,123.0,19.373521448960524,25363968.0,26242048.0,1930961.282743908
1799,minife,8,400000,1000000,0.7,398.5,398.5,2.8867513459481353,29.670200892857142,30.150558035714283,2.7995895485278544,6788000.0,6788000.0,0.0,385.25,385.0,0.4999999999999952,172.5,177.5,13.178264933847197,29762544.0,29096480.0,1882608.383128047
1800,minife,8,2000000,0,0.1,402.75111607142856,403.0022321428571,1.2586033383930304,36.36088169642857,36.68861607142857,2.0872759969886494,6788000.0,6788000.0,0.0,384.25,384.0,0.5,384.0,384.0,0.0,18194400.0,16752960.0,3616103.1206535026
1801,minife,8,2000000,0,0.3,402.0,402.0,0.816496580927726,35.140625,34.86026785714286,1.6682121309057512,6788000.0,6788000.0,0.0,384.25,384.0,0.5000000000000047,384.25,384.0,0.5000000000000047,17334240.0,17589376.0,1433558.6294030673
1802,minife,8,2000000,0,0.5,402.75,404.0,3.201562118716419,35.78286830357143,37.060156250000006,3.194444223603439,6788000.0,6788000.0,0.0,386.75,386.5,0.9574271077563381,386.5,386.5,1.290994448735813,15328768.0,14199808.0,2664372.3729979387
1803,minife,8,2000000,0,0.7,406.0,405.0,3.559026084010437,39.290066964285714,37.8546875,5.392981376744779,6788000.0,6788000.0,0.0,386.7639508928571,386.5,1.6888875065101372,386.75,386.5,1.7078251276599288,13777008.0,12690272.0,2418948.6748464373
1804,minife,8,2000000,0,1.0,404.75,404.5,0.9574271077563405,38.45931919642857,38.45591517857142,1.1781937268919433,6788000.0,6788000.0,0.0,386.5,385.5,2.3804761428476207,386.43861607142856,385.5,2.4345994183232356,14318304.0,14218176.0,529827.5745485506
1805,minife,8,2000000,100,0.1,402.25,402.0,0.5,36.06473214285714,35.81729910714286,1.9096950597815778,6788000.0,6788000.0,0.0,384.0,384.0,0.0,384.0,384.0,0.0,15578640.0,15402240.0,451804.4461932618
1806,minife,8,2000000,100,0.3,403.0,404.0,2.8284271247461903,36.20987723214286,36.880133928571425,2.4797162656223093,6788000.0,6788000.0,0.0,385.0,385.0,0.0,384.75,385.0,0.4999999999999952,14932960.0,14647808.0,2790627.1934421244
1807,minife,8,2000000,100,0.5,404.0005580357143,405.0,2.8289534170946715,38.575,38.558705357142856,3.530566595269227,6788000.0,6788000.0,0.0,385.75,385.5,0.9574271077563405,385.5,385.5,1.290994448735802,13221376.0,13647872.0,2066983.2525378622
1808,minife,8,2000000,100,0.7,405.0,404.5,2.160246899469287,38.96685267857143,37.134263392857136,4.703597990276114,6788000.0,6788000.0,0.0,385.5,385.5,1.290994448735813,385.5,385.5,1.290994448735813,14898800.0,15705088.0,2339052.329784864
1809,minife,8,2000000,100,1.0,406.5,406.5,3.5118845842842474,41.16171875,40.387946428571425,5.020679911964778,6788000.0,6788000.0,0.0,388.5,388.5,0.577350269189634,388.0,388.0,0.0,13116768.0,12516000.0,2383523.1523104617
1810,minife,8,2000000,1000,0.1,404.75,402.5,6.291528696058953,40.55401785714285,36.61551339285714,10.87510108890629,6788000.0,6788000.0,0.0,384.25,384.0,0.4999999999999952,383.21763392857144,383.0,0.5251358217368651,17050320.0,17962560.0,5686725.305270161
1811,minife,8,2000000,1000,0.3,402.5,402.0,1.9148542155126762,35.75569196428572,35.201897321428575,2.811885494210616,6788000.0,6788000.0,0.0,384.75,385.0,0.5000000000000047,384.4994419642857,384.49888392857144,0.5767066250093732,15503264.0,15368192.0,1677587.4104375804
1812,minife,8,2000000,1000,0.5,405.25,405.0,2.6299556396765844,38.69157366071428,38.39453125,3.0630048661440386,6788000.0,6788000.0,0.0,385.5,385.5,0.5773502691896257,385.5,385.5,0.5773502691896257,13346816.0,13296640.0,498403.70815099945
1813,minife,8,2000000,1000,0.7,406.75111607142856,406.5,1.7097859742376587,42.58091517857143,41.887053571428574,3.516172385106982,6788000.0,6788000.0,0.0,386.25,387.0,1.5,386.0,386.5,1.4142135623730885,12199488.0,11708704.0,1966471.8324823945
1814,minife,8,2000000,1000,1.0,405.75,405.5,1.7078251276599372,40.013671875,39.936272321428575,1.4929248640614654,6788000.0,6788000.0,0.0,386.9508928571429,387.0,1.7141229461417657,386.75,387.0,2.0615528128088303,12966576.0,12916512.0,700896.0
1815,minife,8,2000000,10000,0.1,405.0,404.0,5.099019513592792,39.80853794642857,37.23828125,7.7169163812588355,6788000.0,6788000.0,0.0,384.5,384.5,0.577350269189634,375.75,375.5,2.5000000000000067,16682400.0,17095680.0,4112129.3800657587
1816,minife,8,2000000,10000,0.3,401.5,401.5,1.290994448735813,36.56964285714286,36.30558035714286,2.0660133171206803,6788000.0,6788000.0,0.0,384.5,384.5,0.5773502691896257,381.75,382.0,0.4999999999999952,15428224.0,15338176.0,1306989.152738461
1817,minife,8,2000000,10000,0.5,404.00111607142856,404.0022321428571,1.8249279781182879,39.97271205357143,40.73180803571429,4.273468054131438,6788000.0,6788000.0,0.0,385.0,385.0,0.0,383.84375,384.0,0.3125000000000047,13698048.0,13999104.0,1807264.9463200835
1818,minife,8,2000000,10000,0.7,402.50111607142856,403.0022321428571,1.9144669111505517,36.857366071428565,36.84564732142857,2.923760254097027,6788000.0,6788000.0,0.0,385.75,385.5,0.9574271077563381,384.75,384.5,0.9574271077563381,14127568.0,13812064.0,2099851.4737876104
1819,minife,8,2000000,10000,1.0,405.8125,405.0,3.21049710584929,39.05161830357143,38.6796875,1.6739651167433232,6788000.0,6788000.0,0.0,385.5,385.5,1.290994448735802,384.75,385.0,1.4999999999999984,14869008.0,14418432.0,1763882.9187811757
1820,minife,8,2000000,100000,0.1,401.7505580357143,401.5,1.707062900310181,33.840848214285714,33.090401785714285,2.1989898759528086,6788000.0,6788000.0,0.0,384.25,384.0,0.4999999999999952,321.3911830357143,325.0,9.00895131591797,12645360.0,11884320.0,1794683.5406834264
1821,minife,8,2000000,100000,0.3,403.5,404.5,3.1091263510296048,36.720424107142854,37.79464285714285,3.0918869445098953,6788000.0,6788000.0,0.0,384.25,384.0,0.4999999999999952,361.75,361.5,4.573474244670745,13627264.0,13747328.0,2547413.6695642243
1822,minife,8,2000000,100000,0.5,402.0016741071429,403.0,2.8300070286074464,34.97606026785714,35.19654017857143,3.2799688307814585,6788000.0,6788000.0,0.0,385.0,385.0,0.8164965809277203,370.5,370.5,2.3804761428476167,14475776.0,14551040.0,2163782.43015204
1823,minife,8,2000000,100000,0.7,401.5,401.0,2.645751311064598,35.59681919642857,35.50803571428571,2.751448780199323,6788000.0,6788000.0,0.0,386.5,386.5,1.2909944487358056,376.0,376.0,1.8257418583505538,14548240.0,14232736.0,1854547.4425364984
1824,minife,8,2000000,100000,1.0,404.75,403.5,5.909032633745278,39.85959821428571,36.60792410714285,9.209187449686947,6788000.0,6788000.0,0.0,388.5,387.0,3.6968455021364672,381.75,379.5,4.856267428111151,13317024.0,14017920.0,3408276.326374961
1825,minife,8,2000000,1000000,0.1,393.5022321428571,393.5044642857143,2.8872702425745502,23.14135044642857,22.995535714285715,3.0020126843526143,6788000.0,6788000.0,0.0,384.75,385.0,0.5,120.90496651785713,123.0,16.042381383414153,5317200.0,5281920.0,327302.6342698757
1826,minife,8,2000000,1000000,0.3,398.5,398.5,4.203173404306166,31.070256696428572,30.486941964285712,5.643181239795079,6788000.0,6788000.0,0.0,386.0,386.0,0.8164965809277203,230.75,235.0,12.499999999999998,9319968.0,9094848.0,753594.9053472516
1827,minife,8,2000000,1000000,0.5,399.25,399.0,0.5,31.514285714285712,31.334486607142857,1.2880453689198337,6788000.0,6788000.0,0.0,385.5,385.5,1.2909944487358056,284.0,284.5,2.160246899469287,10160640.0,10185728.0,250880.00000000017
1828,minife,8,2000000,1000000,0.7,400.00111607142856,400.0,1.1559907033671364,33.56813616071429,33.47544642857143,2.222716004645523,6788000.0,6788000.0,0.0,387.0,387.5,2.160246899469287,310.25,309.5,3.593976442141301,10692080.0,10727136.0,463305.41520110326
1829,minife,8,2000000,1000000,1.0,402.75,403.0,4.573474244670748,36.36372767857142,35.95078125,4.737659115332835,6788000.0,6788000.0,0.0,386.25,386.5,2.061552812808831,326.75,324.5,9.569918146637063,11915232.0,12415872.0,1589482.723645652
1830,minife,8,4000000,0,0.1,402.0,402.0,0.816496580927726,34.933984374999994,35.183258928571426,1.67368538710197,6788000.0,6788000.0,0.0,385.0016741071429,385.0,0.003348214285720827,385.0,385.0,0.0,8638560.0,8638560.0,1928382.421824053
1831,minife,8,4000000,0,0.3,401.50892857142856,402.0178571428571,1.7355758812151545,34.48409598214286,33.886830357142856,2.1459085910500453,6788000.0,6788000.0,0.0,385.25,385.0,0.4999999999999952,385.25,385.0,0.4999999999999952,8344448.0,8284416.0,932591.5328402534
1832,minife,8,4000000,0,0.5,400.5005580357143,401.0,1.915437301281166,34.7578125,34.94587053571429,2.4155210222295525,6788000.0,6788000.0,0.0,386.25,387.0,1.5,385.75,386.0,1.2583057392117898,7426048.0,7124992.0,996807.4163019989
1833,minife,8,4000000,0,0.7,404.00111607142856,402.5,4.08138984632684,37.672209821428574,34.58091517857143,7.086407583279228,6788000.0,6788000.0,0.0,389.75,388.5,3.5939764421413085,389.5,388.5,3.872983346207417,7396816.0,7992768.0,1987606.1584717096
1834,minife,8,4000000,0,1.0,401.4720982142857,401.0022321428571,1.0201283596767794,35.83989955357143,35.92209821428571,0.32033753609432875,6788000.0,6788000.0,0.0,390.5,392.0,3.0,390.25,391.5,2.87228132326902,7059024.0,7209216.0,1089203.6565491322
1835,minife,8,4000000,100,0.1,401.25,402.0,3.0956959368344497,34.642689732142856,35.34765625,2.776026456873767,6788000.0,6788000.0,0.0,384.75,385.0,0.5000000000000047,384.5,384.5,0.5773502691896257,8305920.0,8809920.0,1320851.8560383674
1836,minife,8,4000000,100,0.3,402.25,400.0,5.909032633745275,35.95920758928571,33.296986607142856,7.0384556553477475,6788000.0,6788000.0,0.0,385.75,385.0,2.217355782608345,385.75,385.0,2.217355782608345,8434496.0,9094848.0,2002166.9508383495
1837,minife,8,4000000,100,0.5,402.75,403.0,1.2583057392117973,37.39693080357142,37.11004464285714,1.1013286146715744,6788000.0,6788000.0,0.0,388.5,389.0,1.9148542155126762,388.0,388.0,1.8257418583505538,7074816.0,6974464.0,508406.11739304103
1838,minife,8,4000000,100,0.7,404.5,403.5,3.3166247903554,38.87092633928572,38.95881696428572,3.698434382960522,6788000.0,6788000.0,0.0,386.5,386.5,0.5773502691896257,386.25,386.0,0.5,7116368.0,7151424.0,1332128.0
1839,minife,8,4000000,100,1.0,401.5,402.0,1.9148542155126762,35.78147321428572,36.40301339285715,1.8463291135453312,6788000.0,6788000.0,0.0,388.25,388.0,3.774917217635375,387.75,387.5,3.8622100754188233,6958896.0,6708576.0,575191.5686725597
1840,minife,8,4000000,1000,0.1,402.25,401.5,1.892969448600095,33.77366071428571,32.97544642857143,1.641895473016889,6788000.0,6788000.0,0.0,384.25,384.0,0.5,384.0,384.0,0.0,8069040.0,7973280.0,423959.57543143193
1841,minife,8,4000000,1000,0.3,401.0016741071429,401.0033482142857,0.8165034459238796,35.01936383928572,34.924107142857146,1.3775006777713645,6788000.0,6788000.0,0.0,384.75,384.5,0.9574271077563381,384.5,384.5,0.5773502691896257,8179360.0,8314432.0,1099722.2302187644
1842,minife,8,4000000,1000,0.5,402.9860491071429,402.9720982142857,0.8169731796777049,35.490122767857144,35.331026785714286,0.5629900423220393,6788000.0,6788000.0,0.0,387.0,387.0,0.816496580927726,387.0,387.0,0.816496580927726,8504832.0,8329216.0,820905.531253546
1843,minife,8,4000000,1000,0.7,401.50111607142856,402.0,2.5180903065588183,36.09375,36.44620535714286,4.100919614744542,6788000.0,6788000.0,0.0,386.75,386.0,3.0956959368344554,386.75,386.0,3.0956959368344554,7607152.0,7782432.0,1537676.2057286312
1844,minife,8,4000000,1000,1.0,403.75,404.0,0.5000000000000047,36.66183035714286,36.88939732142857,1.6677755166850232,6788000.0,6788000.0,0.0,390.0,390.0,3.6514837167011076,390.0,390.0,3.6514837167011076,7609728.0,7609728.0,517058.76865207497
1845,minife,8,4000000,10000,0.1,400.0,400.0,0.8164965809277203,34.03286830357143,33.60368303571428,0.9927463052741997,6788000.0,6788000.0,0.0,384.26674107142856,384.0334821428571,0.48985746866266233,380.5,380.5,0.577350269189634,7620480.0,7812000.0,1192795.267596246
1846,minife,8,4000000,10000,0.3,404.0,403.0,2.8284271247461965,36.08571428571429,34.75758928571429,3.466731353427726,6788000.0,6788000.0,0.0,386.5239955357143,386.5,0.6171632809766374,385.0,385.0,0.816496580927726,7488992.0,7473984.0,1197007.571874687
1847,minife,8,4000000,10000,0.5,402.0,402.5,2.449489742783186,35.83203125,36.51417410714286,2.192239918327337,6788000.0,6788000.0,0.0,386.5,387.0,1.0,385.75,386.0,0.5,7501312.0,7526400.0,998069.4646018716
1848,minife,8,4000000,10000,0.7,402.5,401.5,2.380476142847623,38.05859375,36.713839285714286,3.2772074906758557,6788000.0,6788000.0,0.0,388.25,388.5,0.9574271077563405,387.75,388.0,0.5,6976144.0,6730752.0,599037.1905917028
1849,minife,8,4000000,10000,1.0,404.25111607142856,404.0022321428571,2.2178601831462514,37.06378348214285,37.463281249999994,2.930549152626078,6788000.0,6788000.0,0.0,387.51841517857144,387.5,1.2626806514666422,386.75,386.5,0.9574271077563381,7109088.0,6908832.0,622621.2065517845
1850,minife,8,4000000,100000,0.3,402.75,402.5,0.9574271077563381,35.03889508928572,35.16517857142857,1.4622165641493508,6788000.0,6788000.0,0.0,386.0,386.0,0.816496580927726,373.75,374.0,1.258305739211786,7278880.0,6993728.0,1053984.817560481
1851,minife,8,4000000,100000,0.5,402.75,403.5,2.6299556396765897,36.68895089285714,37.282477678571425,1.8652924946758571,6788000.0,6788000.0,0.0,388.5,389.0,1.9148542155126762,381.75,381.5,2.0615528128088303,6623232.0,6522880.0,384318.90047025617
1852,minife,8,4000000,100000,0.7,402.5,402.0,3.4156502553198647,36.02193080357143,35.75457589285714,3.307238163644382,6788000.0,6788000.0,0.0,387.5005580357143,386.0,3.6979524653640024,382.015625,380.0,4.79158740876479,7186480.0,7221536.0,1616635.354440409
1853,minife,8,4000000,100000,1.0,401.2516741071429,401.5033482142857,2.499779018055459,34.66344866071429,34.54877232142857,2.4294889666889063,6788000.0,6788000.0,0.0,388.75,388.0,2.217355782608345,385.0,384.0,2.7080128015453164,7309344.0,7109088.0,1448687.577217393
1854,minife,8,4000000,1000000,0.1,396.78125,396.0625,3.4192698416474845,26.366986607142856,25.840669642857144,2.8835061809437854,6788000.0,6788000.0,0.0,385.0,385.0,1.1547005383792515,183.5,181.0,14.571661996262925,4057200.0,4122720.0,293707.0540521627
1855,minife,8,4000000,1000000,0.3,400.2818080357143,398.50111607142856,5.498017037967607,31.375055803571428,29.79408482142857,4.271325328032999,6788000.0,6788000.0,0.0,386.0,386.0,0.816496580927726,290.75,292.0,12.763881332363857,5718048.0,5612992.0,796979.9122186205
1856,minife,8,4000000,1000000,0.5,398.25,398.0,1.2583057392117973,31.040904017857144,30.997209821428573,0.6189899537891984,6788000.0,6788000.0,0.0,387.0,387.0,1.825741858350546,321.0,321.5,1.4142135623730885,6573056.0,6573056.0,352424.6418020928
1857,minife,8,4000000,1000000,0.7,399.5,399.5,1.290994448735813,32.286607142857136,32.34564732142857,0.39660386146291515,6788000.0,6788000.0,0.0,388.2672991071429,388.5345982142857,2.7686205114518176,341.24888392857144,343.4977678571429,5.677926053426214,6555472.0,6590528.0,529333.9919257029
1858,minife,8,4000000,1000000,1.0,399.75,399.0,1.5,33.49436383928571,33.49017857142857,1.066953177476916,6788000.0,6788000.0,0.0,390.25,390.5,4.573474244670745,356.0,355.5,3.559026084010429,6808704.0,6608448.0,910375.9046371998
1859,minivite,8,20,5000,0.01,378.0,378.0,18.384776310850235,56.96261160714286,56.96261160714286,14.173860727083301,24089720.0,24089720.0,0.0,442.0,442.0,0.0,6.307131696428572,6.307131696428572,0.03871725299666552,152211584.0,152211584.0,11404.218166976638
1860,minivite,8,20,5000,0.05,369.0,369.0,1.4142135623730951,49.521205357142854,49.521205357142854,1.5414296484526369,24089720.0,24089720.0,0.0,442.0,442.0,0.0,12.30892857142857,12.30892857142857,2.5361142321663928,817496064.0,817496064.0,4836655.638149981
1861,minivite,8,20,10000,0.01,378.25,370.5,16.520189667999176,57.030078125,50.41573660714286,14.387825912362441,24089720.0,24089720.0,0.0,442.0,442.0,0.0,10.378297991071427,10.356841517857143,0.2213413757121199,75481280.0,75475456.0,14214.148819632734
1862,minivite,8,20,10000,0.05,370.5,372.0,4.5092497528229005,52.10876116071429,53.10178571428572,4.169945182743052,24089720.0,24089720.0,0.0,442.0,442.0,0.0,11.997154017857143,12.088504464285714,0.5448122960175857,411352480.0,411271168.0,477270.2911963688
1863,minivite,8,20,25000,0.01,377.0,373.0,11.57583690279023,57.74363839285715,53.3171875,12.72636793818405,24089720.0,24089720.0,0.0,442.0,442.0,0.0,3.280474330357143,3.23125,0.14049369977525164,31117632.0,31121664.0,9411.554883935285
1864,minivite,8,20,25000,0.05,370.75,371.0,6.238322424070968,51.460212053571425,50.82232142857143,5.444022998879467,24089720.0,24089720.0,0.0,442.0,442.0,0.0,4.505212053571428,4.539631696428572,0.267498608321865,170301824.0,170287040.0,121246.16027459365
1865,minivite,8,20,50000,0.01,372.5,370.0,9.43398113205661,53.68359375,51.82611607142857,9.359844796698129,24089720.0,24089720.0,0.0,442.0373883928571,442.0,0.07477678571427601,1.5940625000000002,1.6088839285714287,0.05800342794691258,15698816.0,15698816.0,2313.462052134323
1866,minivite,8,20,50000,0.05,374.5,374.5,1.2909944487358056,55.445033482142854,55.36462053571428,1.2869888995358272,24089720.0,24089720.0,0.0,442.0,442.0,0.0,2.3759542410714287,2.385613839285714,0.043121862619873726,86102016.0,86102016.0,8047.390301623667
1867,minivite,8,200,5000,0.01,367.0,367.0,,47.026562500000004,47.026562500000004,,24089720.0,24089720.0,,442.0,442.0,,6.960245535714285,6.960245535714285,,151975936.0,151975936.0,
1868,minivite,8,200,5000,0.05,372.0,373.0,7.788880963698615,52.4578125,52.203125,7.216508046202067,24089720.0,24089720.0,0.0,442.0,442.0,0.0,12.948677455357144,12.857812500000001,3.019435808309984,815988096.0,816145792.0,5789139.553026511
1869,minivite,8,200,10000,0.01,371.3333333333333,371.0,6.5064070986477045,52.275148809523806,50.50111607142857,5.997119962137564,24089720.0,24089720.0,0.0,442.0,442.0,0.0,10.276309523809523,10.180691964285714,0.4793824502922747,75502933.33333333,75532800.0,74520.77480362786
1870,minivite,8,200,10000,0.05,367.25,366.5,3.403429642777021,48.60440848214286,48.74029017857143,3.515034480710436,24089720.0,24089720.0,0.0,442.0,442.0,0.0,12.049709821428571,12.193191964285713,0.4889126229235177,411350016.0,411290880.0,436714.60361812694
1871,minivite,8,200,25000,0.01,386.0,386.0,12.727922061357855,63.552232142857136,63.552232142857136,9.622650004870332,24089720.0,24089720.0,0.0,442.0569196428571,442.0569196428571,0.08049653089397846,3.727075892857143,3.727075892857143,0.35847788424796584,31075968.0,31075968.0,21541.300982066983
1872,minivite,8,200,25000,0.05,369.5,369.5,2.081665999466128,50.25563616071428,49.87332589285714,2.6853405067199514,24089720.0,24089720.0,0.0,442.0,442.0,0.0,4.9913727678571425,4.974587053571429,0.10136337508027041,170129344.0,170139200.0,64630.11409552052
1873,minivite,8,200,50000,0.01,374.5357142857143,371.5,10.268597281812859,54.68359375000001,52.798214285714295,7.932610457900414,24089720.0,24089720.0,0.0,442.0,442.0,0.0,1.6735379464285713,1.6288950892857144,0.19802887290463403,15695232.0,15697024.0,7811.146906825136
1874,minivite,8,200,50000,0.05,373.6666666666667,369.0,11.718930554164633,54.47671130952381,50.3140625,11.380687512045915,24089720.0,24089720.0,0.0,442.03050595238096,442.0,0.05283785945709273,2.481473214285714,2.5521651785714283,0.1930557413602661,86072448.0,86062592.0,26076.524921852604
1875,minivite,8,500,5000,0.01,366.0,366.0,,46.74129464285714,46.74129464285714,,24089720.0,24089720.0,,442.0,442.0,,6.134441964285714,6.134441964285714,,152294912.0,152294912.0,
1876,minivite,8,500,5000,0.05,376.0,376.0,,56.821875,56.821875,,24089720.0,24089720.0,,442.0,442.0,,14.30892857142857,14.30892857142857,,813386112.0,813386112.0,
1877,minivite,8,500,10000,0.01,379.3333333333333,373.0,13.650396819628844,59.22187499999999,53.97901785714286,11.987568997804363,24089720.0,24089720.0,0.0,442.0,442.0,0.0,10.25216517857143,10.275513392857144,0.3235119824522391,75504725.33333333,75522048.0,54951.42019395954
1878,minivite,8,500,10000,0.05,368.3333333333333,368.0,0.5773502691896216,49.139880952380956,49.61049107142857,1.0242031850411908,24089720.0,24089720.0,0.0,442.0,442.0,0.0,13.142931547619048,13.186607142857143,0.40411775682171397,410305280.0,410265856.0,464488.508637189
1879,minivite,8,500,25000,0.01,368.0,368.0,2.581988897471611,49.53169642857143,49.95926339285714,1.9233240676016448,24089720.0,24089720.0,0.0,442.0,442.0,0.0,3.726785714285714,3.7401227678571427,0.1958839675390492,31080000.0,31076864.0,17211.597950219497
1880,minivite,8,500,25000,0.05,370.5,370.5,0.7071067811865476,52.32890625,52.32890625,1.3711242428945363,24089720.0,24089720.0,0.0,442.0,442.0,0.0,5.147991071428572,5.147991071428572,0.49690035011863526,170045568.0,170045568.0,223015.8219319876
1881,minivite,8,500,50000,0.01,502.0,378.0,220.86421167767313,183.4498511904762,58.391071428571436,221.8962905063987,24089720.0,24089720.0,0.0,442.0,442.0,0.0,1.5768526785714287,1.5848437499999999,0.05554441609019784,15698517.333333334,15697920.0,2737.3252151204915
1882,minivite,8,500,50000,0.05,460.5,460.5,125.15790027001891,141.32566964285715,141.32566964285715,127.03962505691757,24089720.0,24089720.0,0.0,442.0,442.0,0.0,2.535904017857143,2.535904017857143,0.08739397873727514,86052736.0,86052736.0,13938.488870749225
1883,minivite,8,1000,5000,0.01,368.0,368.0,2.8284271247461903,48.87734375,48.87734375,3.6130315464601,24089720.0,24089720.0,0.0,442.0,442.0,0.0,9.042455357142856,9.042455357142856,2.466287437524222,151283328.0,151283328.0,873056.257449656
1884,minivite,8,1000,5000,0.05,371.0,371.0,0.0,51.745089285714286,51.745089285714286,1.0704460245551717,24089720.0,24089720.0,0.0,442.0,442.0,0.0,18.421986607142863,18.421986607142863,1.4102676539959365,805747712.0,805747712.0,2578620.4410886066
1885,minivite,8,1000,10000,0.01,375.5,375.5,3.5355339059327378,55.50535714285714,55.50535714285714,4.169088954969072,24089720.0,24089720.0,0.0,442.0,442.0,0.0,11.2859375,11.2859375,0.3185137242041189,75324928.0,75324928.0,73493.850409405
1886,minivite,8,1000,10000,0.05,376.6666666666667,368.0,15.011106998930261,56.21011904761904,49.614732142857136,12.320895078410087,24089720.0,24089720.0,0.0,442.0,442.0,0.0,15.110491071428571,14.231696428571428,1.900857904232263,408347221.3333333,409142272.0,1784162.8732347705
1887,minivite,8,1000,25000,0.01,368.75,370.5,4.573474244670752,49.81579241071429,51.42354910714286,4.6905383306992485,24089720.0,24089720.0,0.0,442.0,442.0,0.0,3.9771372767857143,4.144352678571428,0.4066292493973368,31061632.0,31046400.0,32896.747073228704
1888,minivite,8,1000,25000,0.05,367.5,367.5,0.7071067811865476,49.25803571428571,49.25803571428571,0.5577936081949186,24089720.0,24089720.0,0.0,442.0,442.0,0.0,6.578895089285714,6.578895089285714,0.7843360999442656,169503488.0,169503488.0,348462.2217687306
1889,minivite,8,1000,50000,0.01,367.5,367.0,4.1231056256176615,48.536774553571426,48.458482142857136,3.7853689870137077,24089720.0,24089720.0,0.0,442.0,442.0,0.0,1.8363448660714288,1.8227008928571429,0.22228010496901818,15688960.0,15688960.0,9368.807252438186
1890,minivite,8,1000,50000,0.05,368.3333333333333,369.0,2.0816659994661246,49.475297619047616,50.947544642857146,3.164535579187918,24089720.0,24089720.0,0.0,442.0,442.0,0.0,3.6197470238095235,3.8052455357142856,0.6412629765429846,85852330.66666667,85816192.0,127113.10877062526
1891,minivite,8,2000,0,0.1,404.0,404.0,,71.26607142857142,71.26607142857142,,24089720.0,24089720.0,,442.0,442.0,,378.20089285714283,378.20089285714283,,6280041600.0,6280041600.0,
1892,minivite,8,2000,0,0.3,376.75,378.0,3.2015621187164243,56.937109375000006,58.69330357142857,4.158824695680672,24089720.0,24089720.0,0.0,442.0,442.0,0.0,437.13504464285717,437.4352678571429,1.5765171643781917,678856864.0,624753024.0,243268999.18021983
1893,minivite,8,2000,0,0.5,378.25,378.5,5.057996968497844,58.260714285714286,58.61238839285714,3.9791108473998262,24089720.0,24089720.0,0.0,442.0,442.0,0.0,439.4140625,439.4040178571429,0.4771863424055688,415457280.0,386957312.0,118673951.79000804
1894,minivite,8,2000,0,0.7,376.5,375.5,3.8729833462074232,56.92946428571428,55.41930803571429,4.773730063362039,24089720.0,24089720.0,0.0,442.0,442.0,0.0,438.16685267857144,438.32477678571433,0.8502743135264997,636406624.0,620421088.0,150295817.92481002
1895,minivite,8,2000,0,1.0,375.0,375.0,5.163977794943222,54.98258928571428,55.39084821428571,4.370900848572362,24089720.0,24089720.0,0.0,442.0,442.0,0.0,438.45033482142856,438.40066964285717,0.41623479558320103,568626912.0,536886336.0,65393013.44562956
1896,minivite,8,2000,100,0.1,398.0,398.0,,80.78794642857143,80.78794642857143,,24089720.0,24089720.0,,442.0,442.0,,330.79017857142856,330.79017857142856,,5985423360.0,5985423360.0,
1897,minivite,8,2000,100,0.3,386.6666666666667,382.0,13.613718571108096,63.883779761904755,57.950446428571425,14.924299758805557,24089720.0,24089720.0,0.0,442.0,442.0,0.0,432.67410714285717,431.1830357142857,4.439707453425578,990467968.0,1138386816.0,453346973.7280974
1898,minivite,8,2000,100,0.5,482.25,482.5,17.346949779908474,161.75279017857144,161.58147321428572,18.85117168483795,24089720.0,24089720.0,0.0,442.0,442.0,0.0,437.1763392857143,437.87611607142856,2.297454474197888,627827200.0,537284608.0,342303230.3142939
1899,minivite,8,2000,100,0.7,397.3984375,383.5,34.776512808200856,77.65613839285714,64.83537946428572,34.755785836583186,24089720.0,24089720.0,0.0,442.0,442.0,0.0,438.5719866071429,438.6439732142857,0.4258983750703128,440478640.0,409383968.0,74618791.0682307
1900,minivite,8,2000,100,1.0,395.6666666666667,383.0,27.300793639257687,76.72790178571428,64.50200892857143,28.175144602428322,24089720.0,24089720.0,0.0,442.0,442.0,0.0,438.01339285714283,438.0,0.1055499144422946,544896576.0,536886336.0,18566658.120067164
1901,minivite,8,2000,1000,0.3,379.0,382.0,7.39369100427295,59.69419642857143,62.13225446428571,8.20066415753187,24089720.0,24089720.0,0.0,442.0,442.0,0.0,420.58872767857144,424.2477678571429,13.042592920635235,847141568.0,684634944.0,547965989.5119876
1902,minivite,8,2000,1000,0.5,377.5,377.0,5.9721576223896315,59.07220982142857,58.26473214285715,5.515172035260873,24089720.0,24089720.0,0.0,442.0,442.0,0.0,434.6188616071429,434.36830357142856,1.0839183591123835,411217408.0,424639488.0,65264010.18916323
1903,minivite,8,2000,1000,0.7,379.75,378.5,9.17877987534291,59.89224330357143,59.08426339285714,9.159776772868,24089720.0,24089720.0,0.0,442.0,442.0,0.0,434.45033482142856,434.4419642857143,1.2497666329247041,504631120.0,490784000.0,113765565.57945871
1904,minivite,8,2000,1000,1.0,377.5,378.5,4.358898943540671,57.50435267857143,57.93683035714286,5.841832320390668,24089720.0,24089720.0,0.0,442.0,442.0,0.0,435.27064732142856,435.2466517857143,0.6079175265134853,583245600.0,579040224.0,57643241.164418645
1905,minivite,8,2000,10000,0.1,372.6666666666667,371.0,5.686240703077333,54.04702380952381,53.28973214285714,4.26501138133707,24089720.0,24089720.0,0.0,442.0,442.0,0.0,37.23005952380952,38.68660714285714,4.74485030103708,785359680.0,782550720.0,9256257.871602325
1906,minivite,8,2000,10000,0.3,382.0,382.5,12.027745701779143,64.21702008928571,64.83627232142857,11.734332630643488,24089720.0,24089720.0,0.0,442.0,442.0,0.0,356.9838169642857,352.44642857142856,21.560536300750307,480256000.0,505679552.0,120951862.19452378
1907,minivite,8,2000,10000,0.5,383.3333333333333,383.0,5.507570547286101,63.297842261904755,61.0078125,6.110057658851836,24089720.0,24089720.0,0.0,442.0,442.0,0.0,400.3370535714286,400.0200892857143,4.664334232375919,385017173.3333333,389265408.0,42558043.66950742
1908,minivite,8,2000,10000,0.7,375.75,377.0,4.716990566028299,56.00474330357143,56.757700892857144,5.0877483592497,24089720.0,24089720.0,0.0,442.0,442.0,0.0,409.4029017857143,409.7924107142857,3.6863727216609496,409839696.0,402933664.0,48977518.66517219
1909,minivite,8,2000,10000,1.0,377.5,376.5,5.066228051190222,59.35870535714286,58.167410714285715,5.3376884729704175,24089720.0,24089720.0,0.0,442.0,442.0,0.0,413.9274553571429,413.92410714285717,0.08082083477783164,491127840.0,488824896.0,6616534.204309685
1910,minivite,8,2000,100000,0.1,401.5,375.5,54.396691075836586,82.16897321428571,55.71395089285714,55.128217133259675,24089720.0,24089720.0,0.0,442.00111607142856,442.0,0.002232142857119849,5.4494810267857146,4.763816964285715,1.6848470943098939,87675840.0,87816960.0,338543.96937473275
1911,minivite,8,2000,100000,0.3,372.5758928571429,370.5,6.061623297294178,54.01724330357143,52.21908482142858,5.2959436588879205,24089720.0,24089720.0,0.0,442.0,442.0,0.0,116.74799107142857,109.51964285714286,34.458361794846,193993408.0,198285696.0,20631773.678247895
1912,minivite,8,2000,100000,0.5,373.75,373.5,5.5,54.36651785714285,53.988727678571436,6.864092550011959,24089720.0,24089720.0,0.0,442.0,442.0,0.0,221.58984375,240.67299107142856,48.503453232421286,219269120.0,200252416.0,48350158.74494671
1913,minivite,8,2000,100000,0.7,375.5,376.0,2.645751311064589,57.08487723214285,57.54274553571429,3.4283292139871677,24089720.0,24089720.0,0.0,442.0,442.0,0.0,249.28571428571428,246.56138392857144,37.48164636424215,267372112.0,270982880.0,52068298.10507949
1914,minivite,8,2000,100000,1.0,374.25,374.5,1.707825127659933,55.16015625,55.88828125,2.0288430311619945,24089720.0,24089720.0,0.0,442.0,442.0,0.0,286.91294642857144,287.31361607142856,14.392536926493705,306591936.0,305790912.0,28870220.707508005
1915,minivite,8,2000,1000000,0.1,370.75,371.5,4.645786621588777,52.353125,52.74955357142858,4.201709838451376,24089720.0,24089720.0,0.0,442.75,443.0,0.4999999999999952,0.7786456473214285,0.7310212053571429,0.13614569550726593,8905680.0,8910720.0,10080.0
1916,minivite,8,2000,1000000,0.3,374.75,375.5,2.6299556396765897,56.85524553571429,58.12321428571428,3.205958638040005,24089720.0,24089720.0,0.0,442.5,442.5,0.5773502691896257,23.508761160714286,19.265848214285715,11.362692190760953,25138400.0,25393536.0,679847.4912272607
1917,minivite,8,2000,1000000,0.5,369.0,369.5,1.4142135623730951,50.94056919642858,50.91484375,1.0213833255508864,24089720.0,24089720.0,0.0,442.7505580357143,443.0,0.49888392857141795,44.080524553571436,46.3875,10.89454084185691,39965184.0,39739392.0,1106529.6492463876
1918,minivite,8,2000,1000000,0.7,374.5,375.0,4.43471156521669,56.33839285714286,57.292857142857144,4.614882529871045,24089720.0,24089720.0,0.0,442.5,442.5,0.577350269189634,67.38666294642857,68.34051339285715,15.961443799049363,52548944.0,52373664.0,2244679.2326744595
1919,minivite,8,2000,1000000,1.0,431.5,429.0,60.82488525814633,112.666015625,110.07834821428571,61.01816625781564,24089720.0,24089720.0,0.0,442.7505580357143,443.0,0.5003731301988068,88.29893973214286,90.1845982142857,4.553798088922172,70890624.0,70490112.0,953409.2609241847
1920,minivite,8,4000,0,0.1,383.0,383.0,,63.207142857142856,63.207142857142856,,24089720.0,24089720.0,,442.0,442.0,,392.0200892857143,392.0200892857143,,3499110720.0,3499110720.0,
1921,minivite,8,4000,0,0.3,389.0,389.0,7.0710678118654755,66.15078125,66.15078125,1.4251042694940559,24089720.0,24089720.0,0.0,442.0,442.0,0.0,427.24776785714283,427.24776785714283,1.303728127812697,1626537024.0,1626537024.0,318749798.4700249
1922,minivite,8,4000,0,0.5,377.75,376.5,7.588368291888135,57.113839285714285,56.346875,6.356707200766576,24089720.0,24089720.0,0.0,442.0,442.0,0.0,431.7767857142857,431.80803571428567,1.8662645505558544,1101965312.0,1113405440.0,166869756.24156827
1923,minivite,8,4000,0,0.7,377.75,378.5,6.18465843842649,57.39430803571429,58.407254464285714,5.362610758941824,24089720.0,24089720.0,0.0,442.0,442.0,0.0,437.11830357142856,436.9319196428571,0.6095207940889887,565172832.0,529766272.0,118334296.11594659
1924,minivite,8,4000,0,1.0,380.5,380.5,6.454972243679028,60.15212053571428,59.27198660714286,6.030130813568378,24089720.0,24089720.0,0.0,442.0,442.0,0.0,436.5697544642857,436.5669642857143,0.3505690328072227,608828304.0,593759040.0,61574378.25344175
1925,minivite,8,4000,100,0.3,384.5,384.5,12.020815280171307,65.32935267857142,65.32935267857142,11.566404471457894,24089720.0,24089720.0,0.0,442.0,442.0,0.0,426.296875,426.296875,0.8744132963779845,1178818368.0,1178818368.0,43934750.4882775
1926,minivite,8,4000,100,0.5,384.0,384.0,1.4142135623730951,62.868415178571425,62.868415178571425,1.0084163448662657,24089720.0,24089720.0,0.0,442.0,442.0,0.0,431.22098214285717,431.22098214285717,0.9501747372194232,1112301568.0,1112301568.0,216568637.26159012
1927,minivite,8,4000,100,0.7,374.0,370.0,8.717797887081348,52.80580357142858,49.331919642857144,6.239786844250921,24089720.0,24089720.0,0.0,442.0,442.0,0.0,435.50967261904765,435.62723214285717,0.3735178333811505,626567573.3333334,574357504.0,129381572.64182374
1928,minivite,8,4000,100,1.0,376.0,375.0,6.000000000000008,57.290290178571425,56.353236607142854,6.150848009182404,24089720.0,24089720.0,0.0,442.0,442.0,0.0,435.97935267857144,436.1350446428571,0.34284229549170175,576837408.0,579340608.0,22980630.292565607
1929,minivite,8,4000,1000,0.1,382.0,382.0,,64.42790178571428,64.42790178571428,,24089720.0,24089720.0,,442.0,442.0,,247.05133928571428,247.05133928571428,,2906507520.0,2906507520.0,
1930,minivite,8,4000,1000,0.3,374.75,374.0,6.652067347825035,56.028125,56.499218750000004,6.6353545386499135,24089720.0,24089720.0,0.0,442.0,442.0,0.0,409.2209821428571,410.13392857142856,2.4903379403150905,1119116544.0,1098585600.0,94815192.78516284
1931,minivite,8,4000,1000,0.7,382.0,383.5,4.966554808583774,61.319140624999996,59.68493303571428,5.335264365624642,24089720.0,24089720.0,0.0,442.0,442.0,0.0,430.34095982142856,432.6763392857143,4.902124987919877,689902080.0,535094784.0,361089061.45032406
1932,minivite,8,4000,10000,0.1,381.6666666666667,381.0,4.0414518843273814,61.23578869047619,63.221651785714286,4.899274989707299,24089720.0,24089720.0,0.0,442.0,442.0,0.0,60.92767857142857,60.668526785714285,22.3918613685079,737197440.0,740255040.0,39652512.96349325
1933,minivite,8,4000,10000,0.3,379.75,380.0,2.986078811194812,60.36395089285715,61.01171875,3.0839239965232346,24089720.0,24089720.0,0.0,442.0,442.0,0.0,285.6244419642857,293.10044642857144,24.30970271836293,869743616.0,831923456.0,136530595.1608097
1934,minivite,8,4000,10000,0.5,375.0,377.0,8.18535277187245,53.84583333333333,53.63526785714286,6.219861234382861,24089720.0,24089720.0,0.0,442.0,442.0,0.0,336.45386904761904,331.65848214285717,10.724040465799058,961505962.6666666,979435520.0,93422555.92789926
1935,minivite,8,4000,10000,1.0,376.0,377.0,4.320493798938576,56.613671875,56.484486607142856,4.033428969557373,24089720.0,24089720.0,0.0,446.25,442.0,8.500000000000004,413.84765625,408.7946428571429,11.416200809112558,552556368.0,564421536.0,71444795.32440805
1936,minivite,8,4000,100000,0.1,373.1160714285714,372.0,2.8434240954761956,54.31227678571428,53.11183035714286,4.393521398992201,24089720.0,24089720.0,0.0,442.0,442.0,0.0,8.987886904761906,8.934486607142857,0.9179179423991356,86936640.0,86970240.0,213670.64000465765
1937,minivite,8,4000,100000,0.3,383.0,385.0,8.366600265340756,63.94698660714286,66.21417410714287,8.40130857031758,24089720.0,24089720.0,0.0,449.25,442.0,14.500000000000005,81.39402901785715,63.84464285714286,48.9835823953356,219266880.0,225240064.0,20851393.124180328
1938,minivite,8,4000,100000,0.5,377.5,376.0,10.754843869934453,58.52583705357143,56.042187500000004,11.63026592494455,24089720.0,24089720.0,0.0,449.5,442.0,15.0,137.47433035714286,118.6640625,43.5295153486287,309836800.0,321427456.0,28341875.5878533
1939,minivite,8,4000,100000,0.7,373.5,373.5,2.886751345948129,54.18337053571428,53.71071428571428,2.4736947642002574,24089720.0,24089720.0,0.0,442.0,442.0,0.0,239.75390625,232.5,18.840819093032565,279606656.0,290333792.0,26338482.118807282
1940,minivite,8,4000,1000000,0.1,376.5,377.0,6.244997998398398,57.99670758928571,58.50803571428571,6.579328955234659,24089720.0,24089720.0,0.0,442.75,443.0,0.4999999999999952,1.1769670758928572,1.2069319196428572,0.3651152058436652,8895600.0,8890560.0,10080.0
1941,minivite,8,4000,1000000,0.3,379.0,379.5,6.48074069840786,60.37126116071428,60.25457589285715,6.305348836255902,24089720.0,24089720.0,0.0,442.25,442.0,0.5,8.731763392857143,7.935457589285715,5.040567047411638,26008864.0,26053888.0,291531.4462443691
1942,minivite,8,4000,1000000,0.5,380.25,375.5,14.221462653327897,60.99547991071429,57.106249999999996,12.218246882658576,24089720.0,24089720.0,0.0,442.6255580357143,442.75111607142856,0.4785205328691193,23.604185267857144,23.315178571428575,4.154627872927887,41997312.0,42047488.0,445032.1749926253
1943,minivite,8,4000,1000000,0.7,382.25,381.5,7.932002689527196,64.52566964285714,63.46171875,8.323853671590852,24089720.0,24089720.0,0.0,443.0,443.0,0.0,62.971484375,63.557589285714286,5.734011020207075,53179952.0,53074784.0,804507.831923759
1944,minivite,8,4000,1000000,1.0,374.0,373.5,5.830951894845293,55.957812499999996,55.874553571428564,5.115517787581814,24089720.0,24089720.0,0.0,442.75,443.0,0.5000000000000047,75.97165178571429,77.76205357142857,9.692420827515777,73343760.0,72993312.0,1888326.6562160265
1945,minivite,8,20000,0,0.1,406.0,406.0,33.94112549695428,83.79810267857144,83.79810267857144,31.515338863013216,24089720.0,24089720.0,0.0,442.0,442.0,0.0,430.4631696428571,430.4631696428571,6.1792925186279515,1091704320.0,1091704320.0,594102745.408648
1946,minivite,8,20000,0,0.3,414.6666666666667,412.0,6.429100507328642,81.99724702380952,78.39308035714286,7.438760107159425,24089720.0,24089720.0,0.0,442.0,442.0,0.0,432.28720238095235,432.0,1.4412667163142654,970397269.3333334,994970368.0,130515288.49529812
1947,minivite,8,20000,0,0.5,411.75,413.5,11.786291472158096,78.74146205357144,77.89921875,2.7642497756328632,24089720.0,24089720.0,0.0,442.0,442.0,0.0,430.78627232142856,430.46428571428567,2.1241849669671486,1235834880.0,1281143808.0,261085806.95006067
1948,minivite,8,20000,0,0.7,410.6666666666667,421.0,18.770544300401458,78.04732142857142,81.11138392857141,5.688032417366373,24089720.0,24089720.0,0.0,442.0,442.0,0.0,430.2760416666667,429.8236607142857,2.48641611431742,1313337984.0,1409812096.0,333025623.4370592
1949,minivite,8,20000,0,1.0,408.5,417.0,20.728402414722336,74.7841517857143,79.25401785714286,10.810043432967339,24089720.0,24089720.0,0.0,442.0,442.0,0.0,431.66127232142856,431.0513392857143,2.3371593666359707,1373355648.0,1500418080.0,285060506.2801785
1950,minivite,8,20000,100,0.1,377.0,377.0,,56.806919642857146,56.806919642857146,,24089720.0,24089720.0,,442.0,442.0,,412.25223214285717,412.25223214285717,,1641346560.0,1641346560.0,
1951,minivite,8,20000,100,0.3,415.3333333333333,424.0,34.81857741685224,79.92008928571428,85.54910714285712,18.189952155101857,24089720.0,24089720.0,0.0,442.0,442.0,0.0,422.15699404761904,420.8950892857143,2.2556323588819507,1522971818.6666667,1561372288.0,146256930.50796467
1952,minivite,8,20000,100,0.5,395.3333333333333,387.0,20.792626898334266,71.02991071428572,70.08482142857143,9.49160467892437,24089720.0,24089720.0,0.0,442.0,442.0,0.0,424.65327380952385,422.6875,3.7462149619638128,1572783445.3333333,1720434688.0,280514991.07349026
1953,minivite,8,20000,100,0.7,422.5,422.0,25.78759391645526,87.5390625,83.34709821428572,14.801951951533995,24089720.0,24089720.0,0.0,442.0,442.0,0.0,427.5172991071429,427.35267857142856,2.2266393276517285,1440906768.0,1419768000.0,239110124.1952397
1954,minivite,8,20000,100,1.0,398.0,385.0,31.575306807693888,70.78489583333334,67.165625,16.356148080003862,24089720.0,24089720.0,0.0,442.0,442.0,0.0,427.1450892857143,426.8236607142857,0.7396480791099918,1754910080.0,1761451776.0,11504412.360364696
1955,minivite,8,20000,1000,0.1,380.0,380.0,,61.70959821428572,61.70959821428572,,24089720.0,24089720.0,,442.0,442.0,,357.4642857142857,357.4642857142857,,1344369600.0,1344369600.0,
1956,minivite,8,20000,1000,0.3,385.5,385.5,0.7071067811865476,68.64464285714286,68.64464285714286,0.32482717760756624,24089720.0,24089720.0,0.0,442.0,442.0,0.0,407.1127232142857,407.1127232142857,0.19729541885787663,1175546624.0,1175546624.0,169796.1371527633
1957,minivite,8,20000,1000,0.5,409.0,420.0,25.357444666211933,76.19196428571429,83.31383928571428,12.91108717631085,24089720.0,24089720.0,0.0,442.0,442.0,0.0,411.6391369047619,411.0580357142857,5.028593471198053,1515214848.0,1549434880.0,230763586.20295027
1958,minivite,8,20000,1000,0.7,389.25,378.5,22.544400635190993,66.9459263392857,60.84542410714286,13.33169478836154,24089720.0,24089720.0,0.0,442.0,442.0,0.0,415.9760044642857,415.078125,4.2160884520535085,1577169440.0,1621059552.0,237767548.49488962
1959,minivite,8,20000,1000,1.0,385.5,385.5,9.192388155425117,66.51104910714287,66.51104910714287,7.618602058279797,24089720.0,24089720.0,0.0,442.0,442.0,0.0,422.8850446428571,422.8850446428571,4.462033192889181,1504122816.0,1504122816.0,359670033.9561649
1960,minivite,8,20000,10000,0.1,389.6666666666667,391.0,9.07377172587746,67.90141369047619,70.98772321428571,6.3465261301020455,24089720.0,24089720.0,0.0,442.0,442.0,0.0,167.83779761904762,168.91294642857142,12.210774710870997,532250880.0,530147520.0,23727783.3074394
1961,minivite,8,20000,10000,0.3,382.5,382.5,10.606601717798213,64.3463169642857,64.3463169642857,12.106836082793341,24089720.0,24089720.0,0.0,442.0,442.0,0.0,279.0446428571429,279.0446428571429,30.153053454883487,909724928.0,909724928.0,168777360.3298467
1962,minivite,8,20000,10000,0.5,405.25,410.0,15.39209753953849,75.40591517857143,75.64609375,8.875504658966989,24089720.0,24089720.0,0.0,442.0,442.0,0.0,327.1635044642857,326.85825892857144,12.588754893059143,1047850496.0,1051237376.0,116195522.7236571
1963,minivite,8,20000,10000,0.7,419.5,419.5,4.949747468305833,83.60100446428572,83.60100446428572,0.7454610106124988,24089720.0,24089720.0,0.0,442.0,442.0,0.0,350.6640625,350.6640625,19.061894188370424,1136515520.0,1136515520.0,237174792.35396504
1964,minivite,8,20000,10000,1.0,415.6666666666667,417.0,2.309401076758499,79.11302083333334,78.82901785714286,1.1809190619437093,24089720.0,24089720.0,0.0,442.0,442.0,0.0,369.06547619047615,368.2924107142857,9.471236585136946,1274629440.0,1283841216.0,164603610.4863943
1965,minivite,8,20000,100000,0.1,379.25,377.5,9.429563439877093,59.99782366071428,57.674776785714286,9.51169951692799,24089720.0,24089720.0,0.0,442.0,442.0,0.0,31.70859375,32.34029017857143,4.920377540869264,82409040.0,82283040.0,987822.856994107
1966,minivite,8,20000,100000,0.3,379.0,377.0,4.760952285695227,58.801171875,57.74631696428572,4.5652295993603,24089720.0,24089720.0,0.0,442.0,442.0,0.0,73.24458705357144,73.65770089285715,13.510737596647823,219792160.0,219537024.0,8048524.217911919
1967,minivite,8,20000,100000,0.5,378.25,377.5,4.645786621588777,58.129464285714285,57.118191964285714,2.803823534454655,24089720.0,24089720.0,0.0,442.0,442.0,0.0,101.75546875,99.33370535714286,13.607527717532413,338161152.0,340644864.0,13581640.075456375
1968,minivite,8,20000,100000,0.7,390.5,390.5,6.027713773341716,67.10167410714286,66.72354910714286,5.683471484164824,24089720.0,24089720.0,0.0,442.0,442.0,0.0,140.86607142857142,137.13392857142856,17.726614557023403,417166400.0,422354688.0,24356226.641454954
1969,minivite,8,20000,100000,1.0,383.5,383.5,9.39858145324779,63.74983258928572,61.50970982142857,8.317316876885592,24089720.0,24089720.0,0.0,442.0,442.0,0.0,163.55970982142856,152.53794642857144,25.163765499596877,549352272.0,571230240.0,49882204.61487307
1970,minivite,8,20000,1000000,0.1,376.5,373.5,8.582928793055823,58.63498883928572,56.03426339285714,8.31721122433415,24089720.0,24089720.0,0.0,442.25,442.0,0.5000000000000047,3.9155915178571425,3.8116741071428564,0.7943733394390271,8835120.0,8840160.0,19301.730492367777
1971,minivite,8,20000,1000000,0.3,375.0,372.0,8.286535263104042,57.145479910714286,54.59899553571428,8.073794449154956,24089720.0,24089720.0,0.0,442.25,442.0,0.4999999999999952,10.927533482142856,9.509698660714285,3.940339364901628,25888800.0,25963840.0,215753.59377462714
1972,minivite,8,20000,1000000,0.5,377.0,376.5,9.416297927883685,58.982421875,57.81975446428571,9.455290375720855,24089720.0,24089720.0,0.0,442.75,443.0,0.4999999999999952,16.40619419642857,14.859040178571426,4.30331995155625,42724864.0,42900480.0,458957.2874011989
1973,minivite,8,20000,1000000,0.7,376.25,376.5,5.315072906367325,57.66300223214286,58.422879464285714,6.167763076272338,24089720.0,24089720.0,0.0,442.25,442.0,0.4999999999999952,23.1171875,20.852678571428573,7.097930903204433,58718800.0,59034304.0,960474.6920615179
1974,minivite,8,20000,1000000,1.0,381.75,379.5,10.340051579497393,63.812109375,61.314174107142854,10.643043710811252,24089720.0,24089720.0,0.0,442.75111607142856,443.0,0.49776785714285643,32.405859375000006,26.865736607142857,13.282093762432185,82054896.0,83206368.0,2658582.2444904726
1975,minivite,8,40000,0,0.1,403.0,403.0,29.698484809834994,72.18738839285714,72.18738839285714,10.31570935223419,24089720.0,24089720.0,0.0,442.5,442.5,0.7071067811865476,434.35044642857144,434.35044642857144,0.37565047750535335,751161600.0,751161600.0,86158868.2515085
1976,minivite,8,40000,0,0.3,406.25,406.5,25.11805459558257,79.23861607142858,75.01830357142858,17.76372953877219,24089720.0,24089720.0,0.0,442.0,442.0,0.0,434.3392857142857,434.2678571428571,0.3747031492295009,700618464.0,693999936.0,60780957.2385148
1977,minivite,8,40000,0,0.5,406.5,406.5,24.748737341529164,75.4765625,75.4765625,9.387473865591774,24089720.0,24089720.0,0.0,442.0,442.0,0.0,435.8125,435.8125,1.13642161262126,658158592.0,658158592.0,142132038.15038174
1978,minivite,8,40000,0,0.7,394.75,385.5,20.998015779274642,71.719140625,67.51395089285714,11.627300427309045,24089720.0,24089720.0,0.0,442.0,442.0,0.0,435.02064732142856,434.76674107142856,0.8791590126905481,748480656.0,764220800.0,81368945.69434376
1979,minivite,8,40000,0,1.0,399.0,390.5,20.314198646923458,76.16919642857144,72.42723214285715,11.32731305294488,24089720.0,24089720.0,0.0,442.0,442.0,0.0,436.8744419642857,437.02455357142856,1.194135060450332,684675264.0,670957728.0,131292920.33782099
1980,minivite,8,40000,100,0.1,471.0,471.0,,133.35200892857142,133.35200892857142,,24089720.0,24089720.0,,442.0,442.0,,427.96205357142856,427.96205357142856,,768741120.0,768741120.0,
1981,minivite,8,40000,100,0.5,437.25,437.0,6.6017674401127895,91.51093750000001,91.69799107142858,5.122936073983634,24089720.0,24089720.0,0.0,442.0,442.0,0.0,433.3666294642857,433.4977678571429,1.0497122985518788,819524608.0,815360000.0,90568055.27678484
1982,minivite,8,40000,100,0.7,381.0,381.0,0.0,62.273325892857144,62.273325892857144,1.3060956728389845,24089720.0,24089720.0,0.0,442.0,442.0,0.0,433.0256696428571,433.0256696428571,2.151309247226062,853473376.0,853473376.0,209312703.45285127
1983,minivite,8,40000,100,1.0,402.3333333333333,387.0,28.30783166074952,75.49910714285714,70.36517857142857,14.503435445376114,24089720.0,24089720.0,0.0,442.0,442.0,0.0,435.06547619047615,435.47767857142856,1.3128574231905612,820982848.0,827057280.0,137376248.4883399
1984,minivite,8,40000,1000,0.1,394.0,394.0,16.97056274847714,69.20491071428572,69.20491071428572,10.604076336436831,24089720.0,24089720.0,0.0,442.0,442.0,0.0,409.3560267857143,409.3560267857143,0.5508488094511503,466139520.0,466139520.0,2708501.8146569515
1985,minivite,8,40000,1000,0.3,416.0,419.5,22.105806175452337,81.4263950892857,80.88236607142855,11.3694067235406,24089720.0,24089720.0,0.0,442.0,442.0,0.0,421.69921875,421.90625,2.253602480701417,700033152.0,688837184.0,77734045.7456509
1986,minivite,8,40000,1000,0.5,427.75,436.0,25.785978101803053,89.68577008928571,92.66395089285714,11.37923311978995,24089720.0,24089720.0,0.0,442.0,442.0,0.0,426.15848214285717,426.50223214285717,2.3677056631590316,805450240.0,792680448.0,126476418.83120382
1987,minivite,8,40000,1000,0.7,399.25,390.5,25.734218464915543,74.79877232142857,72.3853794642857,15.444712251213142,24089720.0,24089720.0,0.0,442.0,442.0,0.0,429.0736607142857,429.1138392857143,2.5732576838232735,781713744.0,789881792.0,150725532.20292383
1988,minivite,8,40000,1000,1.0,431.0,438.0,27.65260686927485,93.70837053571428,93.79642857142855,16.193261414726447,24089720.0,24089720.0,0.0,442.0,442.0,0.0,432.73828125,432.49888392857144,0.966703206892248,768932976.0,788207616.0,89441807.87292278
1989,minivite,8,40000,10000,0.1,389.0,388.5,7.6157731058639095,68.331640625,66.86618303571429,6.049220663621921,24089720.0,24089720.0,0.0,442.0,442.0,0.0,259.65457589285717,257.9040178571429,15.528915064971697,353692080.0,357013440.0,29994540.839612797
1990,minivite,8,40000,10000,0.3,405.6666666666667,412.0,13.650396819628844,76.74434523809525,77.35000000000001,3.602009546420933,24089720.0,24089720.0,0.0,442.0,442.0,0.0,346.2120535714286,346.15848214285717,7.988973998983939,535385386.6666667,536265856.0,45270550.066081464
1991,minivite,8,40000,10000,0.5,420.75,420.0,4.573474244670748,84.86997767857143,84.05245535714286,3.502379879903917,24089720.0,24089720.0,0.0,442.0,442.0,0.0,377.3688616071429,373.7008928571429,8.492665851746729,590847488.0,623587328.0,75586237.34301294
1992,minivite,8,40000,10000,0.7,409.0,407.5,18.636880997992485,80.35435267857143,79.16785714285714,8.05156003297361,24089720.0,24089720.0,0.0,442.0,442.0,0.0,392.16127232142856,391.78236607142856,4.684594612281267,620771648.0,624978368.0,58680574.77384124
1993,minivite,8,40000,10000,1.0,476.5,430.5,122.78029157808676,143.84068080357142,89.1580357142857,124.51959982150892,24089720.0,24089720.0,0.0,442.0,442.0,0.0,405.88002232142856,402.71875,14.490837894645626,632558640.0,687478848.0,251875634.36989036
1994,minivite,8,40000,100000,0.1,380.3333333333333,378.0,4.932882862316256,60.78802083333333,60.003125,4.219508401770218,24089720.0,24089720.0,0.0,442.0,442.0,0.0,53.595684523809524,53.84174107142858,0.5783027828087909,78012480.0,77958720.0,111032.62223328781
1995,minivite,8,40000,100000,0.3,398.3333333333333,388.0,23.288051299611418,78.89635416666667,64.7484375,24.533719200861423,24089720.0,24089720.0,0.0,442.0,442.0,0.0,134.4575892857143,132.18303571428572,11.584989375675004,183197653.33333334,184538368.0,6852681.943813044
1996,minivite,8,40000,100000,0.5,385.25,387.0,4.991659710623982,67.64720982142858,69.33660714285713,4.636569293775414,24089720.0,24089720.0,0.0,442.0,442.0,0.0,168.31752232142856,169.5,24.428063043431486,271903744.0,270799872.0,24250118.419794988
1997,minivite,8,40000,100000,0.7,392.0,394.0,4.358898943540674,69.9563988095238,68.29084821428572,5.266016070973605,24089720.0,24089720.0,0.0,442.0,442.0,0.0,189.82217261904762,195.47098214285714,21.564450880086707,349391466.6666667,341305216.0,30200074.27309259
1998,minivite,8,40000,100000,1.0,399.0,406.0,16.64331697709324,73.41398809523811,77.62566964285715,10.176237843234926,24089720.0,24089720.0,0.0,442.0,442.0,0.0,233.59375,229.97544642857142,25.788185813334138,412060096.0,419336064.0,50757028.66059265
1999,minivite,8,40000,1000000,0.1,380.25,373.0,17.346949779908474,61.22053571428571,54.37823660714285,16.31272646970371,24089720.0,24089720.0,0.0,442.75,443.0,0.4999999999999952,6.693844866071429,6.3556808035714285,1.379768903748011,8784720.0,8789760.0,30240.0
2000,minivite,8,40000,1000000,0.3,374.5,375.0,2.6457513110645907,56.505859375,56.81640625,2.4662224045667362,24089720.0,24089720.0,0.0,442.5,442.5,0.577350269189634,16.410546875,16.211160714285718,3.1127645001178332,25558624.0,25573632.0,179260.2831936474
2001,minivite,8,40000,1000000,0.5,442.75,382.0,125.53452380387903,123.86071428571427,63.93426339285714,125.25309727910684,24089720.0,24089720.0,0.0,442.25,442.0,0.5,90.98130580357143,31.056249999999995,124.09378933670692,35223552.0,41244672.0,12451199.085259968
2002,minivite,8,40000,1000000,0.7,381.25,381.0,3.7749172176353754,62.11434151785714,62.162499999999994,3.934240411341337,24089720.0,24089720.0,0.0,442.5,442.5,0.5773502691896257,38.682645089285714,40.50390625,4.367808838716712,56545328.0,56299936.0,641310.8524847117
2003,minivite,8,40000,1000000,1.0,379.25,379.5,8.958236433584458,61.73722098214285,61.75089285714286,9.452939644017864,24089720.0,24089720.0,0.0,442.75,443.0,0.4999999999999952,49.29202008928572,50.090959821428584,2.908986580386911,78650544.0,78500352.0,619931.6855267199
2004,minivite,8,200000,0,0.1,400.0,401.0,3.605551275463989,81.66480654761905,82.18058035714286,4.612082557937561,24089720.0,24089720.0,0.0,442.0,442.0,0.0,440.3333333333333,440.0,0.5773502691896216,179007360.0,191338560.0,41681034.42739395
2005,minivite,8,200000,0,0.3,406.3333333333333,406.0,1.5275252316519452,86.74553571428571,86.58772321428572,0.6896815385389083,24089720.0,24089720.0,0.0,442.0,442.0,0.0,440.6666666666667,441.0,0.577350269189634,169750485.33333334,151040512.0,36483078.465999946
2006,minivite,8,200000,0,0.5,404.75,406.0,13.79311422413373,85.35719866071429,86.09475446428573,15.59406483075737,24089720.0,24089720.0,0.0,442.0,442.0,0.0,440.4419642857143,440.38392857142856,0.5093232857392584,193604096.0,200704000.0,30993161.880852275
2007,minivite,8,200000,0,0.7,399.75,398.5,10.111874208078344,79.98844866071428,78.77399553571428,12.042071680836735,24089720.0,24089720.0,0.0,442.0,442.0,0.0,440.9921875,440.99888392857144,0.01417601107385398,158768624.0,164342528.0,27897499.31036964
2008,minivite,8,200000,0,1.0,405.5,402.5,8.736894948054111,87.60825892857143,85.37555803571428,9.252815165228204,24089720.0,24089720.0,0.0,442.0,442.0,0.0,441.0,441.0,0.0,174773424.0,182933856.0,20840980.359577328
2009,minivite,8,200000,100,0.1,403.6666666666667,404.0,4.509249752822901,86.73162202380952,86.68214285714285,4.291173770667506,24089720.0,24089720.0,0.0,442.0,442.0,0.0,438.57886904761904,438.73214285714283,0.5151625812489227,182757120.0,190512000.0,20314412.17279988
2010,minivite,8,200000,100,0.3,409.0,407.0,15.0996688705415,89.91041666666666,87.20602678571429,17.01121588706992,24089720.0,24089720.0,0.0,442.0,442.0,0.0,440.0,440.0,1.0,183537834.66666666,202427904.0,58465322.70303488
2011,minivite,8,200000,100,0.5,403.25,397.5,11.84271928232701,83.42165178571429,78.91383928571429,11.392601573336549,24089720.0,24089720.0,0.0,442.0,442.0,0.0,440.25,440.0,0.5000000000000047,180106752.0,202861568.0,53322421.81553012
2012,minivite,8,200000,100,0.7,405.0,407.5,11.40175425099138,85.47723214285715,90.79386160714286,12.082905920356101,24089720.0,24089720.0,0.0,442.0,442.0,0.0,440.5334821428571,440.5669642857143,0.5414560847859311,175946064.0,178154592.0,22192450.845896702
2013,minivite,8,200000,100,1.0,396.75,396.0,10.27537509453224,77.98984374999999,77.31785714285714,9.501538817067793,24089720.0,24089720.0,0.0,442.0,442.0,0.0,441.0,441.0,0.0,170568048.0,181732320.0,28238403.82058108
2014,minivite,8,200000,1000,0.1,404.0,404.0,29.698484809834994,84.91919642857142,84.91919642857142,32.55374411154586,24089720.0,24089720.0,0.0,442.0,442.0,0.0,431.22767857142856,431.22767857142856,5.338024852618086,160302240.0,160302240.0,80756119.89490332
2015,minivite,8,200000,1000,0.5,401.0,398.0,12.754084313139327,82.251171875,79.00212053571428,14.066212641024585,24089720.0,24089720.0,0.0,442.0,442.0,0.0,439.0,439.0,0.8164965809277203,165630976.0,164125696.0,25444658.08272649
2016,minivite,8,200000,1000,0.7,401.0,394.0,16.062378404209007,83.68699776785714,77.2926339285714,15.707030707567146,24089720.0,24089720.0,0.0,442.0,442.0,0.0,439.67075892857144,439.8415178571429,0.47147556527588486,159224352.0,163991968.0,37769745.02215995
2017,minivite,8,200000,1000,1.0,403.75,405.5,3.8622100754188224,83.42918526785715,84.97020089285715,4.450495644765441,24089720.0,24089720.0,0.0,442.0,442.0,0.0,440.0,440.0,0.0,182383152.0,180430656.0,8559431.211368194
2018,minivite,8,200000,10000,0.1,397.25,398.0,8.770214744615252,79.1140625,80.22991071428572,8.54601957253317,24089720.0,24089720.0,0.0,442.0,442.0,0.0,369.8141741071429,372.06361607142856,14.823487263681981,140626080.0,136170720.0,28585981.932296816
2019,minivite,8,200000,10000,0.3,396.0,395.0,8.54400374531753,76.95833333333333,76.73258928571428,8.559152648223467,24089720.0,24089720.0,0.0,442.0,442.0,0.0,410.66443452380946,408.0,5.509800527437193,177154432.0,190121344.0,31150072.038920745
2020,minivite,8,200000,10000,0.5,400.6666666666667,403.0,13.65039681962884,83.20364583333334,86.38102678571428,14.697168886378751,24089720.0,24089720.0,0.0,442.0,442.0,0.0,424.3333333333333,425.0,2.081665999466135,165346645.33333334,155344896.0,20713959.020311046
2021,minivite,8,200000,10000,0.7,398.75,396.0,10.436314802968843,80.99045758928571,77.86841517857144,11.015543129392235,24089720.0,24089720.0,0.0,442.25,442.0,0.5000000000000047,429.0,428.5,2.1602468994692847,167006784.0,173316864.0,25773511.96698916
2022,minivite,8,200000,10000,1.0,398.5,400.0,5.25991127935317,79.08420758928571,80.2734375,5.905713103833822,24089720.0,24089720.0,0.0,442.0,442.0,0.0,432.75,433.0,1.2583057392117898,164059728.0,162507744.0,20049866.337440956
2023,minivite,8,200000,100000,0.1,384.0,384.0,5.656854249492381,65.92176339285714,65.92176339285714,5.867565756832569,24089720.0,24089720.0,0.0,442.0,442.0,0.0,136.0,136.0,22.627416997969522,61498080.0,61498080.0,4518921.448664493
2024,minivite,8,200000,100000,0.3,390.0,389.5,3.915780041490245,71.26244419642858,71.18292410714287,4.1359088562358926,24089720.0,24089720.0,0.0,442.0,442.0,0.0,256.24441964285717,254.48883928571428,14.571996341190376,111029184.0,112229824.0,8608192.48478719
2025,minivite,8,200000,100000,0.5,392.5,393.0,6.60807586719967,73.96406250000001,73.90703125000002,7.55513628401475,24089720.0,24089720.0,0.0,442.0,442.0,0.0,312.4665178571429,308.5,13.417129542787537,129228288.0,133016576.0,13336216.98452071
2026,minivite,8,200000,100000,0.7,395.25,390.5,12.120918557051143,76.83683035714286,71.85848214285716,12.208111129615858,24089720.0,24089720.0,0.0,442.25,442.0,0.4999999999999952,341.25,339.5,13.225606476327151,140188944.0,142607808.0,17914084.779254414
2027,minivite,8,200000,100000,1.0,401.3333333333333,394.0,12.701705922171763,83.11674107142856,75.85892857142856,13.701832883240549,24089720.0,24089720.0,0.0,442.3333333333333,442.0,0.577350269189634,374.0,369.0,9.539392014169456,135706816.0,144785088.0,18568098.009799063
2028,minivite,8,200000,1000000,0.1,383.25,384.5,5.909032633745278,65.35418526785713,66.459375,6.353352929770376,24089720.0,24089720.0,0.0,442.5,442.5,0.5773502691896257,22.032924107142858,19.757142857142856,5.386460975228983,8472240.0,8517600.0,112095.1595743545
2029,minivite,8,200000,1000000,0.3,379.75,379.0,6.994045086119094,62.158593749999994,61.287499999999994,7.3296954237845044,24089720.0,24089720.0,0.0,442.25,442.0,0.5,52.689174107142854,49.92700892857143,7.037502665572266,23382464.0,23532544.0,396696.01045973034
2030,minivite,8,200000,1000000,0.5,386.25,386.0,2.87228132326902,68.68231026785715,68.0052455357143,2.9629922704681726,24089720.0,24089720.0,0.0,442.5,442.5,0.577350269189634,94.25558035714286,94.81116071428573,12.409709977510548,34922496.0,34872320.0,1272005.3094396528
2031,minivite,8,200000,1000000,0.7,389.5,388.0,11.474609652039003,70.69235491071429,69.34430803571428,11.459888571462303,24089720.0,24089720.0,0.0,442.5,442.5,0.577350269189634,121.5,118.0,13.674794331177344,45011904.0,45502688.0,1973126.578516441
2032,minivite,8,200000,1000000,1.0,396.75,396.5,6.1305247192498395,78.73431919642857,78.73470982142858,5.846767040162174,24089720.0,24089720.0,0.0,442.75,443.0,0.4999999999999952,163.25,162.0,15.986973864159948,55921488.0,56171808.0,3121146.784936588
2033,minivite,8,400000,0,0.1,530.0,552.5,80.17065132162351,210.29285714285714,232.61383928571428,80.01251603686737,24089720.0,24089720.0,0.0,442.0,442.0,0.0,441.0,441.0,0.0,93678480.0,98411040.0,12666047.11995025
2034,minivite,8,400000,0,0.3,453.75,452.5,57.99066016753616,134.24575892857143,132.64921875,57.87003996654428,24089720.0,24089720.0,0.0,442.0,442.0,0.0,441.0,441.0,0.0,97161792.0,97161792.0,3783603.814839674
2035,minivite,8,400000,0,0.5,427.5,408.0,49.21720566360238,107.593359375,88.7747767857143,49.14941175625972,24089720.0,24089720.0,0.0,442.25,442.0,0.4999999999999952,441.5,441.5,0.5773502691896257,86729216.0,91671552.0,13188145.40167262
2036,minivite,8,400000,0,0.7,424.0,403.5,46.92547282660026,103.84988839285714,82.69229910714286,47.3626115286387,24089720.0,24089720.0,0.0,442.0,442.0,0.0,441.2209821428571,441.015625,0.4212584465432052,85396416.0,83433280.0,5692472.683293967
2037,minivite,8,400000,0,1.0,426.25,408.5,43.59950305527193,107.36529017857143,89.98046875,43.986293609640796,24089720.0,24089720.0,0.0,442.75,443.0,0.4999999999999952,442.00892857142856,442.0,0.036130388518377764,85559376.0,87812256.0,7969039.844823466
2038,minivite,8,400000,100,0.1,417.25,414.0,14.818344486930153,97.94135044642857,96.71808035714285,11.655980111305228,24089720.0,24089720.0,0.0,442.0,442.0,0.0,439.9821428571429,440.0,0.03571428571427444,105043680.0,100800000.0,13321123.308310002
2039,minivite,8,400000,100,0.3,408.25,406.0,11.586630226256467,89.095703125,87.14542410714287,11.646461761436669,24089720.0,24089720.0,0.0,442.0,442.0,0.0,441.0,441.0,0.0,101093888.0,101454080.0,5764114.12799897
2040,minivite,8,400000,100,0.5,400.51953125,397.0390625,8.412321372778518,80.86495535714286,77.58616071428571,7.817925203883452,24089720.0,24089720.0,0.0,442.0,442.0,0.0,441.25,441.0,0.5,91671552.0,92524544.0,11782282.122604262
2041,minivite,8,400000,100,0.7,401.75,400.5,3.593976442141301,83.28800223214284,82.07924107142856,4.589975051494334,24089720.0,24089720.0,0.0,442.25,442.0,0.5,441.25,441.0,0.5,85992368.0,83503392.0,7781589.768239737
2042,minivite,8,400000,100,1.0,402.0,402.0,4.396968652757637,82.91311383928571,82.51160714285714,3.3691873208276797,24089720.0,24089720.0,0.0,442.5,442.5,0.577350269189634,442.0,442.0,0.0,80052336.0,82605600.0,10107639.329986405
2043,minivite,8,400000,1000,0.1,399.0,399.5,2.449489742783178,80.26551339285714,81.01082589285716,3.2849589425397645,24089720.0,24089720.0,0.0,442.0,442.0,0.0,435.2338169642857,435.96205357142856,1.4820401828589531,103511520.0,95598720.0,19072414.85454844
2044,minivite,8,400000,1000,0.3,406.5,404.5,13.178264933847197,88.18041294642858,85.19308035714286,15.149885240015118,24089720.0,24089720.0,0.0,442.0,442.0,0.0,439.4693080357143,439.43861607142856,0.5442230250297989,92869504.0,95931136.0,13751303.343706928
2045,minivite,8,400000,1000,0.5,405.0,405.0,5.228129047119382,85.69581473214286,85.91953125,6.43320156964321,24089720.0,24089720.0,0.0,442.25,442.0,0.5000000000000047,441.0,441.0,0.0,81059328.0,84496384.0,12266056.609878173
2046,minivite,8,400000,1000,0.7,404.5,405.5,9.03696114115064,86.08169642857143,87.2713169642857,9.756027234284412,24089720.0,24089720.0,0.0,442.5,442.5,0.5773502691896257,441.0,441.0,0.0,88376176.0,88060672.0,7443217.9556332575
2047,minivite,8,400000,1000,1.0,405.25,404.5,6.4485140407176935,87.98856026785714,87.08426339285715,7.050374999485051,24089720.0,24089720.0,0.0,442.75,443.0,0.4999999999999952,441.5178571428571,441.5357142857143,0.5574937844746892,81003552.0,80302656.0,2913478.1971245296
2048,minivite,8,400000,10000,0.1,418.0,409.0,34.42867022313428,98.901953125,89.43917410714286,35.287353825542105,24089720.0,24089720.0,0.0,442.0,442.0,0.0,396.5998883928571,396.20647321428567,9.522006672564277,88431840.0,88744320.0,18635114.943053074
2049,minivite,8,400000,10000,0.3,423.75,406.0,41.015241069631664,104.65479910714286,87.56283482142857,40.955803747624984,24089720.0,24089720.0,0.0,442.0,442.0,0.0,425.25,425.5,2.75378527364305,96411392.0,95901120.0,15889552.997469502
2050,minivite,8,400000,10000,0.5,413.0,405.5,21.92411153654046,94.997265625,88.12745535714285,22.44146541701791,24089720.0,24089720.0,0.0,442.0,442.0,0.0,433.0,433.0,1.632993161855452,85575168.0,85851136.0,11975537.219955465
2051,minivite,8,400000,10000,0.7,409.7427455357143,406.48549107142856,9.951286966755733,91.02226562499999,87.38816964285715,9.255727326016347,24089720.0,24089720.0,0.0,442.25111607142856,442.0022321428571,0.49926038781650156,435.75,436.0,0.5000000000000047,84800464.0,86377984.0,5045953.707054662
2052,minivite,8,400000,10000,1.0,396.5,396.5,6.454972243679028,76.88906250000001,77.66183035714286,6.653974923884273,24089720.0,24089720.0,0.0,442.25,442.0,0.4999999999999952,437.5,437.5,0.577350269189634,87261552.0,86610720.0,6239883.986367695
2053,minivite,8,400000,100000,0.1,407.25,392.5,36.83634980106833,88.99854910714286,73.66908482142858,37.58604963435085,24089720.0,24089720.0,0.0,442.0,442.0,0.0,214.99553571428572,216.5,13.134834953024626,45647280.0,45289440.0,2604017.341877738
2054,minivite,8,400000,100000,0.3,413.25,399.5,38.55191305240248,95.17818080357142,80.92410714285714,38.59781747952309,24089720.0,24089720.0,0.0,442.0,442.0,0.0,326.0,328.0,12.987173159185437,69472032.0,68166336.0,7743953.486405765
2055,minivite,8,400000,100000,0.5,416.75,403.0,31.020154738492206,97.82154017857142,84.11305803571429,30.861937432631965,24089720.0,24089720.0,0.0,442.25,442.0,0.5,365.97767857142856,368.9553571428571,7.422750910540631,76217344.0,73056256.0,7371376.4077465655
2056,minivite,8,400000,100000,0.7,419.625,402.25,35.593480208225394,100.91311383928571,83.77857142857144,34.79068720506692,24089720.0,24089720.0,0.0,442.5,442.5,0.577350269189634,388.4224330357143,388.99330357142856,4.099014737535363,75335344.0,74669280.0,5727339.377591659
2057,minivite,8,400000,100000,1.0,413.25,401.5,26.73792562385248,94.77483258928571,83.79140625,26.148996001270014,24089720.0,24089720.0,0.0,442.75,443.0,0.4999999999999952,405.7890625,406.078125,2.2478831187641823,73093440.0,71791776.0,4353745.365776001
2058,minivite,8,400000,1000000,0.1,427.75,423.5,53.90964663211956,109.55474330357143,105.33850446428572,53.638620310245095,24089720.0,24089720.0,0.0,442.5,442.5,0.5773502691896257,40.128794642857144,40.400000000000006,3.297046997963698,8109360.0,8104320.0,66609.40474137267
2059,minivite,8,400000,1000000,0.3,411.25,395.0,38.44801685392889,92.93303571428571,77.74508928571429,38.39244632817652,24089720.0,24089720.0,0.0,442.75,443.0,0.5,101.475,102.5,7.981384591660767,20455904.0,20380864.0,503159.84730103373
2060,minivite,8,400000,1000000,0.5,407.0,386.0,47.595517996270765,88.72712053571429,68.24598214285714,46.79847211754111,24089720.0,24089720.0,0.0,442.5,442.5,0.5773502691896257,147.75,147.0,11.354147553500733,29578752.0,29654016.0,1121595.4162150747
2061,minivite,8,400000,1000000,0.7,413.0,403.0,35.44949458972112,94.07706473214286,84.4208705357143,35.39685005985313,24089720.0,24089720.0,0.0,442.75,443.0,0.4999999999999952,197.98716517857144,200.0,22.80313140311451,34319824.0,34004320.0,3239093.461615044
2062,minivite,8,400000,1000000,1.0,408.25,394.5,34.13087556255577,89.82527901785714,76.16852678571429,34.06115648551762,24089720.0,24089720.0,0.0,442.75,442.5,0.9574271077563405,229.5,226.0,13.527749258468683,42604464.0,43355424.0,2703456.0
2063,minivite,8,2000000,0,0.1,405.75,404.5,4.349329450233296,86.21322544642857,84.49151785714287,4.4637543112853555,24089720.0,24089720.0,0.0,442.0,442.0,0.0,442.0,442.0,0.0,22261680.0,22609440.0,3436057.964586744
2064,minivite,8,2000000,0,0.3,422.75,414.0,25.382080292994115,104.12751116071429,95.40111607142858,25.387596853294415,24089720.0,24089720.0,0.0,442.5,442.5,0.577350269189634,442.25,442.0,0.5,15773408.0,17169152.0,3778480.718048107
2065,minivite,8,2000000,0,0.5,416.0,414.0,5.4160256030906435,98.29174107142856,97.32745535714284,5.07073507294093,24089720.0,24089720.0,0.0,443.0,443.0,0.8164965809277203,443.0,443.0,0.8164965809277203,16282112.0,16156672.0,1834685.9717433935
2066,minivite,8,2000000,0,0.7,410.25,411.0,7.41057802513857,91.49514508928571,93.08102678571427,8.169428317292235,24089720.0,24089720.0,0.0,442.75,443.0,0.5000000000000047,442.5,442.5,0.577350269189634,18649792.0,19280800.0,2169321.6287100757
2067,minivite,8,2000000,0,1.0,409.75,409.5,10.468205831628136,91.42338169642858,89.33839285714285,10.861390818529102,24089720.0,24089720.0,0.0,445.75,445.0,3.095695936834454,445.25,444.5,3.593976442141302,17021760.0,18123168.0,2992693.9875369817
2068,minivite,8,2000000,100,0.1,406.5,402.0,14.083086782851735,89.40602678571429,83.58504464285713,14.630920912895636,24089720.0,24089720.0,0.0,442.0,442.0,0.0,442.0,442.0,0.0,20094480.0,20200320.0,4201038.783539138
2069,minivite,8,2000000,100,0.3,406.25,406.0,8.499999999999993,87.02349330357143,87.31205357142856,7.4342348444108515,24089720.0,24089720.0,0.0,442.5,442.5,0.5773502691896257,442.5,442.5,0.5773502691896257,19195232.0,19780544.0,2039542.4736817814
2070,minivite,8,2000000,100,0.5,406.5,404.0,7.937253933193767,88.14670758928571,85.90145089285714,7.989103509462437,24089720.0,24089720.0,0.0,443.75,443.0,2.217355782608342,443.75,443.0,2.217355782608342,17009664.0,18163712.0,3246093.7825154304
2071,minivite,8,2000000,100,0.7,418.0,418.5,7.2571803523590805,100.81869419642857,101.16551339285715,7.585639167655222,24089720.0,24089720.0,0.0,444.5,444.0,1.9148542155126835,444.25,444.0,2.217355782608345,15459696.0,15705088.0,2194479.46651106
2072,minivite,8,2000000,100,1.0,416.5,416.0,7.000000000000001,97.81177455357142,98.84832589285713,7.848293600398202,24089720.0,24089720.0,0.0,444.75,445.0,1.258305739211786,444.5,445.0,1.0,16921632.0,16521120.0,1779914.2612339505
2073,minivite,8,2000000,1000,0.1,404.3744419642857,406.5,7.566065750969678,86.64229910714286,87.47310267857144,8.164282265212533,24089720.0,24089720.0,0.0,442.25,442.0,0.4999999999999952,440.68247767857144,440.8649553571429,0.47246394001239594,22236480.0,22599360.0,3590140.7393025695
2074,minivite,8,2000000,1000,0.3,411.5,410.0,10.016652800877809,94.05172991071429,91.87544642857144,10.165893259062074,24089720.0,24089720.0,0.0,443.0,443.0,0.816496580927726,442.5,442.0,1.0000000000000047,19810560.0,20230784.0,2237081.5590842166
2075,minivite,8,2000000,1000,0.5,411.0,412.5,9.966610925150695,93.45931919642857,94.58582589285714,9.76808955189304,24089720.0,24089720.0,0.0,443.75,444.0,0.4999999999999952,443.0,443.0,0.8164965809277203,17486336.0,18414592.0,2474953.7701961226
2076,minivite,8,2000000,1000,0.7,431.5,429.5,28.827070610799147,112.66149553571428,109.67857142857143,29.655134920970923,24089720.0,24089720.0,0.0,443.53125,443.5,1.7688714622606134,443.5,443.5,1.7320508075688772,16195872.0,18018784.0,4223047.779700343
2077,minivite,8,2000000,1000,1.0,418.5,421.5,9.9498743710662,100.79408482142856,103.55870535714286,10.553577165510644,24089720.0,24089720.0,0.0,445.75,446.0,0.5,445.5,445.5,0.5773502691896257,16721376.0,16721376.0,740315.4928758414
2078,minivite,8,2000000,10000,0.1,400.25,399.0,9.535023160258536,80.85680803571428,79.41004464285714,9.83499043113579,24089720.0,24089720.0,0.0,442.25,442.0,0.4999999999999952,431.25,431.0,2.217355782608342,21641760.0,22357440.0,3594345.767674557
2079,minivite,8,2000000,10000,0.3,414.75,407.0,18.33712082089225,97.32505580357143,89.32075892857142,18.845617978459302,24089720.0,24089720.0,0.0,443.25,443.0,0.4999999999999952,439.75,439.5,0.9574271077563405,17949568.0,18189696.0,4552415.671781595
2080,minivite,8,2000000,10000,0.5,414.0,414.0,12.909944487358056,95.420703125,95.46707589285714,11.695834008844127,24089720.0,24089720.0,0.0,443.2734375,443.5,0.9827201698813689,441.5,441.5,1.290994448735802,16532992.0,15805440.0,2232503.106863385
2081,minivite,8,2000000,10000,0.7,420.0,421.0,10.677078252031315,101.65178571428572,103.1171875,10.331636489531448,24089720.0,24089720.0,0.0,442.5,442.5,0.577350269189634,441.0,441.0,0.0,16090704.0,16055648.0,1256159.7456629467
2082,minivite,8,2000000,10000,1.0,415.25,412.5,23.414738947936183,98.70747767857142,96.27220982142859,24.06903719267697,24089720.0,24089720.0,0.0,445.5,445.5,2.0816659994661393,444.5,444.5,2.0816659994661393,16370928.0,16320864.0,2256029.975630643
2083,minivite,8,2000000,100000,0.1,414.75,407.5,20.32035104683644,95.37924107142857,89.73549107142858,18.873931966681425,24089720.0,24089720.0,0.0,442.0,442.0,0.0,356.25,358.5,10.3400515794974,17307360.0,16894080.0,2038753.2001691621
2084,minivite,8,2000000,100000,0.3,411.6666666666667,411.0,6.0277137733417,93.11041666666665,92.17165178571427,6.472799849469267,24089720.0,24089720.0,0.0,443.0,443.0,0.0,415.0,414.0,3.605551275463989,16808960.0,17289216.0,2024244.8577896894
2085,minivite,8,2000000,100000,0.5,408.0,405.5,8.366600265340757,90.458984375,88.13526785714285,8.429541149744551,24089720.0,24089720.0,0.0,443.25,443.5,0.9574271077563381,425.75,426.0,1.5,17586688.0,17862656.0,2011008.3435384685
2086,minivite,8,2000000,100000,0.7,406.75,405.5,8.73212459828649,88.84073660714286,87.88504464285714,9.431915233685036,24089720.0,24089720.0,0.0,443.0,443.0,0.8164965809277203,431.5,431.0,1.0000000000000047,16055648.0,16195872.0,1637281.5886894143
2087,minivite,8,2000000,100000,1.0,422.25,414.0,22.216735433752042,103.55117187500001,94.83515625,23.27508688724513,24089720.0,24089720.0,0.0,444.75,444.5,1.7078251276599345,436.25,436.0,2.9860788111948193,16871568.0,16821504.0,1909445.5979807333
2088,minivite,8,2000000,1000000,0.1,394.0,393.5,4.690415759823433,75.74135044642857,75.27790178571428,4.403750483547206,24089720.0,24089720.0,0.0,443.0,443.0,0.0,146.75,147.5,13.841363131329707,5967360.0,5957280.0,286527.4353356062
2089,minivite,8,2000000,1000000,0.3,397.75,396.5,5.852349955359815,80.10820312499999,79.33035714285714,5.78161262242676,24089720.0,24089720.0,0.0,443.25,443.0,1.4999999999999984,262.99609375,268.4921875,19.644498238314874,10820768.0,10505600.0,1119211.8101259177
2090,minivite,8,2000000,1000000,0.5,401.25,402.0,11.176612486199325,82.91439732142857,83.68683035714287,12.173812961509492,24089720.0,24089720.0,0.0,443.75,443.5,0.9574271077563381,315.75,312.0,13.841363131329711,12845056.0,13146112.0,1328795.8927169114
2091,minivite,8,2000000,1000000,0.7,404.75,403.5,12.338962679253063,87.87159598214285,86.48035714285714,12.515977712847338,24089720.0,24089720.0,0.0,443.5,444.0,0.9999999999999952,344.5,346.5,9.746794344808963,13882176.0,13531616.0,1378671.2626100052
2092,minivite,8,2000000,1000000,1.0,402.25,402.0,6.946221994724897,84.97092633928571,84.3658482142857,7.331758522226478,24089720.0,24089720.0,0.0,445.0033482142857,444.50669642857144,1.411069194166979,370.75,368.0,7.675719293112975,14818944.0,15519840.0,1610370.3832746055
2093,minivite,8,4000000,0,0.1,402.5,403.5,6.244997998398398,83.09983258928571,82.75212053571428,5.115741931389473,24089720.0,24089720.0,0.0,442.25,442.0,0.4999999999999952,442.0,442.0,0.0,10992240.0,10997280.0,978175.5817847836
2094,minivite,8,4000000,0,0.3,402.75,403.0,3.774917217635375,84.18989955357144,84.0208705357143,4.988597240902454,24089720.0,24089720.0,0.0,443.25,443.0,0.5,442.75,443.0,0.4999999999999952,9950304.0,10235456.0,850924.0422850131
2095,minivite,8,4000000,0,0.5,402.75,400.0,8.99536917900909,83.33922991071428,81.04453124999999,10.170093365670382,24089720.0,24089720.0,0.0,445.25,445.0,1.258305739211786,444.9592633928571,445.0,0.884271170904974,9884672.0,10336256.0,1112957.5194911978
2096,minivite,8,4000000,0,0.7,405.75,404.5,6.020797289396154,86.32628348214286,84.65524553571429,6.12608565303536,24089720.0,24089720.0,0.0,444.25,444.0,1.5000000000000016,444.0,443.5,1.4142135623730916,9009392.0,8974336.0,463305.41520110326
2097,minivite,8,4000000,0,1.0,440.25,419.0,51.53235229769095,122.78286830357143,101.478125,51.48548639010256,24089720.0,24089720.0,0.0,446.75,446.0,5.188127472091127,446.5,445.5,5.446711546122723,8711136.0,8711136.0,346853.5665205131
2098,minivite,8,4000000,100,0.1,403.5,404.0,2.6457513110645907,84.20474330357143,85.10379464285714,2.4028609223614454,24089720.0,24089720.0,0.0,442.25,442.0,0.4999999999999952,442.0,442.0,0.0,11027520.0,10997280.0,927213.9015351313
2099,minivite,8,4000000,100,0.3,410.6666666666667,405.0,14.364307617610153,91.77180059523808,85.36830357142857,15.32235722777315,24089720.0,24089720.0,0.0,444.3333333333333,445.0,1.1547005383792557,444.0,444.0,1.0,8904746.666666666,9905280.0,2272774.8387672133
2100,minivite,8,4000000,100,0.5,471.5,407.5,135.22943466568216,152.04386160714284,89.16082589285713,134.91629377167794,24089720.0,24089720.0,0.0,443.75,444.0,0.5000000000000047,443.5,443.5,0.5773502691896257,8830976.0,8981504.0,573559.4542248142
2101,minivite,8,4000000,100,0.7,468.25,408.5,125.34319553396853,148.90206473214286,89.24698660714287,125.57900857818719,24089720.0,24089720.0,0.0,444.25,444.0,2.217355782608346,444.25,444.0,2.217355782608346,9149616.0,9254784.0,541574.5456155288
2102,minivite,8,4000000,100,1.0,521.75,520.5,128.16493280144923,203.10747767857143,201.98370535714284,128.69755684411993,24089720.0,24089720.0,0.0,446.25,446.0,2.217355782608346,446.0,445.5,2.1602468994692847,8661072.0,8711136.0,700896.0
2103,minivite,8,4000000,1000,0.1,409.0,411.0,9.309493362512628,90.48387276785714,92.83683035714286,10.022128457176548,24089720.0,24089720.0,0.0,442.5,442.5,0.577350269189634,441.75,442.0,0.4999999999999952,9187920.0,8467200.0,1824628.502243676
2104,minivite,8,4000000,1000,0.3,417.25,419.0,5.678908345800268,101.21082589285714,103.30647321428572,6.074420999419077,24089720.0,24089720.0,0.0,443.5,444.0,1.0000000000000047,443.25,443.5,0.9574271077563381,8329440.0,8404480.0,599068.0278343464
2105,minivite,8,4000000,1000,0.5,412.5,410.5,5.802298395176398,93.92388392857143,92.3333705357143,6.031297768108565,24089720.0,24089720.0,0.0,445.5,446.0,1.9148542155126762,445.0,445.5,2.449489742783176,7952896.0,7877632.0,615210.4166261601
2106,minivite,8,4000000,1000,0.7,417.75,419.0,9.639329160614167,100.66143973214287,101.31138392857143,10.050186461942985,24089720.0,24089720.0,0.0,446.5,446.5,1.290994448735813,446.25,446.5,0.9574271077563381,8343328.0,8343328.0,746399.2374415541
2107,minivite,8,4000000,1000,1.0,415.0,410.5,19.44222209522358,95.6984375,92.59687499999998,18.26993551310481,24089720.0,24089720.0,0.0,447.53125,448.5625,3.116446627704919,447.5,448.5,3.1091263510296048,9061584.0,9311904.0,958652.6144542663
2108,minivite,8,4000000,10000,0.1,402.5,402.5,2.886751345948124,84.67963169642857,83.60390625,3.441467288630329,24089720.0,24089720.0,0.0,442.25,442.0,0.5000000000000047,436.75,436.5,0.9574271077563381,10730160.0,11158560.0,1076044.918021548
2109,minivite,8,4000000,10000,0.3,403.25,403.5,7.804912982645397,84.84592633928571,85.34285714285714,8.580401093380003,24089720.0,24089720.0,0.0,442.76171875,442.5234375,0.9453985842346765,441.25,441.0,1.258305739211786,9139872.0,9214912.0,979552.2817287501
2110,minivite,8,4000000,10000,0.5,408.25,407.5,2.8722813232690143,89.96082589285714,88.87287946428572,3.617918548758623,24089720.0,24089720.0,0.0,444.5,444.5,1.7320508075688772,443.5,443.5,1.7320508075688772,8805888.0,8730624.0,378820.4926241451
2111,minivite,8,4000000,10000,0.7,407.75,409.5,7.41057802513857,90.42131696428572,92.92912946428572,7.908959747995525,24089720.0,24089720.0,0.0,446.0,446.5,1.4142135623730885,445.01283482142856,445.5,1.3900383266701966,8693888.0,8693888.0,362056.8111590591
2112,minivite,8,4000000,10000,1.0,412.75,412.0,4.112987559751019,94.58381696428572,94.1744419642857,3.7141468578275627,24089720.0,24089720.0,0.0,446.5,446.5,4.203173404306164,445.75,445.5,3.8622100754188224,8110368.0,8210496.0,383461.0457817065
2113,minivite,8,4000000,100000,0.1,399.19921875,399.0,6.210911294493989,80.0203125,80.00078125,6.834506945795266,24089720.0,24089720.0,0.0,442.25,442.0,0.4999999999999952,396.25,396.5,2.5,9339120.0,9253440.0,489511.75675360445
2114,minivite,8,4000000,100000,0.3,411.5,412.5,2.3804761428476167,93.65970982142856,93.60982142857142,2.3518670277652487,24089720.0,24089720.0,0.0,443.75,444.0,1.2583057392117973,429.5,430.0,3.415650255319866,8554560.0,8254400.0,1395448.1120060799
2115,minivite,8,4000000,100000,0.5,416.0,410.5,18.27566688249706,97.6296875,92.40267857142857,17.700780889350433,24089720.0,24089720.0,0.0,444.5,444.5,1.290994448735813,435.5,436.0,1.0000000000000047,8830976.0,8630272.0,549650.5409075844
2116,minivite,8,4000000,100000,0.7,407.25,408.5,5.25198375219624,89.95089285714286,91.41573660714286,4.94154494298317,24089720.0,24089720.0,0.0,445.25,445.0,2.2173557826083528,438.75,438.5,2.4999999999999933,8764000.0,8693888.0,621852.994520945
2117,minivite,8,4000000,100000,1.0,409.0,408.0,11.518101695447331,91.65239955357143,89.85424107142858,11.85137550619944,24089720.0,24089720.0,0.0,448.75,449.0,2.9860788111948264,444.0,444.0,3.366501646120686,8761200.0,8611008.0,930346.6456928836
2118,minivite,8,4000000,1000000,0.1,396.25,391.0,11.982626312012457,77.82059151785714,72.41997767857143,11.729164301575324,24089720.0,24089720.0,0.0,442.5,442.5,0.5773502691896257,224.5,214.5,29.422213830143146,4394880.0,4596480.0,587298.781881931
2119,minivite,8,4000000,1000000,0.3,403.96875,403.0,7.527985980105608,86.27840401785714,85.17287946428571,7.622288440910921,24089720.0,24089720.0,0.0,443.5,443.5,0.5773502691896257,329.5,330.0,2.5166114784235774,6828640.0,6783616.0,133112.3023415442
2120,minivite,8,4000000,1000000,0.5,416.25,402.5,29.904013108611366,98.55011160714285,83.92299107142856,30.85800485769346,24089720.0,24089720.0,0.0,444.75,445.0,2.0615528128088294,372.75,376.0,10.90489186863706,7225344.0,6924288.0,893827.8523951541
2121,minivite,8,4000000,1000000,0.7,405.71875,404.4375,8.76449691939019,88.0325892857143,86.6435267857143,9.344565842991592,24089720.0,24089720.0,0.0,445.96875,446.4375,3.5242833195795518,390.46875,390.4375,3.1297879986776524,7782432.0,7712320.0,465070.3946027956
2122,minivite,8,4000000,1000000,1.0,426.75,405.0,49.148584245462594,109.05284598214286,87.16350446428571,49.205524620581144,24089720.0,24089720.0,0.0,447.25,447.5,2.7537852736430537,406.0,405.0,4.242640687119285,8110368.0,8110368.0,703275.959310426
2123,quicksilver,8,20,5000,0.01,291.3147321428571,291.3147321428571,1.69831896552843,130.31927455357143,130.31927455357143,1.83139077963964,762710.0,762710.0,0.0,295.0,295.0,0.0,5.637745535714286,5.637745535714286,2.1261817026802996,101131520.0,101131520.0,704527.255648779
2124,quicksilver,8,20,5000,0.05,297.0825892857143,297.0825892857143,,136.40189732142858,136.40189732142858,,762710.0,762710.0,,295.0,295.0,,21.2265625,21.2265625,,520751616.0,520751616.0,
2125,quicksilver,8,20,10000,0.01,294.5,295.0,3.415650255319866,133.5845703125,134.04099330357144,3.398331895515689,762710.0,762710.0,0.0,295.0,295.0,0.0,6.894168526785714,6.891417410714285,0.22836349720697086,50398656.0,50401792.0,35035.77691446285
2126,quicksilver,8,20,10000,0.05,296.0,295.0,3.605551275463989,134.79848958333332,133.94779017857144,3.500939722459788,762710.0,762710.0,0.0,295.0,295.0,0.0,10.479174107142859,10.12515625,0.8649330322579772,272150442.6666667,272350848.0,773701.2314048272
2127,quicksilver,8,20,25000,0.01,294.5,294.5,2.1213203435596424,133.45845982142856,133.45845982142856,2.4651194486445793,762710.0,762710.0,0.0,295.0,295.0,0.0,2.613526785714286,2.613526785714286,0.4456666757496284,20740608.0,20740608.0,22808.436333953276
2128,quicksilver,8,20,25000,0.05,294.52622767857144,294.5524553571429,1.3055222974943337,133.4539174107143,133.70949776785716,1.397095804004419,762710.0,762710.0,0.0,295.0,295.0,0.0,3.505636160714286,3.0571875000000004,0.9890013514502591,113479520.0,113664320.0,408152.2597985533
2129,quicksilver,8,20,50000,0.01,293.90997023809524,292.7299107142857,2.700815684159159,132.75694196428572,131.3836607142857,2.9839152343952993,762710.0,762710.0,0.0,295.0,295.0,0.0,1.1924866071428573,1.2025758928571428,0.08203805960560047,10474240.0,10474240.0,1792.0
2130,quicksilver,8,20,50000,0.05,295.81529017857144,296.1305803571429,1.2821510631431676,134.88685267857144,135.1409486607143,1.5809925491736567,762710.0,762710.0,0.0,295.0,295.0,0.0,2.0638839285714283,2.1156249999999996,0.658237042762169,57374240.0,57361920.0,125800.81441177822
2131,quicksilver,8,200,5000,0.01,294.0870535714286,294.1138392857143,1.9264789512354994,133.2110044642857,132.88705357142857,1.9204353680999648,762710.0,762710.0,0.0,295.0,295.0,0.0,8.629665178571429,11.281696428571431,4.702510989427668,100051541.33333333,99119104.0,1650851.57171362
2132,quicksilver,8,200,5000,0.05,301.0364583333333,300.0,4.642290666277616,140.12521577380951,139.03808035714286,4.570946014893274,762710.0,762710.0,0.0,295.0,295.0,0.0,19.559300595238096,25.477678571428573,10.97730329526279,523774122.6666667,512472576.0,20911817.658781674
2133,quicksilver,8,200,10000,0.01,295.00372023809524,295.0111607142857,2.0000103801016773,133.79988839285716,133.44502232142858,1.7240849205527045,762710.0,762710.0,0.0,295.0,295.0,0.0,6.8397991071428565,6.460624999999999,0.7256386204891802,50379093.333333336,50432256.0,132781.43613221403
2134,quicksilver,8,200,10000,0.05,297.0,297.0,8.48528137423857,135.7334486607143,135.7334486607143,8.00670582262343,762710.0,762710.0,0.0,295.0,295.0,0.0,12.015926339285713,12.015926339285713,5.972732106900557,270729536.0,270729536.0,5763565.148054805
2135,quicksilver,8,200,25000,0.01,295.6302083333333,296.0,3.569084284548122,134.4742336309524,134.74792410714286,3.779470810648569,762710.0,762710.0,0.0,295.0,295.0,0.0,2.7267261904761906,2.951205357142857,0.5167773771057591,20726272.0,20710144.0,39301.628261434664
2136,quicksilver,8,200,25000,0.05,295.5,296.5,3.3166247903553967,134.33896205357144,135.180390625,3.310021680536707,762710.0,762710.0,0.0,295.0,295.0,0.0,4.8868024553571425,4.897466517857143,2.115846308472305,112939904.0,112934976.0,831766.9876786406
2137,quicksilver,8,200,50000,0.01,296.48046875,295.5,3.83602235988959,135.33262834821429,134.56247767857144,3.7824647324533123,762710.0,762710.0,0.0,295.0,295.0,0.0,1.24188671875,1.1995669642857143,0.3073668234581126,10471104.0,10472448.0,11274.419423337591
2138,quicksilver,8,200,50000,0.05,295.6696428571429,295.6696428571429,2.3612315728908184,134.90540178571428,134.90540178571428,2.4051100740447593,762710.0,762710.0,0.0,295.0,295.0,0.0,2.675580357142857,2.675580357142857,1.6143500352625018,57253504.0,57253504.0,320585.24402723217
2139,quicksilver,8,500,10000,0.01,293.0230654761905,294.06919642857144,2.6590961767388417,132.09588541666668,133.30526785714287,2.535442040286298,762710.0,762710.0,0.0,295.0,295.0,0.0,8.274665178571428,7.3019419642857155,1.8091634967839427,50150314.666666664,50308608.0,315383.515037379
2140,quicksilver,8,500,10000,0.05,296.7795758928571,296.5591517857143,3.2296987925960075,135.89677455357142,135.77397321428572,3.321208445271565,762710.0,762710.0,0.0,295.0,295.0,0.0,13.207354910714285,13.38482142857143,3.549455449623112,269561600.0,269438400.0,3431199.9942799495
2141,quicksilver,8,500,25000,0.01,291.0,291.0,,129.66261160714285,129.66261160714285,,762710.0,762710.0,,295.0,295.0,,2.8101785714285716,2.8101785714285716,,20731648.0,20731648.0,
2142,quicksilver,8,500,25000,0.05,296.6666666666667,296.0,2.0816659994661246,135.68918898809522,135.07754464285713,2.1956235508827264,762710.0,762710.0,0.0,295.0,295.0,0.0,6.177150297619048,6.4809375000000005,0.7990506116318571,112433962.66666667,112309120.0,342747.0350992614
2143,quicksilver,8,500,50000,0.01,296.5,297.0,2.516611478423589,135.63973214285716,136.21189732142858,2.609832080165362,762710.0,762710.0,0.0,295.0,295.0,0.0,2.02142578125,2.2892745535714285,0.5651026101679686,10443776.0,10433920.0,20326.89436846319
2144,quicksilver,8,500,50000,0.05,293.6666666666667,294.0,0.5773502691896216,132.55771577380952,132.63314732142857,0.3159127500112711,762710.0,762710.0,0.0,295.0,295.0,0.0,2.5297693452380954,2.0564508928571428,0.9415444996858399,57279786.666666664,57371776.0,185526.81959580112
2145,quicksilver,8,1000,5000,0.01,296.0044642857143,296.0044642857143,,135.01107142857143,135.01107142857143,,762710.0,762710.0,,295.0,295.0,,17.073883928571426,17.073883928571426,,97103104.0,97103104.0,
2146,quicksilver,8,1000,5000,0.05,295.6063988095238,295.81919642857144,2.5067832215818524,134.28427083333335,134.53669642857145,1.8102790736030328,762710.0,762710.0,0.0,295.0,295.0,0.0,14.588735119047618,10.889955357142858,6.981605240584587,533258880.0,540335488.0,13285723.488595719
2147,quicksilver,8,1000,10000,0.01,294.88839285714283,294.66517857142856,3.0062216257305865,133.84212053571426,133.50290178571427,2.644903354770937,762710.0,762710.0,0.0,295.0,295.0,0.0,10.187127976190476,11.819642857142856,2.894351744200975,49806848.0,49509376.0,516789.31208762433
2148,quicksilver,8,1000,10000,0.05,296.9166666666667,296.0,1.8085445345175624,135.45494791666667,134.66720982142857,1.6635072558222335,762710.0,762710.0,0.0,295.0,295.0,0.0,14.263541666666669,14.424999999999999,0.7232435418097827,268539861.3333333,268438016.0,622282.3747635192
2149,quicksilver,8,1000,25000,0.01,295.09151785714283,295.0,1.864408595686826,134.17410714285714,133.86582589285715,1.9304590233713614,762710.0,762710.0,0.0,295.0,295.0,0.0,3.1124702380952383,2.2269866071428575,1.6664455106943843,20702378.666666668,20765696.0,119101.73596271918
2150,quicksilver,8,1000,25000,0.05,294.9925595238095,295.0,2.988846231632449,133.80669642857143,134.30247767857142,2.759930131553105,762710.0,762710.0,0.0,295.0,295.0,0.0,5.22578125,5.949196428571428,1.2771927897127466,112805205.33333333,112525952.0,492241.17648703005
2151,quicksilver,8,1000,50000,0.01,293.78497023809524,293.3549107142857,1.0671051473563606,132.71953125000002,132.52752232142856,0.9043256563746569,762710.0,762710.0,0.0,295.0,295.0,0.0,1.0409479166666664,1.0397946428571427,0.030451651185047928,10479018.666666666,10479616.0,1034.6116823879438
2152,quicksilver,8,1000,50000,0.05,294.5,294.5,4.949747468305833,133.54417410714285,133.54417410714285,4.503954523488113,762710.0,762710.0,0.0,295.0,295.0,0.0,2.5342633928571425,2.5342633928571425,0.7941061690861064,57278144.0,57278144.0,160292.62201361608
2153,quicksilver,8,2000,0,0.3,302.58984375,302.3359375,1.0691853609999853,138.79854910714283,138.7485044642857,0.613129865490877,762710.0,762710.0,0.0,295.0,295.0,0.0,286.4665178571429,286.50669642857144,3.452451347547928,1225388192.0,1205772736.0,488326195.8244636
2154,quicksilver,8,2000,0,0.5,295.02622767857144,295.05357142857144,4.73421884740293,133.28361049107144,133.1572767857143,3.8154241541488574,762710.0,762710.0,0.0,295.0,295.0,0.0,292.50502232142856,292.4017857142857,0.610014803993807,421578752.0,431363072.0,156246807.17798954
2155,quicksilver,8,2000,0,0.7,295.0,293.5,4.082482904638627,133.92299107142858,132.51936383928575,3.6865416804564473,762710.0,762710.0,0.0,295.0,295.0,0.0,292.7868303571429,293.00669642857144,0.4547494632195444,316170064.0,268599072.0,95657668.91063654
2156,quicksilver,8,2000,0,1.0,297.9185267857143,298.4888392857143,2.842808103994213,135.77743861607144,136.18762276785714,2.5036211967675728,762710.0,762710.0,0.0,295.0,295.0,0.0,292.3208705357143,292.2890625,0.3741326020928472,431351424.0,440863584.0,57336432.13312248
2157,quicksilver,8,2000,100,0.3,300.5,300.5,0.7071067811865476,137.43359375,137.43359375,1.172944940560225,762710.0,762710.0,0.0,295.0,295.0,0.0,287.0345982142857,287.0345982142857,1.5010235466705737,834144640.0,834144640.0,184228808.81074816
2158,quicksilver,8,2000,100,0.5,297.60435267857144,297.0,5.407469883887259,136.37621093750002,136.17284598214286,4.949236983449374,762710.0,762710.0,0.0,295.0,295.0,0.0,291.95424107142856,292.8671875,1.9177562884994224,380760576.0,258004992.0,259310116.5566953
2159,quicksilver,8,2000,100,0.7,293.98363095238096,293.7388392857143,3.89973968536705,132.66505208333334,132.55325892857144,3.3012971737339165,762710.0,762710.0,0.0,295.0,295.0,0.0,292.49032738095235,292.75,0.4517006407525637,329947072.0,281429568.0,106127615.2094963
2160,quicksilver,8,2000,100,1.0,296.36997767857144,296.2444196428571,4.5349007310632885,134.76013392857143,134.58542410714284,4.199222999187055,762710.0,762710.0,0.0,295.0,295.0,0.0,292.2494419642857,292.24888392857144,0.2880322119819947,381287424.0,380286144.0,28575626.034157712
2161,quicksilver,8,2000,1000,0.1,293.0,293.0,,131.74435267857143,131.74435267857143,,762710.0,762710.0,,295.0,295.0,,121.83928571428571,121.83928571428571,,2733837120.0,2733837120.0,
2162,quicksilver,8,2000,1000,0.3,299.0,301.0,6.244997998398398,136.1433407738095,138.4117857142857,4.688373033619888,762710.0,762710.0,0.0,295.0,295.0,0.0,269.70238095238096,275.171875,16.46288698455339,1023525589.3333334,800706816.0,683216272.7868373
2163,quicksilver,8,2000,1000,0.5,296.0044642857143,298.0,4.363512158911603,134.3678720238095,135.40051339285714,3.9530333143516208,762710.0,762710.0,0.0,295.0,295.0,0.0,288.91964285714283,289.0,1.8807522309122953,355379882.6666667,356651008.0,111095118.10760488
2164,quicksilver,8,2000,1000,0.7,299.5,299.5,1.290994448735813,137.8046875,137.94183035714286,1.0760116044488974,762710.0,762710.0,0.0,295.0,295.0,0.0,288.9720982142857,289.0,1.1877929675756949,425404560.0,421162784.0,95803911.22573015
2165,quicksilver,8,2000,1000,1.0,297.33184523809524,298.9955357142857,5.68558699699734,135.29678571428573,136.56189732142857,5.144133659558431,762710.0,762710.0,0.0,295.0,295.0,0.0,289.9635416666667,290.0,0.9458396429672066,437225600.0,434355264.0,90449748.21206374
2166,quicksilver,8,2000,10000,0.1,295.0,295.0,4.0,133.7029017857143,133.77580357142855,3.1367291900257186,762710.0,762710.0,0.0,295.0,295.0,0.0,22.741071428571427,23.610491071428573,5.250804482557557,528534720.0,526538880.0,9661310.603267033
2167,quicksilver,8,2000,10000,0.3,291.75279017857144,292.0,1.5031073599793088,130.87329241071427,130.9348214285714,1.557104839695782,762710.0,762710.0,0.0,295.0,295.0,0.0,243.39118303571428,243.09486607142856,3.1976781271481403,291950624.0,292956160.0,18067762.135810405
2168,quicksilver,8,2000,10000,0.5,296.7483258928571,297.9944196428571,3.3025242543787527,135.09972098214286,135.99434151785715,2.7948347330974137,762710.0,762710.0,0.0,295.0,295.0,0.0,249.64118303571428,247.19308035714286,11.396107568856802,421453312.0,444107776.0,107684363.32511356
2169,quicksilver,8,2000,10000,0.7,299.32886904761904,298.98660714285717,1.5290053657814155,137.14107142857142,136.51734374999998,1.327816789530278,762710.0,762710.0,0.0,295.0,295.0,0.0,254.02976190476193,256.0892857142857,7.215005783842763,518828800.0,490223104.0,91748939.31587282
2170,quicksilver,8,2000,10000,1.0,297.2516741071429,299.0,4.27343983182789,135.69178571428571,137.01170758928572,3.825680212972544,762710.0,762710.0,0.0,295.0,295.0,0.0,271.2282366071429,271.0189732142857,4.351684248073957,418835424.0,423941952.0,75962514.85772114
2171,quicksilver,8,2000,100000,0.1,293.984375,292.9107142857143,4.40270850826608,132.91046316964287,131.84737723214286,4.531509464604545,762710.0,762710.0,0.0,295.0,295.0,0.0,2.7453125,2.7939955357142856,0.6820697714875535,58695840.0,58685760.0,125899.15964771171
2172,quicksilver,8,2000,100000,0.3,296.671875,296.5,4.389077055125982,135.43578683035713,135.28361607142858,4.243021783542931,762710.0,762710.0,0.0,295.0,295.0,0.0,62.29051339285715,65.87723214285715,27.532636587463806,138869024.0,136722880.0,16461497.964549398
2173,quicksilver,8,2000,100000,0.5,296.2912946428571,296.5825892857143,4.110469303483074,135.0742466517857,135.47543526785714,3.994770362542381,762710.0,762710.0,0.0,295.0,295.0,0.0,116.89157366071429,113.01004464285714,41.45659816316887,177497600.0,181386240.0,41203377.19286741
2174,quicksilver,8,2000,100000,0.7,294.5,294.5,3.872983346207417,133.402421875,133.12665178571427,3.586699892254863,762710.0,762710.0,0.0,295.0,295.0,0.0,158.88895089285714,159.71540178571428,24.490442816565864,188566224.0,187479488.0,33857901.96492977
2175,quicksilver,8,2000,100000,1.0,299.23828125,299.5,0.977894924351751,137.61370535714286,137.85676339285715,1.2561803492363677,762710.0,762710.0,0.0,295.0,295.0,0.0,173.58035714285714,174.5,6.099541008158246,240307200.0,238905408.0,11749868.99296907
2176,quicksilver,8,2000,1000000,0.1,299.0100446428571,299.0,0.832980168042967,138.06109375,138.21931919642856,0.8662999194251076,762710.0,762710.0,0.0,295.75,296.0,0.5,3.2108716517857143,0.5263035714285715,5.3927787708260535,5891760.0,5947200.0,110880.0
2177,quicksilver,8,2000,1000000,0.3,297.3020833333333,295.0,4.068785202100671,136.33688988095238,134.21819196428572,4.145346142246409,762710.0,762710.0,0.0,295.3333333333333,295.0,0.577350269189634,10.497001488095238,9.01720982142857,4.451559499837667,17089109.333333332,17169152.0,249933.14655990124
2178,quicksilver,8,2000,1000000,0.5,292.99832589285717,293.4799107142857,1.4129556850577019,132.11443638392856,132.33783482142854,1.1966952921225362,762710.0,762710.0,0.0,295.75,296.0,0.4999999999999952,27.493582589285715,28.37020089285714,13.148407347595132,26894336.0,26793984.0,1326267.2588504425
2179,quicksilver,8,2000,1000000,0.7,293.7377232142857,292.5,2.882341850741616,132.5341294642857,131.37895089285712,2.8872938129939434,762710.0,762710.0,0.0,295.25,295.0,0.4999999999999952,46.89944196428571,48.39196428571427,7.406598670491462,34810608.0,34565216.0,1088430.9363041837
2180,quicksilver,8,2000,1000000,1.0,296.23046875,296.0,3.0145419849300903,135.06276785714286,134.91677455357143,3.051177333709853,762710.0,762710.0,0.0,295.5,295.5,0.5773502691896257,50.191796874999994,50.85267857142857,8.998761694411685,49062720.0,48862464.0,1820751.8092743997
2181,quicksilver,8,4000,0,0.3,308.0,308.0,,141.42535714285717,141.42535714285717,,762710.0,762710.0,,295.0,295.0,,285.0,285.0,,1359304576.0,1359304576.0,
2182,quicksilver,8,4000,0,0.5,299.3333333333333,302.0,5.507570547286106,135.13013392857144,136.04792410714285,2.7164620785849634,762710.0,762710.0,0.0,295.0,295.0,0.0,289.2276785714286,289.484375,1.7208923915822327,804521984.0,699955200.0,337129239.4920651
2183,quicksilver,8,4000,0,0.7,294.94252232142856,293.3850446428571,4.96788500277559,133.28637276785713,132.4465848214286,3.6417585744283767,762710.0,762710.0,0.0,295.0,295.0,0.0,291.5373883928571,291.6149553571429,0.38777821079644925,370436752.0,336958272.0,98309350.33698864
2184,quicksilver,8,4000,0,1.0,297.2421875,296.484375,7.503140618476038,134.67793526785715,134.15321428571428,5.934327943251364,762710.0,762710.0,0.0,295.0,295.0,0.0,291.41796875,291.5267857142857,0.290203610412394,470651664.0,444668448.0,141129613.86079246
2185,quicksilver,8,4000,100,0.3,301.0,301.0,7.0710678118654755,136.9953013392857,136.9953013392857,3.229757573970094,762710.0,762710.0,0.0,295.0,295.0,0.0,284.01674107142856,284.01674107142856,4.600929167765159,1022855232.0,1022855232.0,605875066.3953476
2186,quicksilver,8,4000,100,0.5,300.0,302.0,7.211102550927978,136.0913169642857,137.58930803571428,4.165513596556707,762710.0,762710.0,0.0,295.0,295.0,0.0,287.3407738095238,287.25669642857144,2.01136302560469,869048320.0,952842240.0,364598013.0283055
2187,quicksilver,8,4000,100,0.7,294.5424107142857,293.12388392857144,3.6268536890478793,132.57407924107144,132.09426339285716,1.6883708586449269,762710.0,762710.0,0.0,295.0,295.0,0.0,290.69642857142856,291.0033482142857,0.7690652698198993,417201456.0,352593248.0,160801628.7145896
2188,quicksilver,8,4000,100,1.0,296.3333333333333,294.0,4.932882862316243,134.16677827380954,132.76122767857143,3.205508868736441,762710.0,762710.0,0.0,295.0,295.0,0.0,290.86830357142856,291.265625,0.7548604200953579,473872448.0,365066688.0,191064409.46611068
2189,quicksilver,8,4000,1000,0.5,295.25,294.5,4.9916597106239795,133.1459375,133.57369419642856,2.8808369142658967,762710.0,762710.0,0.0,295.0,295.0,0.0,282.14285714285717,283.93638392857144,4.075959274872219,626020864.0,512899072.0,253767441.94185695
2190,quicksilver,8,4000,1000,0.7,294.79613095238096,293.859375,5.3266488569032955,132.23637648809523,132.55879464285712,3.0927530397627905,762710.0,762710.0,0.0,295.0,295.0,0.0,286.3705357142857,287.75669642857144,3.864187437892448,508732672.0,407631168.0,280244005.056105
2191,quicksilver,8,4000,1000,1.0,297.67299107142856,296.4977678571429,5.892376451579607,134.78909598214284,133.93799107142857,3.9791475594626196,762710.0,762710.0,0.0,295.0,295.0,0.0,288.3861607142857,288.7935267857143,1.5990962999153702,501941664.0,474206208.0,165955205.2624237
2192,quicksilver,8,4000,10000,0.1,294.0803571428571,294.0803571428571,0.11364216126213807,133.2431361607143,133.2431361607143,0.36266054712776447,762710.0,762710.0,0.0,295.0,295.0,0.0,35.03035714285714,35.03035714285714,0.5255949958373207,499968000.0,499968000.0,969358.5441930143
2193,quicksilver,8,4000,10000,0.3,301.0,301.0,1.1547005383792432,136.46925781250002,136.70922991071427,0.5485460800414808,762710.0,762710.0,0.0,295.0,295.0,0.0,162.94754464285714,156.26674107142856,25.990812537817217,747323360.0,784137984.0,147039127.90736347
2194,quicksilver,8,4000,10000,0.5,298.5,300.0,3.696845502136472,134.77611049107142,135.55189732142858,1.8850723787021013,762710.0,762710.0,0.0,295.0,295.0,0.0,223.72098214285714,224.10491071428572,14.43684808085084,652689408.0,653943808.0,140191732.02767786
2195,quicksilver,8,4000,10000,0.7,294.2455357142857,293.99107142857144,3.6859719536639397,132.60543526785713,132.60520089285714,2.9838106715314936,762710.0,762710.0,0.0,295.0,295.0,0.0,268.38950892857144,270.32924107142856,4.624561343017006,325459904.0,298046112.0,64940013.895757884
2196,quicksilver,8,4000,10000,1.0,298.2064732142857,298.0,4.976398010863014,136.0474888392857,135.91801339285715,3.561583950491859,762710.0,762710.0,0.0,295.0,295.0,0.0,268.6021205357143,267.7555803571429,5.492411571546075,457584960.0,472003392.0,107105950.1440099
2197,quicksilver,8,4000,100000,0.1,295.67299107142856,294.83482142857144,3.908313868042739,134.71706473214286,133.68946428571428,3.8234426447585026,762710.0,762710.0,0.0,295.0,295.0,0.0,5.495814732142858,5.412008928571429,1.4233387722380695,58111200.0,58131360.0,256330.78628990316
2198,quicksilver,8,4000,100000,0.3,292.2533482142857,292.515625,1.6724470936119746,131.3805078125,131.66988839285716,1.3677681414457388,762710.0,762710.0,0.0,295.0,295.0,0.0,73.42516741071428,73.3853794642857,14.96856403506572,131920320.0,131950336.0,8880611.222707288
2199,quicksilver,8,4000,100000,0.5,294.09933035714283,294.5044642857143,4.093942904202488,132.77830915178572,133.25407366071428,3.5605507250843083,762710.0,762710.0,0.0,295.0,295.0,0.0,89.87712053571428,88.90066964285715,17.738712521436877,203814912.0,204718080.0,17910137.94119997
2200,quicksilver,8,4000,100000,0.7,300.0133928571429,299.5267857142857,1.401785714285714,138.1397935267857,137.6389732142857,1.2467445799030878,762710.0,762710.0,0.0,295.0,295.0,0.0,130.0,130.5,14.583095236151571,228915680.0,228144448.0,20027175.04559176
2201,quicksilver,8,4000,100000,1.0,294.25,294.0,5.560275772537426,132.71424107142857,132.24466517857144,4.688489332352925,762710.0,762710.0,0.0,295.0,295.0,0.0,176.05357142857142,174.49441964285714,19.164397331503,234649968.0,237804000.0,38350766.83245976
2202,quicksilver,8,4000,1000000,0.1,296.75,298.0,5.560275772537423,135.72871651785712,136.88801339285715,5.7016560634315825,762710.0,762710.0,0.0,296.0,296.0,0.0,0.7641422991071429,0.8388816964285715,0.16993968652127706,5947200.0,5947200.0,0.0
2203,quicksilver,8,4000,1000000,0.3,298.75,298.5,2.0615528128088223,137.80555245535714,137.755625,2.188018263009365,762710.0,762710.0,0.0,295.75,296.0,0.5,6.522862723214287,6.684720982142856,2.475850346877962,17349248.0,17349248.0,138637.96543996644
2204,quicksilver,8,4000,1000000,0.5,297.28013392857144,298.0602678571429,5.452301399220144,136.33526227678573,137.19348214285714,5.565258338610163,762710.0,762710.0,0.0,295.5,295.5,0.577350269189634,18.19091517857143,17.44441964285714,9.737553816987491,27797504.0,27847680.0,972948.738102887
2205,quicksilver,8,4000,1000000,0.7,299.0,299.0,0.8164965809277203,137.87982142857143,137.8390513392857,0.6781107377943852,762710.0,762710.0,0.0,295.25,295.0,0.5000000000000047,22.602343749999996,23.300446428571426,1.7159977625983547,38211040.0,38140928.0,242875.09244053895
2206,quicksilver,8,4000,1000000,1.0,294.484375,292.9732142857143,3.7903468328795964,133.22703125,131.81128348214287,3.762324844261928,762710.0,762710.0,0.0,295.5,295.5,0.5773502691896257,53.28900669642859,58.36138392857144,11.010766178531627,48411888.0,47360544.0,2171492.93634771
2207,quicksilver,8,20000,0,0.1,292.0,292.0,1.4142135623730951,130.9869642857143,130.9869642857143,1.2054592255879684,762710.0,762710.0,0.0,295.0,295.0,0.0,285.8125,285.8125,0.4261581047329524,872928000.0,872928000.0,42794328.67157984
2208,quicksilver,8,20000,0,0.3,301.73939732142856,302.0,11.31151475098778,136.82733258928573,137.13729910714287,7.271427248274894,762710.0,762710.0,0.0,295.0,295.0,0.0,285.75390625,285.50892857142856,0.9564732142857284,875521696.0,892615808.0,56952755.78552203
2209,quicksilver,8,20000,0,0.5,297.93898809523813,293.0,9.54344953966742,134.1292261904762,131.81475446428573,5.202174595103794,762710.0,762710.0,0.0,295.0,295.0,0.0,285.91220238095235,287.12276785714283,2.9274230903174177,957692586.6666666,816162816.0,270731215.67372525
2210,quicksilver,8,20000,0,0.7,297.75,292.5,11.586630226256467,134.6448828125,131.66495535714284,7.407296552803403,762710.0,762710.0,0.0,295.0,295.0,0.0,286.2728794642857,286.1127232142857,1.7409916562539816,928493216.0,960534400.0,172919087.29294482
2211,quicksilver,8,20000,0,1.0,298.5234375,292.5,13.770140907011745,135.13109375,131.47054687500003,9.211589312218631,762710.0,762710.0,0.0,295.0,295.0,0.0,287.6584821428571,287.5993303571429,0.2911442265815255,932191680.0,910564032.0,72510003.32050633
2212,quicksilver,8,20000,100,0.1,290.99107142857144,290.99107142857144,,129.53328125000002,129.53328125000002,,762710.0,762710.0,,295.0,295.0,,275.21651785714283,275.21651785714283,,1075556160.0,1075556160.0,
2213,quicksilver,8,20000,100,0.3,314.1819196428571,314.1819196428571,3.0857003509368455,144.08191964285714,144.08191964285714,2.6377608319619616,762710.0,762710.0,0.0,295.0,295.0,0.0,282.5256696428571,282.5256696428571,0.7655062251684464,976030272.0,976030272.0,81799289.07334371
2214,quicksilver,8,20000,100,0.5,302.3333333333333,295.0,17.21433511156714,138.01916666666668,134.16227678571428,11.114807323449167,762710.0,762710.0,0.0,295.0,295.0,0.0,282.95535714285717,283.67857142857144,1.4442171283568361,1085373781.3333333,1066741760.0,102978772.40778238
2215,quicksilver,8,20000,100,0.7,298.0,293.5,10.739335795724669,134.8014341517857,132.49627232142853,6.508617240638956,762710.0,762710.0,0.0,295.0,295.0,0.0,283.20424107142856,282.32477678571433,1.8662552064038476,1130556000.0,1200036992.0,152811845.02917475
2216,quicksilver,8,20000,100,1.0,305.75,306.0,13.59840676942217,139.74744419642857,139.75621651785713,8.30315577449698,762710.0,762710.0,0.0,295.0,295.0,0.0,285.21595982142856,285.05915178571433,1.6576756865683742,1163186976.0,1170996960.0,128927803.02267008
2217,quicksilver,8,20000,1000,0.3,307.6919642857143,307.0,17.048481733937425,141.8622619047619,139.4607142857143,13.308736475650534,762710.0,762710.0,0.0,295.0,295.0,0.0,269.9151785714286,268.6607142857143,2.7647988576412654,850253226.6666666,888533632.0,96886818.787542
2218,quicksilver,8,20000,1000,0.5,298.0,293.0,8.660254037844387,134.9025744047619,132.24957589285717,4.68435126070453,762710.0,762710.0,0.0,295.0,295.0,0.0,275.8839285714286,275.1674107142857,3.9805829293697,938358101.3333334,966490112.0,193164705.85815832
2219,quicksilver,8,20000,1000,0.7,308.6026785714286,314.0,12.013575964456349,141.41636160714287,144.77165178571428,6.9257816964645285,762710.0,762710.0,0.0,295.0,295.0,0.0,279.3452380952381,280.01339285714283,1.1611463252710645,953710165.3333334,912297344.0,74662575.7190549
2220,quicksilver,8,20000,1000,1.0,305.5,306.0,12.767145334803706,139.91946986607144,140.33956473214286,7.377532392275723,762710.0,762710.0,0.0,295.02232142857144,295.01897321428567,0.02283632329348753,282.1796875,282.484375,1.0139359974631388,1027914048.0,999878208.0,69067323.78929487
2221,quicksilver,8,20000,10000,0.1,296.1227678571429,296.2455357142857,4.481528456988668,133.76236607142857,133.84504464285715,2.8337239010111683,762710.0,762710.0,0.0,295.0,295.0,0.0,126.31026785714286,122.8046875,20.03311799145096,327453840.0,334283040.0,38752664.11222847
2222,quicksilver,8,20000,10000,0.3,300.3333333333333,303.0,5.507570547286094,135.9465550595238,136.83417410714284,2.6971728537356205,762710.0,762710.0,0.0,295.0,295.0,0.0,185.6830357142857,192.32142857142858,15.814146450491398,610665514.6666666,572405120.0,87666235.08039181
2223,quicksilver,8,20000,10000,0.5,296.05282738095235,293.0,7.80200709043107,133.0382142857143,132.3202455357143,3.9149481061399043,762710.0,762710.0,0.0,295.0,295.0,0.0,211.3712797619048,216.22991071428572,11.944253021108063,762441045.3333334,716111872.0,108961309.41426352
2224,quicksilver,8,20000,10000,0.7,305.78404017857144,309.0,7.255372052865721,139.2305859375,140.77675223214285,3.875814817073288,762710.0,762710.0,0.0,295.0,295.0,0.0,228.92912946428572,230.01227678571428,8.046535862966106,824026336.0,811826848.0,97404351.897128
2225,quicksilver,8,20000,10000,1.0,296.0,291.5,10.033277962194937,133.30085379464288,130.7215625,6.2948426669405775,762710.0,762710.0,0.0,295.0,295.0,0.0,242.50502232142856,242.98883928571428,8.151958965318162,914519088.0,906458784.0,139712434.32687047
2226,quicksilver,8,20000,100000,0.1,298.0452008928571,298.0647321428571,1.6622360609224762,136.78625558035714,136.92420758928571,1.9264416362182635,762710.0,762710.0,0.0,295.0,295.0,0.0,19.79536830357143,19.787388392857146,3.788081027222334,55278720.0,55278720.0,753958.8445001491
2227,quicksilver,8,20000,100000,0.3,292.4162946428571,291.8325892857143,3.403393287744935,131.29392857142858,130.989609375,2.766400514190466,762710.0,762710.0,0.0,295.0,295.0,0.0,45.404185267857144,46.40189732142858,4.140820583138307,148759296.0,148158976.0,2476638.3310544156
2228,quicksilver,8,20000,100000,0.5,296.7265625,297.0,5.091568743091369,134.89802455357142,135.18393973214285,3.8378300766317923,762710.0,762710.0,0.0,295.0,295.0,0.0,76.28515625,73.73772321428571,21.848852306733768,217362432.0,219921408.0,21747615.92244213
2229,quicksilver,8,20000,100000,0.7,302.99107142857144,303.4821428571429,2.439815531947439,139.17214285714286,139.50044642857142,2.377501947368082,762710.0,762710.0,0.0,295.1880580357143,295.0,0.3761160714285836,89.18833705357143,90.9400669642857,6.536328905137995,285285728.0,282761696.0,8864478.770916058
2230,quicksilver,8,20000,100000,1.0,296.4877232142857,296.97544642857144,5.245945874288575,133.67825892857144,133.88566964285712,3.4570010768937642,762710.0,762710.0,0.0,295.0,295.0,0.0,106.93125,109.5,10.610634896963827,371324688.0,366468480.0,21145981.091989655
2231,quicksilver,8,20000,1000000,0.1,293.8482142857143,293.19642857142856,3.0271412559828645,132.8740234375,132.16395089285714,2.9552822111629315,762710.0,762710.0,0.0,295.5,295.5,0.577350269189634,2.0666517857142854,2.0088950892857143,0.27182378845127925,5911920.0,5906880.0,10080.0
2232,quicksilver,8,20000,1000000,0.3,294.7477678571429,293.5022321428571,2.8678799830822657,133.68828125,132.7923325892857,2.6455710493432423,762710.0,762710.0,0.0,295.5,295.5,0.577350269189634,6.823666294642857,6.036830357142858,1.9171501483742035,17319232.0,17349248.0,103978.47407997484
2233,quicksilver,8,20000,1000000,0.5,294.6958705357143,295.0,2.932605547906517,133.53617745535715,134.06654017857142,2.8440970875087324,762710.0,762710.0,0.0,295.25,295.0,0.5000000000000047,10.654966517857142,10.35770089285714,0.7972436533673746,28550144.0,28600320.0,100352.0
2234,quicksilver,8,20000,1000000,0.7,297.7845982142857,299.0,4.210021638109031,136.51684151785716,137.47060267857142,3.957303666434317,762710.0,762710.0,0.0,295.25,295.0,0.4999999999999952,13.560993303571427,13.251227678571427,2.5804225318104623,39473056.0,39473056.0,333799.8866546642
2235,quicksilver,8,20000,1000000,1.0,293.6666666666667,293.0,3.055050463303895,132.69997767857143,132.33424107142858,3.0100702312825858,762710.0,762710.0,0.0,295.3333333333333,295.0,0.5773502691896216,17.034077380952382,18.800000000000004,3.2334194996660384,55671168.0,55270656.0,693707.1330410262
2236,quicksilver,8,40000,0,0.1,302.32589285714283,306.96205357142856,9.86210807391964,136.45121279761906,138.68691964285716,6.118776707985917,762710.0,762710.0,0.0,295.0,295.0,0.0,290.83184523809524,290.99776785714283,0.2893216513906756,400202880.0,394410240.0,13749435.3043025
2237,quicksilver,8,40000,0,0.3,298.25,293.5,11.23610252712211,135.0430357142857,132.49268973214288,7.155781394676373,762710.0,762710.0,0.0,295.0,295.0,0.0,290.54296875,290.1975446428571,0.9520612634250116,416036768.0,444867136.0,76558750.60201079
2238,quicksilver,8,40000,0,0.5,306.74888392857144,308.9977678571429,10.656954982839665,139.5114508928571,140.5059375,6.291599062344449,762710.0,762710.0,0.0,295.25,295.0,0.5,291.1685267857143,291.5,1.1021776563708803,439115264.0,435678208.0,99843175.60805403
2239,quicksilver,8,40000,0,0.7,308.125,311.6997767857143,12.245991818103429,141.11077566964286,143.30455357142858,7.869153923177228,762710.0,762710.0,0.0,295.0,295.0,0.0,291.75669642857144,291.51450892857144,0.9489574115865806,380778272.0,377202560.0,89628075.86979191
2240,quicksilver,8,40000,0,1.0,292.7890625,292.578125,1.7172104847566991,131.75896205357142,131.46569196428572,1.6519125615407149,762710.0,762710.0,0.0,295.0,295.0,0.0,291.5005580357143,291.00111607142856,0.9996285300032082,422540160.0,485420544.0,131155704.85793623
2241,quicksilver,8,40000,100,0.1,298.3333333333333,292.0,11.84623709594457,134.88975446428572,131.19352678571428,7.24976764522132,762710.0,762710.0,0.0,295.0,295.0,0.0,285.5669642857143,285.7455357142857,1.321579383285974,491238720.0,467832960.0,45823209.92279786
2242,quicksilver,8,40000,100,0.3,316.0,316.0,2.0,145.8516443452381,146.1736830357143,1.7264697720062778,762710.0,762710.0,0.0,295.0,295.0,0.0,288.8973214285714,289.0,0.18563056148474677,461906218.6666667,458044160.0,30708954.80273734
2243,quicksilver,8,40000,100,0.5,309.34449404761904,316.9888392857143,14.125136216025673,142.34293898809526,146.6953125,8.723722951004548,762710.0,762710.0,0.0,295.0,295.0,0.0,289.6688988095238,290.0,0.573484084351297,480920234.6666667,462723072.0,34515447.601223275
2244,quicksilver,8,40000,100,0.7,299.5,293.5,12.342339054382418,136.24314174107144,132.44628348214286,8.08446154283377,762710.0,762710.0,0.0,295.0,295.0,0.0,289.80970982142856,289.6227678571429,0.8659129683676278,509398736.0,511186592.0,52793342.814916454
2245,quicksilver,8,40000,100,1.0,313.0,317.5,13.735598518691015,144.86575892857144,147.38571428571427,9.189259086928535,762710.0,762710.0,0.0,295.0,295.0,0.0,291.2388392857143,291.0669642857143,0.39349076338249483,462491232.0,455181888.0,25370941.53393476
2246,quicksilver,8,40000,1000,0.1,293.5,293.5,0.7071067811865476,132.60736607142857,132.60736607142857,0.4544108087134281,762710.0,762710.0,0.0,295.0,295.0,0.0,263.7321428571429,263.7321428571429,1.6225575246869914,441665280.0,441665280.0,24747153.422339305
2247,quicksilver,8,40000,1000,0.3,303.25,302.5,13.400870618483472,137.91690848214287,137.4665625,8.701514692160897,762710.0,762710.0,0.0,295.0,295.0,0.0,281.1752232142857,281.3314732142857,1.71491193686782,475168288.0,471791488.0,50496972.84139345
2248,quicksilver,8,40000,1000,0.5,310.8180803571429,316.1361607142857,12.618306730307152,143.22195870535717,146.75018973214287,8.461249457945355,762710.0,762710.0,0.0,295.0,295.0,0.0,285.4665178571429,285.89508928571433,0.9774271257436283,474062848.0,456250368.0,54162383.20350211
2249,quicksilver,8,40000,1000,0.7,293.00074404761904,294.0,1.7326955311530527,132.22059523809523,133.13852678571428,1.8328226308359388,762710.0,762710.0,0.0,295.0,295.0,0.0,286.09598214285717,285.85714285714283,0.8027742821930097,544443050.6666666,564121152.0,46234031.033753
2250,quicksilver,8,40000,1000,1.0,302.3333333333333,295.0,14.468356276140465,138.21654017857142,134.01417410714288,9.453722680522672,762710.0,762710.0,0.0,295.0,295.0,0.0,288.9888392857143,289.0,0.2602242060920208,484486016.0,478211328.0,26790431.000383403
2251,quicksilver,8,40000,10000,0.1,300.75,303.0,5.909032633745282,136.52885602678572,137.60010044642857,3.890305491611018,762710.0,762710.0,0.0,295.0,295.0,0.0,172.93191964285714,166.14508928571428,16.31508466838284,236809440.0,250125120.0,31504215.03959113
2252,quicksilver,8,40000,10000,0.3,300.5133928571429,300.5267857142857,7.490120689994281,136.42167410714285,136.40154017857142,3.4982006577757367,762710.0,762710.0,0.0,295.0,295.0,0.0,238.33761160714286,232.59486607142856,16.28892454855205,317149056.0,349656384.0,92023358.0701832
2253,quicksilver,8,40000,10000,0.5,306.0,311.0,10.677078252031317,139.3913169642857,142.53724330357142,7.158208304361308,762710.0,762710.0,0.0,295.0,295.0,0.0,257.08872767857144,254.59151785714286,6.722095249459753,346088960.0,369044480.0,60862715.844511144
2254,quicksilver,8,40000,10000,0.7,308.9983258928571,312.9966517857143,9.379880280029248,141.76031808035714,143.33645089285716,5.595436299355652,762710.0,762710.0,0.0,295.0,295.0,0.0,263.56138392857144,263.12388392857144,2.663863700639052,393784048.0,398797056.0,34088254.436490156
2255,quicksilver,8,40000,10000,1.0,303.0005580357143,303.00111607142856,11.546361055612605,138.27459821428573,138.1139174107143,7.060155783745506,762710.0,762710.0,0.0,295.0,295.0,0.0,270.73158482142856,270.50111607142856,3.338311434276695,424893168.0,429148608.0,62505620.77122063
2256,quicksilver,8,40000,100000,0.1,296.9693080357143,297.93861607142856,2.829093138566997,135.30803571428572,135.94341517857143,2.4323881801326075,762710.0,762710.0,0.0,295.0,295.0,0.0,39.63426339285714,35.49196428571429,9.701850938920035,51292080.0,52123680.0,1948849.2407572218
2257,quicksilver,8,40000,100000,0.3,298.6311383928571,299.0,3.59991862579207,135.82611607142857,135.745234375,2.692006029608512,762710.0,762710.0,0.0,295.0,295.0,0.0,93.99988839285714,85.44129464285714,27.53186084431408,119823872.0,124926592.0,16403132.95842718
2258,quicksilver,8,40000,100000,0.5,295.0,293.0,5.477225575051661,133.30201450892855,131.96589285714285,3.8351466121158153,762710.0,762710.0,0.0,295.0,295.0,0.0,117.24888392857143,105.0,26.65136754253379,176744960.0,188762112.0,26680849.149847683
2259,quicksilver,8,40000,100000,0.7,295.6813616071429,293.95200892857144,4.907237464742127,133.5788671875,132.97227678571429,2.6113053651686524,762710.0,762710.0,0.0,295.0,295.0,0.0,141.50502232142856,138.01004464285714,16.043898002951742,212684752.0,217487424.0,22179452.201434378
2260,quicksilver,8,40000,100000,1.0,301.5016741071429,304.9944196428571,7.682946950102541,136.7426674107143,138.82387276785715,4.976199186473984,762710.0,762710.0,0.0,295.0,295.0,0.0,171.5,167.5,12.124355652982137,244062000.0,252222432.0,24536808.53778339
2261,quicksilver,8,40000,1000000,0.1,295.9994419642857,297.0,3.830679885930507,134.921875,135.8051450892857,3.9389470097796475,762710.0,762710.0,0.0,295.5,295.5,0.5773502691896257,5.107193080357144,4.013828125,2.3300533331408566,5851440.0,5866560.0,44701.892577384235
2262,quicksilver,8,40000,1000000,0.3,293.75,293.5,4.112987559751017,132.6239732142857,132.33925223214285,4.286344734406237,762710.0,762710.0,0.0,295.5,295.5,0.577350269189634,12.767745535714285,11.316517857142856,3.488842905982494,16959040.0,17049088.0,227277.48387672176
2263,quicksilver,8,40000,1000000,0.5,294.32886904761904,292.984375,4.1670946713635475,133.20875,131.7008482142857,4.245409195904787,762710.0,762710.0,0.0,295.6666666666667,296.0,0.5773502691896216,17.18139880952381,18.5046875,2.552026532366302,27897856.0,27797504.0,265506.4355679538
2264,quicksilver,8,40000,1000000,0.7,294.7779017857143,294.5234375,4.959393632969535,133.46889508928572,133.52647321428572,4.582284350448305,762710.0,762710.0,0.0,295.75,296.0,0.4999999999999952,28.62779017857143,24.55,9.538763016785026,37404752.0,38000704.0,1389916.2456033102
2265,quicksilver,8,40000,1000000,1.0,296.9977678571429,297.9955357142857,1.9985163369095975,135.163671875,135.8495200892857,1.635974620590699,762710.0,762710.0,0.0,295.75,296.0,0.4999999999999952,38.729296874999996,34.59988839285714,9.0998649968709,51365664.0,52166688.0,1809705.6902822624
2266,quicksilver,8,200000,0,0.1,294.9765625,294.9765625,4.209495056751166,133.49342633928572,133.49342633928572,2.916357747022757,762710.0,762710.0,0.0,295.0,295.0,0.0,294.0,294.0,0.0,118732320.0,118732320.0,17662282.886105068
2267,quicksilver,8,200000,0,0.3,300.36532738095235,301.0,1.183381716024266,137.7502604166667,138.1261830357143,0.8101647222995534,762710.0,762710.0,0.0,295.0,295.0,0.0,293.6674107142857,294.0,0.5760615409101624,153902037.33333334,147138432.0,26645643.50090944
2268,quicksilver,8,200000,0,0.5,300.60044642857144,302.35044642857144,3.7482218360707953,138.67619419642855,140.0149888392857,3.1228438271769803,762710.0,762710.0,0.0,295.0,295.0,0.0,294.0,294.0,0.0,127321600.0,129855488.0,25250229.69550611
2269,quicksilver,8,200000,0,0.7,297.2421875,297.0,5.840344094368501,135.4198046875,135.39573660714285,5.059854572336986,762710.0,762710.0,0.0,295.0,295.0,0.0,294.0044642857143,294.0,0.008928571428578874,124799360.0,123046560.0,17431822.919588875
2270,quicksilver,8,200000,0,1.0,297.6322544642857,297.5,3.6460313547109693,136.21064732142858,136.06331473214286,3.0187228771857826,762710.0,762710.0,0.0,295.25,295.0,0.5000000000000047,294.2600446428571,294.0200892857143,0.4936670445037689,118801872.0,116749248.0,15218907.042731289
2271,quicksilver,8,200000,100,0.1,295.25,294.5,3.593976442141301,133.7532979910714,132.9807924107143,3.2252647895065265,762710.0,762710.0,0.0,295.0,295.0,0.0,292.5,292.5,0.5773502691896257,133348320.0,134688960.0,23407224.3469575
2272,quicksilver,8,200000,100,0.3,297.0608258928571,296.5,5.915066647357546,135.36420200892857,134.82239955357142,5.151320213143629,762710.0,762710.0,0.0,295.0,295.0,0.0,293.14453125,293.0,0.2890624999999953,156398368.0,153922048.0,26132400.326811668
2273,quicksilver,8,200000,100,0.5,296.0,295.0,6.0553007081949835,134.37538504464285,133.7284263392857,5.396840505702285,762710.0,762710.0,0.0,295.0,295.0,0.0,293.98828125,294.0,0.0234375,127371776.0,136980480.0,28999514.268452983
2274,quicksilver,8,200000,100,0.7,299.7578125,298.0,9.15635221074919,138.51255580357142,136.4525558035714,9.301625552344891,762710.0,762710.0,0.0,295.0,295.0,0.0,294.0,294.0,0.0,119470848.0,116175584.0,22809866.447886333
2275,quicksilver,8,200000,100,1.0,299.75,300.5,2.8722813232690143,137.71839285714285,138.2107142857143,2.5264576928785396,762710.0,762710.0,0.0,295.0,295.0,0.0,294.0,294.0,0.0,129064992.0,128364096.0,9485597.776327647
2276,quicksilver,8,200000,1000,0.1,298.4603794642857,299.92075892857144,3.6762023436164015,136.1665345982143,137.2618638392857,2.9142368511231718,762710.0,762710.0,0.0,295.0,295.0,0.0,284.9743303571429,285.0647321428571,1.841453822840526,150887520.0,148669920.0,29166731.548941165
2277,quicksilver,8,200000,1000,0.3,298.73828125,300.5,5.302616035166633,136.37156808035715,137.73722098214284,4.4704562468705555,762710.0,762710.0,0.0,295.0,295.0,0.0,290.49330357142856,290.5,0.5851848198512727,163782304.0,159775168.0,22977354.196140397
2278,quicksilver,8,200000,1000,0.5,299.93247767857144,301.5,3.947094444184594,137.82506138392856,138.84700892857143,3.0508993651777696,762710.0,762710.0,0.0,295.0,295.0,0.0,292.4966517857143,292.49330357142856,0.5735101479264849,140643328.0,141747200.0,13746026.335299667
2279,quicksilver,8,200000,1000,0.7,296.24497767857144,296.05357142857144,6.172504616501002,134.55709263392856,134.58681919642856,5.683866442948462,762710.0,762710.0,0.0,295.0,295.0,0.0,293.0,293.0,0.0,132897296.0,133493248.0,12100702.910843264
2280,quicksilver,8,200000,1000,1.0,297.7700892857143,295.0,6.168526684748905,136.45224888392858,133.69277901785716,5.674722918710633,762710.0,762710.0,0.0,295.25,295.0,0.5000000000000047,294.1467633928571,294.0,0.29352678571427443,113545152.0,118451424.0,21349581.33739807
2281,quicksilver,8,200000,10000,0.1,297.02845982142856,298.5,3.3101523973016773,135.15514508928572,136.23736607142857,3.001405123882325,762710.0,762710.0,0.0,295.0,295.0,0.0,231.81752232142856,231.08705357142856,10.978342169076791,123011280.0,124296480.0,21161338.951966155
2282,quicksilver,8,200000,10000,0.3,292.24888392857144,292.5,0.9593705682496451,131.07694754464285,131.3508705357143,1.0124541064070154,762710.0,762710.0,0.0,295.0,295.0,0.0,273.2717633928571,273.5435267857143,2.497475856240309,122210144.0,119313600.0,14197991.052188946
2283,quicksilver,8,200000,10000,0.5,297.34002976190476,301.0200892857143,7.239276799106784,135.7032886904762,139.21075892857144,6.524799072372748,762710.0,762710.0,0.0,295.0,295.0,0.0,281.3370535714286,281.0111607142857,2.5158804851885566,124637184.0,127246336.0,23091429.138730068
2284,quicksilver,8,200000,10000,0.7,300.02622767857144,297.50111607142856,9.533832797811103,138.48547991071428,136.05385044642856,9.064396189631816,762710.0,762710.0,0.0,295.0,295.0,0.0,285.5,285.5,0.5773502691896257,121013312.0,121784544.0,8051186.186739608
2285,quicksilver,8,200000,10000,1.0,298.24497767857144,298.9899553571429,2.2151123941370767,136.24766741071429,136.6751450892857,1.7943349223957419,762710.0,762710.0,0.0,295.0,295.0,0.0,288.5,289.0,1.0000000000000047,115697904.0,110641440.0,12892686.988156969
2286,quicksilver,8,200000,100000,0.1,296.7321428571429,298.5,4.60861918022082,135.53247209821427,137.36094866071429,4.639349290555965,762710.0,762710.0,0.0,295.0,295.0,0.0,81.247265625,82.82243303571428,8.838514128359101,42955920.0,42638400.0,1781956.6055322448
2287,quicksilver,8,200000,100000,0.3,294.13002232142856,294.7600446428571,3.2162869798133245,133.08421875,133.663125,2.8033971920261553,762710.0,762710.0,0.0,295.0,295.0,0.0,167.25,166.5,4.349329450233294,76195616.0,76570816.0,2634748.331905724
2288,quicksilver,8,200000,100000,0.5,297.25,297.5,2.5,135.83978236607143,135.93342633928572,2.0622501330601284,762710.0,762710.0,0.0,295.0,295.0,0.0,200.0,199.5,3.559026084010433,94657024.0,94983168.0,3655508.9946931717
2289,quicksilver,8,200000,100000,0.7,296.73828125,297.4765625,3.9545632059355835,135.28890625,135.7830245535714,3.5632641264231317,762710.0,762710.0,0.0,295.0,295.0,0.0,222.07198660714286,220.64397321428572,5.8810036963861885,101346896.0,102994528.0,8348825.169431845
2290,quicksilver,8,200000,100000,1.0,297.96763392857144,297.5,4.713162991704526,136.35531808035714,136.1775669642857,4.150273971259783,762710.0,762710.0,0.0,295.5,295.5,0.5773502691896257,242.25,241.5,4.1932485418030385,104633760.0,106636320.0,7980982.568561343
2291,quicksilver,8,200000,1000000,0.1,293.82533482142856,292.0,3.761594698626868,132.71306919642856,130.8644419642857,3.8884141095749154,762710.0,762710.0,0.0,295.25,295.0,0.4999999999999952,11.978878348214286,10.062276785714284,5.556432674089962,5710320.0,5745600.0,104592.64983735712
2292,quicksilver,8,200000,1000000,0.3,294.25,294.5,2.499999999999999,133.220390625,133.53321428571428,2.5500667152993994,762710.0,762710.0,0.0,295.75,296.0,0.5000000000000047,29.25,27.450000000000003,6.1223633780863835,15983520.0,16088576.0,354731.04706899635
2293,quicksilver,8,200000,1000000,0.5,296.2622767857143,297.5,3.7869027766467154,135.24770089285715,136.21205357142856,3.718931748750984,762710.0,762710.0,0.0,295.75,296.0,0.5,54.89559151785714,51.552232142857136,11.20280237959074,24134656.0,24435712.0,1118973.549909618
2294,quicksilver,8,200000,1000000,0.7,295.25,295.5,2.7537852736430484,134.0153515625,134.13963169642858,2.4557438802826157,762710.0,762710.0,0.0,296.0,296.0,0.0,71.34905133928571,71.44999999999999,0.7034009845505748,31445232.0,31410176.0,70112.0
2295,quicksilver,8,200000,1000000,1.0,295.5,295.0,3.3166247903554056,134.39223214285713,133.87289062499997,3.2979359335391574,762710.0,762710.0,0.0,295.75,296.0,0.4999999999999952,98.4,97.5,9.877921508765564,39500496.0,39650688.0,1909445.5979807333
2296,quicksilver,8,400000,0,0.1,292.50279017857144,292.5055803571429,2.0807797181883347,131.71022321428572,131.860234375,1.916396741237618,762710.0,762710.0,0.0,295.0,295.0,0.0,294.0078125,294.0,0.015624999999995262,69809040.0,73170720.0,13590385.933592908
2297,quicksilver,8,400000,0,0.3,297.921875,299.9765625,4.62842989373826,135.66828683035715,137.23633928571428,3.9029937280817912,762710.0,762710.0,0.0,295.0,295.0,0.0,294.6517857142857,294.80357142857144,0.46430002267330867,68856704.0,68406464.0,9131312.528434599
2298,quicksilver,8,400000,0,0.5,296.4983258928571,296.0,3.001861409996249,134.93651227678572,134.71362723214284,2.417924962641553,762710.0,762710.0,0.0,295.0,295.0,0.0,295.0,295.0,0.0,62569472.0,59207680.0,9588562.269820157
2299,quicksilver,8,400000,0,0.7,298.0,298.0,2.449489742783178,136.39005580357144,136.12616071428573,1.936065730983387,762710.0,762710.0,0.0,295.25,295.0,0.4999999999999952,295.0,295.0,0.0,56405104.0,56370048.0,176444.66397523452
2300,quicksilver,8,400000,0,1.0,298.6116071428571,298.7232142857143,2.8695554406337442,136.90646763392857,136.82200892857145,2.1980627755625437,762710.0,762710.0,0.0,295.25,295.0,0.5000000000000047,295.0,295.0,0.0,58725072.0,58074240.0,4663213.691961371
2301,quicksilver,8,400000,100,0.1,299.0,299.0,4.08248290463863,137.0437388392857,136.53271205357143,3.978439700595139,762710.0,762710.0,0.0,295.0,295.0,0.0,293.75390625,294.0,0.4921875,70413840.0,73785600.0,17803698.99759036
2302,quicksilver,8,400000,100,0.3,298.24497767857144,299.5,4.358953190693788,136.14254464285713,136.97080357142858,3.947739947601758,762710.0,762710.0,0.0,295.0,295.0,0.0,294.25,294.0,0.5000000000000047,68286400.0,72728768.0,16090106.593859801
2303,quicksilver,8,400000,100,0.5,294.0580357142857,292.4944196428571,4.026192164707407,132.80728236607143,131.40126116071428,3.5477114512175794,762710.0,762710.0,0.0,295.0,295.0,0.0,295.0,295.0,0.0,60286464.0,62720000.0,9065207.812709868
2304,quicksilver,8,400000,100,0.7,301.5446428571429,301.5267857142857,2.3255686525714787,139.70857142857142,139.56387276785716,2.0868048701927355,762710.0,762710.0,0.0,295.0,295.0,0.0,294.9575892857143,295.0,0.08482142857141166,55633872.0,57491840.0,6609272.464512667
2305,quicksilver,8,400000,100,1.0,298.6793154761905,300.0,3.1929103347445382,136.9545238095238,137.66879464285714,2.2922719842930483,762710.0,762710.0,0.0,295.6666666666667,296.0,0.577350269189634,295.3333333333333,295.0,0.5773502691896216,56805952.0,59876544.0,7309572.599165016
2306,quicksilver,8,400000,1000,0.1,295.0014880952381,295.0,1.9910718456383953,133.64887648809523,133.82482142857143,1.1981103968190203,762710.0,762710.0,0.0,295.0,295.0,0.0,291.3489583333333,291.046875,0.5643055512825733,54196800.0,53605440.0,5929039.662677254
2307,quicksilver,8,400000,1000,0.3,296.54185267857144,296.578125,3.4717026100185353,135.19165736607144,135.28669642857142,2.661095519349181,762710.0,762710.0,0.0,295.0,295.0,0.0,293.25,293.0,0.5000000000000047,64519392.0,67956224.0,15171388.185696391
2308,quicksilver,8,400000,1000,0.5,296.5,297.0,5.259911279353167,134.99219308035714,135.45213169642858,4.65143265016251,762710.0,762710.0,0.0,295.0,295.0,0.0,294.0,294.0,0.0,61841920.0,64626688.0,7052480.297847748
2309,quicksilver,8,400000,1000,0.7,297.0,297.5,2.449489742783176,135.5907310267857,136.15996651785713,1.9636791126887791,762710.0,762710.0,0.0,295.25,295.0,0.5000000000000047,294.5,294.5,0.5773502691896257,53635680.0,52654112.0,12485711.682241159
2310,quicksilver,8,400000,1000,1.0,294.03292410714283,294.07700892857144,0.8150539053965359,132.84470982142858,133.09184151785718,0.8305686380602474,762710.0,762710.0,0.0,295.75,296.0,0.4999999999999952,294.75,295.0,0.4999999999999952,56522256.0,57573600.0,8799688.57846049
2311,quicksilver,8,400000,10000,0.1,299.24888392857144,300.9977678571429,4.9914366174751,137.23684151785716,138.7996205357143,4.194538364722889,762710.0,762710.0,0.0,295.0,295.0,0.0,263.50111607142856,262.0022321428571,8.346388881631043,61256160.0,64078560.0,16111296.350076862
2312,quicksilver,8,400000,10000,0.3,300.25,300.5,2.5,138.15319196428572,138.29948660714285,2.545913831050126,762710.0,762710.0,0.0,295.0,295.0,0.0,285.4994419642857,285.5,2.3812576824815315,55739712.0,55589632.0,14093803.896765795
2313,quicksilver,8,400000,10000,0.5,297.2672991071429,297.0345982142857,5.1089403442586425,135.7893136160714,135.47466517857143,4.739416521020299,762710.0,762710.0,0.0,295.0,295.0,0.0,289.0825892857143,288.66517857142856,1.34426406082327,56422912.0,58455040.0,9681541.22269824
2314,quicksilver,8,400000,10000,0.7,294.25,292.5,4.573474244670748,133.2130357142857,131.796015625,4.212114434044654,762710.0,762710.0,0.0,295.5,295.5,0.577350269189634,290.75,290.5,0.9574271077563405,58298128.0,61418112.0,14104599.101706555
2315,quicksilver,8,400000,10000,1.0,295.49609375,294.4921875,3.8750078754960318,134.04646205357142,133.11688616071427,3.6018646835660904,762710.0,762710.0,0.0,295.5,295.5,0.5773502691896257,292.25,292.0,0.4999999999999952,56372064.0,61678848.0,13933270.816996848
2316,quicksilver,8,400000,100000,0.1,294.1936383928571,294.0,3.8602424022321946,132.9024330357143,132.92331473214284,3.6292271523252033,762710.0,762710.0,0.0,295.0,295.0,0.0,137.93247767857144,137.36495535714286,8.254981838308463,31605840.0,31741920.0,1629211.9950454575
2317,quicksilver,8,400000,100000,0.3,293.89341517857144,292.734375,3.7471455685153696,132.8291294642857,131.90372767857144,3.1894949285315413,762710.0,762710.0,0.0,295.0,295.0,0.0,209.5,212.5,7.7674534651540315,51162272.0,49286272.0,4631777.768393759
2318,quicksilver,8,400000,100000,0.5,299.51674107142856,299.32700892857144,1.260347926036332,137.8198158482143,137.60380580357145,1.1868344099179806,762710.0,762710.0,0.0,295.0,295.0,0.0,242.5,242.5,2.8867513459481313,52835328.0,52885504.0,2816419.002039765
2319,quicksilver,8,400000,100000,0.7,292.6666666666667,293.0,1.5275252316519405,131.60216517857143,131.93178571428572,1.3310704128547197,762710.0,762710.0,0.0,296.0,296.0,0.0,256.6666666666667,256.0,5.033222956847173,53799274.666666664,54687360.0,6704897.231058903
2320,quicksilver,8,400000,100000,1.0,299.5,300.0,4.123105625617655,137.60455915178574,138.03184151785717,3.578819724101464,762710.0,762710.0,0.0,295.75,296.0,0.4999999999999952,271.59654017857144,270.5,3.7598189261781774,47861184.0,50965152.0,7346966.626537513
2321,quicksilver,8,400000,1000000,0.1,294.75,293.5,3.5939764421412983,133.78292410714286,132.53275669642858,3.357992681953644,762710.0,762710.0,0.0,295.5,295.5,0.5773502691896257,26.15535714285714,23.060714285714283,8.01750290870895,5428080.0,5493600.0,166548.93334993173
2322,quicksilver,8,400000,1000000,0.3,296.26171875,296.0234375,5.570853030108855,135.10526785714285,134.73707589285715,5.172863142520987,762710.0,762710.0,0.0,296.0,296.0,0.0,64.6,65.44999999999999,9.347726996441443,13882400.0,13837376.0,568193.7096918033
2323,quicksilver,8,400000,1000000,0.5,295.25,294.5,3.403429642777029,134.247890625,133.47671875,3.6113732058584787,762710.0,762710.0,0.0,296.0,296.0,0.0,98.61021205357142,97.52042410714284,4.55141107123831,19769344.0,19869696.0,433570.19371108373
2324,quicksilver,8,400000,1000000,0.7,297.25,296.5,5.737304826019501,135.85793526785716,135.23648437499997,5.492387927576001,762710.0,762710.0,0.0,296.0,296.0,0.0,122.25,124.0,7.632168761236872,24328864.0,24048416.0,1064841.027328806
2325,quicksilver,8,400000,1000000,1.0,295.25279017857144,295.5055803571429,2.752101720227846,134.0261830357143,134.49360491071428,2.535331707848451,762710.0,762710.0,0.0,296.0,296.0,0.816496580927726,150.25,146.5,15.326991442115009,29137248.0,29838144.0,3056775.174900503
2326,quicksilver,8,2000000,0,0.3,296.4977678571429,296.4955357142857,2.382354962624625,134.70176897321426,134.5570982142857,1.6812903593942738,762710.0,762710.0,0.0,295.5,295.5,0.5773502691896257,295.5,295.5,0.5773502691896257,14422688.0,14497728.0,526493.5315487424
2327,quicksilver,8,2000000,0,0.5,296.52734375,298.5546875,5.077305622997583,134.67711495535713,136.3962388392857,4.495082653065963,762710.0,762710.0,0.0,296.0,296.0,0.816496580927726,296.0,296.0,0.816496580927726,11891712.0,11891712.0,1286438.013103365
2328,quicksilver,8,2000000,0,0.7,297.9475446428571,296.90513392857144,2.7229974664856624,135.9651953125,134.87688616071426,2.3992177053409325,762710.0,762710.0,0.0,297.0,297.0,0.8164965809277203,296.75,296.5,0.9574271077563455,12935664.0,12830496.0,368782.8996180091
2329,quicksilver,8,2000000,0,1.0,296.25,296.5,6.800735254367723,134.81527901785714,135.24650669642855,5.856831609684988,762710.0,762710.0,0.0,298.75,299.0,1.258305739211786,298.75,299.0,1.258305739211786,12516000.0,13016640.0,1292646.9216301874
2330,quicksilver,8,2000000,100,0.1,301.20238095238096,301.60714285714283,2.0304861855378227,138.76710565476193,139.4464732142857,1.4424010344377975,762710.0,762710.0,0.0,295.0,295.0,0.0,295.0,295.0,0.0,15193920.0,13426560.0,3470468.5138465096
2331,quicksilver,8,2000000,100,0.3,295.26171875,294.0,3.9838005100539675,133.90426897321427,132.96708705357142,3.0998702694851357,762710.0,762710.0,0.0,295.75,296.0,0.4999999999999952,295.5,295.5,0.577350269189634,14122528.0,14707840.0,1608121.9651523116
2332,quicksilver,8,2000000,100,0.5,297.9693080357143,297.93861607142856,4.052764357703018,136.01748325892856,135.88571428571427,3.30279113559635,762710.0,762710.0,0.0,296.25,296.5,0.9574271077563455,296.0,296.0,1.1547005383792432,13773312.0,13848576.0,1761885.0681608038
2333,quicksilver,8,2000000,100,0.7,298.50111607142856,300.0,4.510405190496933,136.73993303571427,137.8416183035714,4.097501499581883,762710.0,762710.0,0.0,297.25,297.0,0.4999999999999952,296.75,296.5,0.9574271077563381,12970720.0,12900608.0,837439.8304419646
2334,quicksilver,8,2000000,100,1.0,299.3199404761905,301.0,3.7718335835582497,137.53941964285715,139.21375,3.009162308442179,762710.0,762710.0,0.0,298.3333333333333,299.0,2.0816659994661384,298.3333333333333,299.0,2.0816659994661384,11681600.0,11014080.0,2666740.3113884185
2335,quicksilver,8,2000000,1000,0.1,294.7700892857143,293.54017857142856,2.857409655512016,133.55739955357143,132.71804687500003,2.2657607334208945,762710.0,762710.0,0.0,295.0,295.0,0.0,294.0,294.0,0.0,17070480.0,16571520.0,2671301.432036452
2336,quicksilver,8,2000000,1000,0.3,295.8102678571429,296.1049107142857,3.2786797513617936,134.48325892857144,134.77742187500002,2.7775842485176283,762710.0,762710.0,0.0,295.75,296.0,0.5000000000000047,295.25,295.0,0.4999999999999952,13507200.0,13717312.0,815787.5391906073
2337,quicksilver,8,2000000,1000,0.5,296.49888392857144,296.4732142857143,4.905685161547813,134.9840234375,134.72004464285715,4.20844647287113,762710.0,762710.0,0.0,296.0022321428571,295.5044642857143,1.412114566490479,295.5,295.0,1.0,12794880.0,12694528.0,1814679.3977471613
2338,quicksilver,8,2000000,1000,0.7,295.3364955357143,295.2064732142857,2.7472249539824274,134.05478794642858,134.103515625,2.585543277728895,762710.0,762710.0,0.0,297.0,297.0,0.0,297.0,297.0,0.0,13251168.0,13531616.0,961327.3106866359
2339,quicksilver,8,2000000,1000,1.0,297.00074404761904,298.0,4.5813579806139,135.5261532738095,136.41069196428572,3.9155960261474565,762710.0,762710.0,0.0,297.3333333333333,297.0,0.5773502691896216,297.0,297.0,1.0,12082112.0,12616128.0,1667464.4255563596
2340,quicksilver,8,2000000,10000,0.1,295.2154017857143,292.93080357142856,5.926754032209547,133.6810044642857,131.51125000000002,5.285528910854606,762710.0,762710.0,0.0,295.0,295.0,0.0,286.25,286.0,1.4999999999999984,16964640.0,17398080.0,2676070.729110126
2341,quicksilver,8,2000000,10000,0.3,297.5,297.0,4.1231056256176615,135.63042410714286,135.06285714285713,3.5224185882983754,762710.0,762710.0,0.0,296.0,296.0,0.816496580927726,293.25,293.0,0.4999999999999952,13372128.0,13177024.0,1500699.9433313329
2342,quicksilver,8,2000000,10000,0.5,298.3333333333333,295.0,5.773502691896266,137.02912202380955,134.03350446428573,5.437246702346229,762710.0,762710.0,0.0,296.6666666666667,297.0,0.5773502691896216,294.6666666666667,295.0,0.5773502691896216,13279914.666666666,13246464.0,1154411.5369439675
2343,quicksilver,8,2000000,10000,0.7,297.7321428571429,299.9642857142857,5.177925157231025,135.92657924107144,137.8514955357143,4.51012292119347,762710.0,762710.0,0.0,297.25,297.5,0.9574271077563405,296.25,296.5,0.9574271077563405,13286224.0,13461504.0,1302272.6011400225
2344,quicksilver,8,2000000,10000,1.0,297.0072544642857,297.46986607142856,3.6967553695652726,135.32917968750002,135.60649553571432,3.017981457576597,762710.0,762710.0,0.0,297.5,297.5,1.2909944487358056,296.75,297.0,1.4999999999999984,13116768.0,13116768.0,1250598.3191672696
2345,quicksilver,8,2000000,100000,0.1,296.9994419642857,296.97544642857144,4.767204445456699,135.6107198660714,135.5989732142857,4.1419639264564685,762710.0,762710.0,0.0,295.5,295.5,0.5773502691896257,234.5,234.0,9.539392014169456,12181680.0,12247200.0,1886037.7667480574
2346,quicksilver,8,2000000,100000,0.3,296.0876116071429,296.171875,4.493348988412747,134.59985491071427,134.5584151785714,3.6352471056430367,762710.0,762710.0,0.0,295.75,296.0,0.4999999999999952,275.7494419642857,275.5,3.4990965749538088,11961376.0,11976384.0,1885281.997452901
2347,quicksilver,8,2000000,100000,0.5,297.6666666666667,299.0,3.214550253664313,136.08204613095236,137.09645089285715,2.974966719174587,762710.0,762710.0,0.0,296.0,296.0,1.0,283.3333333333333,283.0,0.577350269189634,12744704.0,12544000.0,1018461.5663401344
2348,quicksilver,8,2000000,100000,0.7,300.5122767857143,301.0,1.7463418968595463,138.2386049107143,138.491328125,1.8307597026191855,762710.0,762710.0,0.0,297.0,297.0,1.1547005383792432,287.75,288.0,1.4999999999999922,12760384.0,12620160.0,605836.9224623626
2349,quicksilver,8,2000000,100000,1.0,297.6891741071429,296.3783482142857,4.550918116664657,136.23924665178572,134.84100446428573,4.091479231162289,762710.0,762710.0,0.0,298.5,298.0,1.9148542155126762,292.25,292.0,2.217355782608342,12065424.0,12516000.0,1562980.6542526367
2350,quicksilver,8,2000000,1000000,0.1,295.5279017857143,295.5569196428571,4.627204505694694,134.2687611607143,134.02504464285715,4.82339991907886,762710.0,762710.0,0.0,295.75,296.0,0.5,80.85965401785714,81.95223214285713,7.691620287437423,4329360.0,4314240.0,158205.69901239336
2351,quicksilver,8,2000000,1000000,0.3,293.9888392857143,292.0,4.007495733709185,132.7892466517857,131.2626339285714,3.478540681821905,762710.0,762710.0,0.0,295.75,296.0,0.5,169.0,168.5,8.60232526704263,7609056.0,7624064.0,526493.5315487426
2352,quicksilver,8,2000000,1000000,0.5,299.5,299.5,4.932882862316247,137.94170758928573,137.85875,4.720865506358505,762710.0,762710.0,0.0,296.5,296.5,0.5773502691896257,209.0,208.5,4.2426406871192865,8780800.0,8881152.0,437424.22678219376
2353,quicksilver,8,2000000,1000000,0.7,294.0,293.5,2.943920288775949,132.79037388392857,132.40536830357144,2.6249658404234313,762710.0,762710.0,0.0,296.75,296.5,0.9574271077563381,229.75,227.5,7.88986691902975,9395008.0,9745568.0,1092188.0442536746
2354,quicksilver,8,2000000,1000000,1.0,292.53627232142856,292.3950892857143,0.6607604728668414,131.51047991071428,131.42409598214286,0.6902809547252964,762710.0,762710.0,0.0,299.25,300.0,3.0956959368344585,247.74162946428572,248.0,3.788971766744482,10213056.0,10012800.0,766922.091563413
2355,quicksilver,8,4000000,0,0.1,297.75,298.0,3.304037933599827,135.8826171875,136.38810267857144,2.4319947386987484,762710.0,762710.0,0.0,295.75,296.0,0.4999999999999952,295.5,295.5,0.5773502691896257,7711200.0,7731360.0,2024616.7850731653
2356,quicksilver,8,4000000,0,0.3,296.53236607142856,296.0,4.755606942670516,134.98523995535714,134.25168526785714,4.11979789387323,762710.0,762710.0,0.0,295.76674107142856,295.5334821428571,0.9403752323938864,295.75,295.5,0.9574271077563381,6978720.0,7233856.0,705854.8162108125
2357,quicksilver,8,4000000,0,0.5,296.88783482142856,296.67410714285717,3.858699262550033,135.4354296875,135.430078125,3.355537435936023,762710.0,762710.0,0.0,297.25,297.0,1.4999999999999984,297.0022321428571,296.5044642857143,1.4142206086205094,6221824.0,5920768.0,1300710.581133251
2358,quicksilver,8,4000000,0,0.7,299.0,300.0,5.291502622129181,137.04830915178573,137.81906250000003,4.803145657023661,762710.0,762710.0,0.0,297.7650669642857,297.53013392857144,1.6992471249781007,297.75,297.5,1.7078251276599261,6625584.0,6730752.0,762686.2293062155
2359,quicksilver,8,4000000,0,1.0,297.3467261904762,300.0,5.484469632834742,135.8778050595238,138.35973214285715,4.699805647764646,762710.0,762710.0,0.0,299.6666666666667,301.0,3.214550253664313,299.3333333333333,301.0,3.7859388972001873,6341440.0,6408192.0,703275.959310426
2360,quicksilver,8,4000000,100,0.1,296.0,295.0,2.8284271247461867,134.5516015625,133.7313950892857,2.465218983943711,762710.0,762710.0,0.0,295.5,295.5,0.5773502691896257,295.0,295.0,0.0,7620480.0,7408800.0,709715.9950289975
2361,quicksilver,8,4000000,100,0.3,296.63783482142856,296.27566964285717,4.200979981369064,135.2164453125,134.94197544642856,3.632624094685399,762710.0,762710.0,0.0,296.25,296.5,0.9574271077563381,296.25,296.5,0.9574271077563381,6603520.0,6813632.0,754590.5391614713
2362,quicksilver,8,4000000,100,0.5,295.7103794642857,293.6283482142857,5.314123018570406,134.4908203125,132.80025669642856,4.632775162402702,762710.0,762710.0,0.0,298.25,298.0,0.5000000000000047,298.25,298.0,0.5000000000000047,6322176.0,6272000.0,952022.6632596516
2363,quicksilver,8,4000000,100,0.7,298.421875,298.84375,4.924792455440804,136.65136160714286,136.90079241071427,4.3818317030203575,762710.0,762710.0,0.0,299.0,299.0,2.449489742783178,298.5,298.5,2.081665999466126,6099744.0,6239968.0,710406.7622500976
2364,quicksilver,8,4000000,100,1.0,295.4352678571429,296.0,4.542337771439594,133.8070200892857,134.45546874999997,4.013985998924615,762710.0,762710.0,0.0,298.75,298.0,2.3629078131263013,298.75,298.0,2.3629078131263013,6107808.0,6308064.0,476704.63046209235
2365,quicksilver,8,4000000,1000,0.1,295.6458333333333,295.9263392857143,1.5140352574983662,134.36242559523808,134.4434375,0.9125001982974134,762710.0,762710.0,0.0,295.3333333333333,295.0,0.5773502691896216,295.0,295.0,0.0,6935040.0,6552000.0,1032499.0793216234
2366,quicksilver,8,4000000,1000,0.3,299.5005580357143,301.0,3.78643035285795,137.6434765625,138.9117857142857,3.2136560067167257,762710.0,762710.0,0.0,296.75,297.0,0.4999999999999952,296.5,296.5,0.5773502691896257,6363392.0,5793088.0,1160963.626896209
2367,quicksilver,8,4000000,1000,0.5,298.42689732142856,299.0,2.556173862627706,136.7866238839286,137.2527455357143,2.2099568496095543,762710.0,762710.0,0.0,297.75,298.0,1.2583057392117898,297.25,297.5,0.9574271077563381,6497792.0,6773760.0,924746.08488745
2368,quicksilver,8,4000000,1000,0.7,299.0,298.5,7.071067811865471,137.15098214285715,136.5949330357143,6.486382641703566,762710.0,762710.0,0.0,299.75,300.5,2.6299556396765835,299.75,300.5,2.6299556396765835,5889408.0,5889408.0,512025.6526906961
2369,quicksilver,8,4000000,1000,1.0,292.6651785714286,291.9955357142857,2.0823823297107853,131.56299107142857,130.61752232142857,2.066389489149254,762710.0,762710.0,0.0,301.6666666666667,301.0,1.1547005383792557,301.6666666666667,301.0,1.1547005383792557,6408192.0,6007680.0,693707.1330410262
2370,quicksilver,8,4000000,10000,0.1,296.36607142857144,296.2321428571429,2.5048210318025705,134.86710379464284,134.73062499999997,1.840745946207029,762710.0,762710.0,0.0,295.5,295.5,0.577350269189634,291.5,291.5,0.577350269189634,7585200.0,7680960.0,861530.4707321732
2371,quicksilver,8,4000000,10000,0.3,294.5,294.0,1.7320508075688719,133.24796875,133.01522321428573,1.2413343423340606,762710.0,762710.0,0.0,296.0,296.0,0.8164965809277203,294.75,295.0,0.4999999999999952,6198304.0,6183296.0,1015676.8645194198
2372,quicksilver,8,4000000,10000,0.5,296.5122767857143,296.47209821428567,4.24927875188787,134.85245535714284,134.64607142857142,4.022269139438679,762710.0,762710.0,0.0,296.5,296.0,0.9999999999999952,295.71875,295.4375,0.9485460364860204,6447616.0,6472704.0,748166.6171364059
2373,quicksilver,8,4000000,10000,0.7,295.4380580357143,294.0,3.8965067156783326,134.19904575892858,132.97639508928572,3.67304275853934,762710.0,762710.0,0.0,298.75,299.0,1.2583057392117973,298.5,299.0,1.7320508075688719,6134800.0,6239968.0,368782.89961800934
2374,quicksilver,8,4000000,10000,1.0,294.79966517857144,293.5,4.4455837337897215,133.76041294642857,132.72762276785713,3.9418841095337216,762710.0,762710.0,0.0,299.2494419642857,299.5,3.202317528781184,298.5,298.5,3.5118845842842474,6358128.0,6308064.0,661653.4204309685
2375,quicksilver,8,4000000,100000,0.1,298.5,299.0,3.415650255319873,136.4841517857143,136.5548660714286,3.08315085409733,762710.0,762710.0,0.0,295.5,295.5,0.5773502691896257,261.75,263.0,5.5602757725374214,6824160.0,6632640.0,1052511.6200783723
2376,quicksilver,8,4000000,100000,0.3,298.5,298.5,0.7071067811865476,136.1878236607143,136.1878236607143,0.6440827325866115,762710.0,762710.0,0.0,296.5,296.5,0.7071067811865476,286.0,286.0,0.0,6423424.0,6423424.0,169796.1371527633
2377,quicksilver,8,4000000,100000,0.5,292.5,292.5,1.290994448735813,131.37103236607143,131.48439732142856,1.098549313791249,762710.0,762710.0,0.0,298.0,298.0,1.1547005383792515,291.6305803571429,291.7845982142857,1.6011467385931937,6272000.0,6171648.0,957297.0674059334
2378,quicksilver,8,4000000,100000,0.7,296.7806919642857,297.56138392857144,3.927101818178817,135.2546875,135.96036830357144,3.322812144075493,762710.0,762710.0,0.0,298.2477678571429,298.9955357142857,1.4985178157541599,293.25,294.0,1.5,6590528.0,6590528.0,472064.32682562806
2379,quicksilver,8,4000000,100000,1.0,296.5474330357143,296.953125,3.056621900649816,134.997421875,135.36957589285714,2.692752256774656,762710.0,762710.0,0.0,299.5,299.0,4.123105625617661,296.25,295.5,3.947573094109002,5907552.0,5707296.0,622621.2065517845
2380,quicksilver,8,4000000,1000000,0.1,294.0,293.0,2.0,132.58082589285715,131.71296875000002,1.7513963502782492,762710.0,762710.0,0.0,296.0,296.0,0.816496580927726,132.25,131.0,14.930394055974098,3301200.0,3336480.0,312480.0
2381,quicksilver,8,4000000,1000000,0.3,297.0853794642857,297.0,3.9701802449748023,135.77433035714284,135.81236607142858,3.3239180553037397,762710.0,762710.0,0.0,296.75,296.5,0.9574271077563381,215.0,215.5,6.480740698407857,4877600.0,4802560.0,405308.6313876543
2382,quicksilver,8,4000000,1000000,0.5,297.9575892857143,298.0,1.533933162169532,136.143828125,136.03732142857143,1.4108326955113804,762710.0,762710.0,0.0,300.984375,300.5,1.4292107014596087,249.5,250.0,9.983319421247959,5143040.0,5067776.0,849047.507187515
2383,quicksilver,8,4000000,1000000,0.7,297.2349330357143,298.96986607142856,4.2591568393547705,135.49719866071428,137.02850446428573,3.6623500418368025,762710.0,762710.0,0.0,299.75,300.0,2.9860788111948193,260.75,262.5,6.075908711186061,5433680.0,5328512.0,631008.0
2384,quicksilver,8,4000000,1000000,1.0,294.25,292.5,3.8622100754188224,133.22244419642857,131.68255580357143,3.407547879378424,762710.0,762710.0,0.0,301.0,301.0,5.228129047119374,272.0,272.0,8.04155872120988,5757360.0,5807424.0,738054.9822770659
2385,tricount,8,20,5000,0.01,385.0,385.0,4.242640687119285,211.29241071428572,211.29241071428572,3.8954007499294816,7120960.0,7120960.0,0.0,281.0,281.0,0.0,17.162276785714283,17.162276785714283,0.112695143251604,92266496.0,92266496.0,50685.41407545173
2386,tricount,8,20,5000,0.05,380.0,380.0,2.8284271247461903,206.45200892857144,206.45200892857144,3.161461791778254,7120960.0,7120960.0,0.0,281.0,281.0,0.0,27.236495535714283,27.236495535714283,1.010310380887301,483077056.0,483077056.0,1874726.7531157706
2387,tricount,8,20,10000,0.01,380.5,380.5,0.7071067811865476,206.99107142857144,206.99107142857144,0.621875160239959,7120960.0,7120960.0,0.0,281.0,281.0,0.0,12.463392857142857,12.463392857142857,0.15499528105473026,46972800.0,46972800.0,64623.90294620095
2388,tricount,8,20,10000,0.05,437.3333333333333,405.0,57.74368652357877,263.3497023809524,231.96205357142858,57.01225415461947,7120960.0,7120960.0,0.0,281.0,281.0,0.0,15.760275297619048,16.380803571428572,4.750571440369179,253808426.66666666,253111936.0,4446731.131515521
2389,tricount,8,20,25000,0.01,388.6666666666667,389.0,9.504384952922162,215.0974702380952,215.79464285714286,9.558151004481383,7120960.0,7120960.0,0.0,281.0,281.0,0.0,4.439293154761905,4.462410714285714,0.1767069860060065,19625984.0,19625984.0,19712.0
2390,tricount,8,20,25000,0.05,395.75,399.0,15.840349322747485,221.93805803571428,225.6015625,15.387783638557336,7120960.0,7120960.0,0.0,281.0,281.0,0.0,7.423303571428572,7.3685937500000005,0.5825061693811782,106523648.0,106533504.0,252308.46661444474
2391,tricount,8,20,50000,0.01,383.6666666666667,382.0,6.658328118479399,210.2767857142857,208.68526785714286,6.1225579035405255,7120960.0,7120960.0,0.0,281.0,281.0,0.0,2.571592261904762,2.656495535714286,0.16638104828166758,9928277.333333334,9927680.0,6293.29717503759
2392,tricount,8,20,50000,0.05,392.5,392.5,11.090536506409418,218.86328125,219.06808035714286,10.941657885437994,7120960.0,7120960.0,0.0,281.0,281.0,0.0,4.039542410714286,3.986841517857142,0.8106763143255581,54254816.0,54272064.0,155290.65558493868
2393,tricount,8,200,5000,0.01,392.0,392.0,16.97056274847714,218.68861607142858,218.68861607142858,16.98161129193318,7120960.0,7120960.0,0.0,281.0,281.0,0.0,16.82935267857143,16.82935267857143,0.5409051203406884,92371328.0,92371328.0,181200.35531973993
2394,tricount,8,200,5000,0.05,385.0,385.0,8.48528137423857,211.81473214285714,211.81473214285714,8.235899964802254,7120960.0,7120960.0,0.0,281.0,281.0,0.0,28.190959821428574,28.190959821428574,4.932543307781432,481086144.0,481086144.0,9331818.298966605
2395,tricount,8,200,10000,0.01,444.0,383.0,105.65509926170151,270.55654761904765,209.87946428571428,105.47683955024326,7120960.0,7120960.0,0.0,281.0,281.0,0.0,11.139270833333333,12.091964285714285,2.60341311474163,47229354.666666664,47072256.0,422989.1906956184
2396,tricount,8,200,10000,0.05,389.3333333333333,386.0,6.658328118479388,215.10714285714286,212.00446428571428,6.091204989217105,7120960.0,7120960.0,0.0,281.0,281.0,0.0,17.58638392857143,17.65580357142857,0.12140005081289021,252063914.66666666,251978496.0,247841.33109175455
2397,tricount,8,200,25000,0.01,395.5,395.5,3.5355339059327378,221.88058035714286,221.88058035714286,4.01062127454245,7120960.0,7120960.0,0.0,281.0,281.0,0.0,5.1265625,5.1265625,0.9015611460128483,19567744.0,19567744.0,62089.632242428364
2398,tricount,8,200,25000,0.05,387.6666666666667,388.0,2.5166114784235907,214.11904761904762,214.81026785714286,2.446031736475638,7120960.0,7120960.0,0.0,281.0,281.0,0.0,7.424613095238096,7.677455357142857,1.4113309577530446,106572928.0,106484224.0,542617.3336855357
2399,tricount,8,200,50000,0.01,390.6666666666667,394.0,8.50490054811539,216.96354166666666,219.875,8.306011526235578,7120960.0,7120960.0,0.0,281.0,281.0,0.0,2.3936904761904763,2.335446428571429,0.1747804550753602,9935445.333333334,9934848.0,6293.297175037126
2400,tricount,8,200,50000,0.05,394.75,392.5,13.225606476327153,221.25167410714286,219.28794642857144,13.620703175792949,7120960.0,7120960.0,0.0,281.0,281.0,0.0,4.485803571428571,4.654051339285713,0.8255223000346419,54178432.0,54148864.0,155629.12166215313
2401,tricount,8,500,5000,0.01,399.5,399.5,31.81980515339464,225.63839285714286,225.63839285714286,32.15126145707583,7120960.0,7120960.0,0.0,281.0,281.0,0.0,17.597767857142856,17.597767857142856,0.5830474218087307,92069376.0,92069376.0,207810.19770935207
2402,tricount,8,500,5000,0.05,399.0,399.0,19.79898987322333,224.63058035714286,224.63058035714286,20.90857930887991,7120960.0,7120960.0,0.0,281.0,281.0,0.0,29.09732142857143,29.09732142857143,3.6071916020619073,479336704.0,479336704.0,6746228.613442625
2403,tricount,8,500,10000,0.01,390.99925595238096,391.99776785714283,5.567564056026963,217.40550595238096,218.02455357142858,5.943869658909834,7120960.0,7120960.0,0.0,281.0,281.0,0.0,12.37202380952381,12.32232142857143,0.5919687606444016,47003562.666666664,47020288.0,119155.64848270139
2404,tricount,8,500,10000,0.05,396.6666666666667,384.0,22.810816147900834,222.7150297619048,210.046875,22.491170711006507,7120960.0,7120960.0,0.0,281.0,281.0,0.0,21.781175595238096,19.63638392857143,4.6592436260148915,248095232.0,250204416.0,4560708.91578579
2405,tricount,8,500,25000,0.01,390.5,387.5,11.733143937865355,217.19419642857144,213.98102678571428,11.624718121399688,7120960.0,7120960.0,0.0,281.0,281.0,0.0,4.775920758928571,4.82890625,0.13499064172057945,19600896.0,19595520.0,14849.471191482431
2406,tricount,8,500,25000,0.05,391.3333333333333,383.0,16.196707484341786,217.86979166666666,209.77901785714286,16.172573023813033,7120960.0,7120960.0,0.0,281.0,281.0,0.0,8.218191964285714,8.385758928571429,0.6689762601073472,106221397.33333333,106119552.0,294417.92872943805
2407,tricount,8,500,50000,0.01,385.5,387.0,5.259911279353167,211.70368303571428,213.59486607142856,5.242728280829573,7120960.0,7120960.0,0.0,281.0,281.0,0.0,2.3442745535714287,2.334497767857143,0.1659089311765444,9936640.0,9936640.0,5275.505157486501
2408,tricount,8,500,50000,0.05,396.0,398.0,12.12435565298214,223.0,225.16517857142858,12.1764927317816,7120960.0,7120960.0,0.0,281.0,281.0,0.0,4.008355654761905,4.1883928571428575,0.7728004244439015,54270421.333333336,54227712.0,147620.8152982953
2409,tricount,8,1000,5000,0.01,540.5,540.5,215.667568261897,367.15290178571433,367.15290178571433,215.3376903215667,7120960.0,7120960.0,0.0,281.0,281.0,0.0,12.50203125,12.50203125,9.797501096878909,93824640.0,93824640.0,3316093.2158864294
2410,tricount,8,1000,5000,0.05,491.5,491.5,92.63098833543772,315.8415178571429,315.8415178571429,95.27948203818558,7120960.0,7120960.0,0.0,281.0,281.0,0.0,24.618973214285713,24.618973214285713,9.991355683631882,487753728.0,487753728.0,18747267.531157706
2411,tricount,8,1000,10000,0.05,383.0,383.0,4.242640687119285,209.13950892857144,209.13950892857144,4.411525565661632,7120960.0,7120960.0,0.0,281.0,281.0,0.0,18.814620535714283,18.814620535714283,2.089910912877476,250874624.0,250874624.0,2202281.2415783773
2412,tricount,8,1000,25000,0.01,445.6666666666667,396.0,97.5004273494908,272.2299107142857,222.46428571428572,97.81970272532384,7120960.0,7120960.0,0.0,281.0,281.0,0.0,4.459799107142857,5.143013392857142,1.3616950322922483,19618218.666666668,19572224.0,95605.0614001863
2413,tricount,8,1000,25000,0.05,431.3333333333333,393.0,69.88800564713041,257.73511904761904,218.68080357142858,69.94336979117466,7120960.0,7120960.0,0.0,281.0,281.0,0.0,7.337872023809524,7.782455357142857,1.382764690841154,106523648.0,106365952.0,520878.17735819955
2414,tricount,8,1000,50000,0.01,466.75,381.5,175.5474769589887,293.0530133928571,207.64508928571428,175.7500718416971,7120960.0,7120960.0,0.0,281.0,281.0,0.0,2.136441964285714,2.445546875,0.8137487172964879,9942464.0,9933952.0,26755.266148305484
2415,tricount,8,1000,50000,0.05,498.3333333333333,380.0,207.5628418897114,324.5543154761905,206.12723214285714,207.54472030673995,7120960.0,7120960.0,0.0,281.0,281.0,0.0,3.5990699404761908,4.2765625,1.5697240613538783,54339413.333333336,54208000.0,289426.4927012258
2416,tricount,8,2000,0,0.1,423.0,423.0,,247.90625,247.90625,,7120960.0,7120960.0,,281.0,281.0,,257.75223214285717,257.75223214285717,,2316101760.0,2316101760.0,
2417,tricount,8,2000,0,0.3,415.75,411.0,33.62910445829129,242.09263392857144,236.86607142857144,33.9231262028873,7120960.0,7120960.0,0.0,281.0,281.0,0.0,276.64174107142856,276.72544642857144,2.308590804922013,581064736.0,548932608.0,309600047.64166915
2418,tricount,8,2000,0,0.5,398.3333333333333,397.0,9.07377172587746,224.9263392857143,223.74330357142858,9.033732269561256,7120960.0,7120960.0,0.0,281.0,281.0,0.0,279.38690476190476,279.52232142857144,0.28018802242851565,248304298.66666666,244357120.0,10791612.264493078
2419,tricount,8,2000,0,0.7,399.75,402.0,16.31716887208072,226.10546875,228.14397321428572,16.181298282657195,7120960.0,7120960.0,0.0,281.0,281.0,0.0,279.0491071428571,279.1015625,0.41831492653693203,308317520.0,303304512.0,49696484.87964012
2420,tricount,8,2000,0,1.0,476.75,418.5,122.31482602966275,302.9609375,244.81696428571428,121.89143232176241,7120960.0,7120960.0,0.0,319.25,281.0,76.5,317.21372767857144,279.0,76.60464102934063,324815232.0,347844672.0,52423486.75147505
2421,tricount,8,2000,100,0.3,416.5,392.0,51.70106381884225,243.05580357142858,218.38950892857144,51.72072510846219,7120960.0,7120960.0,0.0,281.0,281.0,0.0,277.0764508928571,277.609375,1.9626577525733566,389742752.0,325283392.0,192746641.05744806
2422,tricount,8,2000,100,0.5,438.25,409.5,64.72184072372066,264.5703125,235.80133928571428,65.00498731674085,7120960.0,7120960.0,0.0,281.0,281.0,0.0,279.0044642857143,279.0,0.008928571428578874,217136640.0,215656448.0,8871697.626837678
2423,tricount,8,2000,100,0.7,418.25,413.0,24.716728478232447,244.84654017857142,239.42410714285714,24.887169544394062,7120960.0,7120960.0,0.0,281.0,281.0,0.0,278.93861607142856,279.0,0.12276785714285647,281219232.0,279536544.0,14816265.403319063
2424,tricount,8,2000,100,1.0,451.3333333333333,454.0,16.16580753730953,277.7425595238096,280.01785714285717,15.883857261477031,7120960.0,7120960.0,0.0,281.0,281.0,0.0,278.82217261904765,278.96651785714283,0.27951146813785077,354653376.0,358658496.0,8000220.934165256
2425,tricount,8,2000,1000,0.1,408.0,408.0,,234.20758928571428,234.20758928571428,,7120960.0,7120960.0,,281.0,281.0,,175.08705357142858,175.08705357142858,,1684166400.0,1684166400.0,
2426,tricount,8,2000,1000,0.3,416.75,416.5,13.573871960498227,242.04073660714286,242.89397321428572,11.626751176614704,7120960.0,7120960.0,0.0,281.0,281.0,0.0,271.70424107142856,272.515625,3.51073308554467,361902912.0,330085952.0,146930299.59143108
2427,tricount,8,2000,1000,0.5,412.25,411.0,20.56493779875511,238.85044642857144,237.36160714285714,20.711639525919136,7120960.0,7120960.0,0.0,281.0,281.0,0.0,276.99776785714283,276.99888392857144,0.0031567267017377806,236479488.0,230408192.0,16209773.37478432
2428,tricount,8,2000,1000,0.7,402.3333333333333,402.0,4.509249752822887,228.48214285714286,228.44196428571428,4.520223212301624,7120960.0,7120960.0,0.0,281.0,281.0,0.0,276.6547619047619,276.9642857142857,0.5673215503544884,289048405.3333333,265864704.0,52766970.01940898
2429,tricount,8,2000,1000,1.0,452.5,407.0,96.40712283505475,279.07979910714283,233.56473214285714,96.20055276050294,7120960.0,7120960.0,0.0,281.0,281.0,0.0,276.8716517857143,276.9497767857143,0.22265182110108947,347544288.0,341236224.0,17015476.29898758
2430,tricount,8,2000,10000,0.1,411.3333333333333,409.0,5.859465277082313,237.37797619047618,235.08035714285714,5.949734530749641,7120960.0,7120960.0,0.0,281.0,281.0,0.0,54.69419642857142,52.8203125,3.8068656548502524,439709760.0,443459520.0,7584742.869946218
2431,tricount,8,2000,10000,0.3,454.25,401.0,117.81730206835779,280.07142857142856,226.33147321428572,118.17498592304273,7120960.0,7120960.0,0.0,312.75,281.0,63.50000000000001,255.10714285714286,226.24330357142856,82.890804154291,326213888.0,309555008.0,146488273.60377675
2432,tricount,8,2000,10000,0.5,400.3333333333333,402.0,12.583057392117922,226.6443452380952,228.67410714285714,12.605310006050605,7120960.0,7120960.0,0.0,281.0,281.0,0.0,248.38244047619048,255.13392857142858,16.00989356339196,303196842.6666667,239339520.0,147676086.0706584
2433,tricount,8,2000,10000,0.7,396.5,397.0,13.478377746103826,222.74888392857144,223.234375,13.82617184215427,7120960.0,7120960.0,0.0,281.0,281.0,0.0,251.81808035714286,256.6361607142857,12.163178557197314,368123056.0,305407872.0,156654387.55532375
2434,tricount,8,2000,10000,1.0,411.25,409.5,9.429563439877091,237.29017857142858,235.56473214285717,9.440045749584675,7120960.0,7120960.0,0.0,281.0,281.0,0.0,262.2533482142857,262.99107142857144,2.2001015039924634,333075792.0,322312032.0,36114019.57381892
2435,tricount,8,2000,100000,0.1,397.5,397.5,7.7781745930520225,223.97098214285714,223.97098214285714,7.430934655862189,7120960.0,7120960.0,0.0,281.0,281.0,0.0,7.351529017857143,7.351529017857143,0.8016980968037568,54966240.0,54966240.0,156807.99979592877
2436,tricount,8,2000,100000,0.3,393.5,394.0,4.434711565216687,219.60770089285714,220.17299107142856,4.512039376196763,7120960.0,7120960.0,0.0,281.0,281.0,0.0,100.47795758928572,100.09787946428571,12.800213711277967,107787456.0,108057600.0,7607817.5665417565
2437,tricount,8,2000,100000,0.5,398.75,401.0,15.607156478145951,225.44977678571428,227.64285714285714,15.872403310430284,7120960.0,7120960.0,0.0,281.0,281.0,0.0,146.87890625,158.0,23.96256430598548,133643776.0,122529792.0,23874691.291825715
2438,tricount,8,2000,100000,0.7,402.75,404.5,10.626225419530053,228.86830357142856,230.52120535714286,10.594516124997472,7120960.0,7120960.0,0.0,281.0,281.0,0.0,168.49665178571428,167.99330357142856,8.545834941195363,156279648.0,157050880.0,11516309.51464574
2439,tricount,8,2000,100000,1.0,402.2834821428571,405.5,13.682192838950494,228.72767857142856,231.87946428571428,13.40693320314074,7120960.0,7120960.0,0.0,281.0,281.0,0.0,181.0,181.0,0.8164965809277289,197902992.0,198053184.0,1125419.7157114318
2440,tricount,8,2000,1000000,0.1,391.75,391.5,7.135591542869215,218.23939732142858,218.19308035714286,7.288398739655877,7120960.0,7120960.0,0.0,281.5,281.5,0.5773502691896257,0.8042706473214286,0.7987924107142857,0.1595121694705671,5654880.0,5654880.0,11639.381426862856
2441,tricount,8,2000,1000000,0.3,398.0,390.0,22.77425447005163,224.52622767857142,216.4453125,22.985470550950957,7120960.0,7120960.0,0.0,281.5,281.5,0.5773502691896257,21.42282366071429,20.383593750000003,7.54452724793213,15608320.0,15668352.0,470144.21490148455
2442,tricount,8,2000,1000000,0.5,397.0,396.0,8.406346808612328,223.31361607142856,222.11272321428572,8.328954359413602,7120960.0,7120960.0,0.0,281.5,281.5,0.577350269189634,37.339285714285715,35.15145089285715,10.10842853993806,24485888.0,24686592.0,1016812.2347860821
2443,tricount,8,2000,1000000,0.7,402.5,400.5,18.627936010197164,229.05691964285714,226.96763392857144,18.894528231199992,7120960.0,7120960.0,0.0,281.25,281.0,0.5000000000000047,47.573716517857136,47.1970982142857,7.347487450345261,32742304.0,32812416.0,1039929.0166545025
2444,tricount,8,2000,1000000,1.0,407.0625,395.0,33.95608377006984,233.67801339285714,221.5078125,34.08266558961507,7120960.0,7120960.0,0.0,282.0,282.0,0.0,58.38337053571428,58.97924107142857,4.975417395942236,44707152.0,44556960.0,999609.8070107156
2445,tricount,8,4000,0,0.3,437.75,442.0,32.283896914715854,263.93080357142856,268.25669642857144,31.59324471224353,7120960.0,7120960.0,0.0,281.0,281.0,0.0,273.4720982142857,273.4118303571429,2.8639442507580095,905867872.0,961142336.0,189057612.52612785
2446,tricount,8,4000,0,0.5,454.25,451.5,20.982135258357292,279.97377232142856,277.11607142857144,21.006927276951455,7120960.0,7120960.0,0.0,281.0,281.0,0.0,276.1328125,276.20424107142856,1.3353395484726456,662022144.0,670501888.0,183916224.9625419
2447,tricount,8,4000,0,0.7,447.5,440.5,40.46809442840948,273.76395089285717,266.8950892857143,40.971013675181815,7120960.0,7120960.0,0.0,281.0,281.0,0.0,276.5993303571429,276.9977678571429,1.1328346746011497,554971536.0,582770944.0,75201245.6979627
2448,tricount,8,4000,0,1.0,425.0,421.0,11.532562594670797,251.41369047619048,248.0625,11.575097706056802,7120960.0,7120960.0,0.0,281.0,281.0,0.0,276.2157738095238,276.25669642857144,0.10126977372629098,590955456.0,586149312.0,33700770.41322729
2449,tricount,8,4000,100,0.1,439.0,439.0,,263.8169642857143,263.8169642857143,,7120960.0,7120960.0,,281.0,281.0,,256.8392857142857,256.8392857142857,,1361021760.0,1361021760.0,
2450,tricount,8,4000,100,0.3,415.3333333333333,411.0,11.150485789118484,239.56770833333334,233.94196428571428,12.999939507663589,7120960.0,7120960.0,0.0,281.0,281.0,0.0,268.6302083333333,270.86160714285717,9.50105421292785,1187292885.3333333,880009088.0,1004970483.493231
2451,tricount,8,4000,100,0.5,406.6666666666667,403.0,8.14452781524707,231.54910714285714,226.67410714285714,9.396900705291861,7120960.0,7120960.0,0.0,281.0,281.0,0.0,271.9933035714286,272.54910714285717,2.0690447239811367,1064600917.3333334,933173248.0,326880868.00243026
2452,tricount,8,4000,100,0.7,411.5,402.5,22.840023350834535,237.20758928571428,228.25446428571428,23.22043230782967,7120960.0,7120960.0,0.0,281.0,281.0,0.0,276.14229910714283,276.0044642857143,1.3258870638301212,571202464.0,615092576.0,177466218.75883716
2453,tricount,8,4000,100,1.0,407.5,406.0,21.142374511865974,233.94754464285714,232.14397321428572,21.377221809938963,7120960.0,7120960.0,0.0,281.0,281.0,0.0,276.66015625,276.5993303571429,0.733261193553078,486171504.0,500039232.0,73741060.08483903
2454,tricount,8,4000,1000,0.1,458.0,458.0,,284.93080357142856,284.93080357142856,,7120960.0,7120960.0,,281.0,281.0,,218.234375,218.234375,,967095360.0,967095360.0,
2455,tricount,8,4000,1000,0.3,426.75,429.5,21.07723890835799,251.70256696428572,255.34263392857142,22.410174057278173,7120960.0,7120960.0,0.0,281.0,281.0,0.0,258.6780133928571,263.3359375,15.025548056926466,848687392.0,642912704.0,612723962.093981
2456,tricount,8,4000,1000,0.5,426.75,424.5,21.468969855739857,251.71540178571428,249.11383928571428,22.387538298805058,7120960.0,7120960.0,0.0,281.0,281.0,0.0,265.71205357142856,265.97767857142856,7.414068688260389,838139904.0,819825664.0,416188390.2392147
2457,tricount,8,4000,1000,0.7,416.25,415.5,27.219784471348532,242.68582589285717,242.11049107142858,27.093884635321228,7120960.0,7120960.0,0.0,281.0,281.0,0.0,270.83482142857144,269.75111607142856,2.832234829505538,598826592.0,646642976.0,161099923.3297615
2458,tricount,8,4000,1000,1.0,410.25,408.5,20.62967118820204,236.95814732142858,235.09821428571428,20.60050978619668,7120960.0,7120960.0,0.0,281.0,281.0,0.0,274.0491071428571,273.56138392857144,1.3278917612325758,511904400.0,554308608.0,90001260.18174386
2459,tricount,8,4000,10000,0.1,426.5,426.5,27.577164466275352,251.15066964285714,251.15066964285714,24.33678450695397,7120960.0,7120960.0,0.0,281.0,281.0,0.0,83.07723214285714,83.07723214285714,12.764540091097864,383080320.0,383080320.0,24233963.604825355
2460,tricount,8,4000,10000,0.3,420.0,399.0,39.0,244.69122023809527,222.79241071428572,40.68200605300333,7120960.0,7120960.0,0.0,281.0,281.0,0.0,155.11532738095238,130.20535714285714,54.71468085156163,711679360.0,853114752.0,310125381.7235694
2461,tricount,8,4000,10000,0.5,429.0,405.0,54.147945482723536,255.15848214285714,231.71428571428572,53.46594334728403,7120960.0,7120960.0,0.0,281.0,281.0,0.0,218.96949404761904,223.91071428571428,21.430465914828744,566152533.3333334,529457152.0,188400940.30203894
2462,tricount,8,4000,10000,0.7,405.5,406.0,20.09145755455952,231.42410714285714,231.64732142857142,20.323079482614713,7120960.0,7120960.0,0.0,281.0,281.0,0.0,240.64006696428572,239.07700892857144,8.23242315637322,501335856.0,524858432.0,99181455.53433403
2463,tricount,8,4000,10000,1.0,436.0,445.5,32.07283377979979,261.97935267857144,271.67299107142856,32.17988078200085,7120960.0,7120960.0,0.0,281.0,281.0,0.0,251.39955357142858,253.07366071428572,3.9529046364462657,519914640.0,492329376.0,71344063.25201592
2464,tricount,8,4000,100000,0.1,436.5,436.0,10.661457061146315,263.1344866071429,262.8671875,10.560835726665543,7120960.0,7120960.0,0.0,281.0,281.0,0.0,13.640457589285717,13.165736607142858,2.7274443530527863,53696160.0,53786880.0,541074.7704338098
2465,tricount,8,4000,100000,0.3,432.25,428.5,22.306576010973384,258.26785714285717,254.36383928571428,22.541382882524992,7120960.0,7120960.0,0.0,281.0,281.0,0.0,55.22845982142857,55.182700892857156,7.163625760061285,134726816.0,134741824.0,4272933.3703955645
2466,tricount,8,4000,100000,0.5,430.5,434.5,9.74679434480897,256.9213169642857,260.6796875,9.592323146230216,7120960.0,7120960.0,0.0,281.0,281.0,0.0,96.2576450892857,94.57499999999999,20.58966804536034,183769600.0,185400320.0,20518875.878731888
2467,tricount,8,4000,100000,0.7,409.0,406.0,26.558112382722786,235.34877232142856,232.17522321428572,27.206100226459878,7120960.0,7120960.0,0.0,281.0,281.0,0.0,129.40959821428572,128.94308035714286,4.916647018275483,210125664.0,210896896.0,6886221.562496131
2468,tricount,8,4000,100000,1.0,424.0,423.5,27.8687399547713,250.29631696428572,250.05245535714283,27.9422828356007,7120960.0,7120960.0,0.0,281.0,281.0,0.0,152.28125,148.078125,10.558820474459361,254224992.0,262735872.0,20655510.90720111
2469,tricount,8,4000,1000000,0.1,449.5,434.5,70.18309388069656,276.1662946428571,260.96986607142856,70.06645481627683,7120960.0,7120960.0,0.0,281.75,282.0,0.4999999999999952,1.1665223214285714,1.0500323660714286,0.5051583615212598,5654880.0,5654880.0,11639.381426862856
2470,tricount,8,4000,1000000,0.3,411.75,410.5,34.41293361513953,238.359375,237.06584821428572,34.59958479428421,7120960.0,7120960.0,0.0,281.75,282.0,0.4999999999999952,6.455351562500001,5.9065625,3.2673207434358957,16508800.0,16538816.0,189837.85249522814
2471,tricount,8,4000,1000000,0.5,450.0,441.5,32.03123475609394,276.9045758928571,268.546875,32.10813152804159,7120960.0,7120960.0,0.0,281.5,281.5,0.577350269189634,21.322879464285716,20.95792410714286,3.7824685330162175,26091520.0,26141696.0,392956.35872362915
2472,tricount,8,4000,1000000,0.7,413.0,415.0,16.248076809271915,239.44921875,241.37611607142856,16.15780374661715,7120960.0,7120960.0,0.0,281.5,281.5,0.577350269189634,28.695982142857147,27.406808035714292,3.6013255013917997,35406560.0,35616896.0,518386.4636915852
2473,tricount,8,4000,1000000,1.0,433.75,430.5,23.977419933484637,260.32142857142856,257.05691964285717,23.960502041558843,7120960.0,7120960.0,0.0,282.0,282.0,0.0,40.57840401785714,41.164843749999996,5.473818946899325,48261696.0,48161568.0,1144558.375171839
2474,tricount,8,20000,0,0.1,460.5,460.5,3.5355339059327378,287.26674107142856,287.26674107142856,3.39821629440766,7120960.0,7120960.0,0.0,281.0,281.0,0.0,277.7087053571429,277.7087053571429,0.40248265446997267,324495360.0,324495360.0,33214785.41131946
2475,tricount,8,20000,0,0.3,406.75,407.0,7.36545993132811,230.66127232142858,228.71986607142858,7.803746451254194,7120960.0,7120960.0,0.0,281.0,281.0,0.0,275.7739955357143,275.796875,0.6358626990974876,498265600.0,494903808.0,86674414.20787519
2476,tricount,8,20000,0,0.5,453.6666666666667,468.0,27.46512940681935,277.45461309523813,294.12723214285717,29.578413835730537,7120960.0,7120960.0,0.0,281.0,281.0,0.0,277.3385416666667,277.0200892857143,0.5729712597674969,401575253.3333333,407529472.0,89061273.97748275
2477,tricount,8,20000,0,0.7,417.0,413.0,16.370705543744897,240.09207589285714,237.08035714285714,17.748699401182634,7120960.0,7120960.0,0.0,281.0,281.0,0.0,276.3939732142857,276.28794642857144,0.48675558843210576,505227072.0,508662560.0,70907973.77360362
2478,tricount,8,20000,0,1.0,413.0,414.0,15.033296378372908,235.86941964285714,237.75446428571428,15.03381798242616,7120960.0,7120960.0,0.0,281.0,281.0,0.0,277.04575892857144,277.0647321428571,0.8460999258376832,546849072.0,560116032.0,110050875.65431544
2479,tricount,8,20000,100,0.3,406.6666666666667,414.0,15.373136743466937,231.74404761904762,239.47544642857142,13.992751548181538,7120960.0,7120960.0,0.0,281.0,281.0,0.0,274.5595238095238,275.0,1.2217905339474227,490261333.3333333,464047360.0,87172837.68800364
2480,tricount,8,20000,100,0.5,415.3333333333333,409.0,12.741009902410923,240.07514880952382,235.59151785714286,14.926829356589126,7120960.0,7120960.0,0.0,281.0,281.0,0.0,275.53497023809524,276.0,0.8054551746507009,506643797.3333333,453390336.0,97763984.20069145
2481,tricount,8,20000,100,0.7,404.5,404.0,3.6968455021364646,229.953125,229.86607142857144,2.215924712633034,7120960.0,7120960.0,0.0,281.0,281.0,0.0,274.78125,274.99330357142856,1.2551710642419407,602963200.0,583191616.0,105338125.49474773
2482,tricount,8,20000,100,1.0,413.6666666666667,410.0,15.821925715074416,235.64136904761904,236.77008928571428,17.03142265132797,7120960.0,7120960.0,0.0,281.0,281.0,0.0,275.6688988095238,276.0,1.5304498855392603,635946304.0,612583104.0,206057909.91261834
2483,tricount,8,20000,1000,0.1,509.6666666666667,434.0,135.41171785829073,333.6123511904762,258.47767857142856,135.08469964386254,7120960.0,7120960.0,0.0,344.0,281.0,109.11920087683927,323.0260416666667,260.0111607142857,110.88347874343428,318003840.0,317217600.0,31245340.067434054
2484,tricount,8,20000,1000,0.3,419.75,415.5,24.45914961727001,244.57533482142856,238.4765625,24.91756234110444,7120960.0,7120960.0,0.0,281.0,281.0,0.0,268.7795758928571,269.5368303571429,3.077509237656376,420269024.0,396751488.0,100652289.27690695
2485,tricount,8,20000,1000,0.5,408.0,399.0,18.24828759089466,233.41443452380952,225.27232142857142,16.614096496476694,7120960.0,7120960.0,0.0,281.0,281.0,0.0,269.1852678571429,268.53794642857144,3.5357953126989026,585788074.6666666,617164800.0,176515840.01714057
2486,tricount,8,20000,1000,0.7,481.5,441.5,111.98362975601985,306.0424107142857,266.1752232142857,110.61153064199083,7120960.0,7120960.0,0.0,326.5,281.0,91.00000000000001,319.23828125,274.5357142857143,91.8309458568929,444930752.0,397324704.0,113874493.64704214
2487,tricount,8,20000,1000,1.0,487.5,442.0,101.40841516692127,312.1953125,264.4709821428571,102.73667837747884,7120960.0,7120960.0,0.0,324.5,281.0,87.0,319.2092633928571,276.0,87.19554780794432,442715952.0,436357824.0,69778488.88576846
2488,tricount,8,20000,10000,0.1,407.0,404.5,17.79513042005219,232.44810267857144,229.99107142857144,18.659075918390734,7120960.0,7120960.0,0.0,281.0,281.0,0.0,165.84207589285714,163.40848214285714,19.981110570379162,223387920.0,228372480.0,38830959.462944
2489,tricount,8,20000,10000,0.3,414.0,415.0,8.28653526310404,239.64620535714286,240.64620535714286,7.3596509942903685,7120960.0,7120960.0,0.0,281.0,281.0,0.0,226.08761160714286,226.06138392857144,2.4793419817125004,307153728.0,307724032.0,13963990.342504824
2490,tricount,8,20000,10000,0.5,415.0,407.5,27.16615541441225,238.49330357142856,231.71875,23.81769988432027,7120960.0,7120960.0,0.0,281.0,281.0,0.0,236.25111607142856,236.28013392857144,8.673219543986223,408106496.0,407027712.0,78426072.46641645
2491,tricount,8,20000,10000,0.7,449.0,443.5,47.50438576243952,274.90904017857144,269.9196428571429,46.9595819016032,7120960.0,7120960.0,0.0,281.0,281.0,0.0,254.68191964285714,255.79464285714283,4.828481359171134,327668432.0,314943104.0,60100053.83927199
2492,tricount,8,20000,10000,1.0,414.25,412.0,12.230426539304881,239.86328125,238.77455357142856,10.794157795970655,7120960.0,7120960.0,0.0,281.0,281.0,0.0,256.7131696428571,256.5970982142857,1.124667048472243,425794320.0,427746816.0,20534704.36210154
2493,tricount,8,20000,100000,0.1,404.25,397.5,22.70646016739143,230.79017857142856,223.95647321428572,22.65653156346269,7120960.0,7120960.0,0.0,281.0,281.0,0.0,57.734654017857146,55.33549107142858,8.563080770714901,44856000.0,45339840.0,1726556.1968265036
2494,tricount,8,20000,100000,0.3,401.5,402.0,12.261049438499674,227.67689732142856,227.99330357142856,12.504940745367325,7120960.0,7120960.0,0.0,281.0,281.0,0.0,98.99425223214286,98.46283482142857,7.165486309347463,108612896.0,108958080.0,4150862.996493458
2495,tricount,8,20000,100000,0.5,404.5,405.0,15.609825965290794,230.77120535714286,231.06584821428572,15.523437192409684,7120960.0,7120960.0,0.0,281.0,281.0,0.0,121.26506696428572,119.57254464285714,11.720541441161089,158932480.0,160462848.0,11510444.392463742
2496,tricount,8,20000,100000,0.7,476.5,426.0,114.79401842721016,301.80970982142856,251.44084821428572,114.41051184661922,7120960.0,7120960.0,0.0,281.0,281.0,0.0,150.25,151.0,3.774917217635375,181134352.0,180117728.0,4952872.334185619
2497,tricount,8,20000,100000,1.0,414.5,410.5,12.767145334803704,239.92299107142856,236.26674107142856,13.380613264872016,7120960.0,7120960.0,0.0,281.0,281.0,0.0,167.06584821428572,167.0,11.449429977683687,224486976.0,224787360.0,22648708.664281238
2498,tricount,8,20000,1000000,0.1,406.0,410.0,16.73320053068151,232.61328125,236.64620535714286,16.4955310199386,7120960.0,7120960.0,0.0,281.75,282.0,0.4999999999999952,9.208454241071427,9.563203124999998,1.5621939127675868,5488560.0,5483520.0,25367.443702509718
2499,tricount,8,20000,1000000,0.3,415.75,417.0,25.064915718988566,242.14676339285717,243.73995535714286,25.37388576128158,7120960.0,7120960.0,0.0,281.25,281.0,0.4999999999999952,22.441015625000002,22.700000000000003,3.42603929960518,15533280.0,15518272.0,198348.0052298653
2500,tricount,8,20000,1000000,0.5,402.75,397.5,18.750555547325344,229.12165178571428,223.75,18.92463050527998,7120960.0,7120960.0,0.0,281.5,281.5,0.5773502691896257,30.60161830357143,28.80323660714286,5.51001618563731,25163264.0,25338880.0,533378.1962997738
2501,tricount,8,20000,1000000,0.7,413.3333333333333,418.0,20.40424792373718,239.7924107142857,244.57366071428572,20.201236554889913,7120960.0,7120960.0,0.0,281.6666666666667,282.0,0.5773502691896216,40.314062500000006,43.11517857142859,7.134766591976693,33793984.0,33373312.0,981568.0
2502,tricount,8,20000,1000000,1.0,426.0,424.5,22.612680808195506,252.3939732142857,250.69308035714283,22.570665858226135,7120960.0,7120960.0,0.0,281.5,281.5,0.577350269189634,59.45396205357142,59.757924107142856,11.471862393681734,44406768.0,44356704.0,2314523.9297064957
2503,tricount,8,40000,0,0.1,452.5,426.0,64.24173098539609,276.39732142857144,250.62611607142856,65.00596383530589,7120960.0,7120960.0,0.0,281.0,281.0,0.0,278.72544642857144,278.9508928571429,0.48584201533065013,232001280.0,212204160.0,50038641.58846841
2504,tricount,8,40000,0,0.3,463.0,447.0,63.52952069707436,285.9583333333333,273.07589285714283,65.05968706752597,7120960.0,7120960.0,0.0,281.0,281.0,0.0,277.8973214285714,278.0,0.850642670459264,306023125.3333333,314387584.0,74731553.99959034
2505,tricount,8,40000,0,0.5,533.25,532.5,44.12387864486379,359.0111607142857,359.0625,45.75950130303596,7120960.0,7120960.0,0.0,281.0,281.0,0.0,278.09486607142856,278.00669642857144,0.18091376712457832,305044992.0,306575360.0,28358792.802924644
2506,tricount,8,40000,0,0.7,444.3333333333333,422.0,57.830211250983105,269.94717261904765,248.60491071428572,56.05029197653447,7120960.0,7120960.0,0.0,281.0,281.0,0.0,278.46949404761904,278.5044642857143,0.4530223611176327,293769280.0,289001664.0,32514737.64392067
2507,tricount,8,40000,0,1.0,446.5,434.5,27.086281890777606,270.36439732142856,259.0189732142857,28.955244168940197,7120960.0,7120960.0,0.0,281.25,281.0,0.4999999999999952,279.1545758928571,279.2578125,0.8114760337780035,273699888.0,270145344.0,78722494.68692943
2508,tricount,8,40000,100,0.1,430.3333333333333,441.0,32.34707611722169,256.1733630952381,267.22767857142856,32.0363684571902,7120960.0,7120960.0,0.0,281.0,281.0,0.0,276.6688988095238,276.9375,2.2830864468868377,229165440.0,201660480.0,107238762.85782488
2509,tricount,8,40000,100,0.3,448.5,453.5,26.488991424111767,273.6545758928571,277.28236607142856,25.95230893932933,7120960.0,7120960.0,0.0,281.0,281.0,0.0,278.75,279.0,0.4999999999999952,184508352.0,174843200.0,24033527.107833456
2510,tricount,8,40000,100,0.5,428.5,435.5,19.433647796197885,252.34654017857142,259.89397321428567,17.015417672205505,7120960.0,7120960.0,0.0,281.0,281.0,0.0,277.88002232142856,277.7600446428571,1.0326958128480808,298145792.0,296590336.0,97304292.32624082
2511,tricount,8,40000,100,0.7,451.0,441.0,25.66450207322687,275.90234375,267.77455357142856,25.24111303776187,7120960.0,7120960.0,0.0,281.0,281.0,0.0,279.00111607142856,279.0,0.002232142857141955,202308176.0,200309984.0,27890685.199220277
2512,tricount,8,40000,100,1.0,427.5,425.0,22.956480566497987,250.5546875,246.06361607142856,22.261414746942638,7120960.0,7120960.0,0.0,281.0,281.0,0.0,278.75,278.5,0.9574271077563381,277705008.0,290471328.0,89465717.41119987
2513,tricount,8,40000,1000,0.1,409.75,409.0,23.697749541535224,235.75502232142858,234.21540178571428,23.061837849685407,7120960.0,7120960.0,0.0,281.0,281.0,0.0,262.54966517857144,263.81026785714283,6.1292568308349065,265315680.0,248693760.0,84869035.5447215
2514,tricount,8,40000,1000,0.3,445.3333333333333,451.0,27.934447074057736,269.96800595238096,273.99330357142856,26.546843030895303,7120960.0,7120960.0,0.0,281.0,281.0,0.0,274.9642857142857,275.99776785714283,2.7048276016986397,218556501.33333334,188380416.0,85609701.39369367
2515,tricount,8,40000,1000,0.5,456.75,445.5,27.873224906111368,282.25279017857144,272.0502232142857,25.789292858458186,7120960.0,7120960.0,0.0,281.0,281.0,0.0,276.7650669642857,277.0,0.4698660714285646,210287616.0,208882688.0,18476853.552131142
2516,tricount,8,40000,1000,0.7,453.5,448.0,40.910471357180256,276.27734375,274.2578125,40.03081762422524,7120960.0,7120960.0,0.0,281.0,281.0,0.0,276.97265625,277.4375,1.374744360850511,247214912.0,219310336.0,71967022.41609767
2517,tricount,8,40000,1000,1.0,441.25,439.5,11.729592206608608,264.3337053571429,262.5703125,12.117255226167876,7120960.0,7120960.0,0.0,281.0,281.0,0.0,278.7505580357143,279.0,0.5003731301988069,208216176.0,209367648.0,31616938.75984429
2518,tricount,8,40000,10000,0.1,429.75,421.5,37.809831173034006,254.52845982142856,245.72544642857144,36.94685059645092,7120960.0,7120960.0,0.0,281.0,281.0,0.0,198.86830357142856,197.44977678571428,16.54798541341389,159274080.0,162187200.0,32235449.153352898
2519,tricount,8,40000,10000,0.3,425.1155133928571,420.7310267857143,38.69542752665946,250.15178571428572,245.66741071428572,37.59463425852003,7120960.0,7120960.0,0.0,281.0256696428571,281.0,0.05133928571428707,239.75613839285714,241.00558035714286,13.208247415714274,231318304.0,224519680.0,74200610.40453328
2520,tricount,8,40000,10000,0.5,425.5,419.5,25.852143689321654,250.59263392857142,243.125,26.78823589941249,7120960.0,7120960.0,0.0,281.0,281.0,0.0,254.69866071428572,254.65736607142856,5.745628502691758,240142336.0,241697792.0,51299473.87913333
2521,tricount,8,40000,10000,0.7,433.25,444.0,26.68801229016503,256.8577008928571,266.43861607142856,24.791490191989116,7120960.0,7120960.0,0.0,281.0279017857143,281.0,0.05580357142858361,260.29017857142856,262.0803571428571,6.174344394264033,258608112.0,236628000.0,75011179.2483614
2522,tricount,8,40000,10000,1.0,522.75,449.0,175.67085700252048,346.0200892857143,271.96986607142856,178.0291318146736,7120960.0,7120960.0,0.0,281.25,281.0,0.5,262.75111607142856,265.5,10.497909609676503,321961584.0,274050336.0,180293237.90790302
2523,tricount,8,40000,100000,0.1,418.25,423.5,26.81262140609655,244.68638392857142,250.07254464285714,27.08731556566843,7120960.0,7120960.0,0.0,281.0,281.0,0.0,72.58794642857143,77.59051339285715,14.261826464729747,41882400.0,40874400.0,2860660.667747924
2524,tricount,8,40000,100000,0.3,412.0,405.5,27.386127875258303,237.49888392857144,230.65401785714286,27.454844985302437,7120960.0,7120960.0,0.0,281.0,281.0,0.0,122.5,122.0,20.174241001832016,94490368.0,94790528.0,12019799.669357112
2525,tricount,8,40000,100000,0.5,426.5,436.0,29.2745623366089,252.77399553571428,262.7109375,28.798671124595256,7120960.0,7120960.0,0.0,281.0,281.0,0.0,156.75,165.0,22.171678631383173,123458048.0,115204096.0,22129588.060271043
2526,tricount,8,40000,100000,0.7,418.75,409.0,32.85701345730214,244.1796875,234.15401785714283,32.6492727783392,7120960.0,7120960.0,0.0,281.25,281.0,0.4999999999999952,174.0,173.0,19.966638842495918,148707552.0,149619008.0,27905515.50847213
2527,tricount,8,40000,100000,1.0,456.0,457.5,8.04155872120988,280.84933035714283,281.73549107142856,8.321448230388869,7120960.0,7120960.0,0.0,281.0,281.0,0.0,204.5,204.5,2.8867513459481264,151543728.0,151293408.0,5800226.436319189
2528,tricount,8,40000,1000000,0.1,430.0,425.0,35.76310948449533,256.3519345238095,251.30357142857142,35.605378195715424,7120960.0,7120960.0,0.0,281.6666666666667,282.0,0.577350269189634,11.073437499999999,11.420312500000003,0.7617359773692907,5449920.0,5443200.0,11639.381426862856
2529,tricount,8,40000,1000000,0.3,415.25,405.0,34.38386249390839,241.89676339285714,231.73102678571428,34.021073843304976,7120960.0,7120960.0,0.0,281.5,281.5,0.5773502691896257,24.575000000000003,24.050000000000008,4.173228166939035,15428224.0,15458240.0,235072.10745074207
2530,tricount,8,40000,1000000,0.5,404.0,406.0,19.49358868961793,230.29408482142856,232.07142857142856,19.48305187108501,7120960.0,7120960.0,0.0,281.5,281.5,0.5773502691896257,37.26294642857144,36.31986607142857,7.638382087796118,24485888.0,24586240.0,781629.7824690834
2531,tricount,8,40000,1000000,0.7,444.0,439.5,47.37791327893903,270.21763392857144,265.6484375,47.34671446863205,7120960.0,7120960.0,0.0,281.75,282.0,0.4999999999999952,56.751953125,55.90000000000001,10.414171266858235,31515344.0,31690624.0,1445395.9081165267
2532,tricount,8,40000,1000000,1.0,418.75,414.0,36.44516428828385,245.01897321428572,240.23660714285714,36.47084147528094,7120960.0,7120960.0,0.0,281.5,281.5,0.5773502691896257,67.37723214285714,65.90837053571428,14.83373788840746,42854784.0,43255296.0,2983747.19924326
2533,tricount,8,200000,0,0.1,458.3333333333333,474.0,28.884828774519914,284.8988095238095,300.47767857142856,28.80973928852108,7120960.0,7120960.0,0.0,281.0,281.0,0.0,280.0,280.0,0.0,84732480.0,76789440.0,14143587.049175326
2534,tricount,8,200000,0,0.3,434.5,435.0,20.42057785666214,260.1077008928571,260.30022321428567,20.60764933643176,7120960.0,7120960.0,0.0,281.0,281.0,0.0,280.0,280.0,0.0,92689408.0,88427136.0,12795690.891951399
2535,tricount,8,200000,0,0.5,446.0,447.0,16.57307052620807,272.19810267857144,273.48772321428567,16.960006839661215,7120960.0,7120960.0,0.0,281.25,281.0,0.4999999999999952,280.75,281.0,0.5000000000000047,81159680.0,81837056.0,11737144.923493674
2536,tricount,8,200000,0,0.7,459.25,458.5,12.338962679253067,285.55301339285717,284.3515625,12.465601236045542,7120960.0,7120960.0,0.0,281.0,281.0,0.0,280.7494419642857,280.99888392857144,0.49962908422740965,84309680.0,84905632.0,8844400.23137081
2537,tricount,8,200000,0,1.0,459.75,446.0,30.966379618332315,284.53292410714283,272.1450892857143,28.201680967410834,7120960.0,7120960.0,0.0,281.5,281.5,0.5773502691896257,280.9799107142857,281.0,0.7840341546751957,79101120.0,81404064.0,11481732.086464306
2538,tricount,8,200000,100,0.1,418.25,419.5,8.341662504161464,244.31808035714286,245.48883928571428,8.034382640158613,7120960.0,7120960.0,0.0,281.0,281.0,0.0,279.4944196428571,279.4888392857143,0.5709793504902128,87479280.0,88704000.0,7296181.781945951
2539,tricount,8,200000,100,0.3,452.5,437.5,36.17089069035117,278.3716517857143,263.9029017857143,36.57935994291644,7120960.0,7120960.0,0.0,281.0,281.0,0.0,280.0,280.0,0.0,80938144.0,79122176.0,13797470.754164767
2540,tricount,8,200000,100,0.5,436.75,431.0,12.893796958227632,262.9123883928571,257.17299107142856,12.998588145994766,7120960.0,7120960.0,0.0,281.0,281.0,0.0,280.25,280.0,0.5000000000000047,83768832.0,82940928.0,9274600.753474044
2541,tricount,8,200000,100,0.7,448.75,442.0,29.825883613622143,275.2349330357143,268.3392857142857,30.008721216694703,7120960.0,7120960.0,0.0,281.0,281.0,0.0,280.5,280.5,0.577350269189634,83222944.0,85466528.0,9643565.143439157
2542,tricount,8,200000,100,1.0,460.5,458.0,23.101226518664898,287.0619419642857,284.43080357142856,23.364458277577747,7120960.0,7120960.0,0.0,281.25,281.0,0.5000000000000047,281.0,281.0,0.0,73844400.0,72492672.0,9420372.304693695
2543,tricount,8,200000,1000,0.1,449.0,448.5,4.690415759823431,275.12890625,274.3984375,5.074723767749085,7120960.0,7120960.0,0.0,281.0,281.0,0.0,276.0122767857143,276.0,0.796574823414888,76134240.0,75640320.0,7157027.151324773
2544,tricount,8,200000,1000,0.3,448.3333333333333,449.0,5.033222956847167,274.6666666666667,275.59598214285717,5.27051533896297,7120960.0,7120960.0,0.0,281.0,281.0,0.0,279.0,279.0,0.0,74079488.0,73779328.0,1434501.0368431248
2545,tricount,8,200000,1000,0.5,458.0,460.0,15.427248620541512,284.3716517857143,286.75111607142856,15.700240030110436,7120960.0,7120960.0,0.0,281.0,281.0,0.0,280.0,280.0,0.0,69769728.0,69945344.0,6562322.595276767
2546,tricount,8,200000,1000,0.7,469.25,473.0,16.049402896473545,295.04575892857144,298.6897321428571,16.332163412808043,7120960.0,7120960.0,0.0,281.265625,281.03125,0.49046905695806925,280.2109375,280.0,0.421875,70076944.0,71093568.0,4464286.74454916
2547,tricount,8,200000,1000,1.0,502.25,446.5,116.56007035001308,328.34095982142856,272.66964285714283,116.81373798811521,7120960.0,7120960.0,0.0,281.25,281.0,0.4999999999999952,280.5,280.5,0.577350269189634,75897024.0,74895744.0,4899796.870029613
2548,tricount,8,200000,10000,0.1,439.5,439.0,11.357816691600547,265.7700892857143,265.265625,11.238121445250393,7120960.0,7120960.0,0.0,281.0,281.0,0.0,244.0,245.0,3.8297084310253524,72243360.0,70297920.0,7472183.72707738
2549,tricount,8,200000,10000,0.3,449.5,442.5,15.716233645501715,275.6422991071429,268.5859375,16.16353899188584,7120960.0,7120960.0,0.0,281.0,281.0,0.0,267.0,267.0,0.8164965809277203,79017120.0,78822016.0,5228042.77777755
2550,tricount,8,200000,10000,0.5,453.3333333333333,454.0,2.0816659994661246,279.8660714285714,280.36607142857144,2.1009113080514767,7120960.0,7120960.0,0.0,281.0,281.0,0.0,272.6666666666667,273.0,0.5773502691896216,78274560.0,76869632.0,4098491.6581435176
2551,tricount,8,200000,10000,0.7,461.75,461.5,6.075908711186069,287.8989955357143,287.3147321428571,5.890346680425398,7120960.0,7120960.0,0.0,281.25,281.0,0.5,275.75,275.5,0.9574271077563405,71374016.0,72005024.0,8384566.633757842
2552,tricount,8,200000,10000,1.0,449.5,452.0,10.214368964029703,276.1713169642857,278.69419642857144,10.409085736579629,7120960.0,7120960.0,0.0,281.25,281.0,0.4999999999999952,276.75,277.0,0.5,79501632.0,77899584.0,4962148.107332549
2553,tricount,8,200000,100000,0.1,446.5,442.0,31.416556144810016,272.85267857142856,268.6049107142857,31.52579273960184,7120960.0,7120960.0,0.0,281.0,281.0,0.0,130.0,129.0,10.677078252031308,30396240.0,30612960.0,2114871.121179728
2554,tricount,8,200000,100000,0.3,433.5,431.0,25.51470164434615,260.0228794642857,257.47767857142856,25.512438165320916,7120960.0,7120960.0,0.0,281.25,281.0,0.4999999999999952,190.75,194.0,7.932002689527193,54148864.0,52257856.0,4753533.761369535
2555,tricount,8,200000,100000,0.5,433.0,430.5,20.896570691543307,259.09877232142856,256.640625,21.266592456622355,7120960.0,7120960.0,0.0,281.25,281.0,0.5000000000000047,217.75,219.0,4.787135538781689,63196672.0,61716480.0,4715743.251175577
2556,tricount,8,200000,100000,0.7,457.0,454.5,23.423634787681152,283.35714285714283,280.96428571428567,23.356480784745226,7120960.0,7120960.0,0.0,281.25,281.0,0.4999999999999952,235.75,236.5,5.7373048260195025,63241024.0,61908896.0,8159542.868073922
2557,tricount,8,200000,100000,1.0,451.0,450.5,17.107503227141788,276.46875,276.8247767857143,15.648655881042654,7120960.0,7120960.0,0.0,281.25,281.0,0.4999999999999952,249.25,249.5,0.9574271077563381,63931728.0,63881664.0,1076861.0070087968
2558,tricount,8,200000,1000000,0.1,408.5,401.5,19.841034919244173,234.82645089285714,227.38504464285714,20.321520136726594,7120960.0,7120960.0,0.0,281.25,281.0,0.4999999999999952,22.87393973214286,23.049999999999997,3.8438834223385143,5211360.0,5211360.0,78079.34425954153
2559,tricount,8,200000,1000000,0.3,424.5,415.0,29.647934160747187,251.08816964285714,241.56696428571428,29.635885667011483,7120960.0,7120960.0,0.0,281.25,281.0,0.4999999999999952,54.52494419642858,55.59988839285715,7.664785209262087,13612256.0,13537216.0,450240.0
2560,tricount,8,200000,1000000,0.5,422.5,411.0,31.511902513177457,249.11607142857144,237.66517857142856,31.60056896467797,7120960.0,7120960.0,0.0,281.75,282.0,0.5000000000000047,82.72444196428572,77.79888392857143,13.026518604699131,19944960.0,20421632.0,1272994.5554552334
2561,tricount,8,200000,1000000,0.7,422.0,421.0,19.91649232838621,248.40234375,247.43191964285714,20.020969437203497,7120960.0,7120960.0,0.0,281.4587053571429,281.4174107142857,0.5339426932158704,95.45747767857144,94.56495535714286,10.655063930037358,26046608.0,26151776.0,1529127.5573877636
2562,tricount,8,200000,1000000,1.0,436.75,435.5,9.17877987534291,263.09095982142856,261.8147321428571,9.46055989510022,7120960.0,7120960.0,0.0,282.5,283.0,1.0,128.75446428571428,125.50892857142857,7.541359527890938,30689232.0,31239936.0,1537108.842761631
2563,tricount,8,400000,0,0.1,443.0,435.0,30.789608636681304,269.34002976190476,261.26785714285717,31.194081054390946,7120960.0,7120960.0,0.0,281.0,281.0,0.0,281.0,281.0,0.0,40393920.0,42880320.0,9069251.850422945
2564,tricount,8,400000,0,0.3,482.75,457.5,54.92039693957064,309.0775669642857,283.5803571428571,55.12058146397532,7120960.0,7120960.0,0.0,281.0,281.0,0.0,281.0,281.0,0.0,48685952.0,49946624.0,6230037.546313826
2565,tricount,8,400000,0,0.5,475.0,475.0,82.02438661763951,300.94754464285717,300.94754464285717,82.29113002393532,7120960.0,7120960.0,0.0,281.0,281.0,0.0,281.0,281.0,0.0,45710336.0,45710336.0,7592675.028502668
2566,tricount,8,400000,0,0.7,452.6666666666667,457.0,19.857828011475306,278.9516369047619,283.203125,19.730510640381514,7120960.0,7120960.0,0.0,281.0,281.0,0.0,281.0,281.0,0.0,44544490.666666664,45713024.0,7292097.422047331
2567,tricount,8,400000,0,1.0,475.25,457.5,66.5100243071173,301.6919642857143,283.76450892857144,66.48830936792746,7120960.0,7120960.0,0.0,281.75,282.0,0.5000000000000047,281.75,282.0,0.5000000000000047,38298960.0,40151328.0,12654082.4642927
2568,tricount,8,400000,100,0.1,451.6666666666667,444.0,25.38372181799457,278.30059523809524,270.4575892857143,25.50046369037655,7120960.0,7120960.0,0.0,281.0,281.0,0.0,280.0,280.0,0.0,46455360.0,48021120.0,4512703.911049339
2569,tricount,8,400000,100,0.3,453.5,453.5,15.968719422671311,279.79854910714283,279.6953125,15.982309370703309,7120960.0,7120960.0,0.0,281.0,281.0,0.0,280.83091517857144,281.0,0.3381696428571341,41557152.0,41842304.0,4037012.518036574
2570,tricount,8,400000,100,0.5,484.75,477.0,30.335622624235032,310.92466517857144,303.2421875,30.47006518479962,7120960.0,7120960.0,0.0,282.0,282.0,0.8164965809277203,281.5,281.5,0.5773502691896257,34972672.0,34872320.0,6521335.940326338
2571,tricount,8,400000,100,0.7,551.0,541.0,38.0,376.02827380952385,367.73660714285717,35.560681842436004,7120960.0,7120960.0,0.0,281.6666666666667,282.0,0.5773502691896216,281.3333333333333,281.0,0.577350269189634,41085632.0,42908544.0,10149544.470175201
2572,tricount,8,400000,100,1.0,571.75,573.0,16.580611166861935,398.1194196428571,399.14955357142856,16.288112530721794,7120960.0,7120960.0,0.0,282.0,282.0,0.0,281.7321428571429,281.9642857142857,0.4892552997151018,42354144.0,42754656.0,4643464.113122444
2573,tricount,8,400000,1000,0.1,457.0,463.5,36.52396473549935,283.26171875,289.70424107142856,36.2680232973128,7120960.0,7120960.0,0.0,281.0,281.0,0.0,278.0,278.0,0.8164965809277203,45506160.0,42376320.0,11319636.54314042
2574,tricount,8,400000,1000,0.3,468.0,468.0,47.784237289438174,292.6478794642857,291.40513392857144,47.671065200741836,7120960.0,7120960.0,0.0,281.25,281.0,0.4999999999999952,280.0,280.0,0.0,47500320.0,47545344.0,6543648.634113948
2575,tricount,8,400000,1000,0.5,457.25,439.0,39.22053033807676,283.1372767857143,264.27120535714283,39.38997117543007,7120960.0,7120960.0,0.0,281.5,281.5,0.5773502691896257,280.69642857142856,280.8928571428571,0.47514766770177813,44531200.0,45609984.0,5443961.116608629
2576,tricount,8,400000,1000,0.7,460.75,457.0,39.23752455664518,287.01953125,283.5625,39.37763859696364,7120960.0,7120960.0,0.0,281.25,281.0,0.4999999999999952,280.75,281.0,0.5,39683392.0,39402944.0,6163478.88615123
2577,tricount,8,400000,1000,1.0,460.0,464.5,19.165942015286742,286.03125,290.51227678571433,19.193064056621864,7120960.0,7120960.0,0.0,281.75,281.5,0.9574271077563405,281.5,281.5,0.5773502691896257,38749536.0,37347744.0,5119926.266269076
2578,tricount,8,400000,10000,0.1,513.5,511.0,56.759727506980376,340.10658482142856,337.66294642857144,56.38239339634121,7120960.0,7120960.0,0.0,281.00111607142856,281.0,0.002232142857138797,258.80357142857144,259.5,2.528325922975341,43354080.0,41872320.0,4584246.879215822
2579,tricount,8,400000,10000,0.3,473.0,463.5,44.00757510550504,299.11941964285717,289.2633928571429,43.716775547218184,7120960.0,7120960.0,0.0,281.0,281.0,0.0,272.75,272.5,0.9574271077563405,47905536.0,48806016.0,3919741.7728280695
2580,tricount,8,400000,10000,0.5,508.0,514.0,50.91168824543142,334.3353794642857,340.40066964285717,50.65761143655648,7120960.0,7120960.0,0.0,281.5,281.5,0.5773502691896257,276.9107142857143,277.0,0.6785714285714213,41119232.0,41595904.0,3768548.3061274393
2581,tricount,8,400000,10000,0.7,504.75,498.5,83.70732743712861,331.3297991071429,325.1462053571429,84.14321766598067,7120960.0,7120960.0,0.0,282.0,282.0,0.816496580927726,278.9140625,278.5,1.5028997578985919,39262720.0,40384512.0,7177496.629126342
2582,tricount,8,400000,10000,1.0,522.75,527.0,55.41585212433954,349.3805803571429,353.7611607142857,55.439945707509054,7120960.0,7120960.0,0.0,282.0,282.0,0.0,279.8258928571429,280.0,0.3482142857142697,38098704.0,38549280.0,1937246.0865217925
2583,tricount,8,400000,100000,0.1,487.75,480.5,74.61624041275017,314.4319196428571,307.4977678571429,74.75796046128107,7120960.0,7120960.0,0.0,281.0,281.0,0.0,157.25,154.0,7.889866919029752,24897600.0,25552800.0,1555589.2846121048
2584,tricount,8,400000,100000,0.3,488.75,477.0,84.71668470063419,315.1579241071429,303.4296875,84.87802696152306,7120960.0,7120960.0,0.0,281.0,281.0,0.0,220.0,221.5,4.830458915396476,36544480.0,35448896.0,3030427.0143674463
2585,tricount,8,400000,100000,0.5,510.0,526.0,70.05711955254797,336.3392857142857,352.3549107142857,70.00893094372674,7120960.0,7120960.0,0.0,281.75,282.0,0.5000000000000047,243.25,243.5,0.9574271077563381,38610432.0,38484992.0,360662.7239217642
2586,tricount,8,400000,100000,0.7,505.75,500.0,74.83481809959855,332.2583705357143,326.17522321428567,74.86214769190015,7120960.0,7120960.0,0.0,281.5,281.5,0.577350269189634,254.5,254.5,2.081665999466135,37264528.0,36598464.0,3148801.6547963126
2587,tricount,8,400000,100000,1.0,587.0,594.5,96.14918963083707,413.49720982142856,420.765625,95.97042152915729,7120960.0,7120960.0,0.0,281.75,282.0,0.4999999999999952,261.8264508928571,262.5,2.4850627143333526,39650688.0,37948512.0,4235465.68668712
2588,tricount,8,400000,1000000,0.1,428.0,409.0,51.97435264948793,254.59598214285714,235.59375,51.73045966922472,7120960.0,7120960.0,0.0,281.75,282.0,0.4999999999999952,32.62845982142857,32.90691964285715,2.845285672832997,5019840.0,5009760.0,59349.43302172313
2589,tricount,8,400000,1000000,0.3,458.0,414.0,103.92946325914194,283.1646205357143,240.30133928571428,101.57526558926662,7120960.0,7120960.0,0.0,281.5,281.5,0.5773502691896257,74.57756696428571,73.65066964285714,8.81344539013263,12411616.0,12456640.0,519603.4610303002
2590,tricount,8,400000,1000000,0.5,463.5,418.5,99.96832831785608,289.7516741071429,244.73102678571428,100.10475789423408,7120960.0,7120960.0,0.0,281.5,281.5,0.5773502691896257,108.75,109.0,4.031128874149275,17335808.0,17310720.0,387580.5054884297
2591,tricount,8,400000,1000000,0.7,526.5,522.5,70.59036761485238,352.8822544642857,348.62388392857144,70.34774523798112,7120960.0,7120960.0,0.0,282.25,282.5,0.9574271077563381,132.25,132.5,8.65544144839919,20998544.0,21033600.0,1180854.8252493474
2592,tricount,8,400000,1000000,1.0,556.0,584.5,62.82780700719493,382.56361607142856,410.9006696428571,62.89266227105451,7120960.0,7120960.0,0.0,282.75,283.0,1.258305739211786,164.75,165.5,6.849574196011505,23630208.0,23329824.0,1397015.8634575342
2593,tricount,8,2000000,0,0.1,444.25,445.0,12.841988423397167,270.6255580357143,271.4107142857143,12.638887789583782,7120960.0,7120960.0,0.0,281.25,281.0,0.4999999999999952,281.25,281.0,0.4999999999999952,10326960.0,9737280.0,1975225.6620447193
2594,tricount,8,2000000,0,0.3,468.3333333333333,466.0,9.712534856222318,294.7842261904762,292.82589285714283,9.861219449039169,7120960.0,7120960.0,0.0,282.0,282.0,1.0,282.0,282.0,1.0,8464512.0,8164352.0,737685.5662299487
2595,tricount,8,2000000,0,0.5,460.75,461.5,9.844626283748239,287.15513392857144,287.89955357142856,10.14168033642538,7120960.0,7120960.0,0.0,282.0,282.0,0.8164965809277203,282.0,282.0,0.8164965809277203,9408000.0,9433088.0,845084.6033733347
2596,tricount,8,2000000,0,0.7,457.0,456.0,16.57307052620807,283.5094866071429,282.6015625,16.439531493760665,7120960.0,7120960.0,0.0,284.0,284.0,0.816496580927726,283.75,284.0,0.4999999999999952,9920848.0,9955904.0,1129797.1044655172
2597,tricount,8,2000000,0,1.0,461.0,462.0,13.515423288475528,287.39229910714283,288.20200892857144,13.69549452396779,7120960.0,7120960.0,0.0,284.25,284.0,2.061552812808836,284.25,284.0,2.061552812808836,8410752.0,8510880.0,432602.4031001215
2598,tricount,8,2000000,100,0.1,474.3333333333333,473.0,9.073771725877465,300.82514880952385,299.90848214285717,9.0816383763591,7120960.0,7120960.0,0.0,281.3333333333333,281.0,0.577350269189634,281.3333333333333,281.0,0.577350269189634,8789760.0,8487360.0,649827.8221190595
2599,tricount,8,2000000,100,0.3,465.0,463.5,28.035691537752374,290.02845982142856,289.7734375,26.367929301104716,7120960.0,7120960.0,0.0,282.0,282.0,1.1547005383792432,281.5,281.5,0.577350269189634,9665152.0,9635136.0,711997.4045196138
2600,tricount,8,2000000,100,0.5,460.25,452.5,20.758532382292028,286.3783482142857,278.4642857142857,21.010273181818395,7120960.0,7120960.0,0.0,283.0,283.0,0.0,282.75,283.0,0.4999999999999952,8805888.0,8630272.0,887704.0585059868
2601,tricount,8,2000000,100,0.7,479.0,471.5,25.858589804292627,305.5892857142857,298.09486607142856,26.139142930252884,7120960.0,7120960.0,0.0,283.25,283.0,1.2583057392117898,283.25,283.0,1.2583057392117898,7817488.0,7922656.0,503961.75262282224
2602,tricount,8,2000000,100,1.0,473.5,474.0,15.022205785658333,300.08705357142856,300.57700892857144,15.144874952425898,7120960.0,7120960.0,0.0,284.5,284.5,1.290994448735813,284.5,284.5,1.290994448735813,8661072.0,8510880.0,681557.2065439555
2603,tricount,8,2000000,1000,0.1,461.25,460.0,15.435349040433133,287.96484375,286.8772321428571,15.635440216885568,7120960.0,7120960.0,0.0,281.0,281.0,0.0,281.0,281.0,0.0,9056880.0,9243360.0,1572512.3073604226
2604,tricount,8,2000000,1000,0.3,449.5,450.0,8.544003745317532,275.8755580357143,276.11830357142856,8.416089215719028,7120960.0,7120960.0,0.0,281.75,282.0,0.5000000000000047,281.5,281.5,0.5773502691896257,9274944.0,8944768.0,1194118.8237200964
2605,tricount,8,2000000,1000,0.5,456.6666666666667,461.0,12.096831541082699,282.8407738095238,287.5736607142857,13.117740934278906,7120960.0,7120960.0,0.0,283.3333333333333,283.0,0.5773502691896216,283.0,283.0,0.0,8864426.666666666,8931328.0,905024.4623905662
2606,tricount,8,2000000,1000,0.7,456.5,458.5,8.346656017032602,283.02455357142856,284.8337053571429,8.341065383481016,7120960.0,7120960.0,0.0,284.25,284.0,2.2173557826083528,284.25,284.0,2.2173557826083528,8483552.0,8203104.0,860599.2156414428
2607,tricount,8,2000000,1000,1.0,467.25,464.5,26.323310328806794,293.22154017857144,290.10825892857144,26.75870180445317,7120960.0,7120960.0,0.0,284.75,284.5,2.75378527364305,284.75,284.5,2.75378527364305,8510880.0,8510880.0,740315.4928758414
2608,tricount,8,2000000,10000,0.1,427.0,427.0,5.773502691896251,253.19475446428572,253.34709821428572,5.475834931704194,7120960.0,7120960.0,0.0,281.25,281.0,0.5,275.75,276.0,0.5000000000000047,10654560.0,10342080.0,1114041.4297502583
2609,tricount,8,2000000,10000,0.3,454.5,448.0,29.320072760255332,280.71651785714283,274.17299107142856,29.496465956216653,7120960.0,7120960.0,0.0,282.5,282.5,1.2909944487358056,281.0,281.0,1.1547005383792432,9169888.0,9094848.0,902977.8688760874
2610,tricount,8,2000000,10000,0.5,457.75,456.5,2.87228132326902,284.1177455357143,282.9196428571429,2.946716805323692,7120960.0,7120960.0,0.0,282.75,283.0,0.5,281.75,282.0,0.5,9182208.0,9182208.0,370985.8398303995
2611,tricount,8,2000000,10000,0.7,458.5,465.0,19.621416870348586,284.60825892857144,290.95982142857144,19.600868822081942,7120960.0,7120960.0,0.0,282.5,283.0,1.0,281.75,282.0,0.5,8588720.0,8203104.0,932779.4917814175
2612,tricount,8,2000000,10000,1.0,468.75,479.0,30.51092700438101,294.63169642857144,304.82924107142856,30.688592726069892,7120960.0,7120960.0,0.0,286.24888392857144,286.0,0.5007484698736197,285.5,285.5,0.5773502691896257,8560944.0,8110368.0,1259916.3705579827
2613,tricount,8,2000000,100000,0.1,441.0,441.0,1.825741858350546,267.2806919642857,267.21875,2.1836080347928806,7120960.0,7120960.0,0.0,281.25,281.0,0.5,239.5,239.5,1.2909944487358074,8431920.0,8426880.0,239315.9852579848
2614,tricount,8,2000000,100000,0.3,448.0,445.5,11.165422816296159,274.2131696428571,271.7700892857143,10.927222683049205,7120960.0,7120960.0,0.0,282.25,282.5,0.9574271077563405,267.25,267.5,1.7078251276599372,8809696.0,8854720.0,643538.1866483657
2615,tricount,8,2000000,100000,0.5,455.5,456.5,11.958260743101398,281.9497767857143,282.86830357142856,12.01505454534321,7120960.0,7120960.0,0.0,282.75,282.5,1.707825127659933,273.25,273.0,2.061552812808831,9408000.0,9282560.0,604199.0495854822
2616,tricount,8,2000000,100000,0.7,467.0,470.5,25.961509971494333,293.1869419642857,296.77232142857144,25.927732527892186,7120960.0,7120960.0,0.0,283.0,282.0,2.7080128015453164,276.75,275.5,2.8722813232690085,8132992.0,8273216.0,937160.8192805902
2617,tricount,8,2000000,100000,1.0,458.75,458.0,6.291528696058957,285.2583705357143,284.6049107142857,6.294917614475912,7120960.0,7120960.0,0.0,283.75,283.5,0.9574271077563405,279.25,279.0,1.4999999999999984,8460816.0,8410752.0,444038.79960201675
2618,tricount,8,2000000,1000000,0.1,404.0,403.5,7.0710678118654755,230.57700892857142,229.94084821428572,6.813749188230093,7120960.0,7120960.0,0.0,281.5,281.5,0.5773502691896257,103.34514508928572,100.69029017857143,7.294374499582264,3593520.0,3648960.0,140035.83541365404
2619,tricount,8,2000000,1000000,0.3,426.75,420.0,18.025444978326245,253.22042410714283,246.33928571428572,18.15009756402497,7120960.0,7120960.0,0.0,282.75,283.0,0.5,179.0,177.5,8.981462390204983,6213312.0,6273344.0,546917.5486231905
2620,tricount,8,2000000,1000000,0.5,431.5,427.5,17.175564037317667,257.671875,253.61495535714286,17.250120252618682,7120960.0,7120960.0,0.0,284.5,285.0,1.9148542155126738,214.25,212.5,6.701989754294367,7049728.0,7175168.0,527047.0735003974
2621,tricount,8,2000000,1000000,0.7,473.75,449.0,65.73875062193785,300.1880580357143,275.46428571428567,65.96270480501325,7120960.0,7120960.0,0.0,284.25,285.0,2.362907813126307,236.75,232.5,12.60621539823379,6660640.0,7151424.0,1592638.487762995
2622,tricount,8,2000000,1000000,1.0,454.0,461.0,18.38477631085023,280.30580357142856,287.5703125,18.562202324882488,7120960.0,7120960.0,0.0,286.0,287.0,2.7080128015453253,247.25,247.5,3.304037933599832,7709856.0,7709856.0,841710.6932527352
2623,tricount,8,4000000,0,0.1,827.25,839.0,195.13649069305308,653.90234375,665.4497767857142,195.47418958937456,7120960.0,7120960.0,0.0,282.25,282.0,0.5,281.75,281.5,0.9574271077563455,6733440.0,7076160.0,941855.4080112297
2624,tricount,8,4000000,0,0.3,614.0,524.0,246.50219742090198,440.45926339285717,350.6741071428571,246.66044933593406,7120960.0,7120960.0,0.0,284.0,283.5,2.160246899469287,283.75,283.0,2.3629078131263013,5898144.0,5823104.0,1085428.8068605268
2625,tricount,8,4000000,0,0.5,617.25,511.0,246.6946493136809,443.81361607142856,337.69196428571433,246.92793279875502,7120960.0,7120960.0,0.0,285.75,285.5,0.9574271077563405,285.75,285.5,0.9574271077563405,4816896.0,4515840.0,948490.0994514035
2626,tricount,8,4000000,0,0.7,613.75,518.5,256.1241560910125,439.85100446428567,344.82924107142856,256.28923530264,7120960.0,7120960.0,0.0,286.75,287.5,2.6299556396765897,286.75,287.5,2.6299556396765897,4907840.0,5118176.0,677346.2709525559
2627,tricount,8,4000000,0,1.0,602.96875,510.4375,240.08888056908563,429.31640625,336.5334821428571,240.10934017928966,7120960.0,7120960.0,0.0,286.2505580357143,286.0,2.216600933410508,286.25,286.0,2.217355782608345,5156592.0,5206656.0,915865.6583407853
2628,tricount,8,4000000,100,0.1,478.0,457.5,60.382116557802114,304.515625,283.78013392857144,60.611499155294396,7120960.0,7120960.0,0.0,282.25,282.5,0.9574271077563381,282.0,282.0,0.816496580927726,4919040.0,4687200.0,962204.5088233582
2629,tricount,8,4000000,100,0.3,473.6666666666667,476.0,29.56912804486013,300.1071428571429,302.79910714285717,29.941345256545922,7120960.0,7120960.0,0.0,283.5111607142857,284.0,1.784211141909983,283.3333333333333,284.0,2.081665999466135,4362325.333333333,4442368.0,544716.6642478761
2630,tricount,8,4000000,100,0.5,488.25,482.0,59.7013400184619,314.65625,308.81361607142856,59.794852200023556,7120960.0,7120960.0,0.0,282.25,282.0,1.258305739211786,282.25,282.0,1.258305739211786,4566016.0,4816896.0,884389.067781068
2631,tricount,8,4000000,100,0.7,513.25,471.5,115.65573915720742,339.40736607142856,297.8247767857143,115.8136715994706,7120960.0,7120960.0,0.0,283.50111607142856,283.5,1.292724230005251,283.25,283.0,1.5,4522224.0,4557280.0,690523.1181995285
2632,tricount,8,4000000,100,1.0,478.5,475.5,20.566963801203133,304.85546875,301.8325892857143,20.968702506913036,7120960.0,7120960.0,0.0,288.25,287.5,5.123475382979799,288.25,287.5,5.123475382979799,3754800.0,3804864.0,251983.27411159655
2633,tricount,8,4000000,1000,0.1,492.75,484.5,56.18644557779632,319.5150669642857,311.2678571428571,56.30988495976956,7120960.0,7120960.0,0.0,282.0,282.0,0.816496580927726,281.25,281.0,0.4999999999999952,4813200.0,4777920.0,1035496.1801957552
2634,tricount,8,4000000,1000,0.3,483.0,460.0,74.48937284382697,309.3638392857143,286.4899553571429,74.55376285351099,7120960.0,7120960.0,0.0,283.25,283.5,0.9574271077563405,283.0,283.5,1.4142135623730983,4847584.0,4892608.0,561815.2807510075
2635,tricount,8,4000000,1000,0.5,506.25,472.0,103.20004844960103,332.4631696428571,297.92522321428567,103.31550004344327,7120960.0,7120960.0,0.0,284.0,284.0,0.816496580927726,284.0,284.0,0.816496580927726,4691456.0,4616192.0,720743.4990212076
2636,tricount,8,4000000,1000,0.7,620.0,567.0,144.4506836259351,445.2991071428571,393.5814732142857,141.72690699520504,7120960.0,7120960.0,0.0,285.03125,285.0625,3.3794338159914696,285.0,285.0,3.366501646120693,4627392.0,4837728.0,696430.1814788519
2637,tricount,8,4000000,1000,1.0,488.25,464.0,58.260192241358084,314.6149553571429,290.00669642857144,58.56263741723235,7120960.0,7120960.0,0.0,286.75,285.5,5.251983752196246,286.25,285.0,4.9916597106239795,4405632.0,4405632.0,589537.7013491164
2638,tricount,8,4000000,10000,0.1,558.0,529.0,74.87767802667673,384.2399553571429,355.6283482142857,74.87981451693267,7120960.0,7120960.0,0.0,281.75,281.5,0.9574271077563405,279.1830357142857,279.36607142857144,0.8948044241525523,4853520.0,4717440.0,856958.1030598871
2639,tricount,8,4000000,10000,0.3,523.25,481.5,124.04938532697372,349.80747767857144,308.2421875,123.96418364315842,7120960.0,7120960.0,0.0,282.25,282.5,0.9574271077563405,281.25,281.5,0.9574271077563405,5042688.0,5072704.0,516414.7904311031
2640,tricount,8,4000000,10000,0.5,535.0,485.0,139.79508813497944,361.2924107142857,311.2834821428571,140.01050557719336,7120960.0,7120960.0,0.0,284.75,284.5,2.499999999999999,284.0,284.0,2.449489742783178,4515840.0,4465664.0,392956.3587236288
2641,tricount,8,4000000,10000,0.7,582.0,595.0,72.76904103623556,408.6049107142857,421.53013392857144,72.61017555184866,7120960.0,7120960.0,0.0,285.75,285.5,1.7078251276599345,285.0,284.5,2.1602468994692847,4697504.0,4697504.0,845230.1361530678
2642,tricount,8,4000000,10000,1.0,609.0,573.0,125.64765550273245,435.46205357142856,399.73549107142856,125.3884855352371,7120960.0,7120960.0,0.0,289.75,290.0,2.0615528128088303,289.75,290.0,2.0615528128088303,4605888.0,4806144.0,712716.327479594
2643,tricount,8,4000000,100000,0.1,672.5,703.0,106.45969503369182,498.79520089285717,529.515625,106.52102111275997,7120960.0,7120960.0,0.0,282.0,282.0,0.8164965809277203,254.5,254.0,3.415650255319866,5533920.0,5695200.0,798719.4230767147
2644,tricount,8,4000000,100000,0.3,568.25,568.0,30.46719547316423,394.7154017857143,394.4408482142857,30.627659719165283,7120960.0,7120960.0,0.0,284.25,284.5,0.9574271077563405,275.75,275.0,1.5,4877600.0,4922624.0,645402.1679211602
2645,tricount,8,4000000,100000,0.5,525.5,523.0,74.18220810949214,351.6568080357143,349.14955357142856,73.96649757865961,7120960.0,7120960.0,0.0,286.25,287.0,2.9860788111948193,282.0,282.5,2.943920288775949,4139520.0,4014080.0,557984.7943256758
2646,tricount,8,4000000,100000,0.7,555.75,501.0,144.84790874108836,382.1361607142857,327.70424107142856,145.01067305962835,7120960.0,7120960.0,0.0,286.5,286.0,1.9148542155126762,283.25,283.0,1.5000000000000078,3996384.0,3856160.0,333799.8866546642
2647,tricount,8,4000000,100000,1.0,620.75,625.0,73.69475331844642,446.19921875,449.0212053571429,73.29335180611683,7120960.0,7120960.0,0.0,291.53125,292.5,7.1853257580989265,289.25,290.0,7.182153808805074,4505760.0,4205376.0,1090736.6673803534
2648,tricount,8,4000000,1000000,0.1,551.25,474.0,210.0466218089054,377.62220982142856,300.67299107142856,209.732994070717,7120960.0,7120960.0,0.0,282.25,282.5,0.9574271077563405,150.5,150.5,10.535653752852738,2656080.0,2661120.0,194328.87587798166
2649,tricount,8,4000000,1000000,0.3,543.5,493.5,155.76156992874292,369.9832589285714,320.12276785714283,155.81892646632664,7120960.0,7120960.0,0.0,283.5,283.5,1.7320508075688772,220.25,218.5,7.719024117939605,3797024.0,3902080.0,414104.7798870877
2650,tricount,8,4000000,1000000,0.5,552.0,516.0,146.68787725416624,378.78627232142856,342.6506696428571,146.65095471577948,7120960.0,7120960.0,0.0,283.75,284.0,2.061552812808836,243.0,242.5,7.874007874011811,4064256.0,3963904.0,770818.3380901106
2651,tricount,8,4000000,1000000,0.7,658.0,660.0,110.32678731840241,484.2193080357143,485.9631696428571,110.0443696324816,7120960.0,7120960.0,0.0,287.25,287.0,3.7749172176353665,258.0,258.5,4.546060565661952,4101552.0,4136608.0,386146.7862113232
2652,tricount,8,4000000,1000000,1.0,656.5,650.5,130.98218708409678,482.98549107142856,477.09709821428567,130.9292276757598,7120960.0,7120960.0,0.0,287.25,287.0,2.217355782608345,264.75,263.0,4.193248541803038,4505760.0,4605888.0,503966.5482231931
