,App,Num Nodes,Inhib Message Size,Inhib Wait Time (us),Inhib Comm Sparsity,Inhib Comm Mode,Run Iteration,App Time Average,MPI Time Average,Total Messages Sent
0,lammps,8,200000,100,0.5,d,2,365.0,27.478571428571428,457408
1,tricount,8,4000000,100000,0.3,d,2,543.0,369.31026785714283,7120960
2,tricount,8,200000,1000000,0.7,d,3,477.0,302.89955357142856,7120960
3,laghos,8,4000000,100,1.0,d,0,597.8861607142857,325.99776785714283,801311390
4,tricount,8,2000,10000,0.5,d,3,406.0,232.46875,7120960
5,quicksilver,8,2000000,0,0.5,d,2,303.0,140.97444196428572,762710
6,minivite,8,20000,0,0.7,d,1,412.0,79.79062499999999,24089720
7,minife,8,4000,100000,0.7,d,1,384.984375,12.89486607142857,6788000
8,minife,8,40000,1000,1.0,d,0,455.0,63.79553571428572,6788000
9,quicksilver,8,2000,0,0.7,d,1,297.99330357142856,136.05877232142856,762710
10,fiesta,8,2000,10000,0.5,d,2,352.65401785714283,53.30736607142857,645120
11,minivite,8,4000,1000,0.5,d,0,373.0,55.53638392857143,24089720
12,quicksilver,8,2000,1000000,0.1,d,0,292.0,131.35850446428572,762710
13,tricount,8,400000,10000,0.3,d,1,551.0,378.0267857142857,7120960
14,minivite,8,40000,100,0.1,d,2,415.0,79.85111607142858,24089720
15,minivite,8,4000000,1000000,0.5,d,2,399.0,78.85312499999999,24089720
16,tricount,8,20000,1000000,0.3,d,3,437.0,263.6294642857143,7120960
17,minife,8,20000,100000,0.5,d,1,385.0,14.091473214285715,6788000
18,lammps,8,400000,100,0.7,d,1,363.0,26.283058035714284,457408
19,minife,8,4000000,0,1.0,d,2,402.0,37.135714285714286,6788000
20,amg,8,2000000,100,0.7,d,0,369.0,48.315848214285715,106441449
21,minife,8,4000,100000,0.3,d,1,387.0,14.140892857142857,6788000
22,lammps,8,4000,0,0.3,d,3,356.0,19.315446428571427,457408
23,lammps,8,20000,1000,0.7,d,0,372.0,29.383526785714285,457408
24,minife,8,400000,1000,1.0,d,3,416.0,51.190848214285715,6788000
25,amg,8,4000000,100,0.5,d,2,358.0,42.713169642857146,106441449
26,tricount,8,200000,100000,0.1,d,0,463.0,287.70089285714283,7120960
27,beatnik,8,2000,100,0.7,d,3,417.05580357142856,120.72544642857143,19996182
28,minife,8,2000,100000,0.7,d,0,387.0,14.959821428571429,6788000
29,tricount,8,4000000,1000,1.0,d,1,577.0,401.51785714285717,7120960
30,beatnik,8,4000000,100,0.5,d,2,729.9352678571429,447.14732142857144,19996182
31,kripke,8,2000,10000,0.1,d,0,355.0,18.01919642857143,302720
32,kripke,8,2000,1000000,1.0,d,3,352.0,15.929910714285715,302720
33,tricount,8,20000,0,0.7,d,2,420.0,246.91071428571428,7120960
34,kripke,8,2000,1000,0.5,d,0,357.0,18.426339285714285,302720
35,lammps,8,2000,0,0.5,d,1,360.0,21.96042410714286,457408
36,lammps,8,4000000,1000000,0.5,d,2,370.0,35.839508928571426,457408
37,minife,8,40000,0,0.5,d,3,389.0,20.50044642857143,6788000
38,beatnik,8,4000,10000,0.1,d,0,418.45982142857144,122.52455357142857,19996182
39,minivite,8,2000000,10000,0.5,d,3,420.0,103.19330357142857,24089720
40,beatnik,8,200000,1000000,0.1,d,3,421.90848214285717,125.15178571428571,19996182
41,kripke,8,20000,10000,0.5,d,3,379.0,28.88549107142857,302720
42,amg,8,4000,100,0.5,d,0,353.0,21.5984375,106441449
43,minife,8,4000000,0,0.1,d,3,425.0,60.57008928571429,6788000
44,quicksilver,8,4000000,1000000,0.3,d,1,294.0,132.95247767857146,762710
45,minivite,8,40000,1000,1.0,d,2,434.0,95.32120535714284,24089720
46,minife,8,20000,100000,0.3,d,2,385.0,13.820401785714287,6788000
47,amg,8,2000000,100000,0.7,d,1,360.0,43.253571428571426,106441449
48,kripke,8,2000000,1000,0.3,d,3,358.0,21.204464285714284,302720
49,quicksilver,8,4000000,100000,0.5,d,1,292.0,131.33513392857142,762710
50,quicksilver,8,2000000,10000,0.3,d,1,302.0,139.86531250000002,762710
51,tricount,8,40000,0,0.3,d,0,475.0,297.38169642857144,7120960
52,lammps,8,400000,100000,0.7,d,1,369.0,31.409308035714282,457408
53,kripke,8,200000,100,0.3,d,1,357.0,20.498437499999998,302720
54,beatnik,8,200000,10000,0.1,d,2,460.5044642857143,163.61830357142858,19996182
55,laghos,8,2000000,1000,0.3,d,2,572.0,300.375,801311390
56,minife,8,4000,1000000,0.7,d,0,385.0,13.388102678571428,6788000
57,amg,8,20000,1000000,0.7,d,2,347.0,17.872767857142858,106441449
58,minife,8,2000000,10000,0.7,d,0,412.0,53.04598214285714,6788000
59,minife,8,2000,1000,0.7,d,3,384.0,12.56372767857143,6788000
60,laghos,8,200000,100000,0.5,d,3,515.0,243.31919642857142,801311390
61,minivite,8,2000000,1000000,0.5,d,1,405.0,88.96316964285714,24089720
62,tricount,8,2000,1000,1.0,d,0,450.0,276.4263392857143,7120960
63,amg,8,4000000,0,0.3,d,2,356.0,35.903125,106441449
64,fiesta,8,20000,100000,0.1,d,2,358.90848214285717,58.1421875,645120
65,lammps,8,4000,10000,0.1,d,2,353.0,14.93142857142857,457408
66,kripke,8,4000000,100,0.7,d,1,360.0,22.98950892857143,302720
67,tricount,8,4000000,1000000,0.5,d,0,674.0,500.46205357142856,7120960
68,amg,8,40000,0,0.3,d,2,385.0,48.07723214285714,106441449
69,fiesta,8,4000,100000,1.0,d,3,356.52455357142856,57.74821428571429,645120
70,minivite,8,2000,0,0.7,d,3,387.0,66.13258928571429,24089720
71,amg,8,4000000,100000,0.7,d,0,367.0,53.044642857142854,106441449
72,minivite,8,400000,0,0.3,d,1,410.0,88.85982142857142,24089720
73,quicksilver,8,20000,10000,0.3,d,2,293.0,131.97276785714286,762710
74,minife,8,2000,0,0.1,d,0,408.0,25.47191964285714,6788000
75,kripke,8,20000,1000,0.1,d,0,371.0,25.2390625,302720
76,lammps,8,2000000,0,0.3,d,1,356.0,25.661607142857147,457408
77,lammps,8,4000,100,1.0,d,0,354.0,16.95470982142857,457408
78,minife,8,4000,100,0.1,d,0,389.0,15.758370535714286,6788000
79,laghos,8,4000,10000,0.7,d,1,347.0,73.71718750000001,801311390
80,tricount,8,200000,1000,0.3,d,3,508.0,333.70089285714283,7120960
81,beatnik,8,2000,1000000,1.0,d,0,407.0,111.4375,19996182
82,beatnik,8,2000,1000000,0.5,d,1,407.0,114.05803571428571,19996182
83,laghos,8,4000000,100,0.7,d,1,517.0,243.71205357142858,801311390
84,laghos,8,40000,100,0.5,d,0,559.0,279.34151785714283,801311390
85,quicksilver,8,20000,1000000,0.3,d,2,299.92410714285717,138.51325892857145,762710
86,fiesta,8,2000,100,0.7,d,3,356.13169642857144,57.85915178571429,645120
87,quicksilver,8,20000,1000000,0.3,d,3,293.0,131.93502232142856,762710
88,minife,8,200000,100000,0.1,d,1,391.0,17.982946428571427,6788000
89,minife,8,400000,100,0.1,d,0,407.0,43.03705357142858,6788000
90,tricount,8,2000000,100,0.3,d,1,512.0,338.28348214285717,7120960
91,minife,8,4000,1000000,0.1,d,1,389.0,14.816428571428572,6788000
92,amg,8,4000000,100000,0.7,d,3,360.0,41.89709821428572,106441449
93,minivite,8,200000,0,0.1,d,0,407.0,83.45223214285714,24089720
94,kripke,8,4000,100,0.5,d,1,354.0,17.70691964285714,302720
95,minivite,8,4000000,10000,0.1,d,0,439.0,120.49330357142857,24089720
96,minivite,8,400000,100,1.0,d,2,408.0,89.18928571428572,24089720
97,laghos,8,400000,0,0.7,d,3,559.0,286.3392857142857,801311390
98,amg,8,20000,100,0.3,d,1,378.0,41.07098214285714,106441449
99,tricount,8,20000,1000000,1.0,d,2,422.0,247.74107142857142,7120960
100,fiesta,8,2000000,100,0.7,d,2,357.6875,66.0546875,645120
101,minivite,8,2000,100,0.5,d,3,378.0,59.90200892857143,24089720
102,beatnik,8,400000,10000,0.1,d,0,501.2767857142857,206.25223214285714,19996182
103,tricount,8,40000,0,0.5,d,3,465.0,291.640625,7120960
104,kripke,8,4000,0,0.3,d,3,363.0,21.13549107142857,302720
105,lammps,8,2000000,1000000,0.3,d,3,365.0,24.788415178571427,457408
106,kripke,8,2000000,100,0.5,d,3,359.0,22.066964285714285,302720
107,quicksilver,8,40000,100,1.0,d,0,318.0,147.6966517857143,762710
108,tricount,8,4000000,100,0.5,d,3,673.0,499.8705357142857,7120960
109,quicksilver,8,4000,10000,1.0,d,3,303.0,139.18627232142856,762710
110,quicksilver,8,4000000,10000,0.7,d,1,299.0,137.34955357142857,762710
111,quicksilver,8,40000,100,0.1,d,1,292.3325892857143,131.4502232142857,762710
112,minife,8,200000,0,0.1,d,1,412.0,44.74308035714285,6788000
113,kripke,8,200000,0,0.1,d,2,370.0,30.09888392857143,302720
114,lammps,8,40000,1000000,0.7,d,0,351.0,14.089933035714285,457408
115,minife,8,4000,10000,0.1,d,2,389.0,14.981049107142857,6788000
116,fiesta,8,20000,0,0.5,d,3,383.77901785714283,110.09227678571428,645120
117,beatnik,8,2000000,10000,0.5,d,3,526.9107142857143,234.58258928571428,19996182
118,quicksilver,8,4000,100000,0.7,d,0,301.0,138.93676339285713,762710
119,minife,8,40000,1000000,0.5,d,0,393.0,20.099330357142858,6788000
120,minivite,8,20000,100000,0.1,d,3,381.0,59.14040178571429,24089720
121,tricount,8,4000,100,1.0,d,0,419.0,243.45089285714286,7120960
122,amg,8,200000,1000,0.5,d,3,358.0,39.715178571428574,106441449
123,minife,8,4000000,10000,0.3,d,2,404.0,43.21116071428571,6788000
124,kripke,8,4000,100,0.1,d,3,354.0,17.80424107142857,302720
125,tricount,8,20000,1000,0.3,d,1,413.0,239.89508928571428,7120960
126,quicksilver,8,4000,0,0.5,d,2,291.0,129.8134375,762710
127,lammps,8,400000,1000,0.5,d,3,363.0,30.040625000000002,457408
128,lammps,8,400000,1000000,0.1,d,3,350.0,12.710758928571428,457408
129,quicksilver,8,400000,1000000,0.7,d,0,300.0,138.89533482142858,762710
130,tricount,8,40000,1000000,0.7,d,1,428.0,254.796875,7120960
131,minife,8,200000,100,0.7,d,3,406.00223214285717,42.965401785714285,6788000
132,minivite,8,400000,1000,0.5,d,3,409.0,88.60758928571428,24089720
133,minife,8,200000,100000,0.1,d,0,392.0,18.609375,6788000
134,fiesta,8,2000,10000,0.3,d,1,365.5892857142857,105.86272321428571,645120
135,laghos,8,2000,1000000,0.3,d,0,345.0,71.44174107142858,801311390
136,amg,8,4000,0,0.5,d,1,342.0,12.308906250000001,106441449
137,amg,8,4000,10000,0.1,d,3,351.0,20.171875,106441449
138,lammps,8,4000,100,0.7,d,1,357.0,22.92966517857143,457408
139,kripke,8,400000,1000,0.1,d,0,360.0,22.942410714285717,302720
140,quicksilver,8,400000,1000000,0.3,d,0,291.0,129.80524553571428,762710
141,amg,8,40000,10000,0.7,d,0,350.0,24.680580357142862,106441449
142,kripke,8,200000,0,0.5,d,3,358.0,20.976339285714285,302720
143,kripke,8,2000,1000,0.5,d,1,352.0,16.147098214285716,302720
144,fiesta,8,20000,1000,0.1,d,0,357.19642857142856,57.13772321428571,645120
145,kripke,8,200000,1000000,1.0,d,1,357.0,19.94486607142857,302720
146,tricount,8,4000,1000000,0.7,d,1,411.0,237.953125,7120960
147,minivite,8,200000,1000,0.3,d,1,402.0,80.48839285714287,24089720
148,tricount,8,4000000,100000,0.7,d,0,705.0,531.9040178571429,7120960
149,minife,8,400000,0,0.3,d,3,403.0,37.15647321428571,6788000
150,minife,8,2000000,10000,0.1,d,0,419.0,51.45982142857143,6788000
151,tricount,8,200000,100000,0.3,d,0,534.0,360.3013392857143,7120960
152,kripke,8,4000000,10000,1.0,d,2,359.0,21.78169642857143,302720
153,fiesta,8,2000,10000,0.7,d,0,353.0736607142857,58.77946428571429,645120
154,minivite,8,2000000,100,1.0,d,3,419.0,101.12723214285714,24089720
155,amg,8,2000,1000000,0.3,d,0,342.0,12.977611607142856,106441449
156,beatnik,8,40000,10000,0.3,d,1,483.0825892857143,188.99330357142858,19996182
157,tricount,8,4000,100,0.5,d,3,417.0,241.39732142857142,7120960
158,kripke,8,2000,10000,0.5,d,1,354.0,17.344866071428573,302720
159,lammps,8,40000,1000000,0.3,d,2,373.0,35.61808035714286,457408
160,beatnik,8,40000,0,0.7,d,1,458.890625,168.27232142857142,19996182
161,minivite,8,400000,1000000,0.7,d,3,416.0,99.71941964285715,24089720
162,beatnik,8,2000,1000,0.1,d,1,411.18526785714283,113.89508928571429,19996182
163,quicksilver,8,2000000,1000,0.3,d,1,295.0,134.16493303571428,762710
164,minivite,8,40000,10000,0.1,d,3,390.0,69.94709821428572,24089720
165,amg,8,2000000,1000,1.0,d,2,359.0,40.75803571428572,106441449
166,amg,8,200000,10000,1.0,d,1,357.0,39.604464285714286,106441449
167,tricount,8,20000,10000,1.0,d,0,430.0,256.2544642857143,7120960
168,kripke,8,40000,0,0.3,d,0,381.0,30.052678571428572,302720
169,beatnik,8,2000,100000,0.5,d,1,395.79464285714283,104.1875,19996182
170,tricount,8,2000000,1000,0.5,d,2,605.0,431.13839285714283,7120960
171,lammps,8,4000,1000,0.3,d,0,358.0,17.71970982142857,457408
172,lammps,8,400000,10000,0.7,d,1,363.0,26.44464285714286,457408
173,amg,8,400000,100,0.7,d,1,368.0,53.68236607142857,106441449
174,quicksilver,8,2000000,0,0.5,d,0,305.0,143.0558705357143,762710
175,quicksilver,8,2000,10000,0.3,d,3,291.0,130.25328125000001,762710
176,kripke,8,400000,100000,1.0,d,0,359.0,22.067857142857143,302720
177,laghos,8,20000,1000000,0.3,d,1,385.0,109.15602678571429,801311390
178,minife,8,400000,1000000,0.1,d,2,391.0,17.708504464285713,6788000
179,beatnik,8,2000000,0,0.7,d,2,560.6540178571429,274.1049107142857,19996182
180,tricount,8,4000,100000,0.5,d,3,421.0,248.10491071428572,7120960
181,lammps,8,400000,0,0.7,d,2,364.0,28.521651785714287,457408
182,fiesta,8,200000,10000,0.7,d,3,356.1607142857143,65.00848214285715,645120
183,kripke,8,2000000,1000,0.3,d,2,359.0,21.27410714285714,302720
184,quicksilver,8,400000,10000,0.1,d,3,290.0,128.95848214285712,762710
185,minife,8,4000,100,0.1,d,3,420.0,31.714620535714285,6788000
186,kripke,8,20000,10000,0.7,d,0,354.875,17.803124999999998,302720
187,fiesta,8,4000000,10000,0.1,d,2,357.7700892857143,62.42566964285715,645120
188,lammps,8,4000,0,0.5,d,0,347.0,12.996450892857142,457408
189,tricount,8,4000,1000,0.7,d,1,405.0,230.96428571428572,7120960
190,fiesta,8,40000,0,0.1,d,2,357.9330357142857,64.50736607142856,645120
191,minivite,8,20000,1000000,0.7,d,0,376.0,55.55401785714285,24089720
192,fiesta,8,4000000,1000,0.1,d,1,357.875,66.86450892857144,645120
193,amg,8,400000,1000,0.1,d,2,356.0,39.74352678571428,106441449
194,minivite,8,200000,0,0.5,d,1,421.0,102.28437499999998,24089720
195,kripke,8,20000,100000,1.0,d,3,368.0,23.54174107142857,302720
196,quicksilver,8,4000,1000000,0.3,d,2,302.0,141.26908482142858,762710
197,laghos,8,4000,0,1.0,d,3,402.0,129.078125,801311390
198,beatnik,8,2000000,0,0.3,d,3,528.0,239.87053571428572,19996182
199,quicksilver,8,4000,10000,0.3,d,3,293.0,132.3585267857143,762710
200,tricount,8,400000,100,0.7,d,0,531.0,356.3236607142857,7120960
201,amg,8,4000,1000,1.0,d,2,355.0,23.269419642857144,106441449
202,tricount,8,2000,1000000,0.5,d,3,390.0,216.47098214285714,7120960
203,beatnik,8,4000,100000,0.7,d,1,402.0,109.38169642857143,19996182
204,laghos,8,4000000,1000000,0.3,d,3,488.0,213.39285714285714,801311390
205,minivite,8,400000,100000,1.0,d,3,418.0,98.03080357142858,24089720
206,quicksilver,8,2000,100,0.5,d,3,294.0,133.0184375,762710
207,beatnik,8,2000000,1000000,0.1,d,2,415.0,120.83482142857143,19996182
208,beatnik,8,400000,10000,1.0,d,2,590.9888392857143,299.5625,19996182
209,minivite,8,2000000,10000,0.5,d,0,408.0,90.15870535714286,24089720
210,quicksilver,8,20000,10000,0.5,d,2,305.0,137.82986607142857,762710
211,lammps,8,2000,100000,0.1,d,3,349.0,11.260937499999999,457408
212,laghos,8,2000000,100,0.1,d,0,554.0,282.7299107142857,801311390
213,laghos,8,40000,100000,0.5,d,1,366.0,93.13950892857143,801311390
214,tricount,8,2000000,1000000,0.3,d,1,461.0,285.36607142857144,7120960
215,amg,8,4000,1000000,0.7,d,0,343.0,13.764598214285714,106441449
216,beatnik,8,40000,100,0.5,d,0,458.27901785714283,171.17857142857142,19996182
217,lammps,8,400000,100000,0.5,d,2,365.0,31.44017857142857,457408
218,kripke,8,2000000,10000,1.0,d,0,359.0,22.012946428571432,302720
219,laghos,8,200000,10000,0.3,d,1,614.0,336.64955357142856,801311390
220,fiesta,8,20000,10000,1.0,d,3,356.12723214285717,55.80178571428571,645120
221,laghos,8,4000000,1000,0.1,d,2,469.0,197.3125,801311390
222,lammps,8,400000,100000,0.1,d,3,358.0,19.583035714285717,457408
223,quicksilver,8,2000,0,0.3,d,3,294.0,133.26948660714285,762710
224,minife,8,40000,1000000,0.5,d,1,390.0,17.2846875,6788000
225,fiesta,8,4000,10000,0.1,d,0,356.55580357142856,56.503348214285715,645120
226,amg,8,20000,100000,0.1,d,3,345.0,15.256026785714287,106441449
227,laghos,8,4000000,10000,0.1,d,0,545.0,273.34598214285717,801311390
228,amg,8,4000,100000,0.1,d,2,340.0,10.665915178571428,106441449
229,fiesta,8,4000,1000000,0.7,d,2,353.09598214285717,59.51071428571429,645120
230,minife,8,40000,100000,0.1,d,3,389.0,15.377500000000001,6788000
231,lammps,8,20000,100,0.7,d,3,353.0,15.527254464285713,457408
232,kripke,8,2000,1000000,1.0,d,1,354.0,17.417410714285715,302720
233,beatnik,8,200000,100000,1.0,d,1,521.7589285714286,224.93973214285714,19996182
234,amg,8,2000,100,1.0,d,2,346.0,16.962723214285713,106441449
235,tricount,8,4000,100,0.3,d,1,425.0,251.578125,7120960
236,laghos,8,20000,1000000,0.5,d,3,392.1830357142857,116.05803571428571,801311390
237,amg,8,20000,100000,1.0,d,2,368.0,35.747767857142854,106441449
238,beatnik,8,4000000,10000,0.5,d,0,566.5111607142857,277.57142857142856,19996182
239,quicksilver,8,400000,100000,0.3,d,2,291.0,129.7441294642857,762710
240,minife,8,4000000,10000,0.1,d,1,421.0,56.464508928571426,6788000
241,lammps,8,200000,1000,0.3,d,2,362.0,21.561138392857142,457408
242,laghos,8,40000,100,0.1,d,0,544.0,262.64955357142856,801311390
243,beatnik,8,2000000,1000,0.1,d,2,632.7254464285714,340.6138392857143,19996182
244,fiesta,8,200000,100,0.5,d,0,357.7075892857143,64.54955357142858,645120
245,kripke,8,4000000,1000000,0.5,d,0,358.0,21.337946428571428,302720
246,minivite,8,2000,0,0.1,d,2,380.0,59.55446428571429,24089720
247,tricount,8,200000,100,0.7,d,1,626.0,452.22767857142856,7120960
248,minife,8,4000000,1000000,0.1,d,0,405.0,34.861607142857146,6788000
249,lammps,8,4000000,0,1.0,d,1,358.0,24.517187500000002,457408
250,minivite,8,400000,1000,0.5,d,2,402.0,82.87790178571429,24089720
251,kripke,8,4000,1000,0.5,d,0,353.0,16.98058035714286,302720
252,laghos,8,4000,100000,0.7,d,3,363.0,88.53950892857142,801311390
253,laghos,8,200000,100000,0.3,d,3,532.0,256.1138392857143,801311390
254,minife,8,4000000,10000,0.7,d,2,409.0,47.39955357142857,6788000
255,minivite,8,2000,1000,0.5,d,0,378.0,57.015625,24089720
256,beatnik,8,200000,10000,0.7,d,2,577.8370535714286,295.671875,19996182
257,minife,8,20000,10000,0.1,d,0,389.0,15.036361607142856,6788000
258,quicksilver,8,4000000,1000,0.5,d,1,293.0,132.28446428571428,762710
259,quicksilver,8,4000,0,1.0,d,3,301.0,136.99296875,762710
260,amg,8,4000,1000000,0.3,d,2,344.0,15.447321428571428,106441449
261,lammps,8,400000,10000,0.1,d,3,387.0,54.08638392857142,457408
262,tricount,8,2000000,100000,0.3,d,1,569.0,395.3080357142857,7120960
263,beatnik,8,2000000,1000000,0.5,d,1,498.22767857142856,210.81919642857142,19996182
264,amg,8,200000,100,0.7,d,1,359.0,42.971875000000004,106441449
265,laghos,8,4000,1000000,0.1,d,2,370.0,96.41785714285713,801311390
266,minivite,8,200000,1000,0.5,d,0,398.0,78.35022321428572,24089720
267,tricount,8,40000,1000,0.5,d,3,490.0,312.3482142857143,7120960
268,tricount,8,4000,10000,0.5,d,2,401.0,227.93973214285714,7120960
269,lammps,8,2000000,100,0.5,d,1,366.0,36.52232142857143,457408
270,kripke,8,200000,1000,0.7,d,2,357.0,20.51205357142857,302720
271,quicksilver,8,200000,10000,0.3,d,1,293.0,132.26015625,762710
272,kripke,8,4000000,0,0.7,d,3,358.0,21.216741071428572,302720
273,quicksilver,8,400000,1000,1.0,d,1,295.0,134.1680580357143,762710
274,amg,8,4000,1000,0.1,d,1,367.0,30.342142857142857,106441449
275,amg,8,40000,100000,0.5,d,0,345.0,17.37299107142857,106441449
276,amg,8,40000,10000,1.0,d,3,347.0,21.052455357142858,106441449
277,laghos,8,40000,1000000,0.3,d,0,392.0,118.13169642857143,801311390
278,fiesta,8,2000000,0,0.7,d,2,355.88839285714283,58.953125,645120
279,minife,8,40000,100,0.3,d,3,388.0,18.496205357142856,6788000
280,tricount,8,2000000,1000000,0.5,d,2,476.0,302.9174107142857,7120960
281,minife,8,2000,1000000,0.3,d,2,385.0,13.450044642857142,6788000
282,beatnik,8,200000,1000000,1.0,d,0,478.7455357142857,188.74330357142858,19996182
283,minivite,8,200000,1000,0.7,d,3,401.0,81.48928571428571,24089720
284,minife,8,2000,100,1.0,d,0,391.0,16.728705357142857,6788000
285,minivite,8,20000,100000,1.0,d,0,400.0,74.98549107142857,24089720
286,minife,8,40000,100,0.5,d,1,438.0,49.787053571428565,6788000
287,fiesta,8,2000000,0,0.3,d,2,356.82589285714283,62.82968750000001,645120
288,tricount,8,400000,100,1.0,d,3,543.0,367.1138392857143,7120960
289,amg,8,20000,100,0.1,d,2,347.0,19.279910714285712,106441449
290,lammps,8,400000,0,0.5,d,1,361.0,27.08683035714285,457408
291,kripke,8,4000,0,0.1,d,3,355.0,17.951339285714287,302720
292,beatnik,8,4000,0,0.7,d,1,434.89955357142856,143.33482142857142,19996182
293,fiesta,8,200000,1000,0.1,d,0,368.11160714285717,107.07412946428573,645120
294,quicksilver,8,2000000,1000000,0.1,d,3,299.00223214285717,138.13720982142857,762710
295,lammps,8,4000000,10000,0.1,d,0,380.0,45.34799107142857,457408
296,minivite,8,2000,10000,0.5,d,0,380.0,57.70446428571429,24089720
297,lammps,8,20000,10000,1.0,d,0,352.0,16.274620535714284,457408
298,kripke,8,2000,100,0.5,d,2,356.0,17.71160714285714,302720
299,lammps,8,400000,10000,1.0,d,0,376.0,38.013616071428565,457408
300,minife,8,200000,10000,0.5,d,1,405.0,41.2546875,6788000
301,beatnik,8,4000000,1000,0.1,d,2,551.9955357142857,265.18973214285717,19996182
302,kripke,8,200000,10000,0.1,d,2,358.0,21.073214285714283,302720
303,kripke,8,400000,100,0.7,d,3,359.0,21.461383928571426,302720
304,kripke,8,400000,0,0.7,d,2,357.0,20.98950892857143,302720
305,quicksilver,8,4000,100,1.0,d,0,293.0,131.7043080357143,762710
306,lammps,8,200000,1000,0.5,d,1,363.0,24.797767857142862,457408
307,beatnik,8,2000000,100000,1.0,d,1,612.1852678571429,320.20089285714283,19996182
308,quicksilver,8,400000,1000000,0.1,d,1,291.98214285714283,130.71607142857144,762710
309,quicksilver,8,20000,100000,0.7,d,0,301.0,137.51051339285715,762710
310,minife,8,20000,10000,0.7,d,1,423.0,39.64955357142857,6788000
311,beatnik,8,200000,1000,1.0,d,2,549.0,261.27232142857144,19996182
312,quicksilver,8,40000,1000000,0.1,d,3,299.0,137.80841517857144,762710
313,minivite,8,2000000,0,1.0,d,2,430.0,108.35223214285715,24089720
314,tricount,8,2000000,1000,0.3,d,1,688.0,514.9084821428571,7120960
315,minife,8,400000,100,1.0,d,2,407.0,43.5171875,6788000
316,laghos,8,4000000,100000,0.7,d,0,582.0,310.61607142857144,801311390
317,minife,8,4000,10000,0.5,d,0,385.0,13.151495535714288,6788000
318,lammps,8,400000,100000,0.5,d,3,358.0,27.935937499999998,457408
319,beatnik,8,2000,0,1.0,d,2,400.9955357142857,106.30691964285714,19996182
320,beatnik,8,400000,1000,0.3,d,0,707.7544642857143,422.86830357142856,19996182
321,minivite,8,400000,0,0.5,d,2,398.0,78.62857142857142,24089720
322,quicksilver,8,400000,0,0.1,d,1,298.99330357142856,137.16582589285716,762710
323,laghos,8,4000000,1000,1.0,d,0,598.0,326.5,801311390
324,minife,8,4000000,1000000,0.1,d,3,408.0,37.84308035714286,6788000
325,quicksilver,8,2000000,10000,0.7,d,2,294.0,133.08075892857144,762710
326,minivite,8,4000,0,0.7,d,1,380.0,56.60870535714285,24089720
327,kripke,8,40000,0,1.0,d,0,358.0,21.063392857142862,302720
328,tricount,8,4000000,10000,0.5,d,1,580.0,406.62276785714283,7120960
329,lammps,8,2000,100000,0.7,d,0,350.0,11.893705357142858,457408
330,laghos,8,20000,1000,0.1,d,1,476.0,197.56696428571428,801311390
331,beatnik,8,40000,1000000,0.1,d,0,422.0,124.28348214285714,19996182
332,tricount,8,40000,1000,0.3,d,0,430.0,256.66964285714283,7120960
333,beatnik,8,400000,1000000,1.0,d,2,488.0,198.08482142857142,19996182
334,minife,8,400000,10000,0.3,d,3,412.0,53.02232142857143,6788000
335,amg,8,40000,1000000,0.1,d,3,344.0,14.688169642857146,106441449
336,amg,8,200000,1000,1.0,d,2,357.0,40.252232142857146,106441449
337,kripke,8,4000000,100000,0.1,d,2,359.0,21.798660714285713,302720
338,amg,8,2000,0,0.7,d,2,341.0,12.1875,106441449
339,minife,8,4000000,1000000,1.0,d,3,403.0,37.36183035714286,6788000
340,minife,8,4000,100,1.0,d,2,388.0,14.569419642857143,6788000
341,kripke,8,40000,0,1.0,d,3,384.0,32.16294642857143,302720
342,kripke,8,2000,100,0.1,d,3,356.0,18.710714285714285,302720
343,minivite,8,200000,10000,0.5,d,1,399.0,80.91473214285715,24089720
344,beatnik,8,4000000,100000,0.3,d,0,474.03348214285717,186.62723214285714,19996182
345,laghos,8,4000000,100,0.1,d,2,578.0,307.45535714285717,801311390
346,minife,8,2000000,1000000,0.5,d,2,403.0,34.67321428571428,6788000
347,fiesta,8,20000,1000,0.3,d,0,383.21651785714283,108.79879464285715,645120
348,minivite,8,400000,1000000,0.3,d,3,392.0,74.46026785714287,24089720
349,quicksilver,8,4000,0,0.7,d,0,289.0,128.4472767857143,762710
350,amg,8,40000,10000,1.0,d,2,348.0,21.37299107142857,106441449
351,tricount,8,20000,1000000,0.1,d,0,453.0,279.10267857142856,7120960
352,kripke,8,40000,1000000,0.5,d,1,354.0,17.36919642857143,302720
353,quicksilver,8,20000,100,0.5,d,2,291.0982142857143,130.4378125,762710
354,tricount,8,200000,1000000,0.5,d,0,485.0,311.44642857142856,7120960
355,lammps,8,2000000,100,1.0,d,0,354.0,24.349107142857143,457408
356,quicksilver,8,40000,1000,0.1,d,3,291.0,129.819375,762710
357,lammps,8,4000000,1000000,0.7,d,3,372.0,41.61361607142857,457408
358,quicksilver,8,4000,10000,0.5,d,0,292.0,130.74720982142858,762710
359,minivite,8,4000,10000,0.1,d,2,445.0,124.31919642857143,24089720
360,tricount,8,4000,0,0.7,d,1,409.0,233.84598214285714,7120960
361,minife,8,2000,10000,1.0,d,3,388.0,14.100624999999999,6788000
362,amg,8,4000,100,0.3,d,1,341.0,12.035022321428572,106441449
363,tricount,8,4000000,100000,0.5,d,0,691.0,518.09375,7120960
364,kripke,8,400000,100000,0.7,d,2,359.0,21.962946428571424,302720
365,beatnik,8,4000000,1000,0.1,d,1,580.8169642857143,283.84598214285717,19996182
366,kripke,8,2000,100000,0.7,d,0,354.0,17.116071428571427,302720
367,laghos,8,4000000,100,0.3,d,1,548.0,275.1517857142857,801311390
368,minife,8,4000000,1000,0.3,d,2,412.0,50.18861607142857,6788000
369,minife,8,4000,100000,1.0,d,2,393.0,16.820691964285714,6788000
370,kripke,8,20000,100000,0.3,d,2,360.0,19.412499999999998,302720
371,kripke,8,4000000,1000000,0.5,d,2,363.0,24.878125000000004,302720
372,amg,8,4000000,1000000,0.7,d,3,358.0,39.03816964285714,106441449
373,tricount,8,2000,0,0.3,d,1,403.0,229.77008928571428,7120960
374,tricount,8,400000,1000,0.7,d,1,495.0,319.7924107142857,7120960
375,minivite,8,40000,0,0.7,d,2,432.0,89.89330357142858,24089720
376,lammps,8,4000000,100000,0.1,d,1,363.0,27.122544642857143,457408
377,quicksilver,8,2000000,1000,0.5,d,2,293.0,131.85328125,762710
378,lammps,8,4000000,10000,0.5,d,2,368.0,31.585714285714285,457408
379,quicksilver,8,4000,0,0.1,d,3,294.35714285714283,133.46828125,762710
380,minivite,8,4000,1000000,0.3,d,1,375.0,55.31160714285714,24089720
381,fiesta,8,200000,1000000,1.0,d,1,356.2544642857143,56.13415178571429,645120
382,laghos,8,2000000,10000,0.1,d,0,528.0,256.0357142857143,801311390
383,kripke,8,400000,100,0.3,d,0,359.0,22.006919642857145,302720
384,quicksilver,8,2000,0,0.3,d,0,299.6205357142857,137.84404017857142,762710
385,minife,8,20000,0,0.5,d,2,387.0,17.135625,6788000
386,minife,8,2000,100000,0.3,d,3,386.0,13.34158482142857,6788000
387,beatnik,8,2000,0,0.5,d,3,403.0,109.23013392857142,19996182
388,beatnik,8,200000,1000000,1.0,d,1,485.0,193.48214285714286,19996182
389,laghos,8,20000,100,0.3,d,2,486.0,205.02901785714286,801311390
390,tricount,8,200000,100,0.1,d,2,489.0,313.63839285714283,7120960
391,minife,8,4000,1000000,0.1,d,3,392.0,17.69046875,6788000
392,quicksilver,8,2000,1000,0.3,d,1,300.0,137.74622767857142,762710
393,laghos,8,2000,0,0.1,d,3,465.0,192.43080357142858,801311390
394,amg,8,200000,0,0.3,d,0,360.0,40.18883928571428,106441449
395,fiesta,8,4000,100000,1.0,d,1,361.15848214285717,73.86674107142858,645120
396,fiesta,8,2000,100,1.0,d,3,365.75,84.0,645120
397,fiesta,8,40000,1000,0.5,d,2,353.53348214285717,55.86584821428572,645120
398,beatnik,8,40000,100000,0.5,d,0,430.43080357142856,137.19196428571428,19996182
399,lammps,8,4000,100000,0.3,d,3,356.0,22.115870535714286,457408
400,tricount,8,20000,1000000,0.5,d,2,440.0,266.375,7120960
401,beatnik,8,4000,100,1.0,d,3,426.0,130.04464285714286,19996182
402,kripke,8,400000,1000000,0.3,d,3,357.0,19.409821428571426,302720
403,lammps,8,40000,100,0.3,d,3,365.0,28.056696428571428,457408
404,tricount,8,4000000,100,0.1,d,3,541.0,365.61830357142856,7120960
405,tricount,8,4000000,1000000,1.0,d,2,627.0,452.82142857142856,7120960
406,minivite,8,20000,1000000,0.1,d,3,377.0,56.61986607142857,24089720
407,minife,8,4000000,100000,0.7,d,0,404.0,38.190178571428575,6788000
408,minife,8,2000,1000,0.1,d,3,407.0,24.150044642857146,6788000
409,tricount,8,400000,100000,0.1,d,2,463.0,289.02901785714283,7120960
410,quicksilver,8,20000,1000000,0.7,d,0,291.0,130.24252232142857,762710
411,tricount,8,2000,1000000,0.3,d,1,398.0,224.45535714285714,7120960
412,fiesta,8,20000,1000,0.5,d,1,391.13392857142856,115.31178571428572,645120
413,lammps,8,40000,1000,1.0,d,2,376.0,32.27113839285715,457408
414,tricount,8,4000000,100000,0.7,d,3,702.0,528.4598214285714,7120960
415,beatnik,8,400000,1000000,0.7,d,0,451.0,156.30580357142858,19996182
416,minife,8,2000000,1000000,1.0,d,1,400.0,32.70379464285715,6788000
417,tricount,8,40000,1000000,0.1,d,0,433.0,258.86160714285717,7120960
418,minife,8,2000000,1000,1.0,d,3,415.0,54.36473214285714,6788000
419,quicksilver,8,40000,0,0.1,d,1,308.0,140.4216294642857,762710
420,minife,8,4000,1000,0.5,d,0,385.0,13.819308035714284,6788000
421,minivite,8,4000000,0,0.1,d,1,419.0,99.55357142857143,24089720
422,minife,8,400000,1000000,0.7,d,3,397.0,29.5046875,6788000
423,quicksilver,8,2000000,0,1.0,d,0,293.0,132.25703124999998,762710
424,quicksilver,8,2000000,1000000,0.7,d,0,304.08482142857144,142.3503125,762710
425,beatnik,8,400000,1000,0.7,d,1,743.9955357142857,460.2455357142857,19996182
426,minivite,8,2000000,100,0.7,d,3,453.0,136.93080357142858,24089720
427,lammps,8,200000,100,1.0,d,0,376.0,42.50741071428571,457408
428,fiesta,8,4000000,1000,1.0,d,3,356.80580357142856,62.605133928571426,645120
429,beatnik,8,2000,0,0.7,d,3,404.734375,108.859375,19996182
430,minife,8,20000,1000000,0.7,d,3,391.0,17.98495535714286,6788000
431,lammps,8,4000000,10000,0.7,d,2,364.0,32.778348214285714,457408
432,beatnik,8,2000000,1000000,0.7,d,3,581.7678571428571,296.52455357142856,19996182
433,fiesta,8,40000,1000,0.5,d,0,352.54910714285717,56.564732142857146,645120
434,minife,8,4000000,1000,0.3,d,1,405.0,40.74888392857143,6788000
435,beatnik,8,200000,100000,0.5,d,2,464.9799107142857,170.93080357142858,19996182
436,lammps,8,4000000,10000,0.3,d,1,365.0,31.70625,457408
437,minivite,8,4000,100,0.3,d,2,414.0,83.73950892857144,24089720
438,fiesta,8,2000,0,0.5,d,0,355.86160714285717,58.47430803571428,645120
439,lammps,8,4000000,0,0.7,d,1,364.0,27.1984375,457408
440,fiesta,8,2000000,10000,0.7,d,0,353.47767857142856,60.910714285714285,645120
441,fiesta,8,200000,1000,0.7,d,3,353.6875,60.393973214285715,645120
442,lammps,8,2000,1000,1.0,d,2,358.0,20.89861607142857,457408
443,laghos,8,20000,0,1.0,d,2,436.0,163.890625,801311390
444,laghos,8,20000,100000,0.1,d,1,387.0,113.35714285714286,801311390
445,laghos,8,400000,100,1.0,d,2,584.0,312.02901785714283,801311390
446,beatnik,8,40000,1000,0.3,d,1,463.45089285714283,171.54910714285714,19996182
447,lammps,8,2000000,10000,0.3,d,3,369.0,34.49263392857143,457408
448,kripke,8,4000,100000,0.7,d,2,359.0,19.2296875,302720
449,minife,8,4000000,100000,1.0,d,0,403.0,37.92901785714286,6788000
450,lammps,8,4000,0,0.3,d,1,367.0,26.556339285714284,457408
451,kripke,8,4000000,100000,0.1,d,0,357.0,20.256249999999998,302720
452,minife,8,400000,1000000,0.7,d,0,400.0,35.277678571428574,6788000
453,tricount,8,40000,1000000,0.3,d,0,434.0,260.27232142857144,7120960
454,laghos,8,4000,1000000,0.7,d,0,366.0,92.47500000000001,801311390
455,minife,8,400000,1000,0.7,d,2,413.0,52.365178571428565,6788000
456,tricount,8,2000,1000,0.5,d,0,418.0,244.11160714285714,7120960
457,beatnik,8,4000000,1000,0.7,d,2,889.5267857142857,611.3147321428571,19996182
458,laghos,8,4000000,10000,0.7,d,1,604.0,329.4330357142857,801311390
459,minivite,8,2000,0,1.0,d,1,380.0,57.21473214285714,24089720
460,amg,8,40000,1000000,0.3,d,2,344.0,14.893526785714284,106441449
461,minivite,8,20000,1000000,0.1,d,0,378.0,58.58102678571429,24089720
462,quicksilver,8,2000,0,0.3,d,2,299.0,137.2354464285714,762710
463,quicksilver,8,4000,1000,0.3,d,3,305.9955357142857,138.95995535714286,762710
464,fiesta,8,20000,100,0.5,d,3,359.53125,75.57589285714286,645120
465,laghos,8,2000,1000,0.7,d,2,357.0,83.05982142857144,801311390
466,amg,8,200000,10000,0.3,d,0,355.0,37.74196428571429,106441449
467,lammps,8,400000,1000,0.1,d,1,376.0,41.65337053571428,457408
468,lammps,8,20000,1000,0.1,d,3,376.0,32.164486607142855,457408
469,quicksilver,8,4000,100000,0.7,d,2,292.95535714285717,131.651875,762710
470,minivite,8,2000,1000000,0.3,d,1,371.0,52.457366071428574,24089720
471,laghos,8,400000,100000,0.5,d,0,568.0,296.5,801311390
472,minivite,8,200000,0,0.3,d,1,398.0,78.39642857142857,24089720
473,kripke,8,400000,100000,0.7,d,1,360.0,22.655133928571427,302720
474,lammps,8,4000,0,1.0,d,2,352.0,14.65671875,457408
475,kripke,8,40000,10000,0.1,d,1,370.0,24.606249999999996,302720
476,quicksilver,8,200000,1000,0.3,d,1,301.0,139.31245535714285,762710
477,kripke,8,40000,100,1.0,d,1,356.0,19.159151785714283,302720
478,lammps,8,200000,0,0.1,d,2,356.0,19.234776785714285,457408
479,quicksilver,8,2000,10000,0.3,d,0,298.92410714285717,136.30154017857143,762710
480,laghos,8,20000,100000,0.7,d,2,424.0,146.91294642857142,801311390
481,tricount,8,4000000,100,0.3,d,0,528.0,352.5,7120960
482,quicksilver,8,4000,100000,0.5,d,1,291.12276785714283,129.8258482142857,762710
483,kripke,8,20000,0,0.1,d,1,356.0,18.255357142857143,302720
484,fiesta,8,40000,100000,0.3,d,3,352.85267857142856,54.57120535714286,645120
485,kripke,8,2000000,100,1.0,d,2,360.0,22.235714285714288,302720
486,minife,8,20000,1000,1.0,d,2,450.0,57.71852678571429,6788000
487,amg,8,400000,10000,1.0,d,2,363.0,46.88950892857143,106441449
488,fiesta,8,4000000,1000000,0.3,d,0,353.1517857142857,60.151116071428575,645120
489,laghos,8,2000000,10000,1.0,d,0,583.0,311.24107142857144,801311390
490,fiesta,8,400000,0,1.0,d,3,357.296875,62.104241071428575,645120
491,fiesta,8,2000,1000000,0.7,d,1,356.57142857142856,86.42946428571429,645120
492,laghos,8,20000,0,1.0,d,3,474.0,193.04017857142858,801311390
493,amg,8,20000,1000000,0.3,d,3,346.0,16.90357142857143,106441449
494,amg,8,20000,1000000,1.0,d,2,341.0,11.656696428571431,106441449
495,kripke,8,40000,100,0.1,d,2,374.0,26.61294642857143,302720
496,minife,8,2000,1000000,0.1,d,0,390.0,15.976986607142857,6788000
497,minivite,8,400000,100,0.3,d,3,399.0,77.43124999999999,24089720
498,tricount,8,4000,100000,0.7,d,3,433.0,259.1205357142857,7120960
499,fiesta,8,2000,100000,0.7,d,0,353.21651785714283,53.49933035714286,645120
500,kripke,8,4000,1000,0.3,d,2,354.0,16.76517857142857,302720
501,fiesta,8,4000000,100000,0.3,d,1,353.7142857142857,59.622767857142854,645120
502,lammps,8,4000,10000,0.3,d,3,353.0,16.455491071428572,457408
503,fiesta,8,2000000,100000,0.3,d,1,366.6607142857143,87.84285714285716,645120
504,tricount,8,40000,100000,1.0,d,3,453.0,275.37723214285717,7120960
505,quicksilver,8,4000,0,0.7,d,2,301.0,137.95765624999999,762710
506,quicksilver,8,2000000,100,0.1,d,1,300.0,138.35883928571428,762710
507,kripke,8,20000,100,1.0,d,1,355.0,18.28392857142857,302720
508,quicksilver,8,40000,100,0.3,d,2,313.52455357142856,144.1078125,762710
509,amg,8,4000,100,1.0,d,1,355.0,24.13861607142857,106441449
510,minife,8,2000,0,0.3,d,2,387.0,14.897053571428573,6788000
511,amg,8,2000000,100,1.0,d,2,361.0,42.004910714285714,106441449
512,tricount,8,200000,10000,1.0,d,0,511.0,337.2857142857143,7120960
513,laghos,8,200000,100,0.3,d,0,620.0,345.015625,801311390
514,laghos,8,400000,10000,0.5,d,1,557.0,283.78348214285717,801311390
515,quicksilver,8,20000,100000,1.0,d,1,292.0982142857143,130.6981473214286,762710
516,lammps,8,2000000,0,0.5,d,0,360.0,29.46294642857143,457408
517,minivite,8,4000000,1000000,0.5,d,3,413.0,92.09263392857143,24089720
518,minivite,8,2000,100,0.3,d,2,379.0,58.0703125,24089720
519,beatnik,8,4000,10000,0.1,d,2,419.0,122.49553571428571,19996182
520,minivite,8,40000,10000,0.7,d,0,417.0,81.67879464285714,24089720
521,minife,8,4000000,100000,0.3,d,0,407.0,46.955803571428575,6788000
522,quicksilver,8,200000,1000000,1.0,d,0,293.6361607142857,132.64024553571429,762710
523,fiesta,8,4000,1000000,0.5,d,2,361.42410714285717,98.10424107142856,645120
524,laghos,8,200000,1000000,0.7,d,0,439.0,166.59151785714286,801311390
525,lammps,8,40000,1000000,0.7,d,3,359.0,26.036450892857147,457408
526,fiesta,8,4000000,0,0.5,d,2,356.73214285714283,63.5953125,645120
527,fiesta,8,4000000,1000000,0.7,d,1,362.5267857142857,73.15491071428572,645120
528,quicksilver,8,2000000,0,0.7,d,0,301.0,138.87149553571427,762710
529,tricount,8,200000,1000,0.7,d,2,509.0,335.5982142857143,7120960
530,quicksilver,8,4000000,1000,1.0,d,0,300.0,138.1052232142857,762710
531,lammps,8,40000,1000000,0.7,d,2,352.0,14.378191964285715,457408
532,fiesta,8,20000,1000,0.1,d,2,387.36830357142856,113.38305803571428,645120
533,minife,8,4000,100,0.3,d,1,401.0,22.746875,6788000
534,laghos,8,400000,0,0.1,d,3,581.0,310.4799107142857,801311390
535,quicksilver,8,2000000,1000000,0.3,d,2,303.0,141.17091517857142,762710
536,quicksilver,8,400000,1000000,0.1,d,2,291.0,130.10667410714285,762710
537,fiesta,8,4000,1000000,0.5,d,3,352.31919642857144,56.105803571428574,645120
538,minivite,8,40000,1000000,1.0,d,1,398.0,76.54040178571428,24089720
539,minife,8,4000,100000,0.1,d,3,390.0,15.18330357142857,6788000
540,laghos,8,400000,1000,0.1,d,3,596.0,320.8236607142857,801311390
541,minife,8,2000000,0,0.3,d,3,409.0,44.22946428571429,6788000
542,tricount,8,200000,1000000,0.7,d,2,437.0,263.28348214285717,7120960
543,laghos,8,40000,1000000,0.5,d,0,414.0,141.4375,801311390
544,beatnik,8,200000,100,0.1,d,1,532.90625,245.203125,19996182
545,kripke,8,2000000,0,1.0,d,1,358.0,20.99598214285714,302720
546,minivite,8,2000,100,1.0,d,1,387.0,65.14776785714285,24089720
547,lammps,8,2000,100000,1.0,d,0,353.0,14.859776785714287,457408
548,tricount,8,40000,10000,0.3,d,1,451.0,271.28794642857144,7120960
549,lammps,8,40000,1000,0.5,d,0,355.0,21.644620535714285,457408
550,beatnik,8,40000,100,0.3,d,3,521.0401785714286,224.890625,19996182
551,fiesta,8,2000,100,0.5,d,1,353.4017857142857,59.275446428571435,645120
552,beatnik,8,200000,0,0.1,d,0,484.19419642857144,193.81696428571428,19996182
553,laghos,8,200000,1000000,0.3,d,2,436.0,160.96875,801311390
554,quicksilver,8,400000,0,0.7,d,0,305.0,143.18183035714284,762710
555,beatnik,8,4000,0,0.3,d,1,434.546875,141.94419642857142,19996182
556,fiesta,8,20000,10000,0.1,d,0,356.79017857142856,56.177455357142854,645120
557,amg,8,2000000,100,1.0,d,3,357.0,40.9109375,106441449
558,tricount,8,2000,100000,0.7,d,3,399.0,224.24107142857142,7120960
559,lammps,8,2000000,1000,0.1,d,2,357.0,26.870758928571426,457408
560,quicksilver,8,20000,1000000,0.7,d,2,292.0,131.21642857142857,762710
561,minivite,8,20000,10000,0.5,d,2,386.0,67.49754464285714,24089720
562,kripke,8,2000,100,1.0,d,2,354.0,16.943303571428572,302720
563,beatnik,8,2000000,100000,0.5,d,1,531.0,244.8125,19996182
564,tricount,8,40000,10000,0.5,d,2,479.0,305.81026785714283,7120960
565,beatnik,8,20000,10000,0.3,d,2,420.9642857142857,123.41071428571429,19996182
566,beatnik,8,4000000,1000000,0.7,d,2,491.0,195.34151785714286,19996182
567,kripke,8,2000000,100,0.1,d,0,358.0,21.261160714285715,302720
568,amg,8,2000,0,0.3,d,1,344.0,14.58236607142857,106441449
569,beatnik,8,20000,1000,0.1,d,1,436.6919642857143,132.73883928571428,19996182
570,beatnik,8,2000000,10000,0.1,d,3,506.82589285714283,216.53794642857142,19996182
571,kripke,8,2000000,1000,0.1,d,2,358.0,20.986160714285713,302720
572,laghos,8,4000,10000,0.1,d,0,395.0,115.89933035714286,801311390
573,tricount,8,4000,10000,0.7,d,3,411.0,237.61160714285714,7120960
574,minife,8,40000,0,1.0,d,1,449.0,60.69441964285714,6788000
575,beatnik,8,4000,100000,0.7,d,3,401.578125,108.028125,19996182
576,lammps,8,200000,0,0.3,d,0,365.0,28.82299107142857,457408
577,kripke,8,400000,10000,0.7,d,1,359.0,21.97611607142857,302720
578,amg,8,4000000,1000000,0.5,d,3,359.0,38.275446428571435,106441449
579,amg,8,4000000,0,0.5,d,2,357.0,38.93839285714286,106441449
580,tricount,8,2000000,1000000,1.0,d,3,503.0,329.36830357142856,7120960
581,lammps,8,4000000,100000,0.1,d,0,374.0,35.47453125,457408
582,amg,8,200000,1000,0.5,d,0,363.0,48.871651785714285,106441449
583,beatnik,8,2000000,1000000,0.7,d,2,501.63169642857144,207.03125,19996182
584,tricount,8,4000,0,0.7,d,3,438.0,264.32589285714283,7120960
585,laghos,8,400000,100,0.1,d,2,656.0,381.79464285714283,801311390
586,lammps,8,4000,1000,0.7,d,0,359.0,19.20845982142857,457408
587,fiesta,8,20000,1000,0.7,d,2,353.765625,63.31205357142858,645120
588,laghos,8,40000,0,0.5,d,2,466.0,194.02008928571428,801311390
589,minife,8,4000,10000,0.7,d,1,384.0,12.456183035714286,6788000
590,quicksilver,8,20000,1000,0.1,d,3,306.0,139.56491071428573,762710
591,lammps,8,2000,1000000,0.3,d,3,355.0,15.895290178571429,457408
592,amg,8,20000,100000,0.3,d,1,352.0,21.863616071428574,106441449
593,kripke,8,2000000,1000,0.5,d,3,358.0,21.456473214285715,302720
594,fiesta,8,40000,1000,0.1,d,0,356.8638392857143,55.818526785714276,645120
595,kripke,8,2000000,100,1.0,d,3,358.0,21.277678571428574,302720
596,amg,8,2000,10000,1.0,d,1,340.0,10.963482142857142,106441449
597,kripke,8,200000,100,0.1,d,3,356.0,20.162723214285712,302720
598,laghos,8,4000,1000000,0.7,d,1,350.0,75.38549107142856,801311390
599,minivite,8,4000000,100000,0.5,d,2,415.0,97.78102678571429,24089720
600,fiesta,8,4000,1000,1.0,d,0,355.74330357142856,56.384598214285724,645120
601,kripke,8,200000,100,1.0,d,2,357.0,20.021428571428572,302720
602,beatnik,8,4000,1000000,1.0,d,1,405.7924107142857,111.64464285714287,19996182
603,beatnik,8,400000,10000,0.1,d,1,458.88839285714283,167.71428571428572,19996182
604,amg,8,40000,1000,1.0,d,2,392.0,56.74866071428572,106441449
605,minivite,8,2000,1000000,0.3,d,0,376.0,54.137499999999996,24089720
606,lammps,8,40000,10000,1.0,d,1,358.0,20.625892857142855,457408
607,amg,8,2000000,100000,0.3,d,1,361.0,40.989955357142854,106441449
608,quicksilver,8,20000,100,1.0,d,3,320.0,149.2314732142857,762710
609,lammps,8,400000,0,0.3,d,2,360.0,28.22142857142857,457408
610,lammps,8,4000,0,0.5,d,3,350.0,14.874352678571428,457408
611,quicksilver,8,20000,100,0.5,d,0,294.0,133.18950892857143,762710
612,laghos,8,40000,1000000,0.5,d,2,402.0,127.82142857142857,801311390
613,fiesta,8,200000,1000,1.0,d,1,372.17857142857144,105.40033482142857,645120
614,tricount,8,4000000,1000,1.0,d,0,617.0,441.71205357142856,7120960
615,quicksilver,8,40000,100000,0.5,d,3,303.86160714285717,139.14274553571428,762710
616,lammps,8,2000,0,0.1,d,0,358.0,19.003013392857145,457408
617,fiesta,8,200000,100000,0.1,d,3,359.37276785714283,64.90529017857142,645120
618,laghos,8,400000,100,0.7,d,2,603.0,332.0044642857143,801311390
619,lammps,8,4000000,1000,1.0,d,1,360.0,26.50825892857143,457408
620,kripke,8,400000,0,0.7,d,3,367.0,26.65892857142857,302720
621,tricount,8,4000000,0,0.7,d,3,628.0,454.52232142857144,7120960
622,tricount,8,4000000,0,0.1,d,3,479.0,304.71875,7120960
623,minife,8,4000000,100000,0.7,d,2,407.0,40.364508928571425,6788000
624,beatnik,8,400000,100000,0.1,d,3,455.08482142857144,155.61383928571428,19996182
625,laghos,8,200000,100,0.5,d,3,623.0,351.625,801311390
626,kripke,8,2000000,1000000,0.3,d,2,358.0,20.857589285714283,302720
627,lammps,8,2000000,10000,0.1,d,0,375.0,37.54544642857143,457408
628,tricount,8,4000,100000,0.7,d,0,442.0,263.9486607142857,7120960
629,tricount,8,2000000,0,0.7,d,2,580.0,406.3794642857143,7120960
630,laghos,8,4000,0,0.7,d,1,411.0,135.15848214285714,801311390
631,beatnik,8,4000,0,0.1,d,2,422.99330357142856,127.16517857142857,19996182
632,minife,8,200000,1000000,0.5,d,2,390.0,20.831026785714283,6788000
633,minife,8,20000,0,0.7,d,2,387.0,17.13,6788000
634,laghos,8,4000,100000,0.3,d,2,350.0,75.11964285714286,801311390
635,minife,8,2000000,100,1.0,d,1,427.0,60.425892857142856,6788000
636,fiesta,8,4000,1000,1.0,d,1,362.8325892857143,70.78571428571429,645120
637,lammps,8,4000,1000000,1.0,d,3,360.0,22.17044642857143,457408
638,kripke,8,4000000,10000,0.1,d,0,360.0,22.231473214285717,302720
639,beatnik,8,2000,1000000,0.1,d,2,403.0,108.70535714285714,19996182
640,minivite,8,20000,1000000,0.5,d,0,380.0,62.59397321428572,24089720
641,minife,8,4000000,0,0.3,d,0,401.0,35.675669642857144,6788000
642,laghos,8,2000000,1000000,1.0,d,2,580.0,304.359375,801311390
643,quicksilver,8,2000000,10000,0.5,d,3,300.44419642857144,138.73573660714285,762710
644,amg,8,400000,10000,0.5,d,0,366.0,47.30736607142857,106441449
645,quicksilver,8,20000,0,0.3,d,3,313.0,144.7408035714286,762710
646,kripke,8,2000000,100,0.5,d,2,361.0,23.216964285714283,302720
647,minife,8,20000,0,0.7,d,3,429.0,42.12611607142857,6788000
648,tricount,8,200000,10000,0.7,d,0,694.0,520.2232142857143,7120960
649,tricount,8,200000,10000,0.7,d,1,519.0,345.36160714285717,7120960
650,beatnik,8,20000,100000,0.3,d,0,401.0,111.85267857142857,19996182
651,laghos,8,2000000,100000,1.0,d,2,605.0,333.82142857142856,801311390
652,minife,8,2000,100,0.3,d,0,385.0,13.031495535714287,6788000
653,tricount,8,40000,100000,1.0,d,1,419.0,245.53571428571428,7120960
654,amg,8,400000,100,0.1,d,2,361.0,44.32008928571429,106441449
655,minife,8,4000000,1000,0.3,d,3,403.0,38.651562500000004,6788000
656,laghos,8,200000,100,0.3,d,2,565.0,292.37276785714283,801311390
657,quicksilver,8,4000000,1000,0.3,d,2,297.8638392857143,136.00180803571428,762710
658,fiesta,8,4000,100,0.5,d,1,352.42410714285717,55.215848214285714,645120
659,minife,8,2000000,1000,0.7,d,1,410.0,49.051339285714285,6788000
660,fiesta,8,4000000,100000,0.3,d,0,353.66294642857144,60.566964285714285,645120
661,lammps,8,4000000,10000,0.3,d,0,365.0,31.795089285714287,457408
662,minivite,8,4000000,1000,0.3,d,2,423.0,104.10535714285716,24089720
663,fiesta,8,4000000,0,0.1,d,3,369.0111607142857,111.00745535714285,645120
664,lammps,8,4000,1000000,0.1,d,3,353.0,14.032276785714286,457408
665,amg,8,200000,0,0.3,d,2,355.0,37.31227678571429,106441449
666,beatnik,8,400000,0,1.0,d,1,595.9151785714286,306.31919642857144,19996182
667,quicksilver,8,40000,100,0.7,d,0,314.0,145.14464285714286,762710
668,laghos,8,400000,1000,0.7,d,2,616.0,341.01339285714283,801311390
669,quicksilver,8,200000,1000000,1.0,d,1,301.0,139.50303571428572,762710
670,fiesta,8,400000,100000,0.1,d,3,356.84375,58.747321428571425,645120
671,amg,8,4000000,100,0.5,d,1,355.0,36.19285714285714,106441449
672,tricount,8,20000,10000,0.5,d,2,442.0,265.04464285714283,7120960
673,beatnik,8,200000,100,0.1,d,3,490.29017857142856,194.953125,19996182
674,minife,8,400000,0,1.0,d,2,407.0,44.252901785714286,6788000
675,laghos,8,2000,1000,0.1,d,2,400.0,118.93124999999999,801311390
676,minife,8,200000,100000,0.5,d,1,404.0,35.05669642857143,6788000
677,fiesta,8,2000,1000000,1.0,d,1,356.33705357142856,55.96383928571429,645120
678,kripke,8,200000,1000000,0.3,d,2,355.0,18.16830357142857,302720
679,amg,8,400000,10000,0.3,d,0,357.0,36.52366071428572,106441449
680,quicksilver,8,200000,100000,0.3,d,2,299.0,137.88814732142856,762710
681,kripke,8,2000,100,0.1,d,2,354.0,17.444196428571427,302720
682,minivite,8,4000,100000,0.1,d,2,389.0,68.51450892857143,24089720
683,tricount,8,400000,10000,0.7,d,1,539.0,365.3705357142857,7120960
684,beatnik,8,2000,1000000,0.7,d,3,403.34151785714283,110.765625,19996182
685,kripke,8,4000000,100,1.0,d,0,356.0,19.833705357142858,302720
686,tricount,8,4000,100000,0.7,d,1,413.0,239.66294642857142,7120960
687,fiesta,8,40000,0,0.3,d,1,378.8392857142857,100.90854910714286,645120
688,minife,8,4000000,0,0.7,d,3,402.0,37.807589285714286,6788000
689,minivite,8,2000,1000,0.7,d,0,377.0,58.528571428571425,24089720
690,tricount,8,20000,100000,0.1,d,3,416.0,242.24776785714286,7120960
691,lammps,8,2000,10000,0.7,d,1,357.0,22.114464285714288,457408
692,kripke,8,40000,1000,0.3,d,0,375.0,26.60089285714286,302720
693,laghos,8,2000,10000,0.7,d,2,362.0,84.2109375,801311390
694,quicksilver,8,40000,100000,0.5,d,0,302.0,137.86301339285714,762710
695,lammps,8,20000,0,0.5,d,2,357.0,21.049174107142854,457408
696,minife,8,4000,1000,0.5,d,2,397.0,20.46066964285714,6788000
697,tricount,8,200000,1000,0.5,d,2,516.0,341.0669642857143,7120960
698,lammps,8,20000,1000,1.0,d,2,381.0,36.07946428571429,457408
699,laghos,8,4000,1000,0.5,d,1,367.0,92.62745535714285,801311390
700,minivite,8,200000,1000,0.5,d,2,403.0,84.27723214285716,24089720
701,tricount,8,4000,1000000,0.5,d,0,403.0,229.13169642857142,7120960
702,lammps,8,40000,0,0.5,d,1,364.0,24.405803571428574,457408
703,amg,8,400000,10000,1.0,d,3,368.0,55.003125000000004,106441449
704,fiesta,8,40000,100,0.1,d,3,356.22544642857144,55.4453125,645120
705,minife,8,40000,1000000,1.0,d,1,389.0,15.266138392857144,6788000
706,fiesta,8,4000,1000000,0.1,d,1,355.95535714285717,55.46852678571429,645120
707,tricount,8,200000,100,0.1,d,3,471.0,296.65625,7120960
708,laghos,8,400000,100,0.7,d,0,566.0,294.0357142857143,801311390
709,kripke,8,400000,100000,0.1,d,0,356.0,19.004241071428574,302720
710,amg,8,2000,1000000,1.0,d,1,340.0,10.178549107142857,106441449
711,laghos,8,40000,0,1.0,d,1,503.0,219.86607142857142,801311390
712,kripke,8,40000,100000,0.7,d,1,355.0,18.461830357142862,302720
713,amg,8,2000,100,0.7,d,2,340.0,10.877544642857142,106441449
714,fiesta,8,40000,10000,0.7,d,2,380.85714285714283,106.28370535714285,645120
715,amg,8,2000,100,0.1,d,3,341.0,11.973080357142857,106441449
716,fiesta,8,400000,100000,0.5,d,0,355.18080357142856,57.828125,645120
717,minife,8,4000000,100000,0.5,d,0,409.0,50.65,6788000
718,beatnik,8,2000,1000,0.7,d,2,406.0,110.22544642857143,19996182
719,fiesta,8,400000,1000000,1.0,d,0,357.02232142857144,62.61116071428571,645120
720,minife,8,400000,100,0.1,d,1,416.0,50.56004464285714,6788000
721,fiesta,8,40000,100,1.0,d,3,405.16294642857144,138.18638392857142,645120
722,beatnik,8,2000000,1000,1.0,d,0,660.6183035714286,369.21875,19996182
723,beatnik,8,4000,1000000,0.3,d,3,423.17857142857144,132.16071428571428,19996182
724,tricount,8,4000,100000,0.5,d,0,410.0,235.75669642857142,7120960
725,kripke,8,200000,1000000,0.5,d,1,354.0,17.28191964285714,302720
726,minivite,8,4000000,1000000,0.7,d,0,412.0,94.71160714285715,24089720
727,fiesta,8,40000,1000000,0.3,d,2,362.35267857142856,76.72162946428571,645120
728,amg,8,400000,100,0.5,d,2,359.0,43.894419642857144,106441449
729,fiesta,8,4000,1000000,0.1,d,2,355.91294642857144,57.33683035714286,645120
730,tricount,8,4000000,1000000,0.1,d,1,498.0,324.32142857142856,7120960
731,laghos,8,400000,0,0.7,d,0,663.0,392.94642857142856,801311390
732,minife,8,2000,1000,0.7,d,2,388.0,14.708080357142856,6788000
733,minife,8,400000,100,0.5,d,3,407.0,43.38370535714285,6788000
734,laghos,8,20000,1000,0.7,d,2,476.0,203.20982142857142,801311390
735,quicksilver,8,40000,1000000,0.3,d,1,294.0,133.19973214285713,762710
736,laghos,8,40000,100,0.5,d,1,515.0,232.671875,801311390
737,kripke,8,4000000,1000,0.1,d,1,358.0,21.571651785714284,302720
738,minife,8,2000,100,0.5,d,2,387.0,14.910022321428572,6788000
739,laghos,8,2000,1000000,0.5,d,1,367.0,90.40580357142858,801311390
740,beatnik,8,400000,0,0.7,d,3,592.1004464285714,301.98214285714283,19996182
741,beatnik,8,2000,1000000,1.0,d,2,406.0,105.80535714285715,19996182
742,minivite,8,4000000,100000,0.5,d,0,418.0,101.49151785714285,24089720
743,fiesta,8,2000000,100,0.1,d,3,356.63839285714283,62.84665178571429,645120
744,amg,8,2000000,10000,0.5,d,1,354.0,36.84397321428571,106441449
745,lammps,8,20000,0,0.7,d,3,358.0,20.50841517857143,457408
746,minivite,8,200000,0,0.7,d,0,405.0,86.02589285714285,24089720
747,minivite,8,2000000,10000,0.7,d,2,406.0,87.97410714285715,24089720
748,minife,8,2000000,0,0.1,d,2,406.0,37.79642857142858,6788000
749,quicksilver,8,40000,1000,0.3,d,0,291.0,130.10234375,762710
750,lammps,8,40000,0,0.7,d,1,371.0,27.274062499999996,457408
751,kripke,8,200000,100,0.3,d,3,359.0,21.461160714285715,302720
752,quicksilver,8,2000,100,1.0,d,0,292.0,131.36732142857142,762710
753,minife,8,200000,10000,0.7,d,3,408.0,46.932366071428575,6788000
754,kripke,8,20000,0,0.7,d,0,354.0,17.66919642857143,302720
755,minivite,8,20000,100000,1.0,d,1,388.0,67.1328125,24089720
756,quicksilver,8,400000,1000000,1.0,d,1,294.10267857142856,133.44466517857146,762710
757,kripke,8,2000000,0,0.7,d,2,359.0,21.51205357142857,302720
758,kripke,8,4000000,0,0.7,d,0,358.0,22.0734375,302720
759,minife,8,4000,100,0.3,d,0,408.0,26.344910714285714,6788000
760,laghos,8,4000000,100000,0.1,d,3,610.0,338.77232142857144,801311390
761,minife,8,2000000,100,0.5,d,1,409.0,42.221875000000004,6788000
762,quicksilver,8,4000000,1000,0.1,d,2,302.0,139.57636160714284,762710
763,kripke,8,4000000,1000,0.3,d,1,362.0,24.852901785714288,302720
764,amg,8,20000,1000000,0.7,d,1,347.0,17.563392857142855,106441449
765,minivite,8,4000,100000,0.7,d,2,380.0,60.9296875,24089720
766,lammps,8,2000000,100,1.0,d,2,377.0,43.73325892857143,457408
767,amg,8,2000000,10000,0.7,d,3,355.0,38.372321428571425,106441449
768,minife,8,400000,100,0.3,d,0,404.0,40.98549107142857,6788000
769,minivite,8,20000,1000,0.7,d,2,382.0,63.17321428571428,24089720
770,minife,8,400000,10000,0.5,d,0,410.0513392857143,48.6875,6788000
771,tricount,8,200000,10000,0.1,d,1,489.0,314.34151785714283,7120960
772,fiesta,8,2000000,100,0.3,d,3,358.2924107142857,84.05223214285715,645120
773,tricount,8,4000000,1000,0.1,d,1,590.0,416.0982142857143,7120960
774,lammps,8,4000000,100,0.5,d,2,357.0,23.60803571428571,457408
775,tricount,8,200000,1000000,0.1,d,0,477.0,303.21205357142856,7120960
776,kripke,8,40000,1000000,0.5,d,0,354.0,17.322098214285713,302720
777,amg,8,4000000,1000000,1.0,d,0,360.0,44.853571428571435,106441449
778,kripke,8,20000,1000000,0.3,d,2,356.0,19.11763392857143,302720
779,amg,8,200000,100000,0.5,d,2,351.0,32.66473214285715,106441449
780,tricount,8,2000000,0,0.1,d,3,475.0,300.6986607142857,7120960
781,quicksilver,8,2000000,1000000,0.3,d,3,293.0,132.22122767857144,762710
782,kripke,8,200000,1000,0.7,d,0,359.0,21.76763392857143,302720
783,kripke,8,400000,0,0.5,d,3,358.0,21.303348214285716,302720
784,beatnik,8,40000,10000,0.3,d,3,465.0,178.42857142857142,19996182
785,laghos,8,2000,1000000,0.7,d,3,341.0,66.58794642857143,801311390
786,lammps,8,400000,1000000,0.3,d,3,360.0,27.703013392857144,457408
787,lammps,8,200000,10000,0.1,d,1,366.0,28.75419642857143,457408
788,minife,8,20000,100000,1.0,d,1,413.0,31.051339285714285,6788000
789,lammps,8,2000000,100000,0.7,d,0,361.0,30.834151785714287,457408
790,beatnik,8,40000,0,1.0,d,0,501.5111607142857,201.54017857142858,19996182
791,beatnik,8,20000,0,0.1,d,1,442.9419642857143,144.875,19996182
792,lammps,8,4000000,1000,0.3,d,2,365.0,35.88325892857143,457408
793,tricount,8,2000000,1000,0.5,d,1,661.0,487.88392857142856,7120960
794,lammps,8,40000,10000,0.3,d,1,359.0,21.07520089285714,457408
795,minivite,8,200000,1000,0.1,d,0,395.0,74.9263392857143,24089720
796,tricount,8,4000,1000000,0.1,d,3,407.875,233.45089285714286,7120960
797,minife,8,4000,0,1.0,d,1,398.0,22.073214285714283,6788000
798,lammps,8,2000,0,0.3,d,1,349.0,13.349598214285715,457408
799,quicksilver,8,2000,1000000,0.1,d,3,294.0,133.18450892857143,762710
800,laghos,8,200000,1000,0.3,d,0,539.0,266.1986607142857,801311390
801,minife,8,40000,100000,0.5,d,3,406.0,28.15267857142857,6788000
802,fiesta,8,2000000,1000,0.7,d,0,353.9486607142857,58.92053571428572,645120
803,beatnik,8,400000,100000,0.5,d,1,557.1763392857143,265.4642857142857,19996182
804,beatnik,8,2000000,100,0.3,d,1,608.4754464285714,325.171875,19996182
805,kripke,8,40000,10000,1.0,d,2,385.0,31.643749999999994,302720
806,amg,8,4000,100,1.0,d,0,352.0,21.0421875,106441449
807,lammps,8,2000,1000,0.7,d,2,356.0,19.360825892857143,457408
808,beatnik,8,200000,0,0.1,d,1,500.62276785714283,209.60491071428572,19996182
809,lammps,8,4000000,0,0.7,d,3,364.0,25.752901785714283,457408
810,quicksilver,8,40000,100,1.0,d,3,312.0,142.47120535714285,762710
811,fiesta,8,2000000,10000,1.0,d,1,361.91964285714283,78.925,645120
812,lammps,8,200000,0,0.3,d,3,364.0,26.72872767857143,457408
813,quicksilver,8,4000000,100,0.5,d,1,292.0,130.77488839285715,762710
814,minife,8,2000000,100,0.1,d,0,405.0,41.24129464285714,6788000
815,kripke,8,4000,1000,0.5,d,1,368.0,24.31674107142857,302720
816,minivite,8,4000,10000,1.0,d,2,395.0,71.75848214285715,24089720
817,minife,8,4000,100,0.5,d,1,398.0,21.853169642857146,6788000
818,minivite,8,20000,0,0.7,d,3,431.0,91.05602678571427,24089720
819,tricount,8,400000,100,1.0,d,1,530.0,354.3861607142857,7120960
820,quicksilver,8,400000,10000,0.5,d,3,293.0,131.97843749999998,762710
821,beatnik,8,400000,100,0.5,d,0,720.8571428571429,433.80357142857144,19996182
822,minivite,8,4000000,1000,0.1,d,3,417.0,96.75558035714286,24089720
823,beatnik,8,400000,1000000,0.5,d,3,436.53794642857144,145.50446428571428,19996182
824,kripke,8,400000,1000,0.3,d,2,361.0,23.931696428571428,302720
825,amg,8,2000,1000,0.1,d,1,341.0,11.726741071428572,106441449
826,beatnik,8,2000000,100,0.7,d,0,526.1897321428571,233.55803571428572,19996182
827,lammps,8,40000,100000,0.1,d,3,355.0,18.193370535714287,457408
828,laghos,8,2000000,10000,0.1,d,2,532.5647321428571,261.06026785714283,801311390
829,fiesta,8,20000,100000,0.3,d,0,353.3080357142857,57.775669642857146,645120
830,minivite,8,40000,1000000,0.5,d,0,389.0,70.67120535714285,24089720
831,laghos,8,400000,0,0.3,d,2,569.0,297.7299107142857,801311390
832,amg,8,200000,10000,0.5,d,1,362.0,41.99308035714286,106441449
833,laghos,8,4000000,1000,0.7,d,3,601.0,329.99330357142856,801311390
834,beatnik,8,40000,100,0.1,d,1,447.0,146.70535714285714,19996182
835,fiesta,8,200000,100,0.1,d,1,361.54910714285717,72.55,645120
836,kripke,8,40000,10000,0.5,d,0,355.0,18.335267857142856,302720
837,minivite,8,200000,0,1.0,d,1,421.0,101.48281250000001,24089720
838,minivite,8,4000,1000000,0.5,d,0,373.0,55.63437500000001,24089720
839,quicksilver,8,2000,100,0.7,d,0,293.0,131.67638392857143,762710
840,beatnik,8,2000,0,0.5,d,0,412.0,117.69419642857143,19996182
841,amg,8,2000,100,1.0,d,1,348.0,18.82098214285714,106441449
842,laghos,8,400000,100,1.0,d,0,568.0,295.54017857142856,801311390
843,lammps,8,2000000,1000000,0.3,d,0,361.0,27.285937500000006,457408
844,minife,8,2000000,100000,1.0,d,2,402.0,36.004910714285714,6788000
845,quicksilver,8,200000,100000,1.0,d,0,300.99107142857144,139.0144419642857,762710
846,beatnik,8,2000,1000,0.7,d,0,404.0,110.73482142857142,19996182
847,kripke,8,20000,100000,0.7,d,0,354.0,17.4296875,302720
848,kripke,8,40000,1000,0.7,d,0,386.0,34.097544642857144,302720
849,fiesta,8,2000000,100,0.3,d,0,360.94419642857144,86.78622767857142,645120
850,beatnik,8,4000000,100000,0.3,d,2,498.890625,210.88169642857142,19996182
851,beatnik,8,40000,100000,0.3,d,2,485.86830357142856,191.69866071428572,19996182
852,kripke,8,400000,1000000,0.7,d,2,356.0,19.544196428571432,302720
853,tricount,8,40000,100,0.5,d,3,441.0,267.6607142857143,7120960
854,laghos,8,400000,1000000,1.0,d,1,475.0,202.55133928571428,801311390
855,minivite,8,400000,0,0.7,d,1,408.0,86.20424107142857,24089720
856,quicksilver,8,4000,0,1.0,d,0,292.0,131.31821428571428,762710
857,amg,8,2000,10000,0.5,d,2,346.0,16.34330357142857,106441449
858,minivite,8,4000,0,0.3,d,1,404.0,76.4138392857143,24089720
859,fiesta,8,20000,100,0.1,d,0,356.26785714285717,56.66517857142857,645120
860,quicksilver,8,400000,1000,0.7,d,2,303.0,140.8135044642857,762710
861,beatnik,8,4000,0,0.1,d,0,432.00669642857144,131.16964285714286,19996182
862,laghos,8,2000000,1000000,0.7,d,0,604.0,331.1830357142857,801311390
863,lammps,8,2000000,100000,0.1,d,1,369.0,35.31122767857143,457408
864,laghos,8,200000,100,0.1,d,3,549.0,275.9732142857143,801311390
865,laghos,8,40000,10000,1.0,d,0,534.0,252.68303571428572,801311390
866,fiesta,8,20000,0,0.5,d,0,352.5892857142857,54.177455357142854,645120
867,tricount,8,20000,100,0.3,d,1,419.0,246.02008928571428,7120960
868,beatnik,8,20000,100000,0.1,d,2,410.109375,115.30580357142857,19996182
869,lammps,8,200000,100,0.5,d,3,354.0,18.390401785714285,457408
870,lammps,8,4000,0,0.7,d,3,351.0,16.638749999999998,457408
871,lammps,8,2000,1000,0.5,d,3,354.0,19.10207589285714,457408
872,kripke,8,4000000,0,0.5,d,0,359.0,21.673660714285713,302720
873,kripke,8,20000,1000000,0.1,d,1,354.0,16.974776785714287,302720
874,beatnik,8,2000000,1000000,0.5,d,2,480.99107142857144,191.734375,19996182
875,fiesta,8,20000,10000,1.0,d,2,394.82589285714283,125.96091517857144,645120
876,minivite,8,400000,10000,0.1,d,1,420.0,96.22299107142858,24089720
877,lammps,8,2000000,100,0.7,d,3,364.0,30.218973214285718,457408
878,lammps,8,400000,0,0.7,d,1,356.0,24.904017857142858,457408
879,minife,8,400000,0,0.5,d,2,413.0,51.39665178571429,6788000
880,kripke,8,4000,1000000,0.1,d,2,353.0,16.795089285714287,302720
881,amg,8,4000,1000000,0.5,d,1,345.0,15.4609375,106441449
882,minivite,8,400000,100000,0.1,d,1,400.0,79.32589285714286,24089720
883,lammps,8,40000,100,0.3,d,2,354.0,15.18580357142857,457408
884,fiesta,8,400000,100000,0.5,d,1,353.7857142857143,56.37879464285714,645120
885,amg,8,2000,100,0.5,d,3,341.0,11.264486607142857,106441449
886,tricount,8,2000000,10000,0.1,d,2,511.0,335.0580357142857,7120960
887,tricount,8,2000,100,0.1,d,0,453.0,276.83035714285717,7120960
888,tricount,8,40000,100,0.3,d,0,512.0,338.22767857142856,7120960
889,fiesta,8,4000,1000000,0.7,d,1,353.88392857142856,60.10959821428572,645120
890,beatnik,8,2000000,10000,1.0,d,1,580.0044642857143,286.6294642857143,19996182
891,minife,8,2000,1000,1.0,d,0,387.0,14.111004464285713,6788000
892,kripke,8,2000,1000,0.7,d,1,356.0,18.158258928571428,302720
893,minivite,8,400000,1000,0.7,d,0,399.0,77.03169642857142,24089720
894,tricount,8,2000000,10000,0.7,d,0,677.0,503.64955357142856,7120960
895,quicksilver,8,4000000,100000,0.5,d,0,294.0,132.80886160714286,762710
896,minife,8,400000,100000,0.7,d,2,408.29017857142856,47.301785714285714,6788000
897,lammps,8,4000,10000,0.5,d,0,353.0,18.220379464285717,457408
898,quicksilver,8,4000000,1000,0.7,d,3,295.0,133.6786160714286,762710
899,kripke,8,2000,1000000,0.3,d,2,355.0,17.52611607142857,302720
900,amg,8,4000,0,0.3,d,2,350.0,21.17767857142857,106441449
901,kripke,8,2000000,100000,0.3,d,1,360.0,22.922991071428573,302720
902,minivite,8,2000000,10000,0.1,d,2,422.0,98.64955357142857,24089720
903,beatnik,8,2000,1000,0.1,d,0,416.52455357142856,115.98660714285714,19996182
904,laghos,8,2000,100000,0.3,d,0,330.0,55.85022321428572,801311390
905,minife,8,200000,1000,0.1,d,1,414.0,46.5546875,6788000
906,amg,8,4000,100,0.3,d,2,357.0,25.33325892857143,106441449
907,kripke,8,2000,100000,0.5,d,0,354.0,16.761160714285715,302720
908,minivite,8,200000,10000,0.3,d,3,419.0,101.21629464285715,24089720
909,minife,8,400000,1000000,1.0,d,0,398.00223214285717,29.29486607142857,6788000
910,kripke,8,2000,10000,0.5,d,2,353.0,16.938839285714288,302720
911,kripke,8,2000,1000,1.0,d,1,357.0,18.427901785714287,302720
912,amg,8,400000,1000000,0.7,d,3,351.0,30.373883928571427,106441449
913,lammps,8,4000,100000,1.0,d,3,355.0,16.100178571428568,457408
914,beatnik,8,4000,1000000,0.5,d,1,430.61607142857144,138.59821428571428,19996182
915,amg,8,40000,10000,0.7,d,2,347.0,20.531026785714285,106441449
916,amg,8,4000,1000,0.3,d,3,341.0,11.935848214285715,106441449
917,laghos,8,4000,1000,0.3,d,1,382.0,108.34821428571429,801311390
918,quicksilver,8,2000,10000,1.0,d,1,300.0,137.8922767857143,762710
919,lammps,8,200000,10000,0.5,d,2,369.0,29.491071428571427,457408
920,kripke,8,2000000,1000000,0.1,d,0,356.0,18.714732142857144,302720
921,minivite,8,2000000,100000,0.5,d,3,412.0,94.90870535714286,24089720
922,quicksilver,8,400000,0,0.5,d,3,290.0,129.11738839285712,762710
923,quicksilver,8,2000000,1000,1.0,d,2,293.0,131.91651785714285,762710
924,laghos,8,400000,1000000,0.5,d,3,457.0,184.94866071428572,801311390
925,fiesta,8,40000,100000,0.3,d,2,460.7388392857143,174.578125,645120
926,minife,8,400000,1000,1.0,d,0,407.0,43.526785714285715,6788000
927,beatnik,8,4000,1000000,0.7,d,2,428.859375,137.51339285714286,19996182
928,kripke,8,4000,0,0.7,d,2,363.0,20.780357142857145,302720
929,quicksilver,8,400000,100000,0.1,d,3,299.0,137.5300669642857,762710
930,quicksilver,8,200000,100,0.3,d,0,291.0,130.48415178571432,762710
931,quicksilver,8,200000,1000000,0.5,d,1,292.0,131.2958705357143,762710
932,minivite,8,4000,10000,0.5,d,3,404.0,80.57968749999999,24089720
933,minivite,8,2000000,1000000,0.7,d,2,419.0,101.89508928571429,24089720
934,amg,8,2000,100,0.1,d,1,341.0,12.549888392857143,106441449
935,quicksilver,8,40000,100000,0.3,d,0,300.0,137.08441964285714,762710
936,minife,8,4000000,100,1.0,d,3,398.0,32.28080357142857,6788000
937,lammps,8,2000000,1000000,0.5,d,3,358.0,20.412700892857142,457408
938,minife,8,20000,100000,0.5,d,0,386.0,14.695959821428572,6788000
939,tricount,8,2000000,1000,0.7,d,3,609.0,435.421875,7120960
940,quicksilver,8,40000,1000000,1.0,d,3,299.0,137.17654017857143,762710
941,amg,8,4000,1000,0.3,d,1,359.0,24.820089285714285,106441449
942,minivite,8,2000,100,0.3,d,1,379.0,58.572098214285724,24089720
943,tricount,8,200000,10000,0.1,d,3,510.0,331.47098214285717,7120960
944,quicksilver,8,20000,10000,0.3,d,0,307.07142857142856,141.27979910714285,762710
945,amg,8,4000000,100,1.0,d,3,362.0,45.59352678571429,106441449
946,minife,8,200000,100000,1.0,d,2,407.0,42.35022321428572,6788000
947,lammps,8,400000,100,0.1,d,0,393.0,60.771941964285716,457408
948,fiesta,8,2000,0,0.7,d,0,353.2611607142857,60.846875000000004,645120
949,beatnik,8,20000,0,0.5,d,1,439.0,141.09151785714286,19996182
950,laghos,8,20000,1000000,1.0,d,2,357.0,83.921875,801311390
951,amg,8,4000000,1000,0.1,d,3,357.0,42.05580357142857,106441449
952,minivite,8,2000000,100000,0.3,d,2,406.0,87.19084821428571,24089720
953,tricount,8,40000,0,0.3,d,1,447.0,270.21205357142856,7120960
954,tricount,8,2000,100000,0.5,d,2,401.0,227.74553571428572,7120960
955,laghos,8,40000,1000,0.3,d,2,554.0,271.9174107142857,801311390
956,beatnik,8,2000000,100,0.7,d,1,637.140625,352.7142857142857,19996182
957,amg,8,20000,100,0.5,d,2,347.0,20.104910714285715,106441449
958,fiesta,8,20000,100000,0.7,d,2,353.0892857142857,54.177678571428565,645120
959,kripke,8,4000000,1000000,0.3,d,1,358.0,20.653125,302720
960,kripke,8,40000,100000,0.5,d,1,370.0,24.651785714285715,302720
961,lammps,8,200000,100000,0.1,d,0,360.0,22.166763392857142,457408
962,minife,8,40000,1000,1.0,d,1,392.0,20.248660714285712,6788000
963,minivite,8,20000,100,0.7,d,0,435.0,94.91562499999999,24089720
964,fiesta,8,4000000,100,0.7,d,2,353.80357142857144,64.54799107142857,645120
965,lammps,8,2000,100000,1.0,d,1,354.0,18.27026785714286,457408
966,kripke,8,40000,1000,0.1,d,3,355.0,17.963839285714283,302720
967,minivite,8,4000000,100000,1.0,d,1,436.0,113.96808035714285,24089720
968,minife,8,20000,0,0.3,d,2,386.0,14.777366071428572,6788000
969,amg,8,200000,100000,0.5,d,0,355.0,34.72544642857143,106441449
970,quicksilver,8,2000000,100,1.0,d,3,302.97098214285717,140.87174107142854,762710
971,quicksilver,8,20000,1000,0.3,d,3,307.0736607142857,139.5361607142857,762710
972,kripke,8,2000,100000,0.7,d,2,353.0,16.58995535714286,302720
973,laghos,8,40000,100,1.0,d,2,538.0,252.66517857142858,801311390
974,fiesta,8,40000,1000000,0.3,d,1,352.66294642857144,59.184598214285714,645120
975,tricount,8,40000,10000,0.7,d,1,428.0,246.22767857142858,7120960
976,kripke,8,40000,100,0.1,d,3,375.0,27.893526785714283,302720
977,lammps,8,4000000,100,0.7,d,3,363.0,24.540625000000002,457408
978,quicksilver,8,4000000,100000,0.3,d,0,303.0,141.4695982142857,762710
979,minife,8,200000,100,1.0,d,0,402.0,36.47901785714286,6788000
980,minivite,8,20000,100000,0.3,d,2,392.0,74.37991071428571,24089720
981,kripke,8,4000,0,1.0,d,1,357.0,20.085044642857145,302720
982,laghos,8,400000,1000000,0.5,d,0,411.0,137.79464285714286,801311390
983,quicksilver,8,2000000,1000,0.1,d,0,299.49107142857144,137.77848214285714,762710
984,kripke,8,40000,10000,1.0,d,0,385.0,32.43816964285715,302720
985,beatnik,8,40000,100000,0.1,d,3,413.0,118.67857142857143,19996182
986,amg,8,40000,100000,0.3,d,3,359.0,28.67611607142857,106441449
987,quicksilver,8,2000,1000000,0.1,d,2,301.0,140.3151785714286,762710
988,minife,8,40000,0,0.1,d,1,393.0,22.1671875,6788000
989,tricount,8,400000,1000,1.0,d,0,572.0,396.15625,7120960
990,lammps,8,200000,100,0.3,d,2,359.0,24.196875,457408
991,kripke,8,400000,1000000,1.0,d,3,357.0,19.920535714285712,302720
992,fiesta,8,400000,100,0.1,d,3,356.55357142857144,57.90491071428572,645120
993,minife,8,4000,100,1.0,d,3,397.0,20.274620535714284,6788000
994,tricount,8,4000000,0,0.1,d,1,529.0,353.68080357142856,7120960
995,lammps,8,20000,1000,0.1,d,2,369.0,27.51537946428572,457408
996,tricount,8,40000,100,0.1,d,3,416.0,241.99553571428572,7120960
997,beatnik,8,2000,1000,0.3,d,1,405.0,108.98660714285714,19996182
998,minife,8,4000,10000,0.5,d,3,385.0,13.482053571428574,6788000
999,minife,8,200000,1000000,0.5,d,0,392.0,21.31964285714286,6788000
1000,lammps,8,200000,1000000,1.0,d,1,357.0,20.01314732142857,457408
1001,fiesta,8,40000,100,0.1,d,2,387.11160714285717,120.00801339285715,645120
1002,minivite,8,4000,1000000,0.1,d,0,380.0,59.527901785714285,24089720
1003,amg,8,2000000,1000000,0.3,d,3,351.0,30.09642857142857,106441449
1004,tricount,8,2000,1000,0.3,d,2,421.0,247.94419642857142,7120960
1005,fiesta,8,2000000,100000,0.7,d,2,354.87276785714283,69.54776785714286,645120
1006,minife,8,2000,100,0.1,d,0,388.0,15.097901785714287,6788000
1007,fiesta,8,400000,100,1.0,d,0,357.0736607142857,61.27857142857143,645120
1008,minivite,8,200000,1000000,0.5,d,3,395.0,76.81183035714285,24089720
1009,kripke,8,20000,1000,0.3,d,3,380.0,29.844866071428573,302720
1010,minife,8,400000,0,0.3,d,1,414.0,56.45379464285715,6788000
1011,tricount,8,2000,10000,0.1,d,1,403.0,228.48660714285714,7120960
1012,lammps,8,20000,0,1.0,d,1,370.0,28.35279017857143,457408
1013,minife,8,4000000,100,0.5,d,0,407.0,46.269642857142856,6788000
1014,kripke,8,2000000,1000,0.5,d,1,369.0,29.00736607142857,302720
1015,fiesta,8,200000,100,1.0,d,1,364.1361607142857,81.73160714285714,645120
1016,tricount,8,2000,10000,1.0,d,1,420.0,246.41294642857142,7120960
1017,tricount,8,40000,1000,0.7,d,3,432.0,249.15178571428572,7120960
1018,tricount,8,4000000,0,0.7,d,0,589.0,414.93526785714283,7120960
1019,laghos,8,4000000,1000000,0.1,d,3,437.0,163.28571428571428,801311390
1020,minife,8,200000,100000,0.7,d,1,402.0,35.91361607142857,6788000
1021,laghos,8,200000,100000,0.7,d,0,569.0,297.38392857142856,801311390
1022,kripke,8,400000,10000,0.3,d,2,359.0,22.283482142857142,302720
1023,minivite,8,4000000,100,0.1,d,1,429.0,105.48794642857145,24089720
1024,lammps,8,2000000,1000,0.1,d,0,382.0,43.89107142857142,457408
1025,beatnik,8,20000,1000000,0.3,d,1,406.0,110.61785714285715,19996182
1026,amg,8,4000000,10000,0.7,d,1,358.0,42.99642857142857,106441449
1027,tricount,8,400000,0,0.5,d,1,530.0,355.9486607142857,7120960
1028,kripke,8,2000,100000,1.0,d,0,353.0,16.174330357142857,302720
1029,laghos,8,2000,0,1.0,d,3,367.0,93.55424107142856,801311390
1030,amg,8,2000000,100,0.7,d,2,357.0,42.37611607142857,106441449
1031,minivite,8,200000,1000000,0.7,d,3,394.0,76.11406249999997,24089720
1032,beatnik,8,40000,1000,0.1,d,0,449.0267857142857,149.63616071428572,19996182
1033,quicksilver,8,20000,1000000,0.3,d,0,291.10714285714283,130.49984375,762710
1034,fiesta,8,400000,0,0.1,d,3,356.88839285714283,58.63973214285714,645120
1035,minivite,8,20000,1000,0.3,d,2,391.0,71.79107142857143,24089720
1036,amg,8,20000,1000,0.7,d,0,383.0,46.598214285714285,106441449
1037,minivite,8,4000000,100000,1.0,d,0,458.0,137.58928571428572,24089720
1038,kripke,8,20000,100000,0.1,d,1,357.0,18.857589285714287,302720
1039,lammps,8,4000,1000000,0.7,d,0,350.0,14.477723214285716,457408
1040,minivite,8,4000000,100000,1.0,d,3,447.0,129.12053571428572,24089720
1041,amg,8,2000,1000000,0.3,d,3,341.0,12.085982142857144,106441449
1042,beatnik,8,2000000,100,0.1,d,1,575.1428571428571,287.1607142857143,19996182
1043,minivite,8,2000,1000000,0.5,d,1,373.0,54.44665178571429,24089720
1044,lammps,8,200000,10000,0.1,d,0,354.0,19.869285714285716,457408
1045,amg,8,2000000,100000,1.0,d,1,354.0,37.67254464285715,106441449
1046,minivite,8,200000,1000,0.1,d,1,414.0,91.18906249999999,24089720
1047,beatnik,8,200000,1000,0.3,d,0,527.8348214285714,241.75,19996182
1048,quicksilver,8,20000,100,0.3,d,0,292.46651785714283,131.31319196428572,762710
1049,lammps,8,200000,10000,0.7,d,1,360.0,28.873660714285712,457408
1050,kripke,8,20000,10000,0.1,d,3,357.0,20.017857142857142,302720
1051,fiesta,8,2000000,1000000,1.0,d,0,364.74107142857144,82.34060267857141,645120
1052,minivite,8,2000,1000000,0.5,d,0,368.0,47.97633928571429,24089720
1053,amg,8,4000,100,0.1,d,3,343.0,14.217633928571429,106441449
1054,minife,8,200000,1000000,0.1,d,0,388.0,14.576049107142856,6788000
1055,minife,8,20000,0,0.3,d,0,436.0,52.43638392857143,6788000
1056,tricount,8,400000,0,0.7,d,0,544.0,370.1049107142857,7120960
1057,lammps,8,20000,100000,0.1,d,0,352.0,14.983839285714286,457408
1058,fiesta,8,400000,0,1.0,d,1,361.7767857142857,76.4664732142857,645120
1059,laghos,8,4000,100,0.1,d,3,474.0,185.38839285714286,801311390
1060,tricount,8,4000,100000,0.1,d,1,403.0,228.92633928571428,7120960
1061,lammps,8,20000,10000,1.0,d,3,356.0,17.41375,457408
1062,fiesta,8,2000000,0,0.1,d,1,357.27901785714283,62.07946428571428,645120
1063,quicksilver,8,200000,0,0.3,d,0,291.0,129.91700892857142,762710
1064,laghos,8,20000,1000,0.3,d,2,456.0,183.02455357142858,801311390
1065,quicksilver,8,4000,1000000,0.7,d,3,299.0,137.48749999999998,762710
1066,laghos,8,2000000,100,0.1,d,3,591.0,319.734375,801311390
1067,fiesta,8,4000000,1000,0.1,d,0,363.01785714285717,80.87399553571429,645120
1068,minife,8,20000,10000,1.0,d,3,389.0,16.251919642857143,6788000
1069,amg,8,200000,0,0.5,d,3,366.0,46.325892857142854,106441449
1070,quicksilver,8,2000000,10000,1.0,d,0,295.0,134.28075892857143,762710
1071,amg,8,4000,0,0.7,d,0,349.0,19.491294642857138,106441449
1072,kripke,8,20000,10000,0.3,d,1,374.0,26.539955357142855,302720
1073,tricount,8,40000,100000,1.0,d,2,471.0,293.38392857142856,7120960
1074,lammps,8,4000,100000,0.7,d,3,355.0,18.681026785714288,457408
1075,minivite,8,4000,0,1.0,d,1,385.0,65.94575892857142,24089720
1076,tricount,8,400000,0,0.5,d,3,570.0,396.54017857142856,7120960
1077,minivite,8,40000,1000000,0.7,d,2,385.0,65.97209821428571,24089720
1078,amg,8,400000,100,0.1,d,0,358.0,38.619866071428575,106441449
1079,lammps,8,4000000,100,0.3,d,3,362.0,27.14866071428571,457408
1080,quicksilver,8,40000,10000,0.7,d,2,292.0,131.1872767857143,762710
1081,kripke,8,40000,1000,0.1,d,1,376.0,27.4515625,302720
1082,quicksilver,8,200000,0,0.3,d,2,303.47098214285717,141.67589285714286,762710
1083,amg,8,4000000,10000,0.7,d,0,362.0,48.520535714285714,106441449
1084,laghos,8,2000000,1000000,0.3,d,3,493.0,221.13169642857142,801311390
1085,beatnik,8,20000,0,1.0,d,0,435.9888392857143,143.34151785714286,19996182
1086,amg,8,2000000,1000000,0.1,d,0,355.0,29.0390625,106441449
1087,lammps,8,2000,100000,0.5,d,2,351.0,14.664174107142859,457408
1088,amg,8,4000000,10000,0.1,d,3,357.0,38.04843749999999,106441449
1089,laghos,8,4000000,1000,0.1,d,0,547.0,275.65848214285717,801311390
1090,tricount,8,40000,100000,0.1,d,1,398.0,223.11607142857142,7120960
1091,minife,8,4000,1000,0.7,d,0,384.0,12.48216517857143,6788000
1092,minivite,8,2000000,10000,0.1,d,1,421.0,102.11138392857143,24089720
1093,minife,8,20000,1000000,0.3,d,2,386.0,14.215803571428571,6788000
1094,lammps,8,2000,100000,0.7,d,1,351.0,14.272098214285714,457408
1095,quicksilver,8,400000,1000,0.7,d,0,302.0,140.83580357142858,762710
1096,minivite,8,2000000,1000000,0.5,d,2,405.0,86.37946428571429,24089720
1097,quicksilver,8,2000000,100,0.3,d,0,291.0,130.22138392857144,762710
1098,lammps,8,2000000,0,0.7,d,3,364.0,32.471875000000004,457408
1099,beatnik,8,4000000,100,0.5,d,0,635.8191964285714,352.66964285714283,19996182
1100,quicksilver,8,4000,1000000,0.3,d,0,294.0,132.7811830357143,762710
1101,quicksilver,8,2000000,0,1.0,d,3,301.1986607142857,139.47685267857145,762710
1102,amg,8,200000,100,0.3,d,3,354.0,36.28125,106441449
1103,minivite,8,400000,100000,0.5,d,2,411.0,91.30312500000001,24089720
1104,beatnik,8,4000000,1000,1.0,d,3,612.3191964285714,321.52901785714283,19996182
1105,laghos,8,400000,100,0.5,d,1,600.0,328.85044642857144,801311390
1106,minivite,8,400000,10000,0.5,d,0,410.0,89.7435267857143,24089720
1107,kripke,8,2000,10000,0.7,d,1,356.0,17.66763392857143,302720
1108,minivite,8,40000,100000,0.7,d,1,382.0,62.89107142857142,24089720
1109,kripke,8,400000,10000,0.5,d,3,362.0,24.380580357142858,302720
1110,lammps,8,40000,100000,0.5,d,1,348.0,15.198147321428573,457408
1111,beatnik,8,4000,1000,0.7,d,0,415.0,122.20758928571429,19996182
1112,tricount,8,20000,100,0.7,d,1,423.0,249.84375,7120960
1113,laghos,8,40000,100,0.3,d,3,547.0,266.50669642857144,801311390
1114,kripke,8,4000,0,0.5,d,2,362.0,20.7,302720
1115,minife,8,2000000,1000000,0.3,d,2,397.0,28.314062500000002,6788000
1116,tricount,8,2000,1000,0.7,d,3,485.0,309.8950892857143,7120960
1117,fiesta,8,20000,0,0.7,d,3,380.86160714285717,104.70602678571429,645120
1118,quicksilver,8,20000,100000,1.0,d,3,304.0,139.31995535714285,762710
1119,minivite,8,400000,0,0.7,d,0,428.0,109.94977678571429,24089720
1120,laghos,8,2000,0,0.7,d,2,394.0,117.92566964285713,801311390
1121,tricount,8,2000,0,1.0,d,0,449.0,275.05580357142856,7120960
1122,minivite,8,20000,1000000,0.3,d,2,377.0,59.755580357142854,24089720
1123,quicksilver,8,2000,1000,0.7,d,1,291.0,130.32205357142857,762710
1124,minivite,8,2000,1000000,0.7,d,3,371.0,52.83303571428571,24089720
1125,fiesta,8,4000000,1000000,0.7,d,2,353.44642857142856,63.503348214285715,645120
1126,minife,8,20000,1000000,0.7,d,1,388.0,15.281607142857142,6788000
1127,fiesta,8,20000,10000,0.5,d,2,380.66294642857144,105.18073660714286,645120
1128,quicksilver,8,4000000,1000000,0.7,d,0,300.0,138.65535714285713,762710
1129,minivite,8,4000000,1000000,1.0,d,1,455.0,135.60044642857142,24089720
1130,beatnik,8,40000,100000,0.7,d,3,486.56473214285717,197.71205357142858,19996182
1131,kripke,8,200000,1000,0.3,d,1,359.0,22.099330357142858,302720
1132,kripke,8,20000,1000000,0.5,d,0,363.0,23.184821428571432,302720
1133,kripke,8,4000,0,0.3,d,1,354.0,17.309598214285714,302720
1134,lammps,8,40000,1000000,0.1,d,0,353.0,15.492723214285714,457408
1135,tricount,8,200000,10000,0.5,d,3,509.0,335.35044642857144,7120960
1136,minife,8,4000000,0,0.5,d,3,400.0,35.090401785714285,6788000
1137,lammps,8,200000,10000,0.1,d,3,350.0,15.896629464285715,457408
1138,kripke,8,2000,0,0.1,d,1,354.0,17.409151785714283,302720
1139,minivite,8,4000000,100,0.1,d,0,428.0,108.99754464285715,24089720
1140,beatnik,8,20000,1000,0.5,d,1,414.0,122.63616071428571,19996182
1141,beatnik,8,2000,0,0.7,d,1,399.9642857142857,108.32142857142857,19996182
1142,kripke,8,20000,1000000,0.3,d,3,354.0,17.38125,302720
1143,minife,8,200000,100000,0.5,d,0,402.0,36.550669642857144,6788000
1144,quicksilver,8,20000,0,0.1,d,0,306.60267857142856,139.90933035714286,762710
1145,laghos,8,200000,0,0.3,d,0,560.0,288.4732142857143,801311390
1146,fiesta,8,4000,1000000,1.0,d,0,355.93526785714283,55.906696428571436,645120
1147,tricount,8,20000,1000000,0.7,d,0,411.0,237.29910714285714,7120960
1148,kripke,8,20000,100000,0.5,d,3,354.0,17.543526785714285,302720
1149,fiesta,8,2000000,10000,0.5,d,2,362.74107142857144,74.59352678571427,645120
1150,laghos,8,4000,10000,0.7,d,3,356.0,81.55959821428571,801311390
1151,minivite,8,4000000,1000,0.7,d,3,441.0,125.56473214285714,24089720
1152,laghos,8,20000,100,0.1,d,0,482.0,202.17410714285714,801311390
1153,lammps,8,400000,100000,1.0,d,0,388.0,53.230357142857144,457408
1154,lammps,8,200000,100,0.7,d,3,357.0,23.618750000000002,457408
1155,quicksilver,8,4000000,100000,0.3,d,2,293.0,131.95321428571427,762710
1156,minife,8,4000,0,0.1,d,2,388.0,15.3734375,6788000
1157,minivite,8,20000,10000,1.0,d,0,386.0,66.02410714285715,24089720
1158,minivite,8,20000,1000,0.5,d,1,379.0,62.14888392857143,24089720
1159,minife,8,2000,1000,0.5,d,3,385.0,13.232254464285715,6788000
1160,lammps,8,400000,100,1.0,d,0,373.0,36.86560267857143,457408
1161,laghos,8,4000,100,0.7,d,2,391.0,115.06026785714286,801311390
1162,laghos,8,20000,1000000,1.0,d,1,395.0,121.91741071428571,801311390
1163,minivite,8,20000,0,0.7,d,0,396.0,78.13973214285714,24089720
1164,minivite,8,200000,100,0.7,d,1,405.0,85.82075892857142,24089720
1165,tricount,8,20000,0,0.5,d,3,443.0,265.265625,7120960
1166,lammps,8,200000,10000,0.7,d,0,360.0,27.618750000000002,457408
1167,minivite,8,4000000,1000,0.1,d,1,465.0,145.43080357142858,24089720
1168,laghos,8,40000,0,0.1,d,3,501.0,224.92857142857142,801311390
1169,tricount,8,4000,1000000,0.5,d,1,415.0,242.28125,7120960
1170,amg,8,400000,1000000,0.7,d,2,354.0,32.058928571428574,106441449
1171,fiesta,8,2000000,100,0.7,d,3,357.83035714285717,78.34441964285715,645120
1172,quicksilver,8,400000,1000000,0.3,d,3,294.0,132.7528348214286,762710
1173,quicksilver,8,2000,100000,1.0,d,2,304.0,142.69718749999998,762710
1174,tricount,8,40000,10000,0.1,d,1,443.0,264.8169642857143,7120960
1175,kripke,8,4000000,10000,0.1,d,2,360.0,23.0390625,302720
1176,minife,8,200000,1000000,0.3,d,3,391.0,19.59107142857143,6788000
1177,amg,8,400000,100000,0.7,d,3,360.0,42.81383928571428,106441449
1178,lammps,8,400000,0,1.0,d,2,361.0,28.730357142857144,457408
1179,quicksilver,8,40000,100000,1.0,d,2,305.0,139.4777455357143,762710
1180,quicksilver,8,2000,0,0.1,d,0,311.0,142.99613839285715,762710
1181,quicksilver,8,2000,100,0.3,d,2,295.11607142857144,134.05457589285714,762710
1182,beatnik,8,20000,100,0.1,d,2,424.0,130.60267857142858,19996182
1183,amg,8,4000000,100000,1.0,d,3,362.0,44.470535714285724,106441449
1184,laghos,8,200000,10000,1.0,d,0,570.0,298.79017857142856,801311390
1185,beatnik,8,4000,1000,1.0,d,2,420.08482142857144,123.83482142857143,19996182
1186,amg,8,2000,0,0.1,d,2,361.0,27.069196428571427,106441449
1187,minivite,8,400000,100,0.3,d,2,412.0,92.78883928571429,24089720
1188,minivite,8,4000,100,0.1,d,3,390.0,69.61004464285715,24089720
1189,minife,8,20000,100000,0.7,d,3,386.0,14.503303571428571,6788000
1190,lammps,8,4000,0,0.1,d,0,355.0,19.559464285714284,457408
1191,beatnik,8,2000,100,0.7,d,2,422.0,127.31026785714286,19996182
1192,amg,8,4000,100000,0.7,d,2,340.0,10.577857142857141,106441449
1193,minivite,8,20000,10000,0.1,d,2,376.0,55.45736607142857,24089720
1194,minivite,8,200000,1000,0.7,d,2,407.0,85.921875,24089720
1195,amg,8,20000,10000,1.0,d,1,384.0,48.691741071428574,106441449
1196,minife,8,2000,10000,0.5,d,2,385.0,13.874441964285714,6788000
1197,laghos,8,20000,100,1.0,d,0,465.0,192.28794642857142,801311390
1198,beatnik,8,2000,100,0.5,d,2,406.01339285714283,116.734375,19996182
1199,minife,8,4000000,1000,1.0,d,2,407.0,43.67901785714286,6788000
1200,laghos,8,400000,1000000,0.1,d,1,447.0,174.07366071428572,801311390
1201,minife,8,2000000,100,0.3,d,1,405.0,43.56986607142857,6788000
1202,quicksilver,8,2000000,100000,0.7,d,2,294.0,132.86953125,762710
1203,minivite,8,200000,10000,0.7,d,1,403.0,86.71316964285714,24089720
1204,minivite,8,2000000,100,0.3,d,1,415.0,96.66651785714286,24089720
1205,fiesta,8,20000,100000,0.3,d,2,352.62723214285717,63.53839285714286,645120
1206,fiesta,8,400000,10000,0.7,d,2,354.5736607142857,68.29598214285714,645120
1207,lammps,8,4000000,100000,0.5,d,0,360.0,24.58611607142857,457408
1208,lammps,8,4000,100000,1.0,d,1,355.0,17.633236607142855,457408
1209,fiesta,8,2000000,0,1.0,d,1,356.84151785714283,60.09441964285714,645120
1210,quicksilver,8,400000,1000000,0.5,d,2,293.0,132.1904017857143,762710
1211,quicksilver,8,400000,0,1.0,d,3,307.0,144.6291294642857,762710
1212,amg,8,2000000,100000,0.3,d,3,360.0,39.71897321428572,106441449
1213,minife,8,200000,1000,0.7,d,3,407.0,43.6171875,6788000
1214,kripke,8,400000,100,0.5,d,2,358.0,21.42455357142857,302720
1215,tricount,8,400000,100000,0.5,d,1,562.0,388.26785714285717,7120960
1216,fiesta,8,4000000,1000000,0.3,d,1,353.46651785714283,57.224330357142854,645120
1217,minife,8,40000,100000,1.0,d,2,428.0,43.903348214285714,6788000
1218,beatnik,8,400000,10000,0.7,d,2,672.6696428571429,386.22767857142856,19996182
1219,minife,8,40000,100000,1.0,d,3,432.0,47.87544642857143,6788000
1220,amg,8,4000000,100,0.3,d,0,361.0,47.77388392857143,106441449
1221,amg,8,400000,10000,0.3,d,1,358.0,42.88214285714287,106441449
1222,minivite,8,20000,1000000,0.7,d,2,383.0,64.53750000000001,24089720
1223,tricount,8,400000,1000,1.0,d,3,637.0,463.25223214285717,7120960
1224,amg,8,20000,100000,0.7,d,3,343.0,14.612276785714284,106441449
1225,laghos,8,20000,1000000,0.1,d,2,374.0,100.37857142857142,801311390
1226,quicksilver,8,2000000,10000,0.1,d,3,302.0,140.1464732142857,762710
1227,minivite,8,4000000,1000000,1.0,d,3,456.0,135.83035714285714,24089720
1228,kripke,8,4000000,0,1.0,d,2,358.0,21.6796875,302720
1229,minivite,8,4000,1000000,1.0,d,3,377.0,56.01584821428571,24089720
1230,amg,8,40000,10000,0.3,d,0,346.0,19.2296875,106441449
1231,kripke,8,2000000,0,0.1,d,1,358.0,21.73482142857143,302720
1232,lammps,8,40000,100,0.1,d,2,378.0,32.23866071428572,457408
1233,minife,8,2000000,0,0.3,d,2,403.0,36.17254464285714,6788000
1234,minife,8,2000,10000,0.3,d,0,383.0,12.016450892857145,6788000
1235,lammps,8,400000,100000,0.1,d,2,384.0,47.379241071428574,457408
1236,amg,8,40000,100000,0.7,d,0,345.0,17.251785714285713,106441449
1237,minivite,8,200000,1000,0.1,d,2,426.0,101.70892857142856,24089720
1238,fiesta,8,40000,1000000,0.1,d,1,355.89732142857144,56.474330357142854,645120
1239,minife,8,2000,100,0.7,d,1,388.0,15.620401785714288,6788000
1240,beatnik,8,4000000,0,0.3,d,0,652.5758928571429,371.68080357142856,19996182
1241,quicksilver,8,2000000,100000,0.7,d,1,302.0,139.13183035714286,762710
1242,minivite,8,2000000,0,0.7,d,3,413.0,92.9700892857143,24089720
1243,tricount,8,4000,100,0.3,d,2,411.0,237.23214285714286,7120960
1244,laghos,8,2000,10000,0.5,d,1,339.0,63.33995535714286,801311390
1245,minivite,8,2000,10000,0.7,d,1,377.0,58.574107142857144,24089720
1246,beatnik,8,4000000,1000,0.5,d,1,782.3571428571429,495.0357142857143,19996182
1247,lammps,8,40000,0,0.3,d,1,367.0,25.436383928571427,457408
1248,beatnik,8,2000,10000,0.3,d,3,406.88839285714283,112.89285714285714,19996182
1249,amg,8,4000,1000000,0.3,d,1,342.0,12.795625000000001,106441449
1250,fiesta,8,40000,0,0.1,d,3,386.1674107142857,109.12212053571429,645120
1251,amg,8,2000000,0,0.5,d,0,352.0,34.94464285714286,106441449
1252,beatnik,8,4000000,10000,0.3,d,1,574.0178571428571,281.35714285714283,19996182
1253,kripke,8,200000,100000,0.3,d,0,367.0,26.76830357142857,302720
1254,lammps,8,400000,0,0.1,d,0,376.0,39.790625,457408
1255,quicksilver,8,4000000,10000,1.0,d,0,303.0,141.3305580357143,762710
1256,quicksilver,8,400000,100,0.3,d,0,291.0,130.23770089285716,762710
1257,laghos,8,4000,100000,0.1,d,0,364.0,89.57968749999999,801311390
1258,fiesta,8,2000000,1000000,0.3,d,3,353.41294642857144,59.30379464285714,645120
1259,quicksilver,8,4000000,0,1.0,d,3,298.0,136.40185267857143,762710
1260,lammps,8,200000,1000,0.5,d,0,353.0,18.689441964285713,457408
1261,tricount,8,400000,100000,0.5,d,0,518.0,344.63169642857144,7120960
1262,lammps,8,20000,100000,0.7,d,2,357.0,21.69875,457408
1263,laghos,8,400000,100,0.3,d,2,658.0,383.52232142857144,801311390
1264,quicksilver,8,4000000,10000,0.3,d,1,292.99776785714283,131.63872767857143,762710
1265,amg,8,20000,100,0.3,d,2,352.125,24.3515625,106441449
1266,beatnik,8,4000000,100000,0.1,d,3,532.3236607142857,241.79910714285714,19996182
1267,lammps,8,20000,100,0.5,d,2,354.0,20.554709821428577,457408
1268,amg,8,40000,100000,0.7,d,1,344.0,16.546205357142856,106441449
1269,lammps,8,200000,1000,0.7,d,2,361.0,24.493973214285713,457408
1270,quicksilver,8,2000000,1000000,0.1,d,1,293.0,131.71439732142858,762710
1271,minife,8,40000,100,0.3,d,0,432.0,46.15089285714286,6788000
1272,amg,8,200000,100000,1.0,d,3,357.0,37.818080357142854,106441449
1273,minivite,8,2000000,10000,0.3,d,0,425.0,106.63794642857144,24089720
1274,laghos,8,4000000,100000,0.5,d,2,641.0,365.171875,801311390
1275,tricount,8,4000000,100,0.7,d,1,528.0,353.9575892857143,7120960
1276,tricount,8,2000000,100000,0.5,d,0,545.0,371.7924107142857,7120960
1277,laghos,8,400000,0,0.7,d,2,582.0,311.1294642857143,801311390
1278,fiesta,8,2000,1000000,0.7,d,2,352.87276785714283,60.65647321428571,645120
1279,tricount,8,2000000,10000,0.7,d,2,588.0,414.91517857142856,7120960
1280,amg,8,4000,1000000,0.7,d,3,345.0,14.677901785714285,106441449
1281,minivite,8,2000,1000,0.3,d,2,381.0,62.480133928571426,24089720
1282,tricount,8,200000,1000,0.5,d,1,559.0,385.3236607142857,7120960
1283,quicksilver,8,200000,1000,0.1,d,2,299.0,137.11604910714286,762710
1284,laghos,8,4000000,0,0.1,d,3,520.0,246.73214285714286,801311390
1285,minife,8,2000,0,0.7,d,2,384.0,12.40625,6788000
1286,minife,8,4000000,1000,0.5,d,0,409.0,46.416741071428575,6788000
1287,tricount,8,40000,100000,0.1,d,0,417.0,242.75223214285714,7120960
1288,quicksilver,8,4000,100000,0.3,d,3,297.0,135.25223214285714,762710
1289,quicksilver,8,4000,1000000,0.3,d,3,301.11830357142856,140.3765625,762710
1290,tricount,8,20000,1000000,0.3,d,1,402.0,228.74107142857142,7120960
1291,minife,8,200000,100,0.5,d,3,405.0,40.82700892857143,6788000
1292,fiesta,8,40000,10000,1.0,d,1,355.9330357142857,56.924107142857146,645120
1293,minife,8,4000,1000,0.3,d,2,384.0,12.336026785714283,6788000
1294,minife,8,4000,100000,0.3,d,0,384.0,12.468526785714285,6788000
1295,minife,8,20000,100,1.0,d,3,451.0,58.215848214285714,6788000
1296,minife,8,4000000,100,0.1,d,0,416.0,52.02633928571429,6788000
1297,lammps,8,200000,1000000,0.3,d,2,346.0,12.450982142857143,457408
1298,lammps,8,40000,10000,0.3,d,0,356.0,21.46459821428571,457408
1299,laghos,8,2000,100,0.3,d,1,373.0,98.22924107142856,801311390
1300,amg,8,2000,1000,0.7,d,1,345.0,16.04388392857143,106441449
1301,kripke,8,20000,0,0.3,d,1,357.0,20.054464285714285,302720
1302,lammps,8,4000000,10000,0.5,d,0,363.0,32.85111607142857,457408
1303,fiesta,8,4000000,100000,0.1,d,1,357.45089285714283,65.39977678571428,645120
1304,lammps,8,40000,1000000,1.0,d,3,353.0,17.22283482142857,457408
1305,minivite,8,40000,10000,0.3,d,0,407.0,74.80133928571429,24089720
1306,minivite,8,2000,1000,0.7,d,2,380.0,60.5140625,24089720
1307,tricount,8,4000,10000,0.3,d,1,402.0,228.828125,7120960
1308,amg,8,2000000,0,0.5,d,2,354.0,37.60044642857143,106441449
1309,tricount,8,4000,1000,0.1,d,3,425.0,250.11160714285714,7120960
1310,fiesta,8,4000000,100,0.3,d,0,355.89732142857144,61.91428571428571,645120
1311,minife,8,200000,1000,0.1,d,0,518.0,147.82142857142858,6788000
1312,kripke,8,4000000,1000,0.7,d,1,359.0,22.115848214285716,302720
1313,amg,8,2000,10000,0.5,d,3,340.9888392857143,10.870334821428571,106441449
1314,beatnik,8,4000000,10000,0.7,d,3,589.5580357142857,297.93973214285717,19996182
1315,tricount,8,4000,1000000,1.0,d,1,408.0,233.89285714285714,7120960
1316,quicksilver,8,2000,10000,1.0,d,0,304.0,141.93176339285714,762710
1317,beatnik,8,4000,100,0.7,d,0,467.953125,175.05133928571428,19996182
1318,beatnik,8,200000,100000,0.7,d,1,486.4263392857143,193.796875,19996182
1319,minivite,8,40000,1000000,0.5,d,2,384.0,63.115401785714276,24089720
1320,quicksilver,8,40000,1000000,0.3,d,2,291.99330357142856,130.7196875,762710
1321,fiesta,8,4000000,10000,0.7,d,2,355.8549107142857,59.565848214285715,645120
1322,fiesta,8,2000000,100,1.0,d,3,357.7857142857143,64.79308035714286,645120
1323,minife,8,200000,0,0.1,d,3,398.0,29.311383928571427,6788000
1324,fiesta,8,4000000,100,0.5,d,2,355.4575892857143,61.81919642857143,645120
1325,minivite,8,4000,0,0.3,d,2,378.0,58.93683035714286,24089720
1326,laghos,8,2000,100000,0.1,d,1,333.0,58.82790178571428,801311390
1327,kripke,8,4000000,10000,0.7,d,0,357.0,20.387723214285717,302720
1328,amg,8,2000000,100,0.5,d,0,356.0,39.81071428571429,106441449
1329,laghos,8,2000000,1000000,0.3,d,0,518.0,245.109375,801311390
1330,minife,8,4000000,0,0.5,d,2,405.0,42.451116071428565,6788000
1331,laghos,8,4000,1000,0.1,d,2,413.0,130.1875,801311390
1332,minife,8,40000,100000,0.3,d,2,386.0,14.480200892857143,6788000
1333,laghos,8,4000000,1000000,1.0,d,0,533.0,261.8794642857143,801311390
1334,beatnik,8,2000,0,1.0,d,0,406.0,108.72522321428572,19996182
1335,lammps,8,40000,1000000,0.3,d,1,351.0,14.610178571428573,457408
1336,quicksilver,8,20000,10000,0.7,d,1,307.0,140.11772321428572,762710
1337,lammps,8,4000000,1000,0.1,d,0,359.0,24.643080357142857,457408
1338,lammps,8,2000000,100,1.0,d,3,370.0,34.94575892857143,457408
1339,lammps,8,400000,100,0.1,d,2,358.0,18.779017857142858,457408
1340,beatnik,8,200000,100000,0.5,d,3,514.0,222.984375,19996182
1341,kripke,8,2000,1000,0.7,d,2,353.0,16.751785714285713,302720
1342,minivite,8,20000,1000000,1.0,d,2,372.0,53.103348214285724,24089720
1343,kripke,8,2000,0,1.0,d,0,359.0,19.896651785714287,302720
1344,fiesta,8,2000,100,0.3,d,3,353.5424107142857,58.760937500000004,645120
1345,quicksilver,8,4000,1000,0.1,d,3,291.0044642857143,130.4295982142857,762710
1346,kripke,8,2000,100000,0.3,d,0,355.0,17.291517857142857,302720
1347,lammps,8,4000,100000,0.3,d,2,347.0,13.024687499999999,457408
1348,amg,8,4000,0,0.7,d,3,343.0,13.893526785714286,106441449
1349,fiesta,8,200000,1000,0.7,d,2,357.43080357142856,70.98482142857144,645120
1350,laghos,8,40000,100000,0.5,d,0,443.0,167.67410714285714,801311390
1351,tricount,8,400000,1000000,1.0,d,1,544.0,370.421875,7120960
1352,minivite,8,2000000,100,0.5,d,1,409.0,87.76808035714285,24089720
1353,minife,8,400000,0,0.7,d,0,408.0,46.634375,6788000
1354,beatnik,8,400000,100000,0.5,d,0,575.8348214285714,284.9642857142857,19996182
1355,fiesta,8,4000000,10000,1.0,d,2,357.4263392857143,65.60357142857143,645120
1356,beatnik,8,2000,1000,0.7,d,1,405.73214285714283,110.40401785714286,19996182
1357,minife,8,40000,1000000,0.3,d,1,385.0,13.64607142857143,6788000
1358,fiesta,8,4000000,100,0.5,d,3,357.5825892857143,66.34776785714287,645120
1359,kripke,8,4000,100000,1.0,d,0,353.0,16.54642857142857,302720
1360,amg,8,4000000,0,0.3,d,0,353.0,36.13303571428572,106441449
1361,laghos,8,200000,100,0.1,d,2,527.0,255.51339285714286,801311390
1362,laghos,8,40000,0,0.1,d,2,491.0,215.58928571428572,801311390
1363,amg,8,2000,10000,0.1,d,3,347.0,17.92388392857143,106441449
1364,amg,8,200000,0,1.0,d,3,361.0,42.912053571428565,106441449
1365,amg,8,4000000,100,0.5,d,3,362.0,48.371651785714285,106441449
1366,minife,8,400000,0,1.0,d,0,407.0,43.22857142857142,6788000
1367,tricount,8,20000,0,1.0,d,1,436.0,256.46875,7120960
1368,minivite,8,4000000,1000000,0.3,d,0,434.0,117.41272321428572,24089720
1369,amg,8,2000,100000,0.1,d,3,352.125,22.750781250000006,106441449
1370,quicksilver,8,4000,0,0.1,d,0,313.0,141.84292410714286,762710
1371,quicksilver,8,4000000,100,1.0,d,0,290.71205357142856,129.55689732142858,762710
1372,quicksilver,8,2000,1000000,1.0,d,1,294.0,132.98776785714284,762710
1373,laghos,8,400000,1000,1.0,d,2,593.0,316.53794642857144,801311390
1374,fiesta,8,4000000,100,0.1,d,3,356.50892857142856,61.26674107142857,645120
1375,minivite,8,400000,100,0.7,d,1,410.0,91.14553571428571,24089720
1376,fiesta,8,400000,0,0.7,d,2,354.40848214285717,56.50625,645120
1377,minivite,8,4000000,0,0.5,d,0,420.0,102.00245535714284,24089720
1378,lammps,8,400000,10000,0.7,d,2,363.0,30.292633928571426,457408
1379,quicksilver,8,400000,1000,0.7,d,1,301.99330357142856,139.79441964285712,762710
1380,tricount,8,2000000,100,1.0,d,2,708.0,534.0915178571429,7120960
1381,fiesta,8,2000000,10000,0.3,d,0,372.5044642857143,84.10580357142855,645120
1382,quicksilver,8,2000,100000,0.1,d,1,297.0,136.1614955357143,762710
1383,quicksilver,8,400000,10000,0.1,d,1,294.0,132.93388392857142,762710
1384,laghos,8,200000,1000000,0.3,d,3,397.4017857142857,124.63169642857143,801311390
1385,quicksilver,8,4000,100,0.5,d,3,309.0044642857143,143.57118303571428,762710
1386,minivite,8,4000,100,0.1,d,1,396.0,76.14017857142858,24089720
1387,minife,8,4000000,0,0.3,d,1,402.0,37.935267857142854,6788000
1388,kripke,8,400000,100,0.3,d,2,360.0,22.53950892857143,302720
1389,beatnik,8,4000,0,1.0,d,3,407.0,113.15625,19996182
1390,quicksilver,8,20000,100,0.5,d,3,293.0,131.6885714285714,762710
1391,beatnik,8,200000,1000,0.1,d,3,484.65848214285717,191.97991071428572,19996182
1392,amg,8,400000,0,0.5,d,0,359.0,39.925892857142856,106441449
1393,fiesta,8,4000,1000,0.1,d,3,358.26785714285717,59.97522321428572,645120
1394,fiesta,8,40000,100000,0.3,d,1,363.0424107142857,78.22339285714285,645120
1395,laghos,8,2000000,0,0.3,d,3,630.0,357.7767857142857,801311390
1396,fiesta,8,4000,100,1.0,d,3,355.5111607142857,56.31986607142857,645120
1397,tricount,8,20000,10000,0.7,d,3,438.0,264.4017857142857,7120960
1398,laghos,8,400000,100,0.1,d,1,579.0,307.60714285714283,801311390
1399,minife,8,4000,0,0.1,d,3,420.0,31.88738839285714,6788000
1400,amg,8,20000,100000,0.7,d,1,361.0,28.846205357142857,106441449
1401,minife,8,2000000,100,0.7,d,1,406.0,39.62991071428571,6788000
1402,beatnik,8,200000,100000,0.1,d,3,433.0,137.1875,19996182
1403,kripke,8,20000,10000,1.0,d,0,382.0,29.586830357142862,302720
1404,quicksilver,8,4000000,100,0.5,d,0,295.0,133.738125,762710
1405,quicksilver,8,2000,100,0.1,d,1,293.0,131.94982142857143,762710
1406,laghos,8,2000000,1000000,0.7,d,3,523.0,251.45535714285714,801311390
1407,quicksilver,8,200000,100000,0.3,d,0,292.0,131.23133928571428,762710
1408,kripke,8,20000,10000,1.0,d,2,383.0,31.625,302720
1409,tricount,8,20000,100,0.1,d,2,407.0,233.26785714285714,7120960
1410,amg,8,40000,1000000,1.0,d,3,355.0,25.41473214285714,106441449
1411,tricount,8,2000,1000000,0.7,d,2,392.0,219.00446428571428,7120960
1412,tricount,8,400000,10000,0.1,d,3,533.0,358.5267857142857,7120960
1413,kripke,8,2000,1000000,0.5,d,2,354.0,16.905357142857145,302720
1414,tricount,8,2000000,100000,1.0,d,1,652.0,476.09598214285717,7120960
1415,quicksilver,8,4000,1000,0.3,d,0,290.0,128.75,762710
1416,quicksilver,8,400000,10000,0.5,d,1,293.94419642857144,132.65959821428572,762710
1417,quicksilver,8,20000,100000,0.3,d,0,293.0,131.73792410714285,762710
1418,kripke,8,2000,1000,0.3,d,0,358.0,18.880357142857147,302720
1419,tricount,8,2000000,0,0.3,d,1,536.0,362.7611607142857,7120960
1420,tricount,8,200000,0,0.5,d,3,452.0,276.58035714285717,7120960
1421,minife,8,2000,0,0.1,d,3,388.0,14.709263392857142,6788000
1422,kripke,8,40000,100,0.7,d,1,386.0,33.105580357142856,302720
1423,kripke,8,4000,1000,0.1,d,1,373.0,25.584374999999998,302720
1424,quicksilver,8,2000,1000,0.7,d,3,300.0,138.57093749999999,762710
1425,tricount,8,2000000,10000,0.5,d,2,513.0,339.390625,7120960
1426,minivite,8,4000,100,0.3,d,1,381.0,63.265625,24089720
1427,beatnik,8,2000000,100,0.7,d,3,562.6004464285714,277.5424107142857,19996182
1428,tricount,8,40000,10000,0.7,d,3,487.0,313.1986607142857,7120960
1429,minivite,8,20000,100,0.5,d,0,438.0,91.43593750000001,24089720
1430,beatnik,8,200000,100,0.7,d,3,503.85267857142856,208.63169642857142,19996182
1431,amg,8,20000,100000,0.7,d,0,342.0,13.260669642857142,106441449
1432,minivite,8,400000,1000,0.1,d,0,422.0,98.01294642857144,24089720
1433,beatnik,8,40000,10000,1.0,d,3,475.99330357142856,174.91964285714286,19996182
1434,fiesta,8,2000000,0,0.7,d,0,354.15625,62.213169642857146,645120
1435,tricount,8,400000,10000,0.5,d,0,579.0,405.13839285714283,7120960
1436,laghos,8,2000,100000,0.3,d,3,350.0,74.30892857142858,801311390
1437,quicksilver,8,20000,10000,1.0,d,0,310.0,141.77031250000002,762710
1438,amg,8,200000,0,0.7,d,3,357.0,40.160714285714285,106441449
1439,quicksilver,8,40000,1000,1.0,d,1,314.8638392857143,145.05959821428573,762710
1440,beatnik,8,4000000,0,1.0,d,0,652.4665178571429,366.40848214285717,19996182
1441,laghos,8,4000,10000,1.0,d,2,356.0,82.72857142857144,801311390
1442,lammps,8,4000,10000,0.1,d,3,350.0,11.315,457408
1443,tricount,8,2000,1000,0.5,d,2,410.0,236.35491071428572,7120960
1444,beatnik,8,2000,100,0.7,d,0,412.60714285714283,122.06473214285714,19996182
1445,quicksilver,8,4000,1000,0.5,d,1,293.0,131.96026785714284,762710
1446,laghos,8,4000000,100,0.7,d,3,599.0,322.65625,801311390
1447,minife,8,4000,10000,1.0,d,1,388.0,14.424910714285716,6788000
1448,fiesta,8,400000,10000,0.5,d,1,353.93526785714283,60.793749999999996,645120
1449,beatnik,8,4000000,100,0.1,d,1,552.4285714285714,263.24107142857144,19996182
1450,quicksilver,8,4000000,0,0.5,d,2,309.0,146.66861607142854,762710
1451,beatnik,8,40000,100,0.1,d,2,444.796875,147.76339285714286,19996182
1452,lammps,8,400000,100000,0.5,d,0,361.0,26.10904017857143,457408
1453,amg,8,20000,100000,0.5,d,2,355.0,23.50044642857143,106441449
1454,laghos,8,20000,100000,0.3,d,3,377.0,104.04330357142855,801311390
1455,laghos,8,400000,1000,0.1,d,0,599.0,325.93973214285717,801311390
1456,fiesta,8,20000,1000000,0.1,d,3,356.75892857142856,58.89866071428571,645120
1457,beatnik,8,2000000,1000000,0.7,d,1,504.546875,212.21651785714286,19996182
1458,kripke,8,40000,10000,0.1,d,0,371.0,25.61986607142857,302720
1459,amg,8,4000000,100000,0.3,d,1,364.0,45.51138392857143,106441449
1460,fiesta,8,4000,0,1.0,d,0,355.65848214285717,55.12901785714286,645120
1461,kripke,8,40000,100,0.1,d,0,374.0,27.05625,302720
1462,fiesta,8,4000000,10000,0.3,d,2,363.49107142857144,89.32187499999999,645120
1463,laghos,8,20000,100000,1.0,d,1,414.0,137.62946428571428,801311390
1464,beatnik,8,20000,0,0.5,d,3,423.0825892857143,131.05803571428572,19996182
1465,laghos,8,20000,1000000,0.7,d,1,354.0,79.93638392857143,801311390
1466,beatnik,8,4000000,10000,1.0,d,2,708.140625,420.30580357142856,19996182
1467,minife,8,400000,1000,0.5,d,3,410.0,43.06785714285714,6788000
1468,laghos,8,200000,1000,0.1,d,0,565.0,289.24776785714283,801311390
1469,tricount,8,2000,1000000,0.7,d,1,424.0,249.99553571428572,7120960
1470,fiesta,8,4000000,10000,1.0,d,3,357.6986607142857,69.36830357142857,645120
1471,lammps,8,200000,0,0.3,d,1,359.0,26.81763392857143,457408
1472,laghos,8,2000000,100000,0.7,d,3,598.0,322.58035714285717,801311390
1473,minivite,8,400000,100000,1.0,d,0,434.0,110.71026785714285,24089720
1474,beatnik,8,2000,100,0.3,d,3,407.0,111.8125,19996182
1475,quicksilver,8,40000,10000,0.5,d,1,292.0,131.44549107142856,762710
1476,minivite,8,4000000,1000000,0.1,d,1,397.0,76.35513392857145,24089720
1477,kripke,8,20000,0,0.5,d,2,384.0,30.924330357142853,302720
1478,laghos,8,400000,100,0.3,d,1,633.0,361.8549107142857,801311390
1479,minife,8,400000,1000,0.3,d,3,408.0,41.7984375,6788000
1480,quicksilver,8,400000,1000,0.3,d,1,292.80357142857144,131.59441964285716,762710
1481,tricount,8,200000,100000,0.3,d,1,491.0,317.08705357142856,7120960
1482,tricount,8,400000,1000000,0.1,d,2,477.0,302.7142857142857,7120960
1483,beatnik,8,40000,1000000,0.3,d,0,426.88169642857144,133.97991071428572,19996182
1484,laghos,8,20000,0,0.1,d,2,452.0,179.28571428571428,801311390
1485,lammps,8,40000,1000000,0.5,d,0,355.0,16.01845982142857,457408
1486,fiesta,8,20000,100000,0.1,d,0,358.7857142857143,58.80044642857143,645120
1487,laghos,8,2000,1000,0.5,d,3,352.0,77.85669642857144,801311390
1488,laghos,8,2000,10000,0.7,d,3,336.0,62.20937500000001,801311390
1489,tricount,8,2000,10000,0.7,d,2,425.0,251.61160714285714,7120960
1490,amg,8,2000000,1000,0.1,d,2,363.0,42.371874999999996,106441449
1491,tricount,8,400000,0,0.3,d,3,563.0,389.3125,7120960
1492,amg,8,4000,0,0.5,d,2,344.0,14.708035714285712,106441449
1493,minivite,8,2000000,100000,0.3,d,1,436.0,118.72589285714285,24089720
1494,tricount,8,400000,1000000,0.3,d,3,475.0,300.33705357142856,7120960
1495,minivite,8,2000000,1000000,1.0,d,2,421.0,103.56160714285716,24089720
1496,fiesta,8,4000000,0,0.7,d,3,353.22767857142856,58.77433035714286,645120
1497,lammps,8,4000000,1000000,0.3,d,2,367.0,30.694977678571426,457408
1498,lammps,8,20000,100,1.0,d,0,384.0,39.00941964285715,457408
1499,laghos,8,4000000,1000000,0.7,d,1,515.0,242.79910714285714,801311390
1500,amg,8,4000,100000,0.7,d,0,340.0,10.398571428571428,106441449
1501,tricount,8,4000,100,0.1,d,3,413.0,230.84375,7120960
1502,fiesta,8,4000000,0,0.5,d,0,353.60714285714283,62.473660714285714,645120
1503,lammps,8,20000,1000000,1.0,d,2,355.0,17.211026785714285,457408
1504,quicksilver,8,20000,10000,0.5,d,1,294.0,132.37723214285714,762710
1505,tricount,8,200000,1000000,0.5,d,2,451.0,277.39285714285717,7120960
1506,laghos,8,200000,100000,0.7,d,3,531.0,254.85491071428572,801311390
1507,lammps,8,4000000,1000000,0.1,d,3,358.0,24.942098214285714,457408
1508,minife,8,200000,1000000,1.0,d,0,396.0,24.855133928571426,6788000
1509,fiesta,8,40000,1000,0.1,d,1,356.453125,55.254241071428574,645120
1510,minivite,8,2000,0,1.0,d,0,377.0,56.080133928571435,24089720
1511,tricount,8,200000,100,0.3,d,0,507.0,333.35267857142856,7120960
1512,fiesta,8,200000,100,0.1,d,0,366.82142857142856,94.46058035714286,645120
1513,quicksilver,8,200000,10000,1.0,d,2,291.0,130.46151785714287,762710
1514,tricount,8,4000000,1000000,0.1,d,3,465.0,289.13392857142856,7120960
1515,tricount,8,2000000,1000,1.0,d,2,620.0,444.828125,7120960
1516,lammps,8,400000,10000,0.5,d,1,366.0,29.303124999999998,457408
1517,minife,8,40000,1000,0.7,d,0,440.0,52.37477678571429,6788000
1518,laghos,8,40000,100000,0.7,d,0,467.0,187.28125,801311390
1519,lammps,8,40000,100000,0.3,d,0,359.0,22.876785714285713,457408
1520,beatnik,8,20000,100,0.5,d,0,419.8705357142857,126.984375,19996182
1521,minivite,8,4000,10000,0.1,d,1,381.0,61.18348214285715,24089720
1522,kripke,8,40000,1000000,0.7,d,0,355.0,18.629910714285717,302720
1523,beatnik,8,40000,0,0.3,d,3,540.0,248.25892857142858,19996182
1524,lammps,8,40000,100000,0.5,d,2,354.0,19.223660714285717,457408
1525,fiesta,8,4000000,100000,0.5,d,2,363.42857142857144,74.26986607142858,645120
1526,beatnik,8,200000,1000000,0.7,d,1,430.0,140.01116071428572,19996182
1527,tricount,8,400000,0,0.1,d,1,521.0,345.24776785714283,7120960
1528,fiesta,8,200000,100,0.5,d,2,357.73214285714283,73.43348214285713,645120
1529,minivite,8,2000,100,0.7,d,3,380.0,61.071875,24089720
1530,minife,8,4000,1000000,0.7,d,1,383.0,12.124575892857141,6788000
1531,minivite,8,4000000,1000,0.1,d,2,429.0,110.92142857142858,24089720
1532,lammps,8,400000,1000,0.1,d,3,359.0,22.808995535714285,457408
1533,amg,8,200000,1000,0.1,d,1,355.0,36.50535714285714,106441449
1534,lammps,8,2000000,0,0.1,d,3,379.0,47.63191964285714,457408
1535,lammps,8,200000,100000,0.3,d,1,360.0,25.071205357142862,457408
1536,fiesta,8,2000,10000,0.5,d,3,356.4263392857143,58.044955357142854,645120
1537,quicksilver,8,20000,100,0.7,d,0,311.0,142.01808035714288,762710
1538,fiesta,8,4000000,100,0.3,d,1,353.77455357142856,60.677008928571425,645120
1539,minivite,8,4000,10000,1.0,d,0,386.0,65.51450892857143,24089720
1540,tricount,8,2000,10000,0.7,d,3,420.0,246.01785714285714,7120960
1541,fiesta,8,40000,1000000,1.0,d,1,361.5736607142857,66.52946428571428,645120
1542,minivite,8,2000,1000,0.7,d,3,375.0,54.75245535714286,24089720
1543,lammps,8,2000,1000,0.5,d,0,350.0,15.55299107142857,457408
1544,amg,8,2000000,100,0.1,d,1,359.0,45.229910714285715,106441449
1545,fiesta,8,2000,10000,0.1,d,3,361.10044642857144,63.88816964285714,645120
1546,minivite,8,400000,1000000,1.0,d,1,405.0,84.57232142857143,24089720
1547,lammps,8,4000,1000,0.5,d,3,360.0,23.662723214285712,457408
1548,lammps,8,2000000,10000,1.0,d,1,358.0,23.751785714285717,457408
1549,kripke,8,400000,10000,0.1,d,0,358.0,21.345982142857142,302720
1550,kripke,8,4000000,1000000,1.0,d,2,360.0,22.66116071428571,302720
1551,minivite,8,40000,10000,0.5,d,2,432.0,97.60178571428571,24089720
1552,fiesta,8,2000,1000,1.0,d,3,356.0625,56.637276785714285,645120
1553,beatnik,8,400000,10000,1.0,d,0,630.4709821428571,338.22098214285717,19996182
1554,quicksilver,8,20000,100000,1.0,d,0,303.0,138.82395089285714,762710
1555,beatnik,8,20000,1000000,0.3,d,0,408.0,114.94888392857142,19996182
1556,minivite,8,4000000,100000,0.3,d,1,404.0,83.43325892857142,24089720
1557,minife,8,2000,1000000,0.1,d,2,388.0,14.469687500000001,6788000
1558,minivite,8,200000,10000,0.5,d,3,392.0,73.13660714285713,24089720
1559,lammps,8,20000,100,0.5,d,3,367.0,24.746941964285714,457408
1560,quicksilver,8,400000,0,0.7,d,1,306.98214285714283,144.44232142857143,762710
1561,laghos,8,20000,0,0.1,d,3,455.0,183.02008928571428,801311390
1562,minife,8,2000000,100,1.0,d,0,426.0,59.559375,6788000
1563,beatnik,8,20000,100,0.5,d,1,437.4575892857143,136.03794642857142,19996182
1564,amg,8,4000000,1000000,0.3,d,2,353.0,35.73370535714286,106441449
1565,tricount,8,2000,0,0.3,d,3,396.0,222.08928571428572,7120960
1566,laghos,8,2000,0,1.0,d,2,374.0,99.75714285714287,801311390
1567,beatnik,8,4000000,100,0.7,d,0,751.15625,464.984375,19996182
1568,tricount,8,400000,10000,0.5,d,2,568.0,394.6607142857143,7120960
1569,amg,8,400000,1000000,1.0,d,1,360.0,39.36607142857143,106441449
1570,tricount,8,2000,10000,0.1,d,0,397.0,222.62053571428572,7120960
1571,tricount,8,4000,1000000,1.0,d,2,398.0,223.97991071428572,7120960
1572,laghos,8,4000,0,0.7,d,0,369.0,95.8359375,801311390
1573,fiesta,8,200000,100,0.3,d,2,353.56026785714283,56.10848214285714,645120
1574,beatnik,8,40000,10000,0.7,d,0,501.78348214285717,213.22767857142858,19996182
1575,kripke,8,4000,0,0.7,d,3,354.0,17.055580357142855,302720
1576,tricount,8,200000,1000,0.1,d,0,455.0,280.46651785714283,7120960
1577,amg,8,400000,10000,0.3,d,3,356.0,40.69040178571429,106441449
1578,lammps,8,2000,0,0.5,d,2,351.0,15.556004464285715,457408
1579,fiesta,8,400000,1000,0.3,d,2,356.61607142857144,74.62343750000001,645120
1580,laghos,8,40000,0,0.1,d,1,524.0,243.19419642857142,801311390
1581,kripke,8,400000,100000,0.1,d,3,356.0,19.014508928571427,302720
1582,minivite,8,2000000,100,0.1,d,1,421.0,97.64888392857142,24089720
1583,laghos,8,2000,100,0.5,d,3,367.0,93.17343749999999,801311390
1584,laghos,8,2000,0,0.1,d,1,427.0,153.89732142857142,801311390
1585,minivite,8,4000,100,0.5,d,0,387.0,66.38348214285713,24089720
1586,lammps,8,20000,1000000,1.0,d,3,359.0,21.563839285714284,457408
1587,beatnik,8,2000000,1000,1.0,d,2,674.7991071428571,383.97098214285717,19996182
1588,minivite,8,20000,1000,0.7,d,3,428.0,84.64397321428571,24089720
1589,kripke,8,4000000,10000,0.3,d,3,358.0,21.32522321428571,302720
1590,lammps,8,4000000,100,0.1,d,2,360.0,25.839285714285715,457408
1591,lammps,8,200000,100,0.5,d,0,363.0,27.421473214285715,457408
1592,minivite,8,2000,100000,1.0,d,0,375.0,54.1015625,24089720
1593,laghos,8,200000,10000,0.7,d,3,568.0,296.83035714285717,801311390
1594,fiesta,8,4000000,0,1.0,d,1,366.34151785714283,90.15089285714286,645120
1595,tricount,8,40000,1000,0.1,d,3,458.0,283.5892857142857,7120960
1596,quicksilver,8,20000,1000000,0.1,d,1,292.0,130.90004464285715,762710
1597,quicksilver,8,4000,0,0.1,d,2,293.0,131.97301339285715,762710
1598,tricount,8,2000,100000,0.1,d,2,419.0,244.81919642857142,7120960
1599,lammps,8,40000,10000,1.0,d,0,352.0,16.896227678571428,457408
1600,amg,8,2000,1000,0.5,d,0,344.0,15.167008928571429,106441449
1601,amg,8,4000000,10000,1.0,d,2,357.0,39.16808035714285,106441449
1602,kripke,8,2000000,100,0.1,d,1,358.0,21.224553571428572,302720
1603,quicksilver,8,2000000,10000,0.1,d,0,294.0,133.35214285714284,762710
1604,kripke,8,400000,10000,0.5,d,1,358.0,20.952901785714285,302720
1605,lammps,8,40000,100000,1.0,d,0,362.0,21.32872767857143,457408
1606,lammps,8,40000,10000,0.5,d,0,355.0,17.55841517857143,457408
1607,laghos,8,4000000,100000,0.1,d,2,503.0,230.42633928571428,801311390
1608,laghos,8,400000,100000,0.1,d,3,502.0,230.41294642857142,801311390
1609,tricount,8,4000,100,0.5,d,2,406.0,229.76116071428572,7120960
1610,tricount,8,4000,1000000,0.1,d,0,398.0,223.89732142857142,7120960
1611,minivite,8,200000,100,1.0,d,2,430.0,104.62544642857142,24089720
1612,amg,8,200000,100,0.5,d,0,353.0,35.800669642857144,106441449
1613,beatnik,8,400000,10000,1.0,d,3,570.6629464285714,277.296875,19996182
1614,tricount,8,2000,10000,1.0,d,0,425.0,250.60267857142858,7120960
1615,minivite,8,400000,1000000,0.3,d,2,395.0,77.20714285714287,24089720
1616,lammps,8,4000000,1000000,0.5,d,3,369.0,27.166852678571427,457408
1617,tricount,8,400000,1000,0.5,d,3,499.0,323.95089285714283,7120960
1618,tricount,8,4000,1000000,0.3,d,2,411.0,237.37946428571428,7120960
1619,lammps,8,4000000,1000,0.5,d,2,382.0,44.28616071428571,457408
1620,tricount,8,4000,10000,0.1,d,0,421.0,246.33705357142858,7120960
1621,minife,8,40000,100,0.1,d,0,393.0,20.389508928571427,6788000
1622,quicksilver,8,4000000,0,0.5,d,0,300.0825892857143,138.70859375,762710
1623,minivite,8,20000,0,0.3,d,1,413.0,78.81160714285713,24089720
1624,lammps,8,4000,1000000,0.5,d,0,349.0,14.535468750000001,457408
1625,tricount,8,2000000,0,1.0,d,0,541.0,366.1450892857143,7120960
1626,beatnik,8,200000,1000000,0.5,d,2,417.5111607142857,123.75892857142857,19996182
1627,tricount,8,2000,10000,0.3,d,3,398.0,223.04241071428572,7120960
1628,kripke,8,4000,0,0.5,d,1,364.0,22.397321428571423,302720
1629,tricount,8,4000000,1000,0.7,d,1,560.0,386.20982142857144,7120960
1630,beatnik,8,2000000,1000,0.3,d,3,577.9285714285714,288.66964285714283,19996182
1631,quicksilver,8,40000,100,0.5,d,0,291.0111607142857,130.52017857142857,762710
1632,minivite,8,400000,10000,0.7,d,0,422.0,102.78392857142856,24089720
1633,lammps,8,2000,100,0.3,d,1,361.0,27.286160714285717,457408
1634,laghos,8,200000,0,0.1,d,0,531.0558035714286,258.7924107142857,801311390
1635,fiesta,8,2000000,10000,0.1,d,0,358.25223214285717,65.928125,645120
1636,lammps,8,4000000,10000,0.1,d,1,380.0,42.86875,457408
1637,tricount,8,4000,10000,0.3,d,2,410.0,236.45535714285714,7120960
1638,quicksilver,8,200000,10000,0.3,d,0,294.0,133.08645089285716,762710
1639,tricount,8,40000,0,1.0,d,3,455.0,280.97544642857144,7120960
1640,kripke,8,2000000,0,1.0,d,3,358.0,20.732142857142858,302720
1641,quicksilver,8,20000,10000,0.1,d,2,293.0,132.39517857142857,762710
1642,laghos,8,4000000,10000,0.5,d,1,584.0,311.2388392857143,801311390
1643,tricount,8,4000000,1000,0.3,d,0,495.0,319.51339285714283,7120960
1644,minivite,8,4000,1000,0.1,d,2,386.0,64.32366071428571,24089720
1645,tricount,8,4000,100000,0.3,d,2,411.0,237.71651785714286,7120960
1646,beatnik,8,200000,0,1.0,d,0,548.5758928571429,254.88616071428572,19996182
1647,beatnik,8,20000,1000000,0.1,d,1,405.0,107.96875,19996182
1648,minivite,8,2000000,1000,0.7,d,2,426.0,107.67165178571429,24089720
1649,minife,8,200000,0,0.1,d,0,405.125,35.81763392857143,6788000
1650,lammps,8,2000000,10000,0.5,d,1,368.0,35.38214285714285,457408
1651,kripke,8,400000,1000,1.0,d,3,357.0,20.839285714285715,302720
1652,amg,8,200000,1000000,0.5,d,1,351.0,27.53392857142857,106441449
1653,laghos,8,2000,0,1.0,d,0,348.0,74.34397321428571,801311390
1654,quicksilver,8,400000,1000000,0.7,d,3,300.0,138.39294642857143,762710
1655,beatnik,8,40000,1000000,0.7,d,1,443.2299107142857,151.88169642857142,19996182
1656,tricount,8,40000,100000,0.5,d,0,467.0,291.13392857142856,7120960
1657,amg,8,20000,0,0.7,d,3,383.0,46.53392857142857,106441449
1658,beatnik,8,200000,100000,0.3,d,0,466.1517857142857,174.44196428571428,19996182
1659,minife,8,4000000,10000,1.0,d,3,427.0,63.02142857142858,6788000
1660,minivite,8,4000000,10000,0.3,d,2,424.0,106.69508928571429,24089720
1661,lammps,8,200000,100000,0.1,d,1,356.0,19.33546875,457408
1662,laghos,8,200000,1000,0.3,d,3,582.0,305.91964285714283,801311390
1663,kripke,8,2000,1000,0.3,d,1,358.0,18.811160714285716,302720
1664,laghos,8,2000000,1000000,1.0,d,1,604.0,332.63392857142856,801311390
1665,tricount,8,4000,1000000,0.5,d,3,399.0,226.18303571428572,7120960
1666,beatnik,8,40000,100000,0.7,d,1,504.0,211.20982142857142,19996182
1667,minivite,8,20000,10000,0.3,d,1,406.0,76.67209821428573,24089720
1668,lammps,8,2000,1000000,0.3,d,0,357.0,20.149330357142855,457408
1669,amg,8,2000000,100000,0.3,d,0,355.0,34.43571428571429,106441449
1670,tricount,8,4000,0,0.3,d,2,414.0,240.67857142857142,7120960
1671,fiesta,8,2000,1000,0.7,d,2,355.50669642857144,61.63928571428572,645120
1672,kripke,8,400000,100000,1.0,d,2,359.0,21.999107142857145,302720
1673,beatnik,8,2000000,100,0.1,d,3,498.4799107142857,208.65178571428572,19996182
1674,amg,8,40000,100,0.3,d,1,349.0,23.120535714285715,106441449
1675,minivite,8,4000000,100000,0.5,d,1,434.0,116.24553571428571,24089720
1676,minife,8,200000,0,1.0,d,0,413.0,48.33705357142857,6788000
1677,kripke,8,4000000,10000,0.5,d,1,359.0,21.0671875,302720
1678,beatnik,8,400000,0,0.5,d,1,727.0535714285714,441.4642857142857,19996182
1679,beatnik,8,2000000,10000,0.7,d,0,575.8772321428571,288.14955357142856,19996182
1680,quicksilver,8,200000,100000,0.3,d,3,293.0,132.17330357142856,762710
1681,laghos,8,40000,10000,0.7,d,0,467.0,193.87723214285714,801311390
1682,amg,8,2000000,1000,0.1,d,0,354.0,33.74977678571428,106441449
1683,quicksilver,8,2000,1000,0.3,d,3,299.14285714285717,137.05091517857142,762710
1684,amg,8,4000000,100000,0.1,d,2,361.0,41.809375,106441449
1685,laghos,8,200000,100,1.0,d,3,571.0,293.3705357142857,801311390
1686,lammps,8,4000,1000,0.1,d,2,371.0,25.080825892857142,457408
1687,amg,8,2000,100,0.7,d,1,341.0,11.153035714285712,106441449
1688,laghos,8,2000000,100,1.0,d,3,585.0,313.80580357142856,801311390
1689,amg,8,20000,0,1.0,d,1,386.0,49.58459821428572,106441449
1690,lammps,8,4000,1000000,0.3,d,2,352.0,16.282209821428573,457408
1691,minivite,8,4000000,100000,1.0,d,2,442.0,123.14955357142857,24089720
1692,beatnik,8,2000000,10000,1.0,d,2,616.8549107142857,325.046875,19996182
1693,minife,8,4000,1000,0.1,d,0,410.0,25.622566964285713,6788000
1694,amg,8,2000,100000,0.7,d,3,340.0,10.100424107142857,106441449
1695,laghos,8,2000000,1000000,0.1,d,3,437.0,163.56696428571428,801311390
1696,tricount,8,20000,100,0.1,d,0,396.0,222.171875,7120960
1697,kripke,8,2000000,10000,0.5,d,1,356.0,20.064732142857142,302720
1698,lammps,8,4000,1000000,0.3,d,3,354.0,17.473772321428573,457408
1699,laghos,8,2000000,100,0.3,d,1,605.0,333.82589285714283,801311390
1700,lammps,8,400000,100,0.1,d,3,401.0,65.6984375,457408
1701,laghos,8,4000,1000000,0.1,d,1,402.0,126.34151785714286,801311390
1702,amg,8,2000,100000,0.5,d,3,339.0,9.561830357142856,106441449
1703,beatnik,8,2000,100000,1.0,d,2,404.0,105.42343749999999,19996182
1704,lammps,8,2000000,1000,0.7,d,3,364.0,32.94375,457408
1705,quicksilver,8,200000,100000,1.0,d,1,294.0,132.87776785714286,762710
1706,tricount,8,20000,100,0.1,d,3,430.0,251.19642857142858,7120960
1707,beatnik,8,4000,0,0.3,d,3,447.99776785714283,154.953125,19996182
1708,minivite,8,2000000,1000000,1.0,d,0,436.0,115.46049107142858,24089720
1709,fiesta,8,400000,100,0.3,d,1,356.3125,82.37879464285713,645120
1710,kripke,8,200000,10000,0.5,d,2,357.0,20.524553571428573,302720
1711,lammps,8,40000,1000000,1.0,d,0,352.0,15.146830357142857,457408
1712,amg,8,4000,1000000,0.7,d,1,340.0,10.53341517857143,106441449
1713,fiesta,8,40000,100,0.3,d,3,382.04464285714283,104.574375,645120
1714,laghos,8,2000000,1000000,0.1,d,1,447.0,173.95089285714286,801311390
1715,lammps,8,400000,1000000,1.0,d,1,363.0,25.144799107142855,457408
1716,minife,8,2000000,1000000,1.0,d,0,421.0,52.67008928571429,6788000
1717,amg,8,4000000,1000000,0.5,d,1,357.0,41.084151785714276,106441449
1718,tricount,8,40000,1000,0.3,d,1,459.0,282.4575892857143,7120960
1719,minife,8,40000,100,0.7,d,1,389.0,20.34174107142857,6788000
1720,amg,8,40000,1000,0.1,d,1,348.0,21.26495535714286,106441449
1721,kripke,8,200000,0,0.1,d,0,358.0,20.671651785714285,302720
1722,kripke,8,2000,0,0.5,d,2,357.0,18.258928571428573,302720
1723,amg,8,4000,10000,0.7,d,0,341.0,11.192343750000001,106441449
1724,kripke,8,20000,1000000,0.5,d,3,355.0,18.27388392857143,302720
1725,minivite,8,400000,10000,0.1,d,0,418.0,94.66361607142858,24089720
1726,quicksilver,8,200000,1000,0.7,d,1,292.0,131.1630580357143,762710
1727,fiesta,8,4000000,0,0.3,d,3,358.390625,78.05267857142859,645120
1728,laghos,8,4000,100000,0.7,d,1,374.0,95.72098214285714,801311390
1729,amg,8,20000,0,0.3,d,2,347.0,19.312276785714285,106441449
1730,minivite,8,2000,1000,1.0,d,2,377.0,55.404017857142854,24089720
1731,fiesta,8,4000,100000,0.3,d,0,354.61607142857144,54.03883928571429,645120
1732,quicksilver,8,2000,100,0.3,d,0,291.0,130.33290178571428,762710
1733,beatnik,8,4000000,1000,1.0,d,2,674.4620535714286,386.76339285714283,19996182
1734,tricount,8,400000,10000,0.1,d,0,541.0,364.53348214285717,7120960
1735,laghos,8,2000000,1000,0.1,d,3,451.0,179.08705357142858,801311390
1736,quicksilver,8,400000,1000000,1.0,d,3,291.0,130.45723214285712,762710
1737,laghos,8,4000000,0,0.7,d,1,547.0,271.13392857142856,801311390
1738,lammps,8,40000,100,0.3,d,1,368.0,26.562299107142856,457408
1739,kripke,8,400000,1000,0.7,d,2,359.0,22.15825892857143,302720
1740,kripke,8,40000,100000,0.7,d,0,373.0,25.728125000000002,302720
1741,lammps,8,20000,10000,0.3,d,2,347.0,11.852566964285716,457408
1742,laghos,8,200000,10000,0.7,d,1,584.0,312.79910714285717,801311390
1743,minivite,8,2000,100000,0.7,d,2,374.0,53.89866071428571,24089720
1744,laghos,8,4000000,10000,1.0,d,2,561.0,288.36607142857144,801311390
1745,fiesta,8,200000,100,0.7,d,0,358.79464285714283,72.63415178571428,645120
1746,lammps,8,40000,100,0.5,d,2,376.0,32.02662946428571,457408
1747,minivite,8,2000,100,0.7,d,2,381.0,62.010937500000004,24089720
1748,beatnik,8,400000,1000,1.0,d,1,528.8080357142857,240.46651785714286,19996182
1749,minife,8,4000000,1000000,0.3,d,2,400.0,34.63035714285714,6788000
1750,fiesta,8,2000,100000,1.0,d,0,356.2857142857143,56.59441964285714,645120
1751,amg,8,4000000,1000,0.3,d,3,360.0,41.793973214285714,106441449
1752,amg,8,40000,100000,1.0,d,2,381.0,48.31183035714285,106441449
1753,laghos,8,4000000,100,0.1,d,0,551.0,277.9419642857143,801311390
1754,kripke,8,4000,1000000,1.0,d,3,354.0,17.553348214285712,302720
1755,quicksilver,8,2000,10000,0.3,d,1,290.0,129.118125,762710
1756,minivite,8,4000000,1000,0.7,d,2,415.0,93.20267857142858,24089720
1757,lammps,8,4000000,100,0.1,d,1,361.0,24.548660714285713,457408
1758,laghos,8,4000000,100000,1.0,d,0,608.0,336.03794642857144,801311390
1759,lammps,8,4000,0,0.3,d,0,352.0,14.461517857142857,457408
1760,minife,8,200000,100000,0.7,d,3,407.0,44.035491071428574,6788000
1761,laghos,8,4000000,1000000,0.5,d,1,498.0,225.77678571428572,801311390
1762,tricount,8,20000,10000,0.7,d,2,444.0,266.86830357142856,7120960
1763,minivite,8,2000000,10000,0.3,d,3,424.0,106.64933035714284,24089720
1764,minivite,8,4000000,100,0.7,d,0,442.0,124.95982142857143,24089720
1765,laghos,8,200000,10000,1.0,d,3,567.0,295.81026785714283,801311390
1766,laghos,8,20000,1000,0.5,d,1,454.0,181.23214285714286,801311390
1767,tricount,8,2000000,0,0.7,d,3,531.0066964285714,358.08482142857144,7120960
1768,quicksilver,8,4000,1000,1.0,d,3,290.03348214285717,129.514375,762710
1769,laghos,8,2000000,100000,1.0,d,3,634.0,359.36607142857144,801311390
1770,amg,8,400000,0,0.7,d,3,361.0,45.7515625,106441449
1771,tricount,8,20000,1000000,0.1,d,1,408.0,233.78125,7120960
1772,tricount,8,4000000,100000,0.1,d,3,569.0,393.859375,7120960
1773,laghos,8,200000,0,1.0,d,3,581.0,309.60267857142856,801311390
1774,beatnik,8,20000,0,0.7,d,3,438.0,139.47098214285714,19996182
1775,tricount,8,40000,10000,1.0,d,2,446.0,265.0357142857143,7120960
1776,fiesta,8,2000,1000000,1.0,d,0,357.41964285714283,57.85488839285714,645120
1777,kripke,8,2000000,0,0.7,d,0,357.0,20.54888392857143,302720
1778,minife,8,400000,0,0.3,d,2,406.0,40.449999999999996,6788000
1779,minivite,8,40000,1000,0.5,d,0,423.0,85.21227678571428,24089720
1780,minife,8,40000,1000000,0.7,d,1,385.0,14.426071428571428,6788000
1781,beatnik,8,20000,1000,1.0,d,0,433.1205357142857,138.68303571428572,19996182
1782,minivite,8,40000,1000,0.7,d,2,431.0,89.10535714285716,24089720
1783,lammps,8,40000,10000,0.7,d,2,367.0,27.037723214285712,457408
1784,quicksilver,8,40000,10000,0.7,d,1,309.0,141.00901785714285,762710
1785,quicksilver,8,20000,0,0.1,d,2,294.21205357142856,133.53261160714285,762710
1786,laghos,8,20000,0,0.3,d,1,456.0,183.40625,801311390
1787,minivite,8,40000,10000,1.0,d,3,430.875,91.98906250000002,24089720
1788,minife,8,200000,10000,1.0,d,0,402.0,36.152455357142856,6788000
1789,tricount,8,4000,10000,0.1,d,3,397.0,222.05133928571428,7120960
1790,tricount,8,4000,10000,0.5,d,1,407.0,233.43080357142858,7120960
1791,quicksilver,8,20000,1000,1.0,d,0,314.30580357142856,144.41071428571428,762710
1792,minivite,8,200000,100,0.1,d,1,413.0,88.67723214285715,24089720
1793,minivite,8,200000,100000,0.1,d,1,398.0,77.76339285714286,24089720
1794,laghos,8,20000,100000,0.3,d,0,412.0,135.18526785714286,801311390
1795,kripke,8,2000000,1000000,0.3,d,3,357.0,19.491294642857145,302720
1796,fiesta,8,40000,100000,0.1,d,2,356.2299107142857,58.309151785714285,645120
1797,tricount,8,4000000,1000000,1.0,d,0,605.0,430.5580357142857,7120960
1798,laghos,8,2000000,100000,0.5,d,2,555.0,283.39955357142856,801311390
1799,tricount,8,2000,1000,0.3,d,3,407.0,233.97767857142858,7120960
1800,beatnik,8,4000000,1000,1.0,d,0,657.9375,372.65848214285717,19996182
1801,lammps,8,4000000,1000,1.0,d,2,381.0,49.307366071428575,457408
1802,minivite,8,20000,10000,0.3,d,0,401.0,70.60357142857143,24089720
1803,tricount,8,4000,1000,1.0,d,2,435.0,259.07589285714283,7120960
1804,kripke,8,4000000,1000,0.1,d,2,358.0,21.426339285714285,302720
1805,lammps,8,40000,1000,0.3,d,2,374.0,35.78258928571428,457408
1806,laghos,8,200000,10000,1.0,d,2,561.0,289.27232142857144,801311390
1807,quicksilver,8,200000,1000,1.0,d,3,294.0,132.87223214285714,762710
1808,beatnik,8,400000,100000,0.7,d,2,660.96875,376.2142857142857,19996182
1809,fiesta,8,200000,0,0.3,d,2,353.11160714285717,58.84375,645120
1810,lammps,8,200000,10000,0.5,d,3,358.0,25.110491071428573,457408
1811,fiesta,8,2000000,0,0.3,d,0,354.11160714285717,57.94375,645120
1812,beatnik,8,4000000,1000000,0.5,d,1,477.88839285714283,187.83482142857142,19996182
1813,fiesta,8,2000,1000,1.0,d,2,356.28348214285717,56.315401785714286,645120
1814,kripke,8,2000,1000000,0.1,d,3,354.0,17.4796875,302720
1815,amg,8,4000,10000,1.0,d,1,354.0,22.467857142857145,106441449
1816,tricount,8,2000000,100,0.7,d,1,738.0,564.6227678571429,7120960
1817,minivite,8,400000,0,0.7,d,3,412.0,91.73035714285713,24089720
1818,fiesta,8,200000,100000,0.7,d,3,353.578125,56.01674107142857,645120
1819,quicksilver,8,200000,1000,0.7,d,3,291.0,130.38752232142858,762710
1820,laghos,8,2000000,0,0.7,d,2,601.0,323.6830357142857,801311390
1821,quicksilver,8,400000,1000,1.0,d,2,294.0,132.97776785714288,762710
1822,tricount,8,4000000,1000000,1.0,d,3,622.0,447.5200892857143,7120960
1823,minife,8,2000000,100000,0.5,d,2,407.0,40.627901785714286,6788000
1824,kripke,8,400000,1000,1.0,d,0,359.0,21.79754464285714,302720
1825,kripke,8,4000000,1000000,1.0,d,1,359.0,21.925223214285715,302720
1826,fiesta,8,20000,1000,0.5,d,3,382.6986607142857,105.95848214285714,645120
1827,minife,8,4000,1000000,0.3,d,3,389.0,16.713504464285712,6788000
1828,lammps,8,400000,10000,0.7,d,0,359.0,24.978125000000002,457408
1829,laghos,8,40000,10000,0.3,d,3,453.0,179.97767857142858,801311390
1830,minife,8,2000000,1000,0.1,d,1,405.0,40.481026785714285,6788000
1831,minivite,8,20000,0,0.1,d,1,382.0,62.94107142857143,24089720
1832,laghos,8,40000,1000000,0.7,d,0,383.0,107.77745535714287,801311390
1833,tricount,8,2000000,1000,0.5,d,0,658.0,484.69642857142856,7120960
1834,quicksilver,8,4000,0,0.3,d,2,304.0,140.00819196428571,762710
1835,minivite,8,20000,100,0.7,d,2,379.0,62.10825892857143,24089720
1836,quicksilver,8,200000,1000,0.5,d,3,291.0,129.7921875,762710
1837,laghos,8,2000,100,0.5,d,0,383.0,109.625,801311390
1838,beatnik,8,4000000,100000,1.0,d,1,703.2633928571429,411.1205357142857,19996182
1839,minife,8,400000,100,0.1,d,2,405.0,38.66808035714286,6788000
1840,minivite,8,2000,1000000,0.1,d,3,375.0,54.712723214285724,24089720
1841,amg,8,400000,100,0.7,d,3,368.0,52.114062499999996,106441449
1842,minife,8,4000,1000,0.3,d,3,384.0,12.257790178571428,6788000
1843,laghos,8,400000,1000,0.7,d,1,582.0,309.6049107142857,801311390
1844,amg,8,20000,1000,0.5,d,3,347.0,19.121651785714285,106441449
1845,kripke,8,4000000,10000,0.1,d,3,361.0,23.362946428571426,302720
1846,amg,8,2000,0,1.0,d,0,346.0,16.26435267857143,106441449
1847,quicksilver,8,4000000,1000000,0.5,d,1,293.0,131.72482142857143,762710
1848,kripke,8,200000,1000000,0.1,d,0,354.0,17.72589285714286,302720
1849,lammps,8,40000,100000,1.0,d,3,353.0,15.057879464285715,457408
1850,quicksilver,8,40000,1000000,0.1,d,2,303.0,141.52129464285716,762710
1851,amg,8,4000,1000,0.5,d,3,342.0,12.668973214285716,106441449
1852,fiesta,8,40000,1000000,0.7,d,1,352.265625,59.152008928571426,645120
1853,fiesta,8,400000,1000000,0.3,d,2,353.12276785714283,59.31361607142857,645120
1854,minife,8,400000,1000000,0.3,d,1,392.0,21.6015625,6788000
1855,amg,8,2000000,1000000,1.0,d,3,355.0,34.49308035714286,106441449
1856,lammps,8,4000000,1000,0.1,d,1,364.0,29.050669642857144,457408
1857,minivite,8,2000,1000000,1.0,d,1,370.0,49.48705357142857,24089720
1858,kripke,8,200000,100,1.0,d,1,359.0,21.65580357142857,302720
1859,beatnik,8,20000,100000,0.7,d,3,405.0,112.45089285714286,19996182
1860,laghos,8,40000,1000000,0.7,d,3,390.0,113.24285714285715,801311390
1861,lammps,8,400000,1000,1.0,d,0,359.0,24.610491071428573,457408
1862,minife,8,2000000,100000,0.3,d,3,407.0,46.41316964285714,6788000
1863,quicksilver,8,20000,10000,0.5,d,3,307.9799107142857,140.9208035714286,762710
1864,kripke,8,2000,0,0.1,d,3,369.0,23.693080357142858,302720
1865,tricount,8,20000,0,0.7,d,3,430.0,249.55580357142858,7120960
1866,quicksilver,8,40000,1000,0.5,d,1,315.0,146.15580357142858,762710
1867,minife,8,20000,1000000,0.7,d,0,390.0,17.6978125,6788000
1868,minife,8,40000,100,0.1,d,1,393.0,20.610267857142855,6788000
1869,fiesta,8,4000000,10000,1.0,d,1,356.93080357142856,62.140625,645120
1870,laghos,8,2000000,0,0.1,d,2,587.0,315.40401785714283,801311390
1871,kripke,8,200000,1000,0.3,d,0,356.0,20.487723214285715,302720
1872,minife,8,200000,1000,0.1,d,3,410.0,42.06495535714286,6788000
1873,beatnik,8,20000,0,1.0,d,2,431.0,137.81696428571428,19996182
1874,fiesta,8,2000000,10000,1.0,d,3,363.82589285714283,83.48861607142858,645120
1875,beatnik,8,2000,0,0.1,d,2,428.70089285714283,129.00669642857142,19996182
1876,tricount,8,4000,10000,0.1,d,1,410.0,234.47544642857142,7120960
1877,amg,8,400000,1000,0.3,d,1,361.0,42.377678571428575,106441449
1878,minivite,8,2000000,100000,0.5,d,1,423.0,103.0064732142857,24089720
1879,minife,8,40000,0,1.0,d,2,448.0,59.06897321428571,6788000
1880,lammps,8,400000,1000,0.7,d,3,360.0,25.096629464285716,457408
1881,kripke,8,4000,1000000,0.5,d,0,354.0,17.32767857142857,302720
1882,kripke,8,40000,0,0.5,d,1,355.0,17.780357142857145,302720
1883,laghos,8,40000,100000,0.1,d,3,386.0,111.29910714285714,801311390
1884,kripke,8,4000,1000,0.5,d,2,368.0,24.602678571428573,302720
1885,tricount,8,20000,1000,0.5,d,1,462.0,288.703125,7120960
1886,lammps,8,4000000,1000,1.0,d,3,392.0,56.33214285714286,457408
1887,beatnik,8,2000,100000,1.0,d,0,413.0,115.49553571428571,19996182
1888,amg,8,4000000,1000,0.7,d,1,360.0,44.95424107142857,106441449
1889,beatnik,8,2000,10000,0.5,d,1,398.13392857142856,106.54910714285714,19996182
1890,quicksilver,8,400000,1000,1.0,d,0,294.0,132.8204017857143,762710
1891,minife,8,40000,1000000,0.3,d,0,387.0,15.278236607142857,6788000
1892,quicksilver,8,400000,0,0.3,d,0,295.0,133.70622767857142,762710
1893,beatnik,8,200000,0,0.3,d,0,572.4955357142857,280.80357142857144,19996182
1894,quicksilver,8,200000,1000000,0.3,d,3,294.0,133.14091517857145,762710
1895,minivite,8,200000,100000,0.1,d,2,389.0,69.190625,24089720
1896,lammps,8,2000000,1000000,0.7,d,1,363.0,30.0671875,457408
1897,lammps,8,4000,10000,0.7,d,0,348.0,12.504575892857142,457408
1898,quicksilver,8,4000,100,0.1,d,2,314.78348214285717,141.47330357142857,762710
1899,amg,8,4000000,1000000,0.1,d,3,350.0,29.497544642857147,106441449
1900,minivite,8,20000,0,1.0,d,0,382.0,62.88348214285714,24089720
1901,fiesta,8,2000,1000,1.0,d,0,355.9732142857143,56.30580357142857,645120
1902,fiesta,8,400000,10000,0.3,d,0,363.5200892857143,81.97812499999999,645120
1903,amg,8,40000,10000,0.7,d,3,347.0,20.890401785714285,106441449
1904,beatnik,8,40000,10000,1.0,d,1,462.1450892857143,166.36830357142858,19996182
1905,kripke,8,4000,100000,0.5,d,3,354.0,17.447767857142857,302720
1906,fiesta,8,2000000,1000,0.1,d,1,358.265625,66.52053571428571,645120
1907,beatnik,8,2000000,1000,0.7,d,3,568.4598214285714,280.3013392857143,19996182
1908,lammps,8,400000,100000,0.7,d,0,357.0,24.863169642857144,457408
1909,lammps,8,200000,1000000,0.3,d,3,350.0,16.876986607142857,457408
1910,minife,8,4000000,1000000,1.0,d,1,403.0,38.09129464285714,6788000
1911,minivite,8,4000,100,0.7,d,0,387.0,66.88526785714285,24089720
1912,tricount,8,40000,0,1.0,d,2,449.0,274.84375,7120960
1913,laghos,8,400000,100000,0.7,d,3,588.0,313.3125,801311390
1914,minivite,8,4000000,10000,0.5,d,3,447.0,131.24799107142857,24089720
1915,beatnik,8,400000,1000000,0.7,d,3,445.68973214285717,156.58928571428572,19996182
1916,lammps,8,2000,1000000,0.3,d,1,352.0,17.325200892857143,457408
1917,minivite,8,200000,100000,1.0,d,2,419.0,95.83415178571428,24089720
1918,lammps,8,4000,100000,0.7,d,0,358.0,18.226674107142856,457408
1919,minivite,8,200000,100,0.1,d,3,392.0,72.17120535714285,24089720
1920,kripke,8,2000000,10000,0.1,d,1,358.0,21.267410714285713,302720
1921,laghos,8,400000,100000,0.1,d,2,455.0,179.37946428571428,801311390
1922,quicksilver,8,2000,100000,0.5,d,2,293.0,131.8384598214286,762710
1923,laghos,8,4000000,1000,1.0,d,1,649.0,370.5111607142857,801311390
1924,fiesta,8,400000,1000000,0.1,d,0,357.5267857142857,55.715624999999996,645120
1925,amg,8,2000,100000,0.5,d,1,339.0,9.671562499999999,106441449
1926,minife,8,2000000,10000,0.3,d,2,402.0,38.277901785714285,6788000
1927,beatnik,8,2000000,100000,0.7,d,0,514.8683035714286,225.05580357142858,19996182
1928,amg,8,40000,1000000,0.5,d,3,350.0,19.899776785714288,106441449
1929,tricount,8,40000,0,0.3,d,3,448.0,270.18973214285717,7120960
1930,minivite,8,2000,10000,0.7,d,0,380.0,59.27879464285714,24089720
1931,laghos,8,200000,10000,0.5,d,0,585.0,306.203125,801311390
1932,quicksilver,8,20000,10000,0.3,d,3,293.1830357142857,132.5585044642857,762710
1933,quicksilver,8,4000000,10000,0.1,d,3,297.9955357142857,136.21299107142858,762710
1934,quicksilver,8,2000,0,0.5,d,3,301.0,138.83236607142857,762710
1935,beatnik,8,2000,100,1.0,d,2,415.00223214285717,117.82366071428571,19996182
1936,quicksilver,8,400000,100000,0.1,d,1,302.9888392857143,140.34578125000002,762710
1937,laghos,8,200000,0,0.7,d,3,553.0,281.86830357142856,801311390
1938,lammps,8,2000,100000,0.3,d,0,365.0,26.496651785714285,457408
1939,lammps,8,200000,10000,0.5,d,0,361.0,28.209598214285712,457408
1940,beatnik,8,4000,1000000,0.7,d,1,411.83482142857144,118.734375,19996182
1941,lammps,8,2000000,100000,0.5,d,3,362.0,25.3375,457408
1942,lammps,8,20000,10000,0.5,d,2,346.0,13.229263392857144,457408
1943,beatnik,8,4000000,100000,0.5,d,3,547.4174107142857,256.12276785714283,19996182
1944,fiesta,8,4000000,1000,0.3,d,0,356.40401785714283,62.809374999999996,645120
1945,laghos,8,4000,10000,0.7,d,2,338.0,63.746651785714285,801311390
1946,lammps,8,4000,1000,0.7,d,2,350.0,12.330558035714287,457408
1947,quicksilver,8,400000,100000,0.7,d,0,301.0,139.0133482142857,762710
1948,beatnik,8,20000,0,0.5,d,2,430.30580357142856,136.80580357142858,19996182
1949,lammps,8,400000,1000000,1.0,d,3,353.0,16.800446428571426,457408
1950,minife,8,4000,100,0.1,d,1,388.0,14.892633928571428,6788000
1951,laghos,8,40000,100,0.7,d,0,572.0,287.25892857142856,801311390
1952,minife,8,4000000,0,1.0,d,1,436.0,73.64352678571429,6788000
1953,tricount,8,4000,0,0.3,d,0,412.0,236.98883928571428,7120960
1954,kripke,8,20000,10000,0.3,d,2,373.0,25.8234375,302720
1955,minife,8,20000,10000,0.3,d,1,387.0,16.70265625,6788000
1956,minivite,8,40000,0,0.3,d,0,413.0,81.96138392857142,24089720
1957,minife,8,4000000,1000,0.1,d,2,422.0,57.56272321428571,6788000
1958,quicksilver,8,200000,0,0.3,d,1,307.0,145.4425,762710
1959,minivite,8,2000,0,1.0,d,3,381.0,60.660714285714285,24089720
1960,laghos,8,200000,1000,0.1,d,1,588.0,316.31026785714283,801311390
1961,minivite,8,2000000,100,0.5,d,0,415.0,97.578125,24089720
1962,tricount,8,4000,1000,0.5,d,0,405.0,231.39955357142858,7120960
1963,minivite,8,200000,1000000,1.0,d,2,394.0,72.725,24089720
1964,amg,8,20000,10000,1.0,d,2,383.0,47.830803571428575,106441449
1965,lammps,8,4000,1000000,0.3,d,1,351.0,15.933683035714287,457408
1966,minivite,8,20000,1000000,0.3,d,0,381.0,62.71607142857143,24089720
1967,fiesta,8,40000,10000,0.1,d,1,356.99776785714283,58.98816964285714,645120
1968,lammps,8,40000,0,0.7,d,0,354.0,18.35546875,457408
1969,kripke,8,4000000,100000,0.7,d,2,358.0,21.324776785714285,302720
1970,minife,8,2000,0,0.7,d,3,384.0,12.633839285714286,6788000
1971,laghos,8,200000,10000,0.3,d,0,589.3459821428571,318.1138392857143,801311390
1972,laghos,8,4000,100000,0.3,d,0,344.0,70.36316964285713,801311390
1973,amg,8,4000000,0,0.5,d,0,359.0,40.33683035714286,106441449
1974,tricount,8,4000,10000,1.0,d,2,451.0,275.37723214285717,7120960
1975,fiesta,8,2000000,1000,0.5,d,3,355.47544642857144,70.72924107142858,645120
1976,fiesta,8,40000,100,0.7,d,3,353.09598214285717,55.145758928571425,645120
1977,tricount,8,2000000,100000,0.1,d,1,544.0,369.96875,7120960
1978,minivite,8,40000,100,0.7,d,0,436.0,89.85424107142856,24089720
1979,laghos,8,2000000,10000,0.5,d,1,550.0,278.86160714285717,801311390
1980,laghos,8,2000000,1000000,0.7,d,2,543.0,268.14955357142856,801311390
1981,kripke,8,4000,100,0.3,d,1,371.0,25.157366071428573,302720
1982,amg,8,4000,1000,0.7,d,3,342.0,12.578616071428572,106441449
1983,kripke,8,200000,100000,0.5,d,2,356.0,19.607142857142858,302720
1984,beatnik,8,200000,1000000,0.7,d,3,446.0,152.04910714285714,19996182
1985,lammps,8,200000,1000,0.3,d,1,390.0,54.08638392857143,457408
1986,kripke,8,400000,0,0.3,d,1,359.0,21.808035714285715,302720
1987,beatnik,8,20000,0,1.0,d,3,425.09598214285717,130.29241071428572,19996182
1988,fiesta,8,400000,100,1.0,d,1,356.9642857142857,62.550892857142856,645120
1989,minivite,8,2000000,10000,0.3,d,1,420.0,101.09575892857143,24089720
1990,minife,8,20000,100,0.1,d,0,428.0,40.01665178571428,6788000
1991,minivite,8,20000,1000000,0.1,d,1,379.0,59.43058035714286,24089720
1992,tricount,8,200000,1000,1.0,d,0,530.0,354.58035714285717,7120960
1993,beatnik,8,4000,0,0.7,d,3,430.0,137.234375,19996182
1994,tricount,8,20000,10000,0.5,d,3,413.0,235.41517857142858,7120960
1995,laghos,8,2000,100,0.3,d,3,362.0,88.86651785714287,801311390
1996,lammps,8,2000,100000,1.0,d,2,355.0,14.193705357142857,457408
1997,amg,8,400000,1000000,1.0,d,3,353.0,32.31227678571428,106441449
1998,beatnik,8,4000000,10000,0.3,d,0,589.6540178571429,301.98214285714283,19996182
1999,laghos,8,20000,100,0.1,d,2,473.0,193.84151785714286,801311390
2000,minife,8,2000000,10000,0.1,d,3,414.0,47.25133928571428,6788000
2001,kripke,8,2000,100000,0.1,d,0,354.0,17.071651785714288,302720
2002,minife,8,4000000,0,0.3,d,2,405.0,38.497767857142854,6788000
2003,amg,8,40000,0,0.3,d,0,383.0,47.349776785714276,106441449
2004,minivite,8,40000,100,0.1,d,3,399.0,78.89151785714284,24089720
2005,minivite,8,200000,100000,0.1,d,3,390.0,69.93950892857143,24089720
2006,quicksilver,8,4000000,10000,1.0,d,1,293.0,132.400625,762710
2007,tricount,8,20000,1000,0.1,d,3,434.0,256.54910714285717,7120960
2008,fiesta,8,2000000,1000,0.1,d,3,358.5892857142857,75.6796875,645120
2009,minife,8,200000,100000,0.1,d,2,391.0,18.510044642857142,6788000
2010,laghos,8,4000000,100,0.7,d,2,598.0,320.33482142857144,801311390
2011,minife,8,2000,100,1.0,d,1,391.0,16.285,6788000
2012,laghos,8,2000,10000,1.0,d,0,333.0,58.53504464285714,801311390
2013,fiesta,8,2000000,10000,0.3,d,2,357.171875,65.42453125,645120
2014,minivite,8,2000,1000,0.5,d,3,380.0,60.088392857142864,24089720
2015,lammps,8,40000,10000,1.0,d,2,378.0,35.44337053571429,457408
2016,amg,8,4000,10000,1.0,d,3,351.0,20.407142857142855,106441449
2017,amg,8,40000,100000,0.3,d,1,344.0,16.50066964285714,106441449
2018,amg,8,400000,1000,0.7,d,3,366.0,48.877901785714286,106441449
2019,minife,8,2000000,1000000,0.3,d,0,403.0,35.36741071428571,6788000
2020,minife,8,4000000,100,0.7,d,0,408.0,48.479464285714286,6788000
2021,laghos,8,200000,1000,0.7,d,3,585.0379464285714,308.140625,801311390
2022,minivite,8,20000,100,0.3,d,2,425.0,83.91495535714284,24089720
2023,fiesta,8,4000,10000,0.7,d,2,368.94419642857144,98.2484375,645120
2024,lammps,8,2000,1000000,0.7,d,3,348.0,13.1578125,457408
2025,kripke,8,2000,1000000,0.7,d,0,353.0,17.053794642857145,302720
2026,minivite,8,40000,0,0.3,d,3,423.0,83.60491071428571,24089720
2027,laghos,8,2000000,1000,0.3,d,0,601.0,328.0825892857143,801311390
2028,tricount,8,2000,100,0.7,d,2,437.0,263.33035714285717,7120960
2029,beatnik,8,2000,1000,1.0,d,1,418.39285714285717,122.64508928571429,19996182
2030,minivite,8,4000,1000,0.1,d,1,401.0,72.15491071428572,24089720
2031,fiesta,8,400000,10000,0.5,d,3,357.57589285714283,63.308705357142856,645120
2032,quicksilver,8,4000,100,0.7,d,1,293.0,132.10850446428572,762710
2033,lammps,8,2000,100,0.3,d,2,351.0,15.945736607142859,457408
2034,lammps,8,4000000,10000,0.7,d,3,358.0,26.5109375,457408
2035,quicksilver,8,4000,10000,0.1,d,3,299.0,136.37924107142857,762710
2036,lammps,8,4000,10000,1.0,d,2,358.0,19.709263392857142,457408
2037,minivite,8,2000000,1000000,0.7,d,1,419.0,100.51227678571429,24089720
2038,kripke,8,4000000,100,0.7,d,2,358.0,20.739732142857147,302720
2039,amg,8,400000,0,0.1,d,2,365.0,45.48839285714285,106441449
2040,beatnik,8,400000,10000,0.1,d,3,488.0,197.65625,19996182
2041,quicksilver,8,2000000,100000,1.0,d,1,300.0,138.4256919642857,762710
2042,kripke,8,4000000,0,0.3,d,3,357.0,20.6203125,302720
2043,kripke,8,4000000,100000,0.7,d,1,359.0,21.991741071428574,302720
2044,quicksilver,8,40000,1000,0.5,d,0,311.0,142.6013392857143,762710
2045,amg,8,4000,10000,0.3,d,2,340.0,11.300758928571428,106441449
2046,fiesta,8,200000,1000,0.1,d,1,367.828125,105.29709821428571,645120
2047,amg,8,2000,10000,1.0,d,2,347.0,17.164955357142855,106441449
2048,laghos,8,200000,10000,0.5,d,1,606.0,334.52232142857144,801311390
2049,tricount,8,2000000,0,1.0,d,3,590.0,415.80580357142856,7120960
2050,minivite,8,40000,1000000,0.1,d,2,388.0,67.06919642857143,24089720
2051,kripke,8,2000,100000,0.5,d,1,356.0,18.451339285714287,302720
2052,minivite,8,2000,1000000,0.5,d,3,375.0,55.08459821428572,24089720
2053,laghos,8,400000,10000,0.7,d,3,718.0,439.99107142857144,801311390
2054,laghos,8,400000,1000000,0.7,d,2,501.0,222.42410714285714,801311390
2055,beatnik,8,400000,1000,0.1,d,2,541.1607142857143,254.49776785714286,19996182
2056,lammps,8,200000,100,0.7,d,1,357.0,21.931250000000002,457408
2057,kripke,8,2000000,100,0.1,d,2,360.0,22.564955357142853,302720
2058,minife,8,2000,100,1.0,d,2,387.0,14.285357142857142,6788000
2059,amg,8,40000,100000,1.0,d,0,345.0,17.5703125,106441449
2060,minivite,8,2000000,1000000,0.3,d,3,396.0,77.63883928571428,24089720
2061,tricount,8,20000,1000,0.7,d,3,400.0,226.58035714285714,7120960
2062,minife,8,2000000,0,0.7,d,1,404.0,40.65044642857142,6788000
2063,quicksilver,8,400000,100000,0.7,d,1,292.0,131.29332589285715,762710
2064,minife,8,4000,100000,0.1,d,1,388.0,13.933906249999998,6788000
2065,beatnik,8,40000,1000,0.3,d,2,502.36830357142856,213.02678571428572,19996182
2066,tricount,8,4000000,0,0.5,d,2,833.0,659.0848214285714,7120960
2067,fiesta,8,2000000,1000000,0.3,d,0,356.00669642857144,59.50066964285715,645120
2068,minife,8,40000,1000,1.0,d,2,456.0,63.85111607142857,6788000
2069,amg,8,400000,100000,0.7,d,2,359.0,40.09196428571429,106441449
2070,laghos,8,40000,1000,0.1,d,0,479.0,206.72767857142858,801311390
2071,kripke,8,2000,1000,0.1,d,1,368.0,22.599330357142858,302720
2072,quicksilver,8,2000000,1000,1.0,d,3,294.61160714285717,133.41575892857142,762710
2073,laghos,8,4000000,100000,0.3,d,0,468.0,195.91517857142858,801311390
2074,minife,8,40000,0,1.0,d,3,395.0,23.71941964285714,6788000
2075,minife,8,40000,1000000,0.3,d,2,384.0,13.29080357142857,6788000
2076,tricount,8,4000,100000,1.0,d,2,441.0,266.171875,7120960
2077,fiesta,8,400000,1000000,0.3,d,0,356.921875,59.80491071428571,645120
2078,kripke,8,40000,100,0.5,d,1,385.0,32.57767857142857,302720
2079,minivite,8,2000000,10000,1.0,d,0,423.0,103.83705357142857,24089720
2080,fiesta,8,200000,100000,0.7,d,0,356.07142857142856,57.52299107142857,645120
2081,minivite,8,2000000,100000,0.1,d,3,427.0,104.98571428571428,24089720
2082,kripke,8,2000,1000,1.0,d,0,359.0,19.731026785714285,302720
2083,amg,8,2000000,1000,0.3,d,3,365.0,44.58549107142857,106441449
2084,quicksilver,8,4000,100000,0.3,d,2,292.0,131.21111607142856,762710
2085,minife,8,2000,100,0.5,d,0,383.00223214285717,11.936428571428573,6788000
2086,tricount,8,40000,100000,0.3,d,2,435.0,261.32589285714283,7120960
2087,quicksilver,8,2000,100,0.1,d,0,314.0,144.4835267857143,762710
2088,quicksilver,8,200000,100000,0.1,d,2,292.0,131.51685267857144,762710
2089,minivite,8,2000000,1000000,0.3,d,0,426.0,109.29441964285714,24089720
2090,fiesta,8,2000,1000,0.1,d,3,370.45982142857144,85.285625,645120
2091,kripke,8,400000,1000000,0.1,d,0,355.0,18.19598214285714,302720
2092,fiesta,8,4000,0,1.0,d,3,363.52232142857144,76.33482142857143,645120
2093,minife,8,4000000,100,1.0,d,1,428.12723214285717,67.78816964285714,6788000
2094,minife,8,20000,1000,0.3,d,0,415.0,32.317187499999996,6788000
2095,fiesta,8,4000,1000000,0.3,d,0,352.6986607142857,56.73058035714286,645120
2096,beatnik,8,4000,1000,0.7,d,1,430.609375,138.29464285714286,19996182
2097,minivite,8,2000000,1000,0.5,d,3,418.0,99.80245535714286,24089720
2098,minife,8,200000,100000,1.0,d,0,407.0,40.25111607142857,6788000
2099,tricount,8,2000,10000,0.5,d,2,398.0,224.03348214285714,7120960
2100,kripke,8,400000,0,0.1,d,1,360.0,23.283482142857142,302720
2101,fiesta,8,400000,1000,0.3,d,3,354.5580357142857,58.010044642857146,645120
2102,tricount,8,200000,0,0.7,d,0,490.0,316.5825892857143,7120960
2103,minife,8,20000,100000,0.3,d,3,385.0,13.475892857142856,6788000
2104,amg,8,40000,100000,1.0,d,3,379.0,45.97745535714286,106441449
2105,laghos,8,2000,100,1.0,d,1,409.0,134.02678571428572,801311390
2106,minivite,8,400000,100000,0.1,d,2,407.0,84.86741071428571,24089720
2107,minivite,8,4000,100000,0.5,d,0,372.0,54.51026785714286,24089720
2108,minivite,8,40000,1000,0.3,d,3,420.0,84.76406250000001,24089720
2109,kripke,8,4000000,1000,0.5,d,0,360.0,22.6953125,302720
2110,minivite,8,20000,1000000,1.0,d,3,381.0,59.451339285714276,24089720
2111,beatnik,8,2000000,1000000,0.1,d,3,429.06026785714283,135.67633928571428,19996182
2112,minife,8,2000000,1000000,0.1,d,3,396.0,26.24174107142857,6788000
2113,amg,8,200000,0,0.5,d,1,358.0,39.19665178571429,106441449
2114,fiesta,8,400000,0,0.3,d,3,353.8482142857143,57.67232142857142,645120
2115,fiesta,8,200000,1000,0.5,d,2,353.72098214285717,61.11026785714286,645120
2116,beatnik,8,2000000,1000,0.3,d,0,529.4732142857143,234.234375,19996182
2117,beatnik,8,200000,100000,0.3,d,1,459.35714285714283,167.47544642857142,19996182
2118,minivite,8,200000,10000,1.0,d,3,420.0,95.41897321428571,24089720
2119,tricount,8,400000,100000,0.7,d,1,621.0,447.85044642857144,7120960
2120,minife,8,200000,100,0.1,d,0,412.0,45.09419642857142,6788000
2121,kripke,8,40000,100000,0.1,d,2,354.0,17.469419642857144,302720
2122,lammps,8,2000000,1000000,0.1,d,0,354.0,16.732276785714284,457408
2123,minife,8,20000,1000,0.3,d,3,421.0,35.20200892857143,6788000
2124,minife,8,4000,100,0.5,d,0,402.0,23.59323660714286,6788000
2125,amg,8,40000,1000000,0.3,d,3,350.0,20.20669642857143,106441449
2126,amg,8,4000000,100,0.7,d,0,364.0,45.876785714285724,106441449
2127,amg,8,40000,1000000,1.0,d,2,354.0,24.519196428571433,106441449
2128,quicksilver,8,20000,1000,0.7,d,2,293.0,132.18316964285714,762710
2129,minife,8,2000000,10000,1.0,d,1,405.0,40.856473214285714,6788000
2130,fiesta,8,4000000,1000000,1.0,d,2,372.09375,108.07745535714285,645120
2131,beatnik,8,2000,10000,0.5,d,3,410.4375,116.375,19996182
2132,tricount,8,400000,0,0.1,d,3,498.0,323.86607142857144,7120960
2133,minivite,8,2000000,10000,1.0,d,2,419.0,101.5142857142857,24089720
2134,laghos,8,4000000,100000,1.0,d,2,575.0,299.78348214285717,801311390
2135,amg,8,20000,100000,0.1,d,0,342.0,12.577031250000001,106441449
2136,quicksilver,8,200000,1000,0.5,d,0,293.99776785714283,132.51857142857142,762710
2137,kripke,8,2000000,1000,0.1,d,1,357.0,21.409598214285715,302720
2138,laghos,8,4000000,100000,1.0,d,1,550.0,277.7142857142857,801311390
2139,quicksilver,8,4000,10000,1.0,d,2,293.0,132.1455580357143,762710
2140,kripke,8,2000000,100000,0.7,d,3,360.0,22.93816964285714,302720
2141,beatnik,8,40000,1000000,0.3,d,3,419.984375,127.921875,19996182
2142,minivite,8,2000000,0,0.5,d,1,405.0,84.99352678571428,24089720
2143,laghos,8,20000,10000,1.0,d,0,492.0,219.46651785714286,801311390
2144,laghos,8,4000,100000,1.0,d,1,352.0,77.04642857142858,801311390
2145,minife,8,200000,100000,1.0,d,3,408.0,40.67946428571429,6788000
2146,tricount,8,40000,100,0.5,d,1,473.0,300.0580357142857,7120960
2147,quicksilver,8,2000000,0,0.3,d,1,304.078125,142.2527232142857,762710
2148,beatnik,8,200000,0,0.7,d,0,511.50223214285717,216.19642857142858,19996182
2149,amg,8,4000,100,0.5,d,1,356.0,24.133928571428573,106441449
2150,quicksilver,8,2000000,0,0.1,d,0,293.0,131.67607142857145,762710
2151,beatnik,8,4000000,1000,0.3,d,0,548.9352678571429,256.75223214285717,19996182
2152,minivite,8,400000,1000000,0.5,d,1,382.0,64.01808035714285,24089720
2153,beatnik,8,2000,0,0.3,d,0,418.1205357142857,122.87723214285714,19996182
2154,amg,8,4000000,100,0.1,d,0,364.0,44.78303571428571,106441449
2155,fiesta,8,400000,1000,0.1,d,1,367.76339285714283,95.91671875,645120
2156,lammps,8,20000,10000,0.1,d,0,360.0,22.104285714285716,457408
2157,minivite,8,2000,1000000,0.7,d,2,365.0,47.323883928571426,24089720
2158,kripke,8,2000000,100,0.7,d,3,358.0,21.156473214285715,302720
2159,kripke,8,2000,100000,1.0,d,3,364.0,24.350669642857145,302720
2160,fiesta,8,200000,1000000,0.3,d,3,353.14955357142856,58.30446428571429,645120
2161,quicksilver,8,40000,100,1.0,d,2,290.0,128.72473214285714,762710
2162,beatnik,8,20000,100000,0.5,d,0,412.4642857142857,117.38616071428571,19996182
2163,laghos,8,4000000,10000,1.0,d,0,580.0,309.46205357142856,801311390
2164,kripke,8,200000,1000000,1.0,d,3,356.0,18.806026785714288,302720
2165,tricount,8,2000000,1000,0.7,d,0,677.0,503.89285714285717,7120960
2166,minivite,8,4000,100,1.0,d,1,387.0,63.209375,24089720
2167,quicksilver,8,2000000,100000,1.0,d,0,300.0,138.17848214285715,762710
2168,amg,8,2000000,100,0.1,d,2,365.0,44.652678571428574,106441449
2169,amg,8,4000,10000,1.0,d,2,352.0,21.021651785714287,106441449
2170,beatnik,8,200000,100000,0.5,d,1,511.0,222.38616071428572,19996182
2171,laghos,8,4000,1000,0.1,d,3,386.0,112.25223214285714,801311390
2172,beatnik,8,4000,100,0.1,d,0,440.0044642857143,138.16741071428572,19996182
2173,beatnik,8,2000000,10000,0.7,d,2,583.0714285714286,292.96205357142856,19996182
2174,minivite,8,400000,0,0.5,d,0,424.0,106.80803571428571,24089720
2175,tricount,8,20000,100,0.7,d,0,447.0,273.53348214285717,7120960
2176,fiesta,8,2000,1000,0.3,d,2,355.55580357142856,62.27410714285715,645120
2177,beatnik,8,4000,1000000,1.0,d,3,407.18526785714283,111.72991071428571,19996182
2178,beatnik,8,4000,100,0.5,d,1,452.34375,162.68080357142858,19996182
2179,beatnik,8,4000000,100,1.0,d,3,640.3727678571429,349.53125,19996182
2180,quicksilver,8,4000000,100,1.0,d,1,302.0,140.1172098214286,762710
2181,minivite,8,40000,100,0.7,d,3,435.0,89.76941964285713,24089720
2182,amg,8,20000,1000000,0.5,d,3,344.0,14.459151785714285,106441449
2183,fiesta,8,2000000,100000,0.1,d,0,362.25892857142856,77.22383928571428,645120
2184,lammps,8,2000,100,1.0,d,0,361.0,22.692031250000003,457408
2185,tricount,8,200000,1000000,1.0,d,3,554.0,379.8013392857143,7120960
2186,minife,8,2000,0,1.0,d,3,392.0,17.744620535714287,6788000
2187,kripke,8,2000,0,0.3,d,1,354.0,17.484375,302720
2188,fiesta,8,4000,1000000,0.1,d,3,356.4107142857143,57.69687499999999,645120
2189,laghos,8,400000,0,1.0,d,0,557.0,283.91517857142856,801311390
2190,kripke,8,20000,100000,0.7,d,2,366.0,23.35424107142857,302720
2191,quicksilver,8,4000,100,0.7,d,0,305.9375,141.68484375,762710
2192,beatnik,8,2000000,0,0.1,d,1,525.5691964285714,227.54017857142858,19996182
2193,fiesta,8,4000000,10000,0.5,d,1,357.99330357142856,68.77477678571428,645120
2194,beatnik,8,4000,100000,1.0,d,0,407.0,111.29464285714286,19996182
2195,fiesta,8,400000,100000,0.1,d,1,362.48660714285717,78.95491071428572,645120
2196,quicksilver,8,2000,100000,1.0,d,3,300.0,138.58098214285715,762710
2197,laghos,8,2000000,1000000,0.5,d,0,610.140625,337.30580357142856,801311390
2198,minife,8,200000,10000,0.5,d,0,405.0,40.45892857142858,6788000
2199,laghos,8,4000,1000000,1.0,d,0,374.0,100.72857142857143,801311390
2200,lammps,8,2000000,1000000,0.1,d,1,354.0,17.165982142857143,457408
2201,lammps,8,40000,10000,1.0,d,3,355.0,20.095937499999998,457408
2202,lammps,8,20000,10000,0.7,d,1,365.0,22.824709821428574,457408
2203,quicksilver,8,40000,100,1.0,d,1,291.0,129.82941964285715,762710
2204,laghos,8,2000000,100,0.3,d,3,579.0,307.4642857142857,801311390
2205,minife,8,20000,100,0.3,d,2,417.0,33.838839285714286,6788000
2206,beatnik,8,2000000,100000,0.3,d,1,531.4821428571429,236.95982142857142,19996182
2207,tricount,8,4000,1000000,0.3,d,1,410.0,236.61830357142858,7120960
2208,minivite,8,4000000,1000000,1.0,d,2,446.0,124.45848214285715,24089720
2209,kripke,8,20000,100,1.0,d,0,386.0,32.801116071428574,302720
2210,beatnik,8,4000,0,0.5,d,0,431.0,141.17410714285714,19996182
2211,lammps,8,40000,0,0.3,d,3,348.0,15.464910714285717,457408
2212,minivite,8,400000,1000,1.0,d,2,418.0,94.77656249999998,24089720
2213,lammps,8,4000000,100000,0.7,d,1,362.0,24.357589285714287,457408
2214,quicksilver,8,4000,10000,1.0,d,0,301.0,137.43234375,762710
2215,minivite,8,2000000,1000000,0.1,d,0,401.0,79.5299107142857,24089720
2216,beatnik,8,40000,100,0.5,d,3,449.96205357142856,157.66071428571428,19996182
2217,beatnik,8,2000000,0,0.3,d,2,580.2544642857143,295.74776785714283,19996182
2218,minife,8,200000,0,1.0,d,2,413.0,47.153571428571425,6788000
2219,beatnik,8,4000000,1000000,0.1,d,3,473.0,181.64285714285714,19996182
2220,beatnik,8,2000,1000,1.0,d,2,408.0,116.42633928571429,19996182
2221,quicksilver,8,40000,10000,0.1,d,3,293.0,131.75544642857145,762710
2222,laghos,8,200000,100000,0.3,d,0,490.0,216.265625,801311390
2223,minife,8,200000,1000000,0.7,d,2,402.0,33.840625,6788000
2224,amg,8,200000,1000,0.3,d,3,356.0,39.32700892857143,106441449
2225,laghos,8,4000000,100000,0.7,d,3,636.0,362.33482142857144,801311390
2226,lammps,8,200000,0,0.1,d,3,365.0,27.71341517857143,457408
2227,tricount,8,200000,1000000,0.7,d,0,447.0,273.86607142857144,7120960
2228,minivite,8,200000,1000,0.3,d,2,398.0,79.30602678571428,24089720
2229,fiesta,8,40000,1000000,1.0,d,3,355.85044642857144,57.10044642857143,645120
2230,beatnik,8,200000,100,1.0,d,3,584.8348214285714,292.37276785714283,19996182
2231,beatnik,8,40000,10000,0.1,d,0,446.97098214285717,150.75,19996182
2232,amg,8,20000,10000,0.3,d,3,368.0,34.00089285714286,106441449
2233,beatnik,8,400000,100000,0.7,d,0,583.6584821428571,292.12723214285717,19996182
2234,fiesta,8,400000,10000,0.1,d,1,366.24107142857144,91.32785714285714,645120
2235,quicksilver,8,4000000,100000,1.0,d,2,293.0,132.28658482142856,762710
2236,amg,8,400000,1000000,0.5,d,0,350.0,29.087053571428573,106441449
2237,laghos,8,200000,1000000,0.7,d,3,445.0,172.01116071428572,801311390
2238,kripke,8,200000,0,0.7,d,1,357.0,20.443749999999998,302720
2239,fiesta,8,40000,1000,0.3,d,2,353.1049107142857,55.00044642857143,645120
2240,beatnik,8,400000,10000,0.5,d,2,541.703125,253.20982142857142,19996182
2241,amg,8,4000,0,1.0,d,0,352.0,21.674553571428568,106441449
2242,quicksilver,8,20000,10000,0.7,d,3,310.0,142.32051339285712,762710
2243,kripke,8,40000,1000,0.5,d,3,355.0,18.46517857142857,302720
2244,kripke,8,4000000,0,0.7,d,1,357.0,20.28839285714286,302720
2245,minife,8,200000,100000,0.1,d,3,393.0,19.849107142857147,6788000
2246,quicksilver,8,4000,1000000,1.0,d,3,294.0,133.26558035714285,762710
2247,laghos,8,20000,0,0.5,d,2,511.0,229.06919642857142,801311390
2248,minife,8,400000,100,0.3,d,3,409.0,46.87633928571429,6788000
2249,laghos,8,40000,0,1.0,d,2,479.0,206.31696428571428,801311390
2250,laghos,8,20000,10000,0.5,d,3,452.0,179.21875,801311390
2251,quicksilver,8,2000000,100000,0.7,d,0,298.0,136.48863839285715,762710
2252,beatnik,8,4000000,100000,0.7,d,2,569.6696428571429,278.24776785714283,19996182
2253,tricount,8,4000000,100,0.1,d,0,563.0,387.51339285714283,7120960
2254,amg,8,4000000,10000,0.3,d,2,356.0,38.01495535714285,106441449
2255,fiesta,8,40000,100000,0.7,d,1,353.5580357142857,61.833258928571425,645120
2256,tricount,8,4000,10000,0.7,d,1,460.0,284.296875,7120960
2257,minife,8,4000,1000,1.0,d,1,390.0,17.02703125,6788000
2258,tricount,8,200000,1000000,0.1,d,1,426.0,251.34821428571428,7120960
2259,tricount,8,2000,0,0.5,d,1,420.0,246.96205357142858,7120960
2260,tricount,8,200000,100,0.7,d,2,563.0,389.04910714285717,7120960
2261,amg,8,400000,100,1.0,d,0,361.0,46.24129464285714,106441449
2262,quicksilver,8,2000000,10000,0.5,d,2,292.0,131.41207589285713,762710
2263,fiesta,8,2000,0,0.7,d,2,352.7388392857143,55.71808035714285,645120
2264,minivite,8,4000000,100000,0.1,d,0,431.0,109.53549107142858,24089720
2265,kripke,8,2000000,1000000,1.0,d,3,359.0,21.99017857142857,302720
2266,amg,8,40000,1000000,1.0,d,1,353.0,23.9921875,106441449
2267,tricount,8,2000,100,1.0,d,3,426.0,251.97098214285714,7120960
2268,quicksilver,8,2000,10000,1.0,d,3,294.0,133.35142857142858,762710
2269,lammps,8,4000000,100000,0.1,d,2,373.0,37.99854910714286,457408
2270,minife,8,20000,10000,0.5,d,3,387.0,16.82171875,6788000
2271,lammps,8,2000,0,1.0,d,0,353.0,17.5109375,457408
2272,lammps,8,2000000,100000,0.1,d,0,353.0,17.907566964285714,457408
2273,laghos,8,20000,100,0.7,d,3,524.0,240.171875,801311390
2274,amg,8,20000,1000,0.1,d,2,368.0,33.23258928571429,106441449
2275,laghos,8,200000,100000,0.3,d,2,469.0,196.41517857142858,801311390
2276,amg,8,40000,100,0.1,d,3,351.0,25.867857142857144,106441449
2277,beatnik,8,200000,10000,0.5,d,3,499.08705357142856,203.484375,19996182
2278,laghos,8,2000,1000,0.5,d,0,359.0,81.69441964285716,801311390
2279,fiesta,8,4000000,10000,0.5,d,3,355.16294642857144,71.53459821428571,645120
2280,fiesta,8,40000,100000,1.0,d,2,378.38169642857144,96.51453125,645120
2281,minivite,8,4000000,0,0.7,d,0,407.0,87.19933035714284,24089720
2282,tricount,8,20000,100,0.1,d,1,426.0,252.03125,7120960
2283,fiesta,8,2000000,100000,0.7,d,3,353.45535714285717,61.60915178571429,645120
2284,kripke,8,20000,100,0.5,d,1,384.0,31.537499999999998,302720
2285,lammps,8,2000000,1000,0.3,d,0,365.0,25.67234375,457408
2286,fiesta,8,40000,1000000,0.7,d,3,353.27455357142856,55.79933035714286,645120
2287,minife,8,4000,100000,0.5,d,1,387.0,14.57625,6788000
2288,quicksilver,8,200000,10000,0.5,d,0,295.0,133.64310267857144,762710
2289,laghos,8,4000000,1000,0.1,d,3,576.0,303.98214285714283,801311390
2290,minivite,8,20000,100,0.1,d,0,382.0,61.02388392857142,24089720
2291,laghos,8,2000,1000,0.7,d,3,351.0,77.48883928571429,801311390
2292,minivite,8,2000000,1000000,0.1,d,1,425.0,104.871875,24089720
2293,minife,8,2000000,100000,0.1,d,1,418.0,52.98526785714286,6788000
2294,kripke,8,40000,100,0.5,d,3,356.0,18.99933035714286,302720
2295,minivite,8,200000,10000,0.7,d,3,409.0,92.68593750000001,24089720
2296,kripke,8,4000,1000,1.0,d,1,365.0,25.541964285714283,302720
2297,quicksilver,8,200000,0,0.5,d,3,302.0,139.85171875,762710
2298,minife,8,400000,0,0.1,d,3,412.0,46.972321428571426,6788000
2299,kripke,8,4000000,0,0.3,d,1,368.0,28.884151785714284,302720
2300,amg,8,4000,100,0.1,d,0,344.0,15.033482142857142,106441449
2301,minivite,8,4000000,1000,0.3,d,1,429.0,111.56897321428572,24089720
2302,minivite,8,400000,100,1.0,d,0,428.0,104.25066964285715,24089720
2303,minife,8,2000000,1000,1.0,d,1,422.0,56.16316964285714,6788000
2304,fiesta,8,4000,100,0.1,d,1,356.06473214285717,57.1390625,645120
2305,tricount,8,4000000,100,0.5,d,2,595.0,421.35714285714283,7120960
2306,fiesta,8,2000,1000,0.7,d,0,357.2388392857143,68.37926339285714,645120
2307,laghos,8,4000,10000,1.0,d,1,353.0,78.98035714285716,801311390
2308,laghos,8,2000000,0,1.0,d,3,623.0,352.04910714285717,801311390
2309,fiesta,8,2000,1000,0.1,d,0,371.02901785714283,85.45803571428571,645120
2310,kripke,8,20000,1000000,0.3,d,1,355.0,18.247544642857143,302720
2311,minivite,8,2000,100000,0.3,d,0,371.0,53.65602678571429,24089720
2312,quicksilver,8,400000,100,0.5,d,3,291.0,130.33823660714285,762710
2313,fiesta,8,4000000,1000,0.7,d,1,353.46651785714283,62.40066964285715,645120
2314,minife,8,200000,10000,0.3,d,0,404.0,38.45223214285714,6788000
2315,minivite,8,200000,0,1.0,d,3,407.0,86.94977678571429,24089720
2316,laghos,8,40000,100000,1.0,d,3,444.0,170.75223214285714,801311390
2317,minivite,8,2000000,1000000,0.7,d,3,408.0,88.68995535714285,24089720
2318,quicksilver,8,200000,0,0.5,d,1,302.53794642857144,140.5704017857143,762710
2319,minife,8,20000,100000,0.7,d,1,405.0,26.9625,6788000
2320,minivite,8,2000,0,0.1,d,3,414.0,78.36874999999999,24089720
2321,lammps,8,4000000,1000,1.0,d,0,357.0,24.949999999999996,457408
2322,amg,8,200000,1000,0.3,d,1,361.0,41.396205357142854,106441449
2323,minife,8,40000,10000,0.1,d,3,412.0,29.828258928571426,6788000
2324,quicksilver,8,2000000,100,0.1,d,3,300.0,138.15305803571428,762710
2325,amg,8,2000000,1000,0.3,d,1,360.0,39.65379464285714,106441449
2326,beatnik,8,20000,0,0.7,d,2,429.8861607142857,138.08705357142858,19996182
2327,minivite,8,4000000,10000,0.7,d,1,432.0,115.5703125,24089720
2328,lammps,8,40000,100,0.7,d,3,368.0,23.54955357142857,457408
2329,kripke,8,40000,0,0.1,d,3,355.0,18.306696428571428,302720
2330,fiesta,8,400000,1000,0.3,d,0,354.74107142857144,61.78928571428571,645120
2331,amg,8,40000,0,0.5,d,2,383.0,49.12991071428571,106441449
2332,beatnik,8,400000,0,0.5,d,3,530.6205357142857,236.53794642857142,19996182
2333,tricount,8,200000,100000,1.0,d,0,519.0,343.1205357142857,7120960
2334,tricount,8,4000000,1000,0.7,d,0,586.0,412.68973214285717,7120960
2335,quicksilver,8,20000,0,0.5,d,3,292.0,130.86756696428571,762710
2336,minife,8,2000000,100,0.1,d,3,402.0,36.2640625,6788000
2337,amg,8,400000,0,1.0,d,1,374.0,61.439508928571435,106441449
2338,kripke,8,20000,1000000,1.0,d,2,354.0,17.545982142857145,302720
2339,kripke,8,2000000,1000000,1.0,d,0,358.0,21.376116071428573,302720
2340,minife,8,2000,10000,0.7,d,1,384.0,12.125580357142857,6788000
2341,quicksilver,8,200000,1000000,0.1,d,0,304.0,142.62953124999999,762710
2342,lammps,8,4000000,100000,1.0,d,2,359.0,26.74241071428571,457408
2343,kripke,8,20000,1000000,0.1,d,2,354.0,17.44017857142857,302720
2344,amg,8,4000,10000,0.3,d,1,341.0,11.219999999999999,106441449
2345,beatnik,8,4000000,100000,0.1,d,1,600.6272321428571,306.99776785714283,19996182
2346,fiesta,8,200000,1000000,1.0,d,0,356.51785714285717,59.25044642857142,645120
2347,quicksilver,8,4000000,0,0.1,d,0,301.0,138.92006696428572,762710
2348,quicksilver,8,2000,10000,0.5,d,3,293.0,132.10946428571427,762710
2349,laghos,8,20000,100000,0.1,d,2,394.0,120.27455357142857,801311390
2350,beatnik,8,40000,1000000,1.0,d,0,417.0,124.06696428571429,19996182
2351,laghos,8,20000,1000000,0.3,d,2,373.0,98.88325892857144,801311390
2352,beatnik,8,2000,0,1.0,d,1,408.0,108.40558035714285,19996182
2353,amg,8,2000000,0,0.1,d,3,365.0,43.03883928571429,106441449
2354,kripke,8,200000,100000,0.5,d,1,357.0,20.502232142857142,302720
2355,beatnik,8,2000,10000,0.1,d,2,407.99776785714283,110.1125,19996182
2356,kripke,8,400000,100000,0.5,d,0,359.0,21.557589285714283,302720
2357,beatnik,8,40000,1000000,0.3,d,2,417.00223214285717,122.78794642857143,19996182
2358,quicksilver,8,20000,0,0.7,d,2,293.0,131.6878125,762710
2359,tricount,8,40000,100000,0.3,d,3,421.0,245.91964285714286,7120960
2360,amg,8,400000,1000000,0.3,d,0,348.0,24.215625,106441449
2361,quicksilver,8,4000000,100000,0.1,d,3,301.0,139.41977678571428,762710
2362,lammps,8,4000000,1000,0.1,d,3,356.0,21.618526785714288,457408
2363,amg,8,2000,100,0.5,d,2,345.0,15.788638392857141,106441449
2364,tricount,8,40000,10000,0.5,d,1,445.0,266.18526785714283,7120960
2365,lammps,8,200000,100000,1.0,d,2,375.0,39.9821875,457408
2366,laghos,8,2000,0,0.7,d,3,373.0,99.22098214285714,801311390
2367,laghos,8,200000,100,0.1,d,0,553.0,281.24776785714283,801311390
2368,laghos,8,400000,100,0.7,d,3,622.0,350.75223214285717,801311390
2369,amg,8,200000,0,1.0,d,0,359.0,43.63214285714285,106441449
2370,lammps,8,400000,100000,1.0,d,1,354.0,21.68325892857143,457408
2371,amg,8,4000000,100,0.7,d,1,358.0,42.3890625,106441449
2372,quicksilver,8,40000,100,0.7,d,1,312.0,143.26517857142855,762710
2373,laghos,8,4000000,0,1.0,d,2,575.0,299.828125,801311390
2374,minife,8,4000,1000000,1.0,d,3,388.0,13.969709821428571,6788000
2375,fiesta,8,4000,0,0.5,d,1,352.44419642857144,58.013392857142854,645120
2376,laghos,8,2000,10000,0.1,d,2,355.0,78.35357142857141,801311390
2377,quicksilver,8,40000,1000000,0.5,d,3,290.0,129.24412946428575,762710
2378,beatnik,8,20000,10000,0.5,d,0,428.3392857142857,130.25892857142858,19996182
2379,quicksilver,8,2000,1000000,0.5,d,3,296.0,135.37535714285715,762710
2380,minife,8,20000,1000000,0.5,d,0,385.0,13.747433035714286,6788000
2381,amg,8,200000,100,0.7,d,3,360.0,41.04553571428571,106441449
2382,laghos,8,2000000,100000,0.3,d,3,581.0,309.9263392857143,801311390
2383,amg,8,40000,10000,0.1,d,2,345.0,18.352678571428573,106441449
2384,minife,8,200000,1000000,0.3,d,0,404.125,29.900312500000002,6788000
2385,fiesta,8,400000,1000,0.1,d,2,367.484375,98.12395089285714,645120
2386,minivite,8,4000000,10000,1.0,d,0,426.0,107.62008928571427,24089720
2387,beatnik,8,200000,0,0.7,d,3,514.1473214285714,223.65178571428572,19996182
2388,minivite,8,4000,100000,1.0,d,2,387.0,65.90691964285715,24089720
2389,kripke,8,400000,1000000,0.5,d,1,357.0,19.59107142857143,302720
2390,minivite,8,2000,100,0.1,d,1,408.0,81.52366071428573,24089720
2391,beatnik,8,4000,10000,0.7,d,1,414.0424107142857,123.79910714285714,19996182
2392,quicksilver,8,4000,1000,0.5,d,3,293.0,131.77361607142856,762710
2393,amg,8,20000,1000000,0.1,d,2,343.0,14.29330357142857,106441449
2394,minife,8,20000,100,0.7,d,0,387.0,16.688660714285714,6788000
2395,beatnik,8,2000000,10000,0.7,d,3,567.2075892857143,275.2857142857143,19996182
2396,minivite,8,200000,10000,0.7,d,0,405.0,86.26183035714284,24089720
2397,laghos,8,200000,1000000,0.1,d,3,437.0,164.390625,801311390
2398,beatnik,8,20000,0,0.7,d,1,423.6875,129.66294642857142,19996182
2399,minife,8,200000,100,0.3,d,2,406.0,39.52433035714286,6788000
2400,minivite,8,2000,100000,0.1,d,2,378.0,57.145089285714285,24089720
2401,minife,8,20000,100,0.5,d,0,387.0,16.79404017857143,6788000
2402,kripke,8,2000000,1000,0.7,d,3,362.0,24.596875000000004,302720
2403,beatnik,8,2000000,10000,1.0,d,0,633.15625,348.42410714285717,19996182
2404,minife,8,20000,0,0.1,d,2,419.0,33.91290178571428,6788000
2405,beatnik,8,200000,1000,0.5,d,2,493.0,198.55357142857142,19996182
2406,amg,8,4000,1000000,0.1,d,0,341.0,12.353973214285714,106441449
2407,lammps,8,40000,1000,0.3,d,0,362.0,22.95529017857143,457408
2408,kripke,8,2000000,10000,0.3,d,3,357.0,20.922767857142862,302720
2409,tricount,8,2000000,1000,0.1,d,2,501.0,326.60714285714283,7120960
2410,beatnik,8,2000,100,0.1,d,1,424.0,124.38616071428571,19996182
2411,minife,8,200000,1000000,1.0,d,2,394.0,23.329910714285713,6788000
2412,fiesta,8,200000,0,1.0,d,1,364.43526785714283,83.48457589285715,645120
2413,quicksilver,8,400000,0,0.1,d,2,301.0,139.2813169642857,762710
2414,lammps,8,2000,10000,0.5,d,1,351.0,15.857276785714287,457408
2415,laghos,8,4000,0,0.5,d,2,418.0,144.57366071428572,801311390
2416,lammps,8,2000000,0,0.7,d,0,365.0,34.99977678571428,457408
2417,minife,8,40000,0,0.1,d,3,424.0,38.183928571428574,6788000
2418,minivite,8,4000000,10000,0.5,d,2,424.0,102.71607142857144,24089720
2419,kripke,8,4000,100,0.5,d,0,354.0,16.850446428571427,302720
2420,amg,8,2000,100000,0.3,d,0,344.0,14.544620535714287,106441449
2421,minivite,8,4000,1000000,0.5,d,1,377.0,59.349776785714276,24089720
2422,beatnik,8,2000,1000,0.1,d,2,417.98214285714283,120.99107142857143,19996182
2423,fiesta,8,4000,1000000,0.5,d,1,356.0982142857143,84.87611607142857,645120
2424,tricount,8,20000,100000,0.5,d,0,419.0,245.30133928571428,7120960
2425,lammps,8,200000,0,0.5,d,3,356.0,24.228571428571428,457408
2426,laghos,8,2000,100,1.0,d,0,397.0,121.17857142857143,801311390
2427,fiesta,8,4000000,0,1.0,d,3,367.30580357142856,97.17812500000001,645120
2428,kripke,8,2000000,1000000,0.7,d,3,357.0,20.093526785714285,302720
2429,lammps,8,40000,0,0.7,d,3,358.0,22.897388392857142,457408
2430,laghos,8,20000,10000,1.0,d,3,515.0,232.95758928571428,801311390
2431,minife,8,4000,1000000,0.7,d,2,386.0,13.414151785714285,6788000
2432,tricount,8,2000,0,0.1,d,1,430.0,256.29910714285717,7120960
2433,laghos,8,4000000,100,1.0,d,2,568.0,296.12723214285717,801311390
2434,minife,8,200000,1000,0.3,d,2,405.0,37.380580357142854,6788000
2435,kripke,8,20000,100000,0.3,d,3,355.0,17.618973214285713,302720
2436,minivite,8,20000,1000,1.0,d,3,380.0,60.392410714285724,24089720
2437,beatnik,8,20000,10000,0.5,d,1,425.96651785714283,131.93973214285714,19996182
2438,fiesta,8,40000,100,1.0,d,2,355.5982142857143,57.957589285714285,645120
2439,minivite,8,2000,100,0.1,d,2,406.0,77.04977678571429,24089720
2440,minivite,8,2000,0,0.1,d,0,381.0,60.24084821428572,24089720
2441,tricount,8,4000,10000,1.0,d,0,418.0,242.73883928571428,7120960
2442,amg,8,4000,100,0.7,d,3,354.0,25.278459821428573,106441449
2443,minife,8,400000,10000,0.1,d,1,420.0,53.78080357142857,6788000
2444,fiesta,8,2000,1000000,0.7,d,3,353.0736607142857,57.01897321428571,645120
2445,minivite,8,2000000,100,0.3,d,0,411.0,89.80558035714286,24089720
2446,minivite,8,40000,10000,0.3,d,2,408.0,77.39241071428572,24089720
2447,fiesta,8,4000,1000000,0.1,d,0,356.12723214285717,56.846875000000004,645120
2448,laghos,8,400000,1000,0.7,d,3,634.0,363.40848214285717,801311390
2449,amg,8,4000000,1000000,0.3,d,0,356.0,35.980803571428574,106441449
2450,amg,8,20000,100000,0.5,d,1,354.0,23.329241071428573,106441449
2451,fiesta,8,400000,1000000,0.3,d,1,353.4017857142857,56.42790178571429,645120
2452,minivite,8,2000000,100000,1.0,d,0,436.0,115.65691964285715,24089720
2453,amg,8,2000000,1000000,0.3,d,0,349.0,28.66763392857143,106441449
2454,beatnik,8,20000,1000000,0.3,d,2,404.0,109.16741071428571,19996182
2455,laghos,8,4000000,0,1.0,d,3,539.0,266.23214285714283,801311390
2456,amg,8,4000000,1000000,0.7,d,0,359.0,43.439732142857146,106441449
2457,amg,8,20000,10000,0.1,d,0,343.0,14.885714285714284,106441449
2458,beatnik,8,20000,0,0.7,d,0,448.74776785714283,149.63392857142858,19996182
2459,quicksilver,8,4000000,1000000,0.3,d,0,299.9955357142857,138.16044642857145,762710
2460,quicksilver,8,20000,1000000,1.0,d,3,294.0,132.89964285714285,762710
2461,quicksilver,8,40000,1000,0.7,d,1,292.0,131.22638392857144,762710
2462,kripke,8,40000,0,0.3,d,2,381.0,30.543749999999996,302720
2463,beatnik,8,2000,100000,0.7,d,3,402.0,105.12566964285713,19996182
2464,laghos,8,400000,1000,0.3,d,3,649.0,378.12276785714283,801311390
2465,fiesta,8,20000,1000000,1.0,d,1,355.8638392857143,55.362276785714286,645120
2466,minivite,8,400000,1000,0.7,d,1,400.0,77.953125,24089720
2467,beatnik,8,200000,10000,0.7,d,3,555.6696428571429,262.7299107142857,19996182
2468,minivite,8,4000,1000000,0.1,d,3,376.0,57.06919642857143,24089720
2469,kripke,8,2000,0,0.1,d,2,367.0,23.22388392857143,302720
2470,quicksilver,8,20000,1000,0.7,d,3,307.9955357142857,139.46941964285713,762710
2471,quicksilver,8,2000000,1000,0.3,d,2,291.84151785714283,130.5494419642857,762710
2472,amg,8,400000,0,0.1,d,1,360.0,41.44441964285714,106441449
2473,amg,8,400000,100,0.7,d,0,367.0,50.737723214285715,106441449
2474,lammps,8,200000,1000000,0.1,d,2,355.0,17.228772321428572,457408
2475,minife,8,20000,1000,0.5,d,1,424.0,38.043080357142856,6788000
2476,kripke,8,2000000,100,0.1,d,3,358.0,21.46450892857143,302720
2477,laghos,8,2000,100000,1.0,d,1,339.0,63.856249999999996,801311390
2478,minife,8,20000,100000,0.1,d,0,388.0,14.045066964285713,6788000
2479,amg,8,400000,1000,0.5,d,0,367.0,54.068080357142854,106441449
2480,kripke,8,20000,1000,0.3,d,1,379.0,30.127008928571428,302720
2481,beatnik,8,4000000,0,0.7,d,1,502.0,204.54017857142858,19996182
2482,lammps,8,400000,10000,0.1,d,0,356.0,22.025267857142858,457408
2483,amg,8,40000,1000,0.7,d,3,349.0,23.364955357142858,106441449
2484,minivite,8,400000,1000000,0.7,d,2,400.0,80.35825892857143,24089720
2485,minife,8,20000,0,0.1,d,1,390.0,17.609241071428574,6788000
2486,fiesta,8,20000,1000000,0.7,d,2,352.86607142857144,55.90982142857143,645120
2487,beatnik,8,200000,1000,0.1,d,0,472.25892857142856,180.37053571428572,19996182
2488,tricount,8,200000,10000,0.1,d,0,488.0,312.29464285714283,7120960
2489,laghos,8,20000,10000,0.3,d,3,418.0,144.81473214285714,801311390
2490,fiesta,8,4000,100000,0.7,d,0,356.8638392857143,62.36830357142857,645120
2491,beatnik,8,2000,100000,1.0,d,1,404.2700892857143,111.20513392857143,19996182
2492,tricount,8,4000000,1000,0.1,d,2,559.0,385.3549107142857,7120960
2493,fiesta,8,40000,0,0.1,d,0,356.15401785714283,59.644419642857144,645120
2494,tricount,8,4000,100000,0.3,d,3,422.0,247.14508928571428,7120960
2495,minife,8,4000000,100000,0.3,d,1,408.0,46.505133928571425,6788000
2496,tricount,8,2000000,10000,1.0,d,0,854.0,679.6450892857143,7120960
2497,lammps,8,40000,100000,0.3,d,3,352.0,17.05850446428571,457408
2498,lammps,8,2000000,100000,0.3,d,2,354.0,21.952232142857145,457408
2499,laghos,8,2000,1000,1.0,d,3,391.0,112.8125,801311390
2500,laghos,8,4000,10000,0.3,d,2,367.0,91.94575892857142,801311390
2501,minivite,8,2000000,0,1.0,d,3,419.0,100.64375,24089720
2502,laghos,8,2000,1000,0.7,d,1,354.0,80.49129464285714,801311390
2503,kripke,8,200000,0,0.7,d,2,357.0,20.246205357142856,302720
2504,kripke,8,20000,100000,0.5,d,2,364.0,22.664955357142855,302720
2505,beatnik,8,40000,1000,0.7,d,2,445.24776785714283,153.19642857142858,19996182
2506,quicksilver,8,2000,1000,0.5,d,2,302.0,139.97765625,762710
2507,fiesta,8,2000000,1000,0.7,d,3,353.66517857142856,57.394196428571426,645120
2508,kripke,8,4000,100,0.5,d,2,355.0,17.94263392857143,302720
2509,amg,8,200000,100000,0.5,d,1,355.0,35.03169642857143,106441449
2510,amg,8,4000000,0,0.5,d,3,360.0,42.768750000000004,106441449
2511,amg,8,20000,10000,0.3,d,1,367.0,32.98125,106441449
2512,kripke,8,4000,100000,0.5,d,2,358.0,19.565848214285715,302720
2513,beatnik,8,4000000,0,0.1,d,1,607.8883928571429,320.01785714285717,19996182
2514,beatnik,8,20000,0,0.1,d,0,442.81473214285717,143.53348214285714,19996182
2515,minivite,8,200000,100,0.3,d,1,408.0,90.41897321428571,24089720
2516,amg,8,200000,10000,0.5,d,3,356.0,39.43705357142857,106441449
2517,lammps,8,4000000,0,0.7,d,0,362.0,23.040691964285713,457408
2518,tricount,8,2000000,0,1.0,d,2,522.0,346.8861607142857,7120960
2519,tricount,8,200000,100,0.3,d,3,507.0,333.0625,7120960
2520,quicksilver,8,400000,100000,0.3,d,1,289.0,128.35752232142858,762710
2521,fiesta,8,20000,0,0.1,d,1,355.43973214285717,57.23504464285715,645120
2522,quicksilver,8,2000000,100,0.5,d,3,299.0,137.63354910714287,762710
2523,fiesta,8,2000000,100000,0.3,d,0,353.3950892857143,59.05357142857143,645120
2524,kripke,8,200000,1000,1.0,d,1,358.0,20.676116071428574,302720
2525,laghos,8,40000,100000,0.5,d,2,418.0,141.80580357142858,801311390
2526,laghos,8,4000000,0,0.5,d,0,512.0,240.66071428571428,801311390
2527,fiesta,8,2000000,1000000,0.1,d,0,358.4017857142857,62.44553571428571,645120
2528,fiesta,8,2000,100,0.5,d,2,354.625,67.24107142857143,645120
2529,amg,8,4000,10000,0.1,d,1,341.0,11.165870535714285,106441449
2530,tricount,8,40000,100,0.5,d,2,471.0,289.15401785714283,7120960
2531,minivite,8,20000,10000,1.0,d,3,388.0,67.09397321428571,24089720
2532,tricount,8,2000,100,0.3,d,0,429.0,255.75223214285714,7120960
2533,amg,8,200000,0,0.3,d,1,360.0,39.464955357142856,106441449
2534,beatnik,8,4000,100,0.5,d,3,445.0,149.96205357142858,19996182
2535,beatnik,8,4000000,1000000,0.3,d,3,507.97098214285717,220.28125,19996182
2536,tricount,8,2000,1000,0.1,d,3,431.0,256.12276785714283,7120960
2537,kripke,8,2000000,100000,0.1,d,1,360.0,23.238169642857144,302720
2538,minivite,8,2000,0,0.1,d,1,378.0,58.568303571428565,24089720
2539,fiesta,8,2000000,100,1.0,d,0,362.56026785714283,80.24080357142857,645120
2540,tricount,8,40000,10000,0.3,d,2,462.0,285.0892857142857,7120960
2541,minivite,8,4000000,100000,0.1,d,2,449.0,127.73883928571429,24089720
2542,minivite,8,400000,100000,1.0,d,2,443.0,122.09508928571428,24089720
2543,kripke,8,4000,100,1.0,d,1,365.0,22.2703125,302720
2544,minivite,8,4000,10000,0.7,d,0,384.0,61.69441964285715,24089720
2545,minife,8,4000,100000,0.3,d,3,387.0,14.822366071428572,6788000
2546,fiesta,8,20000,1000,0.7,d,3,390.27901785714283,119.83439732142857,645120
2547,quicksilver,8,40000,10000,0.1,d,0,306.83035714285717,141.25959821428572,762710
2548,laghos,8,2000,100,0.7,d,3,392.0,118.89732142857143,801311390
2549,beatnik,8,2000000,1000000,1.0,d,1,519.4754464285714,224.37723214285714,19996182
2550,beatnik,8,4000,1000000,1.0,d,2,425.92857142857144,130.51116071428572,19996182
2551,lammps,8,2000000,0,0.5,d,1,390.0,54.215624999999996,457408
2552,minivite,8,20000,10000,0.7,d,3,383.0,65.91473214285715,24089720
2553,lammps,8,2000000,1000000,0.7,d,3,357.0,24.66830357142857,457408
2554,amg,8,2000000,100000,0.1,d,3,348.0,29.837946428571428,106441449
2555,lammps,8,40000,0,1.0,d,2,368.0,27.088705357142857,457408
2556,lammps,8,2000,100,0.3,d,0,351.0,14.563392857142857,457408
2557,quicksilver,8,2000000,10000,1.0,d,2,292.0,130.94453125,762710
2558,lammps,8,4000000,0,1.0,d,3,380.0,45.88482142857142,457408
2559,tricount,8,4000,0,0.5,d,1,421.0,245.1875,7120960
2560,quicksilver,8,200000,0,0.7,d,2,296.0,134.73145089285714,762710
2561,amg,8,4000,0,0.1,d,1,368.0,32.81361607142857,106441449
2562,lammps,8,4000,10000,0.1,d,0,355.0,14.37890625,457408
2563,tricount,8,200000,1000,0.3,d,2,643.0,469.671875,7120960
2564,beatnik,8,400000,0,1.0,d,3,548.7678571428571,261.0892857142857,19996182
2565,minivite,8,20000,0,0.1,d,3,432.0,92.5421875,24089720
2566,tricount,8,400000,10000,0.3,d,2,495.0,321.5625,7120960
2567,kripke,8,20000,0,0.1,d,3,377.0,27.772098214285716,302720
2568,minife,8,400000,10000,0.5,d,3,415.0,56.291741071428575,6788000
2569,tricount,8,4000,0,0.5,d,0,432.0,258.546875,7120960
2570,quicksilver,8,2000000,10000,0.1,d,1,293.0,132.23404017857143,762710
2571,lammps,8,2000000,0,1.0,d,2,366.0,30.653124999999996,457408
2572,kripke,8,200000,100000,0.7,d,0,356.0,19.894642857142856,302720
2573,minife,8,200000,100,0.1,d,1,409.0,43.92790178571429,6788000
2574,amg,8,4000000,1000000,0.7,d,1,356.0,35.8484375,106441449
2575,minife,8,40000,100,0.7,d,3,441.0,52.14017857142858,6788000
2576,quicksilver,8,400000,10000,0.5,d,2,300.43973214285717,138.86564732142855,762710
2577,laghos,8,4000,1000,0.3,d,3,406.0,128.32142857142858,801311390
2578,lammps,8,2000000,1000000,1.0,d,3,364.0,32.90089285714286,457408
2579,kripke,8,400000,0,0.3,d,2,362.0,24.802455357142858,302720
2580,quicksilver,8,20000,1000000,0.5,d,1,290.0,129.4158705357143,762710
2581,fiesta,8,2000,100000,0.3,d,2,353.90401785714283,61.08727678571428,645120
2582,fiesta,8,40000,100,0.5,d,3,353.0825892857143,53.00736607142857,645120
2583,quicksilver,8,40000,1000,0.7,d,2,293.0,132.18915178571427,762710
2584,laghos,8,400000,0,1.0,d,3,591.0,315.09598214285717,801311390
2585,quicksilver,8,4000000,100,0.1,d,2,304.0,141.88602678571428,762710
2586,minife,8,200000,100000,0.7,d,0,413.0,48.567633928571425,6788000
2587,fiesta,8,2000,0,0.1,d,3,355.5625,54.80848214285714,645120
2588,beatnik,8,200000,0,0.5,d,0,522.8125,234.59598214285714,19996182
2589,amg,8,4000,100000,0.3,d,1,340.0,10.597232142857141,106441449
2590,tricount,8,2000000,10000,0.7,d,3,640.0,467.05357142857144,7120960
2591,kripke,8,2000000,100,0.5,d,1,358.0,21.133035714285715,302720
2592,laghos,8,2000,1000,0.3,d,2,359.0,82.89308035714284,801311390
2593,beatnik,8,4000000,0,0.1,d,2,525.8236607142857,236.54017857142858,19996182
2594,fiesta,8,20000,0,0.3,d,3,353.34375,54.14241071428571,645120
2595,lammps,8,4000,100,0.5,d,2,353.0,16.257767857142856,457408
2596,minivite,8,2000,1000,1.0,d,0,396.0,74.03750000000001,24089720
2597,tricount,8,40000,1000000,0.5,d,3,572.0,398.390625,7120960
2598,kripke,8,4000000,0,0.5,d,3,358.0,21.543080357142856,302720
2599,quicksilver,8,2000,100000,1.0,d,0,300.02232142857144,138.56656249999997,762710
2600,tricount,8,200000,100000,0.1,d,1,459.0,283.67857142857144,7120960
2601,beatnik,8,40000,1000000,0.7,d,2,432.5200892857143,140.53348214285714,19996182
2602,amg,8,40000,100,0.5,d,0,391.0,55.03058035714285,106441449
2603,amg,8,400000,100000,0.1,d,1,351.0,31.02410714285714,106441449
2604,tricount,8,4000000,100000,0.1,d,2,511.0,335.3549107142857,7120960
2605,kripke,8,20000,0,0.3,d,2,380.0,29.38214285714286,302720
2606,fiesta,8,40000,0,0.7,d,2,352.65401785714283,59.723883928571425,645120
2607,amg,8,400000,100000,0.3,d,2,358.0,41.53147321428571,106441449
2608,quicksilver,8,2000,100,0.5,d,0,291.0,129.79080357142857,762710
2609,minivite,8,20000,10000,0.5,d,3,409.0,74.20758928571429,24089720
2610,lammps,8,2000000,1000,0.5,d,3,364.0,28.503348214285715,457408
2611,kripke,8,400000,100000,0.1,d,1,357.0,20.037276785714287,302720
2612,beatnik,8,4000000,1000000,0.5,d,0,480.22544642857144,190.70982142857142,19996182
2613,beatnik,8,200000,1000000,0.3,d,0,413.95535714285717,118.14508928571429,19996182
2614,laghos,8,2000,0,0.5,d,3,387.0,112.46875,801311390
2615,fiesta,8,200000,0,0.1,d,3,356.72098214285717,59.29709821428571,645120
2616,quicksilver,8,40000,100000,0.1,d,0,293.0,131.66475446428572,762710
2617,kripke,8,400000,100,0.5,d,3,360.0,22.42700892857143,302720
2618,beatnik,8,40000,0,0.3,d,2,578.375,287.6763392857143,19996182
2619,kripke,8,4000000,10000,0.7,d,3,360.0,22.217857142857145,302720
2620,minife,8,400000,10000,0.1,d,2,406.0,40.957142857142856,6788000
2621,kripke,8,2000000,100000,1.0,d,1,360.0,22.587723214285713,302720
2622,minivite,8,200000,100,0.5,d,3,415.0,97.16205357142857,24089720
2623,fiesta,8,200000,100,0.3,d,1,353.46875,57.60022321428572,645120
2624,beatnik,8,200000,1000000,0.1,d,1,440.984375,148.07142857142858,19996182
2625,beatnik,8,2000000,1000000,0.5,d,0,516.1183035714286,223.75669642857142,19996182
2626,quicksilver,8,40000,1000000,0.5,d,1,290.02901785714283,129.61517857142857,762710
2627,minife,8,4000000,10000,0.7,d,0,404.0,37.442410714285714,6788000
2628,minife,8,4000000,100,0.5,d,3,403.0,38.13459821428571,6788000
2629,beatnik,8,200000,10000,1.0,d,2,521.265625,227.546875,19996182
2630,laghos,8,4000,1000,0.7,d,2,350.0,76.70089285714286,801311390
2631,minivite,8,200000,10000,0.1,d,3,416.0,92.00066964285713,24089720
2632,quicksilver,8,2000,0,0.1,d,2,294.0,132.97435267857142,762710
2633,amg,8,4000,1000000,0.5,d,3,348.125,19.238191964285715,106441449
2634,amg,8,4000000,1000000,0.1,d,2,350.0,29.30401785714286,106441449
2635,minivite,8,40000,100,1.0,d,1,388.0,68.15446428571428,24089720
2636,quicksilver,8,2000000,1000,0.7,d,1,294.0,132.94194196428572,762710
2637,amg,8,400000,1000000,0.1,d,0,346.0,19.662723214285712,106441449
2638,minivite,8,4000,100000,0.3,d,3,376.0,54.877008928571435,24089720
2639,minivite,8,20000,100000,0.1,d,1,375.0,54.13236607142857,24089720
2640,minivite,8,40000,10000,0.1,d,0,404.0,70.97901785714285,24089720
2641,amg,8,40000,1000,0.5,d,0,350.0,25.56227678571429,106441449
2642,quicksilver,8,4000000,100000,1.0,d,3,293.0,131.80236607142857,762710
2643,beatnik,8,4000,10000,0.7,d,3,424.0,132.57589285714286,19996182
2644,quicksilver,8,4000,0,0.7,d,1,301.2924107142857,138.3097767857143,762710
2645,tricount,8,400000,0,0.7,d,3,570.0,396.02232142857144,7120960
2646,laghos,8,4000,0,0.1,d,1,525.0,238.60267857142858,801311390
2647,minivite,8,2000000,10000,1.0,d,3,438.0,117.23995535714286,24089720
2648,beatnik,8,200000,0,0.3,d,3,495.42857142857144,209.01116071428572,19996182
2649,quicksilver,8,40000,0,0.5,d,0,294.0,132.7056473214286,762710
2650,lammps,8,40000,0,0.5,d,3,350.0,13.142946428571431,457408
2651,amg,8,40000,1000,1.0,d,1,353.125,26.69375,106441449
2652,kripke,8,20000,100,0.5,d,2,357.0,19.621205357142856,302720
2653,lammps,8,400000,1000000,0.1,d,0,354.0,18.010200892857142,457408
2654,beatnik,8,2000000,100,0.5,d,1,581.6629464285714,294.77232142857144,19996182
2655,tricount,8,400000,0,1.0,d,3,564.0,388.72098214285717,7120960
2656,tricount,8,200000,100,1.0,d,1,509.0,333.5625,7120960
2657,minife,8,20000,10000,0.7,d,0,389.0,18.65580357142857,6788000
2658,laghos,8,400000,1000000,0.3,d,2,411.0,138.26339285714286,801311390
2659,quicksilver,8,40000,1000000,0.5,d,0,302.0,140.66665178571427,762710
2660,lammps,8,2000000,100,0.3,d,3,364.0,27.549776785714283,457408
2661,laghos,8,4000000,100,0.3,d,3,574.0,301.20089285714283,801311390
2662,fiesta,8,2000,100,1.0,d,2,359.99776785714283,67.98013392857142,645120
2663,kripke,8,2000000,10000,0.3,d,2,358.0,21.426339285714285,302720
2664,amg,8,200000,100,0.3,d,2,361.0,41.89933035714286,106441449
2665,tricount,8,2000,100000,1.0,d,0,407.0,233.01339285714286,7120960
2666,minife,8,4000,10000,0.1,d,1,395.0,17.721696428571427,6788000
2667,kripke,8,2000000,10000,0.3,d,0,361.0,24.639285714285712,302720
2668,kripke,8,4000000,100,1.0,d,1,358.0,21.590624999999996,302720
2669,lammps,8,4000000,100,0.7,d,0,365.0,27.08236607142857,457408
2670,amg,8,400000,1000000,0.3,d,2,348.0,25.152232142857144,106441449
2671,kripke,8,20000,0,1.0,d,3,355.0,18.313392857142855,302720
2672,fiesta,8,200000,1000,0.5,d,0,362.66964285714283,72.52209821428572,645120
2673,laghos,8,2000,100,0.1,d,1,456.0,183.57366071428572,801311390
2674,lammps,8,400000,1000000,0.3,d,1,352.0,15.969799107142858,457408
2675,fiesta,8,40000,1000000,0.7,d,2,359.86607142857144,69.53950892857144,645120
2676,lammps,8,4000,1000,0.7,d,1,355.0,20.064955357142857,457408
2677,laghos,8,2000000,0,1.0,d,0,561.0,289.14285714285717,801311390
2678,fiesta,8,40000,100,0.3,d,2,353.43080357142856,56.599553571428565,645120
2679,kripke,8,4000000,100,0.3,d,0,358.0,20.84799107142857,302720
2680,quicksilver,8,40000,100000,1.0,d,0,307.0044642857143,141.17044642857144,762710
2681,lammps,8,20000,10000,0.5,d,3,369.0,26.651785714285715,457408
2682,fiesta,8,40000,100,0.5,d,0,384.359375,108.31696428571429,645120
2683,lammps,8,40000,1000000,1.0,d,2,356.0,14.683995535714287,457408
2684,tricount,8,400000,1000000,0.7,d,2,527.0,353.10714285714283,7120960
2685,quicksilver,8,4000,100000,1.0,d,1,290.0,129.35517857142855,762710
2686,minivite,8,200000,10000,0.1,d,0,403.0,79.02745535714287,24089720
2687,minivite,8,400000,1000,0.7,d,2,408.0,89.15915178571427,24089720
2688,quicksilver,8,400000,0,0.1,d,3,301.05580357142856,139.48558035714285,762710
2689,fiesta,8,200000,100000,0.7,d,2,353.60267857142856,63.15915178571429,645120
2690,lammps,8,2000000,100,0.3,d,2,364.0,33.77299107142857,457408
2691,minife,8,40000,10000,0.5,d,2,388.0,19.214732142857144,6788000
2692,minivite,8,40000,1000000,0.3,d,3,379.0,60.65825892857142,24089720
2693,lammps,8,40000,1000,0.5,d,2,349.0,16.00689732142857,457408
2694,minivite,8,20000,1000000,1.0,d,1,373.0,51.825446428571425,24089720
2695,amg,8,2000,1000,0.1,d,3,357.0,23.58875,106441449
2696,lammps,8,400000,1000000,0.1,d,1,352.0,14.290379464285715,457408
2697,lammps,8,2000,100000,0.3,d,1,353.0,18.614084821428573,457408
2698,beatnik,8,20000,100,0.7,d,3,438.0,138.61607142857142,19996182
2699,lammps,8,40000,1000000,0.5,d,2,357.0,23.544084821428573,457408
2700,quicksilver,8,40000,100000,0.3,d,3,303.5044642857143,140.21625,762710
2701,minife,8,40000,1000000,1.0,d,3,400.0,23.869866071428568,6788000
2702,lammps,8,2000,1000000,0.1,d,3,355.0,17.34816964285714,457408
2703,minivite,8,200000,10000,0.3,d,0,401.0,83.57745535714285,24089720
2704,fiesta,8,20000,1000000,0.1,d,1,356.3392857142857,59.74062500000001,645120
2705,minivite,8,2000000,100,0.5,d,3,404.0,84.85513392857142,24089720
2706,minife,8,200000,100,0.5,d,0,406.0,43.443080357142854,6788000
2707,fiesta,8,400000,10000,0.3,d,2,355.43080357142856,62.706473214285715,645120
2708,kripke,8,200000,1000000,0.3,d,3,354.0,17.15625,302720
2709,minife,8,20000,100000,0.5,d,2,385.0,14.08763392857143,6788000
2710,laghos,8,4000,1000,0.3,d,2,363.0,89.73370535714287,801311390
2711,lammps,8,4000,0,0.1,d,2,350.0,13.421763392857143,457408
2712,kripke,8,2000000,1000,0.7,d,2,361.0,23.290178571428573,302720
2713,beatnik,8,200000,100,0.5,d,2,514.8348214285714,225.96205357142858,19996182
2714,minife,8,2000,1000000,0.7,d,1,385.0,13.082589285714286,6788000
2715,lammps,8,4000,1000000,0.3,d,0,351.0,14.55044642857143,457408
2716,quicksilver,8,2000,0,0.5,d,2,303.0,141.38799107142856,762710
2717,beatnik,8,40000,10000,1.0,d,2,479.0200892857143,177.609375,19996182
2718,minivite,8,200000,0,0.1,d,3,398.0,79.46785714285716,24089720
2719,quicksilver,8,400000,10000,0.1,d,2,293.0,132.33274553571428,762710
2720,laghos,8,40000,1000,0.7,d,0,479.0,207.00223214285714,801311390
2721,minife,8,2000000,100000,0.3,d,2,404.0,40.6109375,6788000
2722,beatnik,8,4000,100,0.7,d,2,472.9888392857143,185.88839285714286,19996182
2723,laghos,8,200000,100,0.7,d,2,603.0,330.75669642857144,801311390
2724,kripke,8,40000,0,0.7,d,3,383.0,30.866741071428574,302720
2725,laghos,8,200000,1000000,0.7,d,1,460.0,186.88616071428572,801311390
2726,minife,8,2000,1000000,0.3,d,1,386.0,14.117455357142857,6788000
2727,quicksilver,8,40000,100000,0.7,d,0,290.0,129.21566964285714,762710
2728,minife,8,2000,0,0.5,d,3,385.0,13.141674107142858,6788000
2729,kripke,8,4000000,0,0.1,d,1,358.0,21.189732142857142,302720
2730,lammps,8,4000,100000,1.0,d,0,391.0,49.95321428571428,457408
2731,laghos,8,400000,100000,0.7,d,2,565.0,290.52455357142856,801311390
2732,minivite,8,2000,1000,0.1,d,0,395.0,65.39888392857144,24089720
2733,minivite,8,2000,100000,0.5,d,1,377.0,57.703125,24089720
2734,quicksilver,8,2000000,1000000,1.0,d,1,294.0,133.16883928571428,762710
2735,minivite,8,4000,1000,0.3,d,0,390.0,69.24174107142856,24089720
2736,tricount,8,2000,1000,0.3,d,0,400.0,225.125,7120960
2737,quicksilver,8,400000,100,0.7,d,1,301.0,139.22033482142857,762710
2738,minivite,8,2000,100,0.5,d,2,387.0,68.91830357142858,24089720
2739,laghos,8,40000,10000,0.7,d,2,485.0,212.48214285714286,801311390
2740,fiesta,8,4000,1000000,0.3,d,1,352.93526785714283,57.848437499999996,645120
2741,kripke,8,2000,100,0.3,d,0,357.0,18.380357142857147,302720
2742,lammps,8,4000,0,0.7,d,1,357.0,18.4025,457408
2743,tricount,8,400000,100,0.1,d,2,475.0,300.42410714285717,7120960
2744,tricount,8,2000,100,1.0,d,0,421.0,247.109375,7120960
2745,quicksilver,8,200000,1000,0.3,d,2,300.9732142857143,138.50763392857144,762710
2746,beatnik,8,200000,0,1.0,d,3,588.7745535714286,302.64955357142856,19996182
2747,beatnik,8,2000,1000,0.5,d,3,402.7075892857143,110.07589285714286,19996182
2748,laghos,8,2000000,10000,0.3,d,0,563.0,287.23214285714283,801311390
2749,fiesta,8,4000000,10000,0.7,d,1,353.68080357142856,59.75803571428571,645120
2750,laghos,8,4000,1000,1.0,d,0,371.0,93.53638392857144,801311390
2751,beatnik,8,4000000,0,1.0,d,1,607.4799107142857,319.3236607142857,19996182
2752,lammps,8,2000000,1000000,0.5,d,2,355.0,18.995602678571426,457408
2753,fiesta,8,4000000,100,1.0,d,3,363.81473214285717,89.67031250000001,645120
2754,laghos,8,2000000,10000,0.7,d,1,713.0,438.4799107142857,801311390
2755,minife,8,20000,1000000,1.0,d,1,467.0,92.67455357142856,6788000
2756,tricount,8,4000000,1000000,0.3,d,1,576.0,402.953125,7120960
2757,fiesta,8,200000,10000,0.1,d,0,367.46875,97.48348214285716,645120
2758,tricount,8,40000,0,0.3,d,2,459.0,285.5200892857143,7120960
2759,amg,8,4000000,1000000,0.3,d,1,355.0,38.37700892857142,106441449
2760,laghos,8,400000,100000,1.0,d,1,543.0,271.6517857142857,801311390
2761,beatnik,8,4000,1000000,0.3,d,0,428.0,134.44642857142858,19996182
2762,beatnik,8,40000,10000,0.3,d,2,462.97098214285717,168.17633928571428,19996182
2763,beatnik,8,2000000,0,0.1,d,0,490.40848214285717,196.18080357142858,19996182
2764,fiesta,8,2000000,100000,1.0,d,3,363.90401785714283,80.12834821428571,645120
2765,quicksilver,8,2000000,100000,0.1,d,1,300.03348214285717,138.6864955357143,762710
2766,beatnik,8,2000,0,0.5,d,1,411.0,115.71875,19996182
2767,beatnik,8,4000000,0,0.5,d,3,487.81026785714283,198.06919642857142,19996182
2768,fiesta,8,2000,1000000,0.7,d,0,352.55580357142856,55.93080357142857,645120
2769,minivite,8,2000000,1000,0.7,d,0,430.0,113.98102678571429,24089720
2770,minife,8,4000,0,0.7,d,2,392.0,17.898236607142856,6788000
2771,laghos,8,2000000,1000,0.5,d,1,566.0,291.0,801311390
2772,quicksilver,8,40000,1000000,0.7,d,0,292.27232142857144,131.54866071428572,762710
2773,fiesta,8,4000,100,1.0,d,0,363.796875,73.80982142857142,645120
2774,fiesta,8,2000000,1000000,0.7,d,2,353.765625,62.857366071428565,645120
2775,lammps,8,2000,10000,0.3,d,0,356.0,17.201919642857142,457408
2776,kripke,8,200000,100,0.5,d,3,358.0,21.145982142857143,302720
2777,lammps,8,400000,1000,0.1,d,2,384.0,46.996361607142866,457408
2778,minivite,8,40000,1000000,0.5,d,1,385.0,65.99821428571428,24089720
2779,lammps,8,4000000,1000000,1.0,d,3,356.0,22.65357142857143,457408
2780,lammps,8,4000,0,0.5,d,1,352.0,15.151339285714284,457408
2781,kripke,8,200000,10000,0.7,d,3,359.0,22.233035714285712,302720
2782,beatnik,8,2000,1000000,0.3,d,1,401.18973214285717,108.93392857142858,19996182
2783,beatnik,8,200000,1000,0.3,d,2,497.40401785714283,209.78348214285714,19996182
2784,laghos,8,20000,0,0.7,d,0,478.0,197.80803571428572,801311390
2785,kripke,8,40000,10000,0.7,d,1,357.0,20.00848214285714,302720
2786,minivite,8,40000,1000,1.0,d,0,431.0,93.65200892857142,24089720
2787,beatnik,8,200000,0,0.5,d,1,513.0848214285714,226.01116071428572,19996182
2788,minife,8,400000,100,0.5,d,2,410.0,46.34486607142857,6788000
2789,minivite,8,20000,100000,0.5,d,3,379.0,59.81138392857143,24089720
2790,kripke,8,40000,0,1.0,d,2,356.0,19.25736607142857,302720
2791,amg,8,400000,0,0.7,d,0,362.0,44.01428571428572,106441449
2792,minivite,8,400000,1000000,0.7,d,0,388.0,68.54799107142857,24089720
2793,fiesta,8,20000,1000,0.3,d,3,381.2924107142857,104.83241071428571,645120
2794,minivite,8,4000,10000,0.7,d,2,376.0,58.54709821428571,24089720
2795,fiesta,8,4000000,0,0.7,d,2,355.8392857142857,58.458705357142854,645120
2796,quicksilver,8,20000,10000,1.0,d,2,311.0,142.86296875,762710
2797,laghos,8,40000,1000,0.3,d,1,540.0,260.6919642857143,801311390
2798,kripke,8,200000,1000,1.0,d,0,358.0,21.934151785714285,302720
2799,amg,8,2000,10000,0.7,d,1,340.0,10.839308035714286,106441449
2800,fiesta,8,4000,10000,1.0,d,0,363.27901785714283,68.41821428571428,645120
2801,beatnik,8,2000000,100,0.1,d,0,609.8102678571429,320.04464285714283,19996182
2802,minife,8,2000,1000,1.0,d,3,392.0,17.15546875,6788000
2803,minife,8,2000,100,0.7,d,3,384.0,12.788191964285714,6788000
2804,quicksilver,8,4000000,10000,0.5,d,2,302.0,139.94848214285713,762710
2805,laghos,8,2000,100,0.1,d,2,440.0,167.25892857142858,801311390
2806,minife,8,200000,10000,0.5,d,2,405.0,42.196875,6788000
2807,lammps,8,200000,10000,0.7,d,2,358.0,26.727678571428573,457408
2808,kripke,8,4000,100000,0.7,d,3,357.0,18.62455357142857,302720
2809,minife,8,40000,100,0.5,d,2,437.0,49.24955357142858,6788000
2810,fiesta,8,400000,10000,0.3,d,1,357.90625,71.44910714285713,645120
2811,laghos,8,2000,0,0.5,d,1,367.0,93.30848214285713,801311390
2812,lammps,8,4000,1000000,0.7,d,1,348.0,13.344017857142859,457408
2813,tricount,8,20000,100,0.3,d,3,412.0,238.24330357142858,7120960
2814,beatnik,8,2000000,10000,0.5,d,0,514.6763392857143,220.03794642857142,19996182
2815,amg,8,4000000,1000,0.1,d,2,360.0,45.24196428571429,106441449
2816,laghos,8,4000,100,0.1,d,2,505.0,217.10714285714286,801311390
2817,minivite,8,2000000,1000,0.7,d,3,411.0,92.58058035714285,24089720
2818,fiesta,8,4000,100000,1.0,d,0,356.234375,56.21004464285714,645120
2819,beatnik,8,20000,1000000,0.7,d,0,411.20089285714283,116.62723214285714,19996182
2820,amg,8,2000000,1000,0.7,d,1,357.0,38.775446428571435,106441449
2821,kripke,8,200000,1000000,0.7,d,0,354.0,17.956473214285715,302720
2822,tricount,8,20000,1000000,0.7,d,1,442.0,268.93973214285717,7120960
2823,tricount,8,2000,10000,1.0,d,2,438.0,263.8482142857143,7120960
2824,lammps,8,20000,1000000,0.3,d,0,358.0,21.066316964285715,457408
2825,minife,8,2000,1000000,0.1,d,1,393.0,17.851361607142856,6788000
2826,lammps,8,20000,1000,0.5,d,1,350.0,15.096093750000003,457408
2827,tricount,8,2000,100000,0.3,d,3,406.0,233.02678571428572,7120960
2828,beatnik,8,400000,0,0.1,d,3,561.0580357142857,266.81026785714283,19996182
2829,quicksilver,8,4000000,0,0.1,d,1,293.0,131.76600446428571,762710
2830,fiesta,8,20000,10000,0.1,d,1,357.31919642857144,59.2359375,645120
2831,quicksilver,8,2000,100000,0.7,d,3,299.0,137.68323660714287,762710
2832,minife,8,400000,10000,0.3,d,0,409.0,49.519866071428574,6788000
2833,kripke,8,200000,0,1.0,d,2,357.0,19.94375,302720
2834,lammps,8,2000,1000,0.1,d,0,358.0,20.324598214285714,457408
2835,tricount,8,2000000,100000,1.0,d,2,556.0,381.39955357142856,7120960
2836,fiesta,8,200000,1000000,0.1,d,2,356.34375,58.462946428571435,645120
2837,minife,8,2000000,100000,1.0,d,3,406.0,41.792187500000004,6788000
2838,amg,8,40000,10000,0.3,d,3,375.0,40.268750000000004,106441449
2839,quicksilver,8,4000,1000,0.1,d,2,309.42410714285717,139.8596205357143,762710
2840,laghos,8,4000000,1000,0.1,d,1,559.0,287.41294642857144,801311390
2841,kripke,8,2000000,10000,0.3,d,1,358.0,21.044419642857143,302720
2842,minife,8,2000,100,0.1,d,1,388.0,14.606383928571429,6788000
2843,beatnik,8,2000000,1000000,0.3,d,3,463.0,171.77901785714286,19996182
2844,quicksilver,8,4000,100000,1.0,d,2,290.14285714285717,129.5678125,762710
2845,amg,8,2000000,100000,1.0,d,0,360.0,41.178125,106441449
2846,tricount,8,4000000,1000,0.5,d,1,737.0,563.6540178571429,7120960
2847,amg,8,2000000,1000000,0.7,d,0,352.0,33.91450892857143,106441449
2848,beatnik,8,400000,1000000,0.1,d,1,427.87276785714283,134.70758928571428,19996182
2849,quicksilver,8,40000,100000,0.5,d,2,292.62276785714283,131.68671874999998,762710
2850,laghos,8,200000,1000000,1.0,d,0,475.0,201.77008928571428,801311390
2851,minivite,8,2000000,0,0.3,d,0,416.0,97.43437500000002,24089720
2852,quicksilver,8,2000,100,0.5,d,1,300.01785714285717,138.76716517857142,762710
2853,fiesta,8,400000,10000,1.0,d,3,363.19419642857144,85.24151785714285,645120
2854,laghos,8,4000,10000,0.3,d,0,376.0,96.84107142857144,801311390
2855,laghos,8,40000,1000000,0.1,d,1,411.0,135.81026785714286,801311390
2856,fiesta,8,4000000,1000,0.3,d,3,353.84375,57.978794642857146,645120
2857,beatnik,8,4000000,100,0.5,d,3,914.3705357142857,635.2544642857143,19996182
2858,amg,8,2000,1000,0.7,d,2,346.0,17.63015625,106441449
2859,minivite,8,400000,100,0.5,d,1,405.0,86.59308035714285,24089720
2860,kripke,8,4000,100,0.7,d,0,366.0,22.150669642857142,302720
2861,amg,8,2000000,0,0.3,d,2,352.0,35.33705357142857,106441449
2862,laghos,8,400000,100000,1.0,d,3,617.0,345.93526785714283,801311390
2863,tricount,8,400000,0,0.5,d,2,540.0,365.828125,7120960
2864,fiesta,8,4000000,0,0.3,d,2,353.55580357142856,60.496205357142856,645120
2865,laghos,8,2000000,10000,0.7,d,3,610.0,335.25,801311390
2866,amg,8,40000,1000,0.3,d,3,348.0,21.71808035714286,106441449
2867,quicksilver,8,2000000,1000,0.7,d,2,301.0,139.61216517857142,762710
2868,laghos,8,2000,100000,0.1,d,3,352.0,75.09241071428572,801311390
2869,laghos,8,2000,100000,0.5,d,0,335.0,60.253794642857144,801311390
2870,minife,8,20000,100,1.0,d,2,451.0,58.70267857142857,6788000
2871,kripke,8,4000,100,0.5,d,3,365.0,21.961160714285715,302720
2872,minivite,8,400000,100000,1.0,d,1,435.0,116.02678571428571,24089720
2873,minife,8,2000000,100000,0.7,d,2,402.0,34.51428571428572,6788000
2874,lammps,8,200000,10000,0.3,d,1,362.0,27.768973214285715,457408
2875,minife,8,4000000,1000000,0.3,d,0,399.0,32.160044642857144,6788000
2876,tricount,8,2000000,1000,1.0,d,0,609.0,435.33482142857144,7120960
2877,minife,8,2000,100,0.1,d,3,414.0,29.153125000000006,6788000
2878,kripke,8,2000000,0,0.1,d,0,359.0,22.00870535714285,302720
2879,quicksilver,8,4000,10000,0.7,d,0,301.0,137.09694196428572,762710
2880,beatnik,8,2000000,1000000,1.0,d,2,540.5424107142857,250.28348214285714,19996182
2881,amg,8,4000000,1000000,0.7,d,2,359.0,42.99196428571429,106441449
2882,minivite,8,400000,100000,0.3,d,0,399.0,79.69352678571428,24089720
2883,minife,8,4000,1000000,0.3,d,2,385.0,13.486205357142856,6788000
2884,lammps,8,4000000,100,0.7,d,2,359.0,26.29004464285714,457408
2885,amg,8,40000,100,0.5,d,2,391.0,54.465625,106441449
2886,laghos,8,2000,10000,0.1,d,3,327.0,52.68839285714286,801311390
2887,kripke,8,400000,1000000,0.5,d,2,356.0,18.496875,302720
2888,quicksilver,8,400000,10000,0.3,d,3,302.0,140.16571428571427,762710
2889,quicksilver,8,40000,1000000,0.7,d,1,296.0,134.82895089285714,762710
2890,lammps,8,4000,0,0.7,d,2,355.0,18.30926339285714,457408
2891,tricount,8,400000,0,0.3,d,1,517.0,343.58482142857144,7120960
2892,fiesta,8,4000,10000,0.7,d,1,361.5,75.66919642857142,645120
2893,beatnik,8,2000,1000000,0.3,d,2,403.0,107.70290178571429,19996182
2894,minivite,8,20000,0,0.5,d,3,421.0,82.70178571428572,24089720
2895,minife,8,200000,100,0.3,d,0,404.0,38.079910714285724,6788000
2896,amg,8,40000,0,0.1,d,2,372.0,37.464062500000004,106441449
2897,minivite,8,2000,100000,1.0,d,2,383.0,62.597098214285715,24089720
2898,beatnik,8,2000000,10000,0.1,d,0,554.28125,259.8705357142857,19996182
2899,kripke,8,2000,100,0.3,d,2,359.0,19.30401785714286,302720
2900,fiesta,8,4000,100000,0.1,d,3,359.16294642857144,57.04397321428571,645120
2901,lammps,8,4000,0,1.0,d,1,363.0,24.66926339285714,457408
2902,beatnik,8,4000000,1000000,1.0,d,2,653.0625,367.0,19996182
2903,lammps,8,200000,1000000,0.5,d,0,356.0,20.488080357142856,457408
2904,lammps,8,40000,1000000,0.3,d,3,354.0,20.65183035714286,457408
2905,beatnik,8,400000,0,0.3,d,1,751.6785714285714,464.8549107142857,19996182
2906,quicksilver,8,200000,100,1.0,d,0,303.0,141.2041294642857,762710
2907,amg,8,4000000,10000,0.1,d,1,360.0,40.46897321428571,106441449
2908,minivite,8,2000,0,0.3,d,0,386.0,67.16696428571429,24089720
2909,tricount,8,4000000,100000,0.3,d,3,663.0,490.0513392857143,7120960
2910,minivite,8,400000,1000000,0.3,d,0,398.0,79.42857142857143,24089720
2911,kripke,8,4000000,0,0.3,d,2,358.0,21.214955357142856,302720
2912,kripke,8,20000,1000,0.1,d,1,356.0,18.7734375,302720
2913,laghos,8,20000,100000,0.5,d,3,403.0,128.23883928571428,801311390
2914,quicksilver,8,20000,0,0.1,d,3,289.0,128.15845982142858,762710
2915,beatnik,8,400000,100000,0.3,d,3,516.0111607142857,227.84821428571428,19996182
2916,lammps,8,4000,10000,0.1,d,1,355.0,16.67877232142857,457408
2917,laghos,8,4000000,100,1.0,d,1,571.0,298.49776785714283,801311390
2918,fiesta,8,400000,100000,0.1,d,0,363.14955357142856,82.74575892857142,645120
2919,lammps,8,400000,1000000,0.5,d,3,353.0,20.064285714285713,457408
2920,amg,8,40000,100,1.0,d,3,393.0,58.23549107142857,106441449
2921,quicksilver,8,200000,100000,0.1,d,0,291.0,129.9155357142857,762710
2922,minivite,8,200000,10000,0.1,d,2,414.0,89.32232142857141,24089720
2923,laghos,8,200000,100000,0.5,d,0,500.0,228.52232142857142,801311390
2924,quicksilver,8,4000000,0,0.3,d,1,300.0,138.07770089285714,762710
2925,quicksilver,8,4000,100,0.5,d,0,289.98214285714283,128.68441964285714,762710
2926,fiesta,8,40000,10000,0.7,d,3,353.0736607142857,58.75044642857142,645120
2927,fiesta,8,2000,100,0.1,d,2,361.07142857142856,72.45803571428573,645120
2928,fiesta,8,200000,1000000,0.5,d,3,361.37723214285717,74.87611607142857,645120
2929,tricount,8,20000,0,0.3,d,2,474.0,300.41964285714283,7120960
2930,fiesta,8,40000,1000,0.7,d,3,384.46875,106.37636160714285,645120
2931,fiesta,8,400000,0,0.3,d,0,364.65625,86.94977678571429,645120
2932,tricount,8,200000,1000,0.7,d,0,493.0,319.28348214285717,7120960
2933,laghos,8,2000000,100,0.3,d,0,565.0,292.13839285714283,801311390
2934,minife,8,4000,1000000,0.5,d,1,385.0,13.907232142857143,6788000
2935,kripke,8,20000,0,1.0,d,2,389.0,33.559151785714285,302720
2936,lammps,8,2000000,0,0.3,d,3,362.0,23.79861607142857,457408
2937,amg,8,2000,0,0.7,d,1,342.0,12.92997767857143,106441449
2938,beatnik,8,2000000,1000,0.7,d,1,560.9732142857143,274.5044642857143,19996182
2939,quicksilver,8,2000,100000,0.5,d,1,303.39732142857144,141.91754464285717,762710
2940,beatnik,8,2000,100,0.5,d,0,408.94419642857144,113.20758928571429,19996182
2941,minivite,8,40000,0,0.7,d,3,400.0,80.32522321428571,24089720
2942,quicksilver,8,2000,0,1.0,d,1,301.0,139.57151785714285,762710
2943,beatnik,8,2000000,100,0.7,d,2,577.9665178571429,288.8861607142857,19996182
2944,beatnik,8,4000000,1000000,0.3,d,0,517.0,232.15178571428572,19996182
2945,kripke,8,40000,1000000,0.1,d,1,356.0,19.22700892857143,302720
2946,tricount,8,4000000,10000,0.1,d,1,648.0,473.63839285714283,7120960
2947,laghos,8,200000,100,0.7,d,0,603.0,331.86830357142856,801311390
2948,tricount,8,40000,100000,0.5,d,1,466.0,290.15625,7120960
2949,fiesta,8,200000,10000,1.0,d,3,356.41294642857144,60.55290178571429,645120
2950,minivite,8,4000,10000,0.1,d,0,384.0,63.25959821428571,24089720
2951,kripke,8,4000000,1000000,0.1,d,3,355.0,18.82611607142857,302720
2952,lammps,8,400000,0,0.7,d,0,363.0,25.63939732142857,457408
2953,fiesta,8,40000,10000,0.3,d,0,352.41517857142856,59.354910714285715,645120
2954,laghos,8,4000,10000,0.5,d,3,363.0,86.60848214285714,801311390
2955,lammps,8,400000,10000,0.7,d,3,366.0,30.31607142857143,457408
2956,minivite,8,2000000,100,0.1,d,0,423.0,101.65602678571429,24089720
2957,tricount,8,4000,0,1.0,d,2,443.0,267.9174107142857,7120960
2958,amg,8,40000,1000,0.5,d,3,385.0,50.12120535714286,106441449
2959,amg,8,4000000,100000,0.5,d,3,359.0,39.88125,106441449
2960,minivite,8,4000000,100,1.0,d,0,453.0,133.14732142857142,24089720
2961,minife,8,4000,100,0.5,d,3,385.0,14.558058035714286,6788000
2962,laghos,8,2000,0,0.3,d,2,379.0,105.63303571428571,801311390
2963,kripke,8,4000,100000,0.1,d,0,354.0,17.22142857142857,302720
2964,laghos,8,200000,1000000,0.7,d,2,446.0,173.25669642857142,801311390
2965,amg,8,4000,1000,0.7,d,1,352.0,21.67502232142857,106441449
2966,minife,8,400000,100,0.5,d,0,406.0,43.494196428571435,6788000
2967,lammps,8,4000,100,1.0,d,3,357.0,18.243191964285714,457408
2968,laghos,8,2000000,1000,0.1,d,1,604.0,333.59375,801311390
2969,fiesta,8,4000000,0,1.0,d,0,365.8794642857143,90.98705357142856,645120
2970,quicksilver,8,4000000,100000,0.7,d,1,292.0,130.88015625,762710
2971,laghos,8,400000,1000,1.0,d,1,591.0,320.42857142857144,801311390
2972,lammps,8,400000,1000000,0.5,d,0,356.0,22.204821428571424,457408
2973,amg,8,20000,1000,0.3,d,0,377.0,40.728571428571435,106441449
2974,beatnik,8,400000,100000,0.5,d,2,515.3526785714286,223.90178571428572,19996182
2975,tricount,8,2000000,10000,0.3,d,3,493.0,319.53348214285717,7120960
2976,lammps,8,2000000,1000000,0.5,d,0,385.0,47.20401785714286,457408
2977,quicksilver,8,4000000,1000000,0.1,d,1,293.0,132.04796875000002,762710
2978,fiesta,8,4000000,100,0.5,d,0,357.11607142857144,84.63638392857145,645120
2979,quicksilver,8,4000000,0,0.5,d,3,293.0,132.35917410714288,762710
2980,lammps,8,2000000,100000,1.0,d,0,371.0,38.02366071428571,457408
2981,tricount,8,200000,100,0.5,d,0,565.0,390.55580357142856,7120960
2982,laghos,8,400000,10000,0.3,d,3,610.0,338.92857142857144,801311390
2983,kripke,8,2000,100,0.1,d,0,374.0,26.537723214285716,302720
2984,laghos,8,2000,10000,1.0,d,2,343.0,68.28102678571429,801311390
2985,minivite,8,400000,100,0.1,d,2,418.0,92.69553571428571,24089720
2986,beatnik,8,40000,10000,0.5,d,3,480.57589285714283,186.02232142857142,19996182
2987,tricount,8,4000000,0,0.1,d,0,515.0,339.33482142857144,7120960
2988,laghos,8,4000000,100000,0.5,d,3,584.0,309.05580357142856,801311390
2989,fiesta,8,200000,10000,0.3,d,1,357.65625,66.30758928571429,645120
2990,minife,8,4000000,10000,0.5,d,0,405.0,42.973214285714285,6788000
2991,amg,8,400000,0,1.0,d,2,362.0,44.5953125,106441449
2992,minivite,8,2000,10000,0.5,d,2,370.0,50.931919642857146,24089720
2993,beatnik,8,20000,1000,0.5,d,3,436.0,136.81026785714286,19996182
2994,minife,8,4000000,100,0.5,d,1,410.0,50.51674107142857,6788000
2995,lammps,8,2000,1000000,1.0,d,0,357.0,16.50466517857143,457408
2996,kripke,8,400000,10000,1.0,d,1,360.0,22.466964285714287,302720
2997,kripke,8,4000000,100000,0.7,d,3,361.0,23.234375,302720
2998,tricount,8,4000000,10000,0.5,d,2,518.0,342.31473214285717,7120960
2999,quicksilver,8,4000000,100,0.5,d,2,293.0,131.82573660714286,762710
3000,lammps,8,4000000,10000,1.0,d,0,376.0,42.45290178571429,457408
3001,lammps,8,2000,0,0.5,d,3,459.0,122.29375,457408
3002,amg,8,200000,10000,0.5,d,0,357.0,39.60111607142857,106441449
3003,minife,8,2000,0,0.3,d,0,388.0,16.170334821428572,6788000
3004,quicksilver,8,20000,10000,0.5,d,0,307.0,140.15283482142857,762710
3005,minife,8,400000,100,0.7,d,1,405.0,39.542633928571426,6788000
3006,amg,8,2000000,100,0.7,d,3,354.0,37.04776785714286,106441449
3007,amg,8,2000000,10000,1.0,d,3,357.0,39.09397321428571,106441449
3008,minivite,8,200000,0,0.3,d,2,428.0,112.59620535714286,24089720
3009,minife,8,400000,1000000,0.7,d,2,397.0,28.157589285714288,6788000
3010,kripke,8,2000,0,0.3,d,2,353.0,16.752232142857142,302720
3011,tricount,8,4000000,10000,0.7,d,3,672.0,498.109375,7120960
3012,minivite,8,4000000,100,0.3,d,1,426.0,105.75111607142857,24089720
3013,beatnik,8,2000000,100,0.1,d,2,549.3995535714286,258.125,19996182
3014,beatnik,8,200000,1000,0.5,d,0,506.83705357142856,221.37946428571428,19996182
3015,lammps,8,200000,0,0.5,d,1,369.0,28.792410714285715,457408
3016,fiesta,8,2000000,1000,0.3,d,1,365.63169642857144,98.42611607142858,645120
3017,minivite,8,2000,100000,0.5,d,3,372.0,54.11562500000001,24089720
3018,beatnik,8,2000000,0,0.5,d,2,522.8616071428571,228.70758928571428,19996182
3019,kripke,8,4000,1000000,0.7,d,3,354.0,17.522767857142856,302720
3020,fiesta,8,400000,1000000,0.7,d,3,354.98660714285717,57.846875000000004,645120
3021,kripke,8,2000,1000000,1.0,d,2,354.0,17.28526785714286,302720
3022,minife,8,400000,10000,0.7,d,2,406.0,42.41651785714286,6788000
3023,quicksilver,8,2000000,1000000,0.5,d,1,297.0,135.76870535714286,762710
3024,minivite,8,20000,100,0.5,d,3,383.0,63.56071428571429,24089720
3025,amg,8,400000,1000000,0.1,d,1,345.0,19.270312499999996,106441449
3026,minivite,8,200000,100,1.0,d,0,440.0,115.85513392857142,24089720
3027,beatnik,8,400000,1000,0.3,d,1,671.1808035714286,385.53348214285717,19996182
3028,quicksilver,8,2000,1000000,1.0,d,3,289.0,127.96037946428571,762710
3029,quicksilver,8,4000,1000,0.7,d,2,293.0,131.81013392857145,762710
3030,minivite,8,2000000,1000,0.1,d,2,445.0,126.734375,24089720
3031,amg,8,4000,100000,1.0,d,0,346.0,16.763392857142858,106441449
3032,laghos,8,400000,100000,0.1,d,1,514.0,241.33482142857142,801311390
3033,beatnik,8,4000000,10000,0.5,d,2,631.3616071428571,347.97767857142856,19996182
3034,laghos,8,4000000,1000,0.5,d,2,567.0,295.6138392857143,801311390
3035,minivite,8,400000,1000000,1.0,d,0,430.0,110.90357142857144,24089720
3036,amg,8,400000,1000,0.1,d,3,359.0,43.53772321428572,106441449
3037,minivite,8,2000000,100000,0.7,d,0,406.0,84.24397321428572,24089720
3038,beatnik,8,200000,0,1.0,d,1,514.9977678571429,224.11607142857142,19996182
3039,lammps,8,2000,0,0.7,d,1,428.0,88.82366071428571,457408
3040,minife,8,20000,100000,0.1,d,1,391.0,16.133861607142858,6788000
3041,amg,8,2000000,1000,0.3,d,0,359.0,40.402901785714285,106441449
3042,beatnik,8,20000,1000000,0.5,d,1,408.890625,111.95758928571429,19996182
3043,kripke,8,4000000,100,1.0,d,2,358.0,21.278125,302720
3044,tricount,8,4000000,100000,1.0,d,1,573.0,399.03125,7120960
3045,beatnik,8,20000,1000000,1.0,d,2,403.5669642857143,108.64955357142857,19996182
3046,minivite,8,4000,0,0.5,d,3,393.0,71.43616071428572,24089720
3047,amg,8,2000,1000000,1.0,d,3,339.0,9.744107142857144,106441449
3048,tricount,8,40000,10000,0.3,d,3,452.0,278.33482142857144,7120960
3049,quicksilver,8,4000000,0,0.3,d,3,293.0,132.0340625,762710
3050,tricount,8,40000,100,0.7,d,0,439.0,257.95982142857144,7120960
3051,quicksilver,8,400000,0,1.0,d,1,290.0,129.08285714285714,762710
3052,kripke,8,200000,1000,0.1,d,3,357.0,20.6421875,302720
3053,laghos,8,200000,0,1.0,d,0,584.0,311.47544642857144,801311390
3054,minivite,8,4000,100,0.7,d,3,387.0,69.10669642857142,24089720
3055,tricount,8,2000000,0,0.5,d,2,587.0,413.5513392857143,7120960
3056,fiesta,8,4000000,1000000,1.0,d,3,371.5357142857143,99.10669642857144,645120
3057,fiesta,8,2000000,100,0.7,d,1,356.328125,76.20736607142858,645120
3058,lammps,8,2000,10000,0.7,d,3,365.0,26.052232142857147,457408
3059,quicksilver,8,2000000,100000,0.1,d,2,292.0,131.03158482142857,762710
3060,tricount,8,2000000,100,0.3,d,3,609.0,436.04464285714283,7120960
3061,laghos,8,200000,1000000,0.1,d,2,416.0,143.35491071428572,801311390
3062,fiesta,8,2000,1000000,0.5,d,1,353.4263392857143,57.56138392857143,645120
3063,quicksilver,8,40000,0,1.0,d,3,292.0,131.25658482142856,762710
3064,fiesta,8,40000,0,0.5,d,3,388.1049107142857,122.39397321428571,645120
3065,kripke,8,2000000,100000,0.1,d,3,356.0,19.86785714285714,302720
3066,beatnik,8,2000000,1000,0.5,d,3,570.8348214285714,284.8794642857143,19996182
3067,minife,8,400000,1000,0.5,d,1,408.0,47.89084821428572,6788000
3068,tricount,8,20000,1000000,0.5,d,0,406.0,232.76339285714286,7120960
3069,fiesta,8,40000,100,0.3,d,1,386.7544642857143,117.02254464285714,645120
3070,kripke,8,20000,100,0.7,d,1,385.0,31.739285714285717,302720
3071,fiesta,8,2000000,1000,0.3,d,2,354.578125,70.19486607142856,645120
3072,tricount,8,4000000,1000000,0.3,d,3,595.0,421.14285714285717,7120960
3073,beatnik,8,40000,1000000,0.3,d,1,426.0,133.37053571428572,19996182
3074,fiesta,8,20000,1000,0.1,d,1,385.04017857142856,110.58136160714287,645120
3075,lammps,8,40000,100000,0.3,d,2,363.0,23.109151785714282,457408
3076,minivite,8,2000,1000,0.1,d,1,397.0,75.30401785714285,24089720
3077,minife,8,4000,0,0.3,d,2,385.0,13.697254464285715,6788000
3078,amg,8,4000,1000,1.0,d,0,341.0,12.140446428571428,106441449
3079,beatnik,8,2000,10000,0.1,d,3,411.0,111.16629464285714,19996182
3080,tricount,8,40000,100,0.3,d,1,457.0,279.609375,7120960
3081,kripke,8,40000,100,0.3,d,0,380.0,30.012276785714285,302720
3082,beatnik,8,4000,100,0.1,d,2,444.65625,144.43973214285714,19996182
3083,minivite,8,20000,100000,0.3,d,3,379.0,59.10825892857143,24089720
3084,laghos,8,400000,0,0.1,d,1,589.0,312.02232142857144,801311390
3085,beatnik,8,200000,100000,0.7,d,2,466.98660714285717,173.609375,19996182
3086,fiesta,8,4000000,1000,0.7,d,2,353.85044642857144,63.285044642857144,645120
3087,amg,8,400000,10000,1.0,d,0,359.0,40.872767857142854,106441449
3088,amg,8,20000,1000,0.3,d,2,346.0,18.358035714285712,106441449
3089,laghos,8,40000,100000,0.1,d,1,398.0,125.171875,801311390
3090,tricount,8,400000,1000000,0.3,d,0,451.0,277.51785714285717,7120960
3091,fiesta,8,20000,10000,1.0,d,0,356.25223214285717,58.72522321428572,645120
3092,minivite,8,400000,100,0.5,d,3,407.0,89.50825892857142,24089720
3093,laghos,8,2000000,100000,0.1,d,0,522.0,250.58035714285714,801311390
3094,laghos,8,4000,100,0.1,d,0,356.0,81.65625,801311390
3095,minife,8,4000000,100000,0.1,d,2,406.0,40.753348214285715,6788000
3096,amg,8,20000,1000,0.5,d,2,348.0,21.29754464285714,106441449
3097,tricount,8,200000,10000,0.3,d,3,606.0,432.13839285714283,7120960
3098,amg,8,20000,100,0.7,d,1,354.0,25.354598214285716,106441449
3099,tricount,8,200000,1000000,0.3,d,0,455.0,281.95982142857144,7120960
3100,quicksilver,8,400000,0,0.5,d,1,294.078125,133.58671875,762710
3101,laghos,8,200000,10000,0.7,d,2,595.0,323.45982142857144,801311390
3102,tricount,8,40000,1000,0.7,d,1,441.0,267.13392857142856,7120960
3103,fiesta,8,20000,1000000,0.3,d,0,352.57142857142856,59.580133928571435,645120
3104,fiesta,8,4000,0,1.0,d,2,356.0,59.28950892857142,645120
3105,minife,8,20000,10000,0.3,d,3,386.0,14.914776785714285,6788000
3106,amg,8,400000,100000,0.7,d,1,358.0,39.497991071428565,106441449
3107,beatnik,8,40000,1000,0.1,d,2,455.01339285714283,151.41741071428572,19996182
3108,laghos,8,2000,10000,0.3,d,0,337.0,62.668973214285714,801311390
3109,laghos,8,4000000,1000000,0.1,d,2,439.0,165.68973214285714,801311390
3110,amg,8,4000000,100,0.3,d,1,361.0,47.02879464285714,106441449
3111,kripke,8,20000,1000,0.3,d,0,354.0,17.837276785714288,302720
3112,lammps,8,200000,100000,0.7,d,2,359.0,20.106428571428573,457408
3113,lammps,8,400000,100000,0.3,d,3,360.0,25.681919642857142,457408
3114,lammps,8,2000,0,0.3,d,3,350.0,16.981004464285714,457408
3115,fiesta,8,200000,1000,0.7,d,1,356.3236607142857,60.43553571428571,645120
3116,lammps,8,2000,0,0.3,d,0,353.0,16.202165178571427,457408
3117,kripke,8,40000,10000,1.0,d,3,385.0,32.62522321428571,302720
3118,fiesta,8,4000,0,0.1,d,0,384.45982142857144,103.81495535714286,645120
3119,lammps,8,4000000,100,1.0,d,0,356.0,23.895089285714285,457408
3120,laghos,8,400000,100000,0.5,d,2,518.0,246.171875,801311390
3121,minife,8,40000,10000,0.1,d,0,391.0,18.00783482142857,6788000
3122,lammps,8,20000,0,0.5,d,0,356.0,19.0340625,457408
3123,fiesta,8,40000,100,0.5,d,1,387.21205357142856,117.41741071428571,645120
3124,kripke,8,200000,100000,1.0,d,3,357.0,21.15625,302720
3125,quicksilver,8,2000000,1000000,0.5,d,0,291.0,129.69977678571428,762710
3126,quicksilver,8,4000000,100000,0.1,d,2,294.0,132.70857142857145,762710
3127,fiesta,8,4000000,1000000,0.7,d,0,353.29017857142856,59.53660714285714,645120
3128,laghos,8,40000,10000,1.0,d,3,480.0,207.55580357142858,801311390
3129,minivite,8,200000,1000000,0.7,d,2,399.0,81.86674107142858,24089720
3130,lammps,8,4000000,1000000,1.0,d,2,360.0,26.0,457408
3131,lammps,8,200000,1000000,0.7,d,2,366.0,27.09441964285714,457408
3132,minivite,8,4000000,100000,0.7,d,0,419.0,100.73928571428571,24089720
3133,lammps,8,2000000,0,0.1,d,1,361.0,27.891517857142862,457408
3134,laghos,8,400000,10000,1.0,d,2,628.0,356.9375,801311390
3135,minife,8,20000,100000,1.0,d,0,389.0,15.448549107142856,6788000
3136,kripke,8,4000000,10000,0.7,d,2,358.0,21.07834821428571,302720
3137,minife,8,200000,0,0.5,d,1,407.0,41.887499999999996,6788000
3138,lammps,8,40000,100,0.7,d,1,368.0,27.319441964285716,457408
3139,fiesta,8,40000,10000,1.0,d,2,355.86830357142856,59.29575892857143,645120
3140,tricount,8,200000,100000,0.3,d,3,516.0,341.49330357142856,7120960
3141,quicksilver,8,4000000,1000,0.5,d,3,301.0,139.62299107142857,762710
3142,quicksilver,8,4000,100,1.0,d,2,307.78125,143.0331919642857,762710
3143,tricount,8,4000000,0,0.7,d,1,505.0,331.10267857142856,7120960
3144,amg,8,20000,0,0.1,d,1,345.0,17.588169642857142,106441449
3145,kripke,8,2000,1000000,0.1,d,1,354.0,17.19799107142857,302720
3146,tricount,8,2000,100,1.0,d,1,415.0,240.99107142857142,7120960
3147,beatnik,8,4000000,10000,0.1,d,0,541.9464285714286,251.93080357142858,19996182
3148,fiesta,8,4000000,100000,1.0,d,2,361.953125,81.74397321428572,645120
3149,beatnik,8,20000,100,0.3,d,1,439.83482142857144,138.21651785714286,19996182
3150,amg,8,40000,100000,0.3,d,2,359.0,28.516517857142855,106441449
3151,beatnik,8,400000,1000,1.0,d,3,543.7455357142857,244.28348214285714,19996182
3152,fiesta,8,4000000,100000,0.1,d,0,362.640625,86.82814732142859,645120
3153,lammps,8,4000000,0,0.5,d,2,357.0,20.447544642857142,457408
3154,fiesta,8,400000,10000,0.7,d,1,356.64955357142856,61.568080357142854,645120
3155,amg,8,2000,0,0.5,d,3,342.0,12.253526785714286,106441449
3156,minivite,8,4000000,1000000,0.1,d,0,420.0,100.20223214285714,24089720
3157,laghos,8,40000,100000,0.3,d,0,458.0,181.32142857142858,801311390
3158,minivite,8,4000000,100,0.3,d,2,421.0,99.23928571428571,24089720
3159,kripke,8,4000000,0,0.5,d,2,358.0,20.8265625,302720
3160,beatnik,8,40000,1000,1.0,d,2,476.99107142857144,172.91294642857142,19996182
3161,quicksilver,8,4000000,1000,0.3,d,1,292.0,131.3453125,762710
3162,kripke,8,400000,1000000,1.0,d,2,356.0,19.64375,302720
3163,tricount,8,400000,10000,0.7,d,2,571.0,396.1049107142857,7120960
3164,amg,8,200000,1000,0.1,d,2,356.0,38.228571428571435,106441449
3165,laghos,8,40000,100000,1.0,d,2,446.0,173.38839285714286,801311390
3166,minife,8,2000000,1000,0.3,d,3,411.0,52.0234375,6788000
3167,minivite,8,40000,0,0.7,d,1,386.0,66.65602678571429,24089720
3168,amg,8,200000,0,0.3,d,3,354.0,36.31004464285714,106441449
3169,kripke,8,4000,1000,0.7,d,1,354.0,17.03950892857143,302720
3170,fiesta,8,4000000,1000,0.5,d,1,353.83482142857144,64.78950892857142,645120
3171,kripke,8,400000,10000,0.5,d,0,362.0,25.2234375,302720
3172,minife,8,40000,1000000,0.1,d,3,389.0,15.309687499999999,6788000
3173,minife,8,400000,0,0.3,d,0,409.0,47.35111607142858,6788000
3174,fiesta,8,2000,10000,0.1,d,1,366.23214285714283,85.75401785714287,645120
3175,amg,8,4000000,1000,1.0,d,0,361.0,43.79330357142857,106441449
3176,quicksilver,8,200000,1000000,0.3,d,1,299.0,138.06109375,762710
3177,minivite,8,20000,100,0.5,d,2,385.0,65.03861607142856,24089720
3178,minivite,8,40000,100000,1.0,d,1,390.0,70.16852678571429,24089720
3179,minife,8,4000,100000,1.0,d,0,398.125,22.897321428571427,6788000
3180,tricount,8,40000,1000000,1.0,d,1,436.0,261.14955357142856,7120960
3181,amg,8,4000000,100,0.1,d,2,360.0,45.78125,106441449
3182,minivite,8,20000,10000,0.7,d,0,412.0,78.51116071428571,24089720
3183,kripke,8,40000,100000,0.3,d,0,354.0,17.656919642857144,302720
3184,minivite,8,20000,0,0.5,d,2,387.0,67.56785714285715,24089720
3185,beatnik,8,4000000,0,0.1,d,3,591.625,296.8125,19996182
3186,fiesta,8,20000,100000,0.5,d,0,352.52455357142856,57.10178571428571,645120
3187,kripke,8,4000000,1000000,0.7,d,1,360.0,23.020535714285717,302720
3188,lammps,8,20000,0,0.5,d,3,364.0,23.644129464285715,457408
3189,quicksilver,8,40000,100000,1.0,d,1,291.0,130.35491071428572,762710
3190,quicksilver,8,200000,1000,1.0,d,1,296.14955357142856,135.35392857142855,762710
3191,amg,8,400000,10000,1.0,d,1,368.125,50.39687500000001,106441449
3192,amg,8,20000,0,0.5,d,0,352.0,23.914955357142862,106441449
3193,kripke,8,4000,10000,0.3,d,1,355.0,18.2609375,302720
3194,kripke,8,200000,1000000,0.5,d,2,355.0,17.803794642857145,302720
3195,fiesta,8,20000,0,0.3,d,0,383.8549107142857,109.91843750000001,645120
3196,tricount,8,2000000,0,0.1,d,0,478.0,304.38169642857144,7120960
3197,tricount,8,40000,0,0.1,d,0,494.0,315.04464285714283,7120960
3198,minife,8,400000,1000,0.1,d,1,403.0,37.63214285714286,6788000
3199,minife,8,2000000,100,0.3,d,2,410.0,50.18013392857143,6788000
3200,lammps,8,4000,1000,1.0,d,3,361.0,19.46466517857143,457408
3201,lammps,8,2000,0,0.1,d,2,367.0,23.84758928571429,457408
3202,tricount,8,20000,0,0.5,d,0,451.0,278.03794642857144,7120960
3203,tricount,8,400000,100000,1.0,d,0,521.0,346.93526785714283,7120960
3204,tricount,8,4000000,1000,0.3,d,1,489.0,314.55357142857144,7120960
3205,fiesta,8,20000,1000,1.0,d,0,397.3392857142857,125.18736607142856,645120
3206,quicksilver,8,2000,100,0.7,d,2,301.0,139.31600446428573,762710
3207,beatnik,8,4000,10000,1.0,d,1,414.0,119.12723214285714,19996182
3208,minife,8,2000,100000,0.5,d,3,384.0,12.266138392857142,6788000
3209,minife,8,20000,0,0.5,d,1,388.0,17.45625,6788000
3210,lammps,8,4000,100000,0.7,d,1,349.0,15.427031249999999,457408
3211,lammps,8,20000,10000,1.0,d,2,348.0,11.979308035714284,457408
3212,minife,8,40000,0,0.5,d,2,432.0,46.09397321428571,6788000
3213,quicksilver,8,2000000,1000000,0.3,d,0,295.0,134.21147321428572,762710
3214,minivite,8,4000,100000,0.7,d,1,375.0,55.614508928571425,24089720
3215,laghos,8,2000,100,0.7,d,1,375.0,101.37656249999999,801311390
3216,beatnik,8,400000,100,0.1,d,1,521.9977678571429,219.87723214285714,19996182
3217,beatnik,8,400000,1000,0.5,d,0,744.7633928571429,466.01339285714283,19996182
3218,kripke,8,2000,0,0.3,d,0,353.0,16.717410714285712,302720
3219,kripke,8,2000,1000,0.5,d,2,354.0,17.502455357142857,302720
3220,quicksilver,8,400000,1000000,0.3,d,2,301.0,140.01504464285713,762710
3221,quicksilver,8,400000,1000000,0.1,d,0,292.83705357142856,131.65611607142858,762710
3222,quicksilver,8,200000,1000000,0.3,d,2,292.0,130.8747544642857,762710
3223,fiesta,8,4000,10000,0.3,d,0,369.28794642857144,98.57107142857144,645120
3224,kripke,8,20000,0,0.7,d,3,381.0,29.626339285714288,302720
3225,tricount,8,400000,100000,1.0,d,3,546.0,372.3325892857143,7120960
3226,laghos,8,4000000,10000,0.7,d,3,564.0,292.04464285714283,801311390
3227,fiesta,8,4000,10000,0.3,d,3,361.93973214285717,68.70328125,645120
3228,fiesta,8,2000000,10000,0.7,d,3,356.38169642857144,61.466517857142854,645120
3229,amg,8,400000,1000000,0.5,d,1,353.0,33.76696428571429,106441449
3230,fiesta,8,200000,100000,0.7,d,1,352.95089285714283,59.88571428571429,645120
3231,minivite,8,4000,1000,0.7,d,1,372.0,52.551116071428574,24089720
3232,amg,8,200000,1000000,0.7,d,3,351.0,27.622544642857143,106441449
3233,lammps,8,400000,100,0.5,d,2,358.0,23.894419642857144,457408
3234,lammps,8,4000000,100,0.5,d,3,369.0,33.49283482142857,457408
3235,tricount,8,4000000,0,0.3,d,3,623.0,449.46205357142856,7120960
3236,tricount,8,4000000,1000000,0.1,d,0,485.0,310.3482142857143,7120960
3237,laghos,8,400000,0,0.5,d,3,601.0,330.109375,801311390
3238,fiesta,8,400000,0,0.3,d,1,363.859375,89.60959821428571,645120
3239,beatnik,8,2000,1000000,0.7,d,1,404.93973214285717,107.44598214285715,19996182
3240,minivite,8,40000,10000,0.3,d,3,422.0,89.91004464285716,24089720
3241,minife,8,40000,100000,0.1,d,1,389.0,15.926093749999998,6788000
3242,amg,8,2000000,1000,0.5,d,0,359.0,39.361607142857146,106441449
3243,tricount,8,2000,100000,0.5,d,1,459.0,285.6763392857143,7120960
3244,minivite,8,2000000,100,1.0,d,0,441.0,120.54709821428571,24089720
3245,laghos,8,20000,10000,1.0,d,1,448.0,175.98660714285714,801311390
3246,beatnik,8,2000000,100000,0.3,d,3,500.109375,208.46205357142858,19996182
3247,minife,8,20000,100,0.3,d,3,390.0,19.186160714285716,6788000
3248,fiesta,8,2000000,100,0.3,d,2,362.51785714285717,79.99843750000001,645120
3249,quicksilver,8,4000,1000,0.1,d,1,310.11607142857144,140.76973214285715,762710
3250,lammps,8,2000,1000000,0.1,d,0,350.0,11.865513392857142,457408
3251,quicksilver,8,400000,1000000,1.0,d,0,294.0,132.89091517857142,762710
3252,laghos,8,2000,100000,0.1,d,0,334.0,60.237276785714286,801311390
3253,minivite,8,400000,100000,0.3,d,3,407.0,88.81294642857142,24089720
3254,lammps,8,40000,100000,0.7,d,2,355.0,19.597700892857144,457408
3255,laghos,8,4000000,100000,0.5,d,1,560.0,288.51339285714283,801311390
3256,tricount,8,4000,1000000,0.1,d,2,402.0,228.21875,7120960
3257,quicksilver,8,20000,100000,0.5,d,2,292.0,130.94444196428572,762710
3258,quicksilver,8,40000,1000000,1.0,d,1,301.0,138.68078125000002,762710
3259,amg,8,40000,10000,0.5,d,3,359.0,32.57142857142857,106441449
3260,kripke,8,20000,1000,0.7,d,1,383.0,31.83794642857143,302720
3261,lammps,8,2000000,100,0.7,d,1,363.0,34.25669642857143,457408
3262,lammps,8,40000,1000,0.7,d,0,372.0,28.93502232142857,457408
3263,fiesta,8,2000000,100000,0.5,d,3,353.796875,63.605133928571426,645120
3264,laghos,8,4000,100,0.7,d,0,375.0044642857143,102.17499999999998,801311390
3265,fiesta,8,4000,0,0.7,d,1,365.85044642857144,100.22031249999999,645120
3266,quicksilver,8,40000,1000,1.0,d,3,315.0,145.56785714285712,762710
3267,quicksilver,8,2000000,100,0.3,d,1,292.0,130.94330357142857,762710
3268,tricount,8,2000000,1000000,0.7,d,2,507.0,334.06473214285717,7120960
3269,beatnik,8,400000,1000000,0.1,d,0,433.0,137.26339285714286,19996182
3270,kripke,8,200000,0,0.3,d,3,357.0,19.972098214285715,302720
3271,quicksilver,8,2000000,1000,0.3,d,3,301.0,139.1885267857143,762710
3272,laghos,8,2000,100000,0.1,d,2,329.0,55.26473214285715,801311390
3273,lammps,8,20000,100000,0.3,d,0,361.0,21.217031249999998,457408
3274,kripke,8,400000,1000000,0.3,d,2,357.0,19.136830357142856,302720
3275,amg,8,2000,10000,1.0,d,3,340.0,10.500022321428572,106441449
3276,lammps,8,40000,1000,0.7,d,3,349.0,15.6778125,457408
3277,minife,8,400000,1000,0.3,d,1,406.0,42.067410714285714,6788000
3278,tricount,8,2000000,100,0.1,d,2,483.0,309.22098214285717,7120960
3279,quicksilver,8,20000,1000,0.5,d,0,310.0,141.3985044642857,762710
3280,amg,8,40000,1000,0.3,d,0,348.0,21.487276785714283,106441449
3281,beatnik,8,20000,10000,1.0,d,1,445.375,144.60714285714286,19996182
3282,lammps,8,400000,1000,0.5,d,0,357.0,22.679910714285715,457408
3283,amg,8,2000,10000,0.3,d,0,344.0,14.687388392857143,106441449
3284,laghos,8,4000,100000,0.5,d,2,355.0,80.83303571428571,801311390
3285,tricount,8,4000000,100,0.7,d,3,777.0,603.2455357142857,7120960
3286,quicksilver,8,2000000,100,0.7,d,3,306.0,143.98660714285714,762710
3287,amg,8,40000,1000,1.0,d,3,399.0,63.863169642857144,106441449
3288,lammps,8,4000,100000,0.5,d,2,359.0,23.89546875,457408
3289,lammps,8,2000000,1000,0.3,d,2,368.0,37.464508928571426,457408
3290,laghos,8,2000,1000000,0.7,d,2,345.0,70.88035714285715,801311390
3291,quicksilver,8,2000000,1000000,1.0,d,3,304.0357142857143,142.53296874999998,762710
3292,kripke,8,400000,100,0.7,d,2,359.0,22.580580357142857,302720
3293,laghos,8,20000,10000,0.3,d,1,467.0,187.96651785714286,801311390
3294,tricount,8,2000,1000,1.0,d,2,440.0,265.703125,7120960
3295,fiesta,8,4000000,0,0.3,d,1,353.50669642857144,60.129241071428574,645120
3296,minife,8,2000,1000000,0.3,d,3,384.0,12.51392857142857,6788000
3297,minife,8,40000,0,0.1,d,2,393.0,21.54955357142857,6788000
3298,laghos,8,20000,100000,1.0,d,2,409.0,136.09375,801311390
3299,amg,8,2000,10000,0.3,d,1,345.0,15.956049107142857,106441449
3300,minivite,8,2000,1000000,0.1,d,1,376.0,54.839285714285715,24089720
3301,kripke,8,2000000,1000000,1.0,d,2,358.0,21.247767857142858,302720
3302,beatnik,8,20000,10000,0.7,d,2,423.0,132.875,19996182
3303,fiesta,8,4000,100000,0.1,d,2,357.33705357142856,60.799776785714286,645120
3304,minivite,8,40000,100,1.0,d,0,440.0,97.06093750000001,24089720
3305,minivite,8,20000,1000,0.7,d,0,388.0,69.74419642857143,24089720
3306,lammps,8,2000000,10000,0.5,d,3,360.0,26.935535714285713,457408
3307,minivite,8,200000,1000000,0.3,d,3,393.0,76.09196428571428,24089720
3308,fiesta,8,200000,1000,0.7,d,0,356.6830357142857,70.85691964285715,645120
3309,minivite,8,20000,100000,0.7,d,1,381.0,61.044419642857136,24089720
3310,minife,8,4000,0,0.1,d,0,421.0,32.80113839285714,6788000
3311,fiesta,8,4000,1000,0.5,d,0,352.99107142857144,54.963169642857146,645120
3312,quicksilver,8,400000,1000,0.3,d,0,293.0,132.27705357142855,762710
3313,beatnik,8,2000000,1000,1.0,d,3,620.1986607142857,328.0267857142857,19996182
3314,tricount,8,200000,100000,1.0,d,2,509.0,333.625,7120960
3315,amg,8,2000,10000,0.7,d,0,340.0,10.012901785714286,106441449
3316,minife,8,4000,1000000,0.5,d,3,384.0,12.35171875,6788000
3317,beatnik,8,4000,100,0.5,d,0,451.0,157.02232142857142,19996182
3318,quicksilver,8,20000,100,0.5,d,1,310.0,141.45881696428572,762710
3319,kripke,8,2000000,1000000,0.1,d,3,367.0,26.685267857142858,302720
3320,tricount,8,4000,0,1.0,d,3,417.0,242.63616071428572,7120960
3321,fiesta,8,200000,1000000,0.1,d,3,357.2388392857143,59.035267857142856,645120
3322,quicksilver,8,2000000,10000,1.0,d,3,292.0,131.28872767857143,762710
3323,amg,8,400000,100000,0.3,d,3,354.0,37.01540178571428,106441449
3324,quicksilver,8,4000,100,1.0,d,3,291.0,129.71578125,762710
3325,lammps,8,2000000,10000,0.7,d,0,362.0,30.165401785714288,457408
3326,beatnik,8,400000,10000,0.5,d,0,626.0,337.94419642857144,19996182
3327,fiesta,8,200000,10000,0.3,d,0,356.14732142857144,61.56540178571429,645120
3328,amg,8,400000,100,0.5,d,3,362.0,43.24754464285714,106441449
3329,minife,8,20000,0,0.3,d,3,387.00223214285717,17.047834821428573,6788000
3330,minife,8,4000,100,0.5,d,2,384.0,12.908013392857141,6788000
3331,kripke,8,200000,100000,0.3,d,3,357.0,20.1453125,302720
3332,minife,8,2000,1000,0.1,d,2,391.0,15.862834821428573,6788000
3333,tricount,8,20000,100000,0.1,d,2,451.0,276.42857142857144,7120960
3334,fiesta,8,200000,1000000,0.5,d,2,352.68080357142856,55.46071428571429,645120
3335,amg,8,40000,100000,0.1,d,0,349.0,19.24933035714286,106441449
3336,tricount,8,4000,100000,0.5,d,1,413.0,239.68526785714286,7120960
3337,tricount,8,2000000,100,0.3,d,0,611.0,437.28794642857144,7120960
3338,tricount,8,400000,1000,0.3,d,1,492.0,318.47098214285717,7120960
3339,minivite,8,400000,100000,0.3,d,1,403.0,85.47366071428571,24089720
3340,fiesta,8,2000,10000,1.0,d,1,358.69419642857144,56.96386160714286,645120
3341,kripke,8,400000,0,1.0,d,3,357.0,20.675892857142856,302720
3342,laghos,8,4000,0,0.7,d,3,442.0,165.42857142857142,801311390
3343,lammps,8,2000,100,0.5,d,1,350.0,14.922075892857142,457408
3344,tricount,8,20000,10000,0.5,d,1,430.0,251.84151785714286,7120960
3345,beatnik,8,2000000,100000,0.1,d,2,465.1986607142857,170.89508928571428,19996182
3346,kripke,8,40000,1000000,0.7,d,1,354.0,17.445089285714285,302720
3347,kripke,8,2000,1000,0.1,d,3,368.0,23.825,302720
3348,beatnik,8,2000,100,0.5,d,3,414.99776785714283,121.82589285714286,19996182
3349,tricount,8,20000,1000000,0.7,d,2,447.0,273.36160714285717,7120960
3350,kripke,8,2000000,1000,0.7,d,0,360.0,23.381026785714287,302720
3351,beatnik,8,4000,100000,0.7,d,2,444.5357142857143,153.15625,19996182
3352,kripke,8,4000,10000,0.3,d,3,354.0,17.063392857142855,302720
3353,minivite,8,400000,10000,1.0,d,2,422.0,102.03169642857142,24089720
3354,tricount,8,4000,1000,0.1,d,0,411.0,236.37053571428572,7120960
3355,fiesta,8,200000,0,1.0,d,3,356.0625,58.309598214285714,645120
3356,minivite,8,2000,1000,0.3,d,0,376.0,56.183258928571426,24089720
3357,tricount,8,200000,100000,1.0,d,1,458.0,283.7924107142857,7120960
3358,tricount,8,4000,1000,0.5,d,1,402.0,228.28348214285714,7120960
3359,quicksilver,8,400000,1000000,0.5,d,0,299.0,137.94933035714286,762710
3360,tricount,8,4000,1000000,0.3,d,3,406.0,232.89285714285714,7120960
3361,amg,8,200000,0,0.7,d,1,356.0,39.44709821428571,106441449
3362,kripke,8,400000,10000,0.3,d,0,358.0,21.831919642857144,302720
3363,tricount,8,4000,100,1.0,d,3,396.0,221.89508928571428,7120960
3364,beatnik,8,400000,0,0.1,d,2,543.640625,247.859375,19996182
3365,quicksilver,8,200000,1000000,1.0,d,2,291.0,129.77044642857143,762710
3366,minivite,8,40000,100,0.5,d,1,429.0,88.87343750000001,24089720
3367,amg,8,2000000,10000,0.3,d,1,361.0,41.207366071428574,106441449
3368,tricount,8,4000000,10000,0.7,d,1,643.0,469.0200892857143,7120960
3369,amg,8,4000,10000,0.5,d,1,340.0,10.656205357142857,106441449
3370,minife,8,4000,10000,0.7,d,2,398.0,21.681830357142854,6788000
3371,minife,8,20000,10000,0.3,d,0,387.0,15.78294642857143,6788000
3372,quicksilver,8,400000,100,0.5,d,1,302.0,140.46004464285713,762710
3373,kripke,8,200000,1000,0.1,d,2,358.0,20.876562500000002,302720
3374,fiesta,8,200000,1000000,0.3,d,0,353.37276785714283,61.28772321428572,645120
3375,amg,8,4000,100000,0.1,d,0,343.0,13.587299107142858,106441449
3376,tricount,8,4000000,100,0.1,d,2,639.0,465.3705357142857,7120960
3377,amg,8,40000,1000000,0.3,d,0,347.0,18.24017857142857,106441449
3378,beatnik,8,4000000,100,0.1,d,0,570.2455357142857,275.99330357142856,19996182
3379,tricount,8,20000,100,1.0,d,0,428.0,247.74776785714286,7120960
3380,minife,8,2000,1000,0.1,d,0,404.0,22.158169642857143,6788000
3381,amg,8,20000,100000,1.0,d,1,343.0,13.630133928571428,106441449
3382,amg,8,20000,1000000,0.5,d,0,342.0,12.633125000000001,106441449
3383,quicksilver,8,40000,100,0.1,d,0,308.45089285714283,141.63464285714286,762710
3384,kripke,8,20000,10000,0.3,d,3,376.0,27.230580357142856,302720
3385,amg,8,20000,1000000,1.0,d,3,347.0,17.791071428571428,106441449
3386,quicksilver,8,40000,0,1.0,d,1,309.0,141.11004464285713,762710
3387,tricount,8,40000,0,0.7,d,2,475.0,301.5044642857143,7120960
3388,beatnik,8,2000,10000,0.3,d,2,402.80357142857144,108.85825892857143,19996182
3389,laghos,8,2000000,0,0.5,d,3,582.0,308.921875,801311390
3390,quicksilver,8,4000,0,0.3,d,1,303.0,139.71776785714286,762710
3391,fiesta,8,400000,100,0.3,d,3,354.1294642857143,61.50178571428571,645120
3392,beatnik,8,2000,1000000,1.0,d,1,408.74776785714283,111.84174107142857,19996182
3393,amg,8,4000,1000,1.0,d,1,342.0,12.440290178571429,106441449
3394,tricount,8,40000,100000,0.7,d,1,464.0,290.14285714285717,7120960
3395,lammps,8,40000,10000,0.1,d,0,366.0,26.254285714285714,457408
3396,laghos,8,4000000,1000,0.7,d,1,617.0,345.61830357142856,801311390
3397,tricount,8,2000000,1000000,0.3,d,3,447.0,273.53794642857144,7120960
3398,tricount,8,40000,1000000,0.3,d,1,461.0,287.7544642857143,7120960
3399,beatnik,8,40000,100,0.5,d,2,483.046875,197.47767857142858,19996182
3400,beatnik,8,2000,10000,0.7,d,0,402.0,105.97075892857143,19996182
3401,fiesta,8,40000,100,0.3,d,0,384.0625,103.33767857142857,645120
3402,fiesta,8,200000,10000,1.0,d,2,356.31473214285717,59.47276785714286,645120
3403,fiesta,8,20000,100000,0.1,d,1,356.45535714285717,57.03125,645120
3404,kripke,8,400000,10000,1.0,d,0,361.0,23.308482142857144,302720
3405,amg,8,2000000,100,1.0,d,0,358.0,38.513392857142854,106441449
3406,minivite,8,4000000,1000,0.7,d,1,425.0,106.49084821428572,24089720
3407,tricount,8,400000,100000,0.3,d,2,491.0,317.27232142857144,7120960
3408,kripke,8,200000,0,1.0,d,1,357.0,20.848660714285717,302720
3409,tricount,8,20000,1000,0.1,d,2,428.0,248.98214285714286,7120960
3410,minivite,8,400000,100,0.5,d,0,415.0,97.3546875,24089720
3411,laghos,8,40000,1000,0.5,d,1,580.0,296.72544642857144,801311390
3412,kripke,8,200000,1000000,1.0,d,0,355.0,18.47388392857143,302720
3413,beatnik,8,2000,1000000,0.1,d,3,399.0,103.89308035714286,19996182
3414,beatnik,8,4000000,0,0.5,d,0,561.5691964285714,277.2232142857143,19996182
3415,lammps,8,20000,10000,0.3,d,1,367.0,26.380089285714284,457408
3416,amg,8,4000000,10000,0.3,d,0,360.0,46.043303571428574,106441449
3417,quicksilver,8,200000,0,1.0,d,3,294.0,132.8772767857143,762710
3418,tricount,8,4000,1000,0.7,d,0,413.0,239.68080357142858,7120960
3419,fiesta,8,20000,1000000,1.0,d,3,359.3169642857143,57.069129464285716,645120
3420,minife,8,400000,100000,0.1,d,2,397.0,26.368303571428573,6788000
3421,quicksilver,8,400000,100000,1.0,d,0,301.0,139.43305803571428,762710
3422,beatnik,8,200000,100,1.0,d,0,579.3102678571429,285.9486607142857,19996182
3423,kripke,8,4000000,100000,0.5,d,2,360.0,22.74419642857143,302720
3424,tricount,8,40000,100,0.5,d,0,439.0,258.65401785714283,7120960
3425,quicksilver,8,4000,10000,0.3,d,1,303.0,139.14841517857144,762710
3426,tricount,8,400000,1000000,0.7,d,0,537.0,363.17857142857144,7120960
3427,beatnik,8,2000,1000000,0.1,d,0,405.0,112.10714285714286,19996182
3428,minife,8,2000,10000,0.3,d,2,383.0,11.665602678571428,6788000
3429,laghos,8,4000,100000,0.5,d,3,362.0,87.18906249999999,801311390
3430,minife,8,4000000,10000,1.0,d,2,427.0,61.63214285714285,6788000
3431,fiesta,8,20000,0,1.0,d,3,397.41964285714283,134.84578125,645120
3432,lammps,8,4000,1000000,1.0,d,2,353.0,14.795580357142857,457408
3433,fiesta,8,20000,1000,0.3,d,1,352.98214285714283,54.462946428571435,645120
3434,minivite,8,4000,1000000,0.5,d,3,376.0,57.68816964285715,24089720
3435,beatnik,8,400000,100000,0.3,d,2,464.0,174.625,19996182
3436,lammps,8,2000000,1000000,0.5,d,1,358.0,20.826562499999998,457408
3437,minife,8,2000000,1000000,0.5,d,3,400.0,34.301562499999996,6788000
3438,minife,8,4000,0,0.5,d,0,385.0,12.98216517857143,6788000
3439,kripke,8,400000,100000,1.0,d,3,358.0,22.043749999999996,302720
3440,laghos,8,200000,1000,0.7,d,1,588.0,316.67410714285717,801311390
3441,tricount,8,200000,100,0.3,d,1,482.0,307.7700892857143,7120960
3442,fiesta,8,40000,100,0.7,d,1,352.89732142857144,55.54933035714286,645120
3443,fiesta,8,4000,100000,0.7,d,3,352.43526785714283,57.402901785714285,645120
3444,laghos,8,2000,0,1.0,d,1,397.0,118.36830357142857,801311390
3445,quicksilver,8,2000,1000000,0.5,d,2,290.0,128.8579017857143,762710
3446,quicksilver,8,2000000,100,0.5,d,1,290.0,129.31444196428572,762710
3447,laghos,8,4000000,1000000,0.3,d,0,500.0,227.62946428571428,801311390
3448,lammps,8,2000,1000000,0.7,d,0,350.0,14.297522321428573,457408
3449,tricount,8,4000000,100000,0.7,d,2,633.0,459.0669642857143,7120960
3450,fiesta,8,4000,10000,0.3,d,2,361.41517857142856,73.57299107142856,645120
3451,minivite,8,4000000,100,1.0,d,2,494.0,175.25223214285714,24089720
3452,minivite,8,2000000,100000,0.1,d,0,416.0,97.18482142857144,24089720
3453,amg,8,2000,100,0.3,d,2,349.0,18.976763392857144,106441449
3454,amg,8,4000000,100000,1.0,d,1,361.0,41.831250000000004,106441449
3455,minivite,8,2000,10000,0.3,d,1,372.0,54.21160714285714,24089720
3456,lammps,8,4000000,10000,0.5,d,3,524.25,187.47633928571426,457408
3457,lammps,8,2000,100,1.0,d,1,435.0,96.54888392857143,457408
3458,kripke,8,40000,100,1.0,d,0,355.0,18.12544642857143,302720
3459,lammps,8,2000000,1000,0.5,d,2,366.0,29.21220982142857,457408
3460,quicksilver,8,20000,100,0.1,d,2,293.54910714285717,132.57955357142856,762710
3461,amg,8,4000,0,0.1,d,0,367.0,32.54441964285714,106441449
3462,minivite,8,40000,100,0.3,d,1,436.0,92.87343750000001,24089720
3463,minivite,8,2000,100000,0.3,d,2,373.0,54.3828125,24089720
3464,lammps,8,400000,100000,1.0,d,3,367.0,33.401339285714286,457408
3465,amg,8,2000,100,1.0,d,0,341.0,11.327723214285713,106441449
3466,laghos,8,40000,0,0.7,d,3,462.0,190.04017857142858,801311390
3467,beatnik,8,2000000,1000000,1.0,d,0,516.2232142857143,227.64955357142858,19996182
3468,tricount,8,2000000,100000,0.5,d,1,575.0,401.5267857142857,7120960
3469,minife,8,2000,1000,0.1,d,1,390.0,15.428973214285715,6788000
3470,laghos,8,200000,1000,1.0,d,0,644.0,368.61607142857144,801311390
3471,amg,8,200000,1000000,0.5,d,3,349.0,25.673883928571428,106441449
3472,minivite,8,2000000,100000,0.7,d,3,404.0,85.70290178571427,24089720
3473,tricount,8,2000000,100,0.5,d,3,645.0,472.234375,7120960
3474,lammps,8,200000,1000000,0.7,d,0,355.0,19.581227678571427,457408
3475,minivite,8,20000,1000,0.5,d,0,394.0,75.51071428571427,24089720
3476,tricount,8,400000,100,0.5,d,1,549.0,375.0580357142857,7120960
3477,amg,8,4000000,1000,0.5,d,0,357.0,41.08839285714286,106441449
3478,tricount,8,4000000,100000,0.1,d,0,510.0,336.2232142857143,7120960
3479,minife,8,2000,1000,0.7,d,1,389.0,14.956897321428572,6788000
3480,quicksilver,8,40000,10000,1.0,d,1,312.0,143.27566964285714,762710
3481,kripke,8,4000,100,0.3,d,3,354.0,16.814732142857142,302720
3482,laghos,8,4000,0,0.5,d,3,406.0267857142857,133.33482142857142,801311390
3483,amg,8,4000,100,1.0,d,3,352.0,20.970982142857142,106441449
3484,lammps,8,200000,1000,0.7,d,1,373.0,38.588169642857146,457408
3485,lammps,8,40000,100,1.0,d,3,383.0,48.14002232142858,457408
3486,kripke,8,2000,1000000,0.3,d,0,353.0,16.742857142857144,302720
3487,kripke,8,40000,0,0.1,d,0,357.0,19.93236607142857,302720
3488,laghos,8,200000,10000,1.0,d,1,540.0,268.6986607142857,801311390
3489,kripke,8,400000,0,0.1,d,3,361.0,24.111160714285713,302720
3490,fiesta,8,400000,10000,0.5,d,0,362.43526785714283,77.50357142857142,645120
3491,fiesta,8,4000,1000000,0.5,d,0,352.60267857142856,54.330357142857146,645120
3492,minivite,8,2000000,1000000,0.5,d,3,419.0,101.60379464285714,24089720
3493,amg,8,200000,100,1.0,d,0,360.0,41.333705357142854,106441449
3494,minivite,8,4000,0,0.5,d,1,382.0,56.44598214285714,24089720
3495,kripke,8,200000,0,1.0,d,0,359.0,22.5953125,302720
3496,tricount,8,40000,1000,1.0,d,3,421.0,247.23883928571428,7120960
3497,lammps,8,2000000,0,0.3,d,2,363.0,29.344642857142855,457408
3498,kripke,8,20000,1000,0.1,d,2,374.0,26.565624999999994,302720
3499,kripke,8,4000000,1000000,0.7,d,2,358.0,21.099776785714283,302720
3500,amg,8,2000,10000,0.1,d,0,340.0,10.59013392857143,106441449
3501,beatnik,8,4000000,0,0.1,d,0,601.3058035714286,313.7455357142857,19996182
3502,quicksilver,8,4000,0,1.0,d,1,290.73660714285717,129.5843080357143,762710
3503,beatnik,8,4000,10000,0.1,d,3,409.0,113.52008928571429,19996182
3504,amg,8,4000,1000,0.3,d,2,341.0,12.028459821428571,106441449
3505,minivite,8,2000,0,0.5,d,2,370.0,51.13995535714286,24089720
3506,minife,8,4000000,1000,0.7,d,1,405.0,42.839062500000004,6788000
3507,beatnik,8,40000,1000,0.7,d,0,455.1830357142857,155.76339285714286,19996182
3508,beatnik,8,20000,1000,0.7,d,1,439.74776785714283,139.046875,19996182
3509,lammps,8,400000,1000,1.0,d,3,370.0,33.53674107142857,457408
3510,kripke,8,20000,1000000,0.7,d,1,354.0,17.14486607142857,302720
3511,minife,8,4000,100,0.7,d,3,395.0,19.409665178571426,6788000
3512,kripke,8,4000000,1000,1.0,d,3,360.0,22.86004464285714,302720
3513,minivite,8,200000,100000,0.5,d,3,413.0,93.87455357142858,24089720
3514,laghos,8,40000,1000000,1.0,d,0,381.0,103.84933035714286,801311390
3515,laghos,8,2000,1000,1.0,d,2,365.0,90.95401785714284,801311390
3516,lammps,8,40000,0,0.1,d,0,356.0,20.276138392857142,457408
3517,amg,8,20000,0,0.5,d,1,345.0,18.26941964285714,106441449
3518,kripke,8,4000,1000,0.3,d,0,367.0,22.572544642857142,302720
3519,minivite,8,4000,1000000,0.3,d,0,381.0,60.36741071428571,24089720
3520,tricount,8,2000000,0,0.5,d,0,530.0,354.8482142857143,7120960
3521,tricount,8,40000,0,1.0,d,1,427.0,253.35714285714286,7120960
3522,kripke,8,2000000,100,0.7,d,2,357.0,20.6671875,302720
3523,quicksilver,8,400000,0,0.7,d,3,294.0,133.13151785714285,762710
3524,fiesta,8,20000,100,1.0,d,2,355.8325892857143,53.833482142857136,645120
3525,fiesta,8,20000,100000,0.3,d,1,360.53794642857144,72.26830357142858,645120
3526,beatnik,8,200000,10000,1.0,d,1,568.90625,281.20535714285717,19996182
3527,tricount,8,400000,0,0.5,d,0,578.0,404.0513392857143,7120960
3528,amg,8,40000,0,1.0,d,3,396.0,60.955803571428575,106441449
3529,minivite,8,2000000,100,0.3,d,3,411.0,93.08549107142858,24089720
3530,quicksilver,8,40000,1000000,0.1,d,0,292.0,131.3261607142857,762710
3531,kripke,8,20000,0,0.5,d,0,387.0,33.1015625,302720
3532,fiesta,8,4000,100000,0.3,d,1,352.6361607142857,57.24330357142857,645120
3533,minife,8,200000,10000,0.1,d,0,405.0,36.59375,6788000
3534,laghos,8,2000,10000,0.1,d,1,341.0,64.88816964285715,801311390
3535,amg,8,200000,0,0.1,d,3,353.0,34.310267857142854,106441449
3536,beatnik,8,4000,0,0.3,d,0,437.0513392857143,144.82366071428572,19996182
3537,amg,8,200000,10000,0.3,d,2,353.0,35.152678571428574,106441449
3538,amg,8,20000,1000000,1.0,d,0,352.0,21.816294642857144,106441449
3539,quicksilver,8,4000000,100,0.7,d,1,294.0,133.22015625,762710
3540,minife,8,2000,10000,0.1,d,3,392.0,16.161852678571428,6788000
3541,minife,8,2000000,100000,0.3,d,0,460.0,98.85982142857142,6788000
3542,lammps,8,40000,10000,0.5,d,1,353.0,18.073794642857145,457408
3543,laghos,8,2000000,100,0.5,d,1,594.0,322.1674107142857,801311390
3544,tricount,8,400000,100,1.0,d,0,496.0,322.234375,7120960
3545,kripke,8,400000,0,0.3,d,3,362.0,24.998437499999998,302720
3546,amg,8,2000,1000000,0.5,d,1,340.0,9.992723214285714,106441449
3547,tricount,8,2000,0,0.7,d,3,414.0,240.07366071428572,7120960
3548,kripke,8,200000,10000,0.3,d,0,358.0,21.87209821428571,302720
3549,amg,8,20000,10000,0.5,d,0,377.0,42.24955357142858,106441449
3550,minife,8,2000,1000000,1.0,d,0,390.0,15.870602678571428,6788000
3551,tricount,8,20000,100,0.5,d,3,453.0,274.81026785714283,7120960
3552,tricount,8,40000,1000000,0.7,d,3,439.0,265.88839285714283,7120960
3553,kripke,8,40000,10000,0.1,d,3,355.0,18.572098214285713,302720
3554,tricount,8,4000000,0,0.5,d,3,537.0,363.5111607142857,7120960
3555,tricount,8,40000,100000,0.1,d,3,409.0,234.484375,7120960
3556,amg,8,2000000,0,1.0,d,3,355.0,39.309598214285714,106441449
3557,minife,8,40000,100000,1.0,d,0,391.0,18.46493303571429,6788000
3558,minivite,8,40000,1000,0.5,d,1,386.0,65.871875,24089720
3559,beatnik,8,2000000,100000,0.5,d,2,565.5513392857143,278.32589285714283,19996182
3560,lammps,8,2000,100,0.7,d,2,359.0,20.746049107142856,457408
3561,amg,8,400000,100000,1.0,d,1,361.0,42.93325892857143,106441449
3562,quicksilver,8,2000,100,0.7,d,1,291.5424107142857,130.63011160714285,762710
3563,quicksilver,8,4000,1000000,0.5,d,2,299.0,138.30448660714288,762710
3564,fiesta,8,4000000,100000,0.5,d,1,354.96651785714283,66.16607142857143,645120
3565,beatnik,8,400000,0,0.7,d,2,868.2834821428571,584.5535714285714,19996182
3566,kripke,8,40000,100000,0.7,d,3,372.0,25.27299107142857,302720
3567,lammps,8,400000,1000,1.0,d,1,421.0,85.52589285714285,457408
3568,fiesta,8,4000,1000,1.0,d,2,355.74107142857144,56.744866071428575,645120
3569,minivite,8,40000,1000000,1.0,d,3,383.0,62.45468749999999,24089720
3570,fiesta,8,20000,100000,0.7,d,1,352.6517857142857,55.994419642857146,645120
3571,amg,8,2000,100,0.5,d,1,345.0,16.716294642857143,106441449
3572,laghos,8,2000,100,0.1,d,3,441.0,168.18080357142858,801311390
3573,minife,8,40000,1000,0.1,d,0,392.0,19.30535714285714,6788000
3574,fiesta,8,2000,100000,1.0,d,3,356.30580357142856,56.87388392857143,645120
3575,minivite,8,4000000,10000,0.1,d,1,411.0,91.35089285714285,24089720
3576,minivite,8,2000,1000000,0.5,d,2,371.0,51.199330357142856,24089720
3577,amg,8,400000,100000,0.5,d,2,358.0,38.066741071428574,106441449
3578,fiesta,8,200000,1000000,0.7,d,1,355.00223214285717,71.24017857142857,645120
3579,laghos,8,20000,100000,0.1,d,0,381.0,106.10535714285713,801311390
3580,minivite,8,400000,0,0.1,d,1,414.0,94.77232142857143,24089720
3581,minivite,8,20000,100,0.1,d,2,392.0,71.54174107142858,24089720
3582,laghos,8,40000,10000,1.0,d,1,481.0,208.95535714285714,801311390
3583,amg,8,4000,1000000,0.5,d,2,343.0,14.068125,106441449
3584,minivite,8,20000,100,0.3,d,3,376.0,59.24040178571429,24089720
3585,beatnik,8,4000,1000,1.0,d,1,417.0,121.27455357142857,19996182
3586,minife,8,2000000,1000000,0.1,d,1,397.0,25.496651785714285,6788000
3587,tricount,8,20000,1000,0.3,d,3,422.0,241.30580357142858,7120960
3588,tricount,8,200000,1000,0.3,d,1,557.0,383.73660714285717,7120960
3589,lammps,8,2000,0,1.0,d,2,360.0,17.510379464285716,457408
3590,kripke,8,4000,1000,1.0,d,3,367.0,23.28549107142857,302720
3591,laghos,8,400000,10000,0.5,d,3,590.0,316.4888392857143,801311390
3592,lammps,8,4000,100,0.7,d,2,355.0,17.302410714285717,457408
3593,tricount,8,4000000,100000,0.5,d,1,537.0,362.71205357142856,7120960
3594,minivite,8,2000000,1000,1.0,d,1,429.0,110.03950892857142,24089720
3595,beatnik,8,200000,100,0.3,d,2,490.00223214285717,202.31026785714286,19996182
3596,minife,8,4000,10000,0.1,d,3,388.0,14.16986607142857,6788000
3597,amg,8,4000000,1000,1.0,d,2,364.0,45.00178571428571,106441449
3598,minivite,8,2000000,100,0.5,d,2,422.0,105.58705357142857,24089720
3599,laghos,8,2000,1000000,0.3,d,2,338.0,64.36785714285715,801311390
3600,kripke,8,200000,1000,1.0,d,3,357.0,20.593526785714285,302720
3601,fiesta,8,2000,1000,1.0,d,1,356.08482142857144,55.9375,645120
3602,minivite,8,40000,100,0.1,d,0,415.0,78.65825892857141,24089720
3603,laghos,8,2000000,0,1.0,d,2,598.0,325.2544642857143,801311390
3604,fiesta,8,2000,10000,0.7,d,1,352.92410714285717,56.768750000000004,645120
3605,beatnik,8,4000000,10000,0.5,d,1,570.5200892857143,284.50892857142856,19996182
3606,minife,8,2000,1000,0.5,d,1,383.0,11.764598214285714,6788000
3607,quicksilver,8,2000,10000,0.3,d,2,290.0,129.34127232142856,762710
3608,minife,8,200000,100000,0.3,d,3,398.0,29.66919642857143,6788000
3609,laghos,8,4000000,1000,0.7,d,2,592.0,317.53794642857144,801311390
3610,laghos,8,40000,1000,1.0,d,2,476.0,203.97098214285714,801311390
3611,quicksilver,8,2000000,1000,0.3,d,0,295.0,133.7536607142857,762710
3612,minife,8,200000,10000,0.1,d,1,396.0,25.927901785714287,6788000
3613,minivite,8,40000,1000000,0.1,d,3,403.0,82.05223214285714,24089720
3614,amg,8,2000000,10000,0.1,d,1,354.0,33.98571428571428,106441449
3615,quicksilver,8,4000,100000,0.1,d,3,295.0,133.86301339285714,762710
3616,laghos,8,4000000,0,0.7,d,2,537.0,261.14732142857144,801311390
3617,minivite,8,2000,1000000,0.3,d,2,374.0,54.211383928571436,24089720
3618,amg,8,2000,0,1.0,d,2,345.0,16.014486607142857,106441449
3619,minivite,8,4000000,1000,0.1,d,0,438.0,116.00647321428572,24089720
3620,tricount,8,2000,1000,0.7,d,0,398.0,224.79464285714286,7120960
3621,amg,8,200000,100,0.1,d,3,355.0,37.841071428571425,106441449
3622,amg,8,40000,1000000,0.3,d,1,347.0,17.856026785714285,106441449
3623,minife,8,4000,1000,0.7,d,3,401.0,23.72647321428571,6788000
3624,lammps,8,4000000,10000,0.5,d,1,366.0,33.64910714285715,457408
3625,beatnik,8,20000,100000,0.7,d,0,408.93080357142856,112.93973214285714,19996182
3626,kripke,8,2000,100,0.3,d,3,358.0,18.560267857142858,302720
3627,quicksilver,8,2000000,1000000,1.0,d,0,303.9888392857143,141.68270089285716,762710
3628,lammps,8,2000,1000,0.3,d,3,354.0,19.005022321428573,457408
3629,tricount,8,2000000,1000,1.0,d,1,553.0,379.171875,7120960
3630,amg,8,20000,100,0.7,d,3,388.0,50.580133928571435,106441449
3631,minivite,8,40000,1000,0.7,d,1,441.0,95.26116071428571,24089720
3632,amg,8,40000,0,0.7,d,3,349.0,23.230357142857144,106441449
3633,fiesta,8,20000,1000000,0.3,d,1,352.90401785714283,57.534375000000004,645120
3634,beatnik,8,40000,1000000,0.1,d,2,412.828125,115.88392857142857,19996182
3635,kripke,8,20000,100,0.1,d,3,355.0,18.01160714285714,302720
3636,fiesta,8,20000,0,0.1,d,2,388.22544642857144,126.42566964285716,645120
3637,beatnik,8,2000,1000000,0.3,d,3,398.0,103.94888392857145,19996182
3638,fiesta,8,4000000,100,0.7,d,0,353.98660714285717,63.347098214285715,645120
3639,fiesta,8,2000,100000,0.5,d,2,352.95089285714283,54.589508928571426,645120
3640,fiesta,8,2000000,1000000,0.3,d,1,358.578125,75.14758928571428,645120
3641,tricount,8,400000,100000,0.3,d,1,578.0,404.51339285714283,7120960
3642,lammps,8,2000,100,0.7,d,3,360.0,23.965,457408
3643,tricount,8,2000,1000,0.1,d,2,472.0,297.16964285714283,7120960
3644,amg,8,40000,100000,0.7,d,2,372.0,40.35558035714286,106441449
3645,amg,8,2000000,10000,1.0,d,0,354.0,38.01941964285714,106441449
3646,lammps,8,2000000,10000,0.5,d,0,365.0,28.646428571428572,457408
3647,tricount,8,20000,100,0.3,d,2,421.0,240.16517857142858,7120960
3648,fiesta,8,40000,1000000,0.3,d,0,352.72767857142856,55.52098214285714,645120
3649,quicksilver,8,20000,0,1.0,d,3,294.1205357142857,133.22830357142857,762710
3650,beatnik,8,20000,0,0.5,d,0,424.0,130.97991071428572,19996182
3651,amg,8,400000,1000000,0.3,d,1,347.0,23.648214285714285,106441449
3652,kripke,8,400000,10000,0.7,d,3,361.0,22.990848214285712,302720
3653,kripke,8,200000,1000,0.7,d,1,359.0,22.04174107142857,302720
3654,minife,8,20000,1000,0.1,d,1,391.0,16.24607142857143,6788000
3655,minife,8,4000,1000,0.7,d,2,396.0,20.060446428571428,6788000
3656,laghos,8,400000,100000,0.5,d,1,511.93526785714283,238.18303571428572,801311390
3657,minife,8,400000,1000,0.1,d,3,411.0,44.28102678571428,6788000
3658,lammps,8,4000,100,0.3,d,2,353.0,16.317075892857144,457408
3659,beatnik,8,400000,1000000,0.3,d,1,472.66294642857144,178.16741071428572,19996182
3660,kripke,8,40000,0,0.7,d,1,356.0,18.654464285714287,302720
3661,lammps,8,2000000,100,0.1,d,1,376.0,37.51316964285714,457408
3662,minife,8,2000000,100000,0.3,d,1,406.0,44.22477678571429,6788000
3663,amg,8,4000000,0,0.7,d,2,360.0,41.629017857142856,106441449
3664,minivite,8,200000,100000,1.0,d,3,426.0,104.04330357142855,24089720
3665,fiesta,8,20000,100000,0.1,d,3,356.66517857142856,56.8984375,645120
3666,minife,8,4000,1000000,0.3,d,1,388.0,15.227321428571429,6788000
3667,tricount,8,400000,10000,1.0,d,1,595.0,419.71651785714283,7120960
3668,minife,8,20000,1000,0.7,d,2,435.0,46.46249999999999,6788000
3669,quicksilver,8,2000,100,0.3,d,3,300.0,137.72926339285715,762710
3670,quicksilver,8,2000,1000000,0.1,d,1,294.0,133.32801339285714,762710
3671,lammps,8,400000,100,0.5,d,0,361.0,29.752901785714283,457408
3672,quicksilver,8,200000,1000,0.1,d,1,302.0,140.05022321428572,762710
3673,minivite,8,2000000,0,0.5,d,2,433.0,116.671875,24089720
3674,amg,8,400000,10000,0.7,d,1,363.0,48.88638392857143,106441449
3675,lammps,8,2000,1000,1.0,d,1,357.0,18.1021875,457408
3676,fiesta,8,40000,100000,0.5,d,1,367.7142857142857,90.2408482142857,645120
3677,laghos,8,20000,0,0.1,d,1,465.0,187.68303571428572,801311390
3678,minife,8,2000000,0,0.1,d,1,404.0,38.69598214285714,6788000
3679,beatnik,8,2000,1000000,0.5,d,3,404.0,110.18080357142857,19996182
3680,minivite,8,2000,100,0.1,d,3,387.0,67.61383928571429,24089720
3681,quicksilver,8,4000000,10000,0.3,d,0,291.0,130.27767857142857,762710
3682,beatnik,8,200000,0,0.1,d,3,499.11160714285717,199.37276785714286,19996182
3683,fiesta,8,4000000,0,0.5,d,3,355.2857142857143,60.425223214285715,645120
3684,lammps,8,400000,1000000,0.7,d,1,356.0,20.527544642857144,457408
3685,fiesta,8,2000,1000,0.3,d,1,359.35044642857144,81.37566964285713,645120
3686,minivite,8,4000000,0,1.0,d,0,471.0,146.55133928571428,24089720
3687,beatnik,8,400000,100,1.0,d,1,559.9776785714286,266.84375,19996182
3688,lammps,8,4000000,1000000,0.7,d,2,369.0,32.442633928571425,457408
3689,minife,8,40000,100,0.1,d,3,393.0,20.803348214285716,6788000
3690,fiesta,8,400000,10000,0.1,d,3,357.5,58.49196428571429,645120
3691,lammps,8,400000,1000000,0.5,d,1,359.0,22.029642857142854,457408
3692,beatnik,8,40000,1000,1.0,d,0,474.0,171.47321428571428,19996182
3693,minife,8,4000,1000000,0.3,d,0,385.0,13.356607142857143,6788000
3694,amg,8,4000000,100,0.5,d,0,362.0,44.66450892857143,106441449
3695,minivite,8,20000,100,0.3,d,1,395.0,77.4875,24089720
3696,amg,8,2000000,100000,0.1,d,1,351.0,29.998437499999998,106441449
3697,fiesta,8,2000000,1000,0.1,d,0,364.27901785714283,86.96607142857144,645120
3698,minivite,8,40000,0,1.0,d,1,448.0,106.19955357142855,24089720
3699,quicksilver,8,200000,100,1.0,d,1,293.0,131.79325892857142,762710
3700,tricount,8,2000,100000,1.0,d,1,407.0,232.92857142857142,7120960
3701,beatnik,8,2000000,100,1.0,d,2,694.4732142857143,408.66517857142856,19996182
3702,fiesta,8,4000,10000,0.7,d,0,365.50669642857144,84.9700892857143,645120
3703,quicksilver,8,400000,100000,0.1,d,0,300.19642857142856,138.91924107142856,762710
3704,quicksilver,8,4000000,100000,0.3,d,1,291.0111607142857,130.4438392857143,762710
3705,beatnik,8,400000,100,0.3,d,3,706.7589285714286,423.03348214285717,19996182
3706,fiesta,8,20000,100,0.3,d,3,392.62276785714283,134.14553571428573,645120
3707,amg,8,2000,100,0.7,d,0,340.0,11.048928571428572,106441449
3708,fiesta,8,40000,1000,0.1,d,3,356.578125,59.479241071428575,645120
3709,lammps,8,2000000,1000,0.5,d,1,364.0,26.153794642857147,457408
3710,tricount,8,40000,100000,0.7,d,3,474.0,300.33035714285717,7120960
3711,amg,8,4000000,100,1.0,d,2,361.0,46.104241071428575,106441449
3712,minivite,8,2000000,1000000,0.1,d,3,391.0,70.74017857142857,24089720
3713,tricount,8,400000,100,0.7,d,3,498.0,322.84151785714283,7120960
3714,minife,8,20000,1000,1.0,d,3,452.0,59.30491071428571,6788000
3715,minivite,8,400000,1000,0.1,d,2,405.0,84.24620535714287,24089720
3716,kripke,8,200000,0,0.3,d,1,357.0,20.016741071428573,302720
3717,minife,8,40000,0,0.3,d,2,389.0,19.860491071428573,6788000
3718,minife,8,40000,1000000,1.0,d,2,389.0,15.572142857142856,6788000
3719,minivite,8,4000000,100,0.5,d,1,418.0,99.74040178571428,24089720
3720,quicksilver,8,20000,100000,0.1,d,1,292.75669642857144,131.58667410714287,762710
3721,fiesta,8,400000,100,0.5,d,0,356.86160714285717,61.488616071428574,645120
3722,lammps,8,400000,10000,1.0,d,3,389.0,51.82700892857143,457408
3723,tricount,8,2000,1000000,0.1,d,1,426.0,252.359375,7120960
3724,kripke,8,2000000,1000000,0.5,d,1,356.0,18.87120535714286,302720
3725,minife,8,40000,100,0.3,d,1,429.0,45.39352678571429,6788000
3726,laghos,8,40000,0,1.0,d,0,465.0,192.63169642857142,801311390
3727,laghos,8,20000,1000,0.3,d,3,488.0,208.23660714285714,801311390
3728,laghos,8,200000,1000000,0.5,d,2,418.0,145.39508928571428,801311390
3729,fiesta,8,4000,10000,0.5,d,3,353.0,55.18214285714286,645120
3730,fiesta,8,40000,10000,1.0,d,0,356.0111607142857,55.574107142857144,645120
3731,minivite,8,4000,0,1.0,d,0,383.0,60.396651785714276,24089720
3732,fiesta,8,4000,100,0.1,d,2,356.00892857142856,59.254910714285714,645120
3733,laghos,8,200000,0,0.7,d,0,580.0,308.7455357142857,801311390
3734,lammps,8,400000,100000,0.7,d,3,358.0,25.946205357142862,457408
3735,amg,8,2000,10000,0.7,d,3,340.0,10.308013392857143,106441449
3736,beatnik,8,4000,100,0.3,d,2,458.99776785714283,163.64732142857142,19996182
3737,lammps,8,40000,100000,1.0,d,2,362.0,23.74185267857143,457408
3738,tricount,8,20000,1000,1.0,d,2,443.0,261.72098214285717,7120960
3739,fiesta,8,200000,10000,0.3,d,3,356.8482142857143,61.417991071428574,645120
3740,minife,8,2000000,10000,0.7,d,3,470.0,106.8377232142857,6788000
3741,kripke,8,40000,1000000,0.3,d,2,354.0,17.413169642857145,302720
3742,minife,8,400000,1000,0.7,d,0,408.0,44.56941964285714,6788000
3743,minivite,8,2000000,100,0.7,d,0,404.0,85.33258928571429,24089720
3744,fiesta,8,4000000,1000,0.5,d,0,363.02901785714283,92.65848214285714,645120
3745,quicksilver,8,4000000,1000000,1.0,d,3,292.7767857142857,131.6677232142857,762710
3746,fiesta,8,400000,0,0.5,d,3,353.61607142857144,57.57790178571429,645120
3747,minife,8,200000,1000000,0.7,d,3,397.0,30.597544642857144,6788000
3748,amg,8,40000,100000,0.1,d,3,348.0,18.50513392857143,106441449
3749,kripke,8,4000,10000,0.1,d,2,354.0,17.619419642857142,302720
3750,lammps,8,2000000,100,0.3,d,1,357.0,25.937723214285715,457408
3751,minivite,8,2000000,100000,0.1,d,2,418.0,95.04620535714285,24089720
3752,amg,8,2000,0,1.0,d,1,345.0,16.310044642857143,106441449
3753,quicksilver,8,4000000,1000,1.0,d,3,301.0,139.28725446428572,762710
3754,tricount,8,4000000,10000,0.5,d,3,573.0,399.93526785714283,7120960
3755,kripke,8,40000,1000,0.5,d,1,382.0,30.699999999999996,302720
3756,laghos,8,200000,10000,0.1,d,1,547.0,273.3549107142857,801311390
3757,lammps,8,200000,100,0.5,d,1,356.0,21.73122767857143,457408
3758,beatnik,8,2000000,1000000,0.1,d,0,421.015625,126.32589285714286,19996182
3759,amg,8,2000000,1000000,0.1,d,2,348.0,24.40357142857143,106441449
3760,amg,8,20000,100,1.0,d,2,386.0,50.158928571428575,106441449
3761,quicksilver,8,4000000,100,0.1,d,3,290.0,129.47870535714284,762710
3762,minife,8,20000,1000,0.5,d,2,389.0,19.1625,6788000
3763,tricount,8,4000,100,0.5,d,0,406.0,229.70089285714286,7120960
3764,minife,8,2000000,100,1.0,d,3,425.0,61.46049107142857,6788000
3765,fiesta,8,4000000,1000000,0.1,d,1,356.515625,58.56316964285714,645120
3766,amg,8,200000,1000000,0.1,d,2,355.0,27.619642857142857,106441449
3767,minife,8,2000,100,0.7,d,0,383.0,11.994375,6788000
3768,fiesta,8,200000,100,0.7,d,1,356.8950892857143,67.57522321428571,645120
3769,fiesta,8,2000000,0,1.0,d,2,364.9955357142857,88.93323660714286,645120
3770,beatnik,8,20000,100000,0.5,d,2,408.2232142857143,111.85267857142857,19996182
3771,beatnik,8,200000,100,0.1,d,2,518.0,227.50892857142858,19996182
3772,minife,8,4000000,0,1.0,d,0,406.0,42.95290178571429,6788000
3773,minivite,8,400000,100,1.0,d,1,405.0,85.55892857142855,24089720
3774,kripke,8,2000000,100,0.3,d,3,357.0,20.569642857142856,302720
3775,minivite,8,2000000,10000,0.5,d,2,409.0,88.68683035714285,24089720
3776,minivite,8,20000,0,0.1,d,0,422.0,84.99062500000001,24089720
3777,quicksilver,8,400000,1000,0.1,d,3,298.0,136.77875,762710
3778,laghos,8,2000000,1000,0.3,d,1,604.0,332.02901785714283,801311390
3779,laghos,8,2000000,10000,1.0,d,1,590.875,318.74776785714283,801311390
3780,quicksilver,8,200000,100,0.1,d,0,295.0,133.67352678571427,762710
3781,lammps,8,40000,1000,1.0,d,1,355.0,16.22205357142857,457408
3782,beatnik,8,40000,1000,0.5,d,3,475.91517857142856,188.25669642857142,19996182
3783,minivite,8,20000,100,1.0,d,0,450.0,103.16495535714287,24089720
3784,laghos,8,400000,1000000,0.3,d,0,449.0,176.40401785714286,801311390
3785,beatnik,8,40000,100,0.1,d,3,471.2857142857143,166.32366071428572,19996182
3786,quicksilver,8,400000,100,0.3,d,3,291.84151785714283,130.62495535714285,762710
3787,minivite,8,200000,100,0.7,d,3,413.0,93.71607142857144,24089720
3788,laghos,8,400000,100000,1.0,d,0,566.0,292.90625,801311390
3789,quicksilver,8,2000,100,0.5,d,2,292.0,130.87299107142857,762710
3790,tricount,8,4000000,100000,0.1,d,1,536.0,362.3794642857143,7120960
3791,fiesta,8,4000000,100000,0.3,d,3,353.7767857142857,61.54575892857143,645120
3792,minivite,8,40000,100,0.7,d,1,432.0,90.81607142857142,24089720
3793,minivite,8,2000000,1000,0.1,d,3,439.0,115.5138392857143,24089720
3794,laghos,8,2000,0,0.1,d,2,481.0,196.18526785714286,801311390
3795,minife,8,40000,100000,0.1,d,0,397.0,21.239732142857147,6788000
3796,fiesta,8,20000,10000,0.7,d,2,353.38392857142856,52.638392857142854,645120
3797,fiesta,8,20000,1000000,0.1,d,2,357.5825892857143,58.75133928571428,645120
3798,minife,8,2000,0,0.5,d,2,384.0,13.010602678571429,6788000
3799,quicksilver,8,2000,0,0.5,d,0,292.9330357142857,131.630625,762710
3800,amg,8,200000,100,0.5,d,2,360.0,44.34084821428571,106441449
3801,minivite,8,40000,1000000,0.5,d,3,380.0,58.36540178571429,24089720
3802,beatnik,8,200000,100,0.7,d,0,496.0,200.08482142857142,19996182
3803,kripke,8,4000,100000,0.1,d,1,355.0,17.651339285714283,302720
3804,minife,8,40000,100000,0.7,d,3,388.0,17.626339285714284,6788000
3805,fiesta,8,2000000,100,1.0,d,2,362.34375,79.01584821428571,645120
3806,minivite,8,2000,10000,1.0,d,0,379.0,59.04709821428571,24089720
3807,kripke,8,400000,1000000,0.3,d,1,354.0,17.544866071428572,302720
3808,minife,8,40000,0,0.5,d,1,390.0,22.14441964285714,6788000
3809,laghos,8,2000000,100,0.7,d,0,598.0,327.0669642857143,801311390
3810,lammps,8,2000,1000000,1.0,d,3,354.0,15.87529017857143,457408
3811,lammps,8,2000,1000,1.0,d,0,354.0,17.134174107142858,457408
3812,amg,8,4000000,10000,0.3,d,3,360.0,40.24955357142857,106441449
3813,amg,8,20000,100000,0.3,d,2,352.0,21.35200892857143,106441449
3814,lammps,8,4000000,100000,0.3,d,1,360.0,23.419531250000002,457408
3815,laghos,8,2000,100,1.0,d,2,374.0,100.03660714285715,801311390
3816,minife,8,40000,1000000,1.0,d,0,395.0,21.386607142857144,6788000
3817,lammps,8,4000,100000,0.1,d,0,355.0,15.720424107142858,457408
3818,tricount,8,4000,10000,0.7,d,2,397.0,223.89285714285714,7120960
3819,laghos,8,2000,0,0.5,d,0,385.0,111.328125,801311390
3820,kripke,8,40000,100,0.3,d,1,355.0,18.61763392857143,302720
3821,amg,8,4000,100000,0.5,d,3,345.0,15.401450892857142,106441449
3822,tricount,8,2000,10000,0.3,d,1,400.0,226.22098214285714,7120960
3823,amg,8,4000,0,0.5,d,0,350.0,19.987946428571426,106441449
3824,minivite,8,20000,0,0.5,d,1,384.0,66.6640625,24089720
3825,kripke,8,2000,100,0.7,d,0,357.0,18.211160714285715,302720
3826,fiesta,8,200000,0,0.7,d,3,359.41964285714283,68.57433035714286,645120
3827,lammps,8,40000,1000,1.0,d,3,361.0,26.211272321428574,457408
3828,tricount,8,2000000,100000,0.7,d,2,634.0,460.27901785714283,7120960
3829,fiesta,8,4000,100000,0.7,d,2,359.47544642857144,79.41272321428572,645120
3830,tricount,8,2000,10000,0.5,d,1,396.0,222.34821428571428,7120960
3831,minivite,8,4000,1000000,0.3,d,3,372.0,53.0546875,24089720
3832,beatnik,8,4000000,1000000,0.5,d,2,483.77901785714283,195.59151785714286,19996182
3833,kripke,8,200000,0,0.1,d,3,358.0,21.968973214285715,302720
3834,minife,8,4000000,0,0.3,d,3,405.0,41.12477678571429,6788000
3835,kripke,8,400000,1000,0.7,d,1,359.0,22.56674107142857,302720
3836,fiesta,8,4000000,1000000,1.0,d,0,357.39285714285717,62.35959821428571,645120
3837,kripke,8,200000,10000,0.1,d,3,356.0,19.193973214285712,302720
3838,lammps,8,20000,100000,1.0,d,3,351.0,13.150491071428572,457408
3839,amg,8,4000,100,0.1,d,1,344.0,15.556473214285715,106441449
3840,fiesta,8,4000000,100,0.5,d,1,354.52455357142856,60.776562500000004,645120
3841,quicksilver,8,2000000,10000,0.3,d,3,290.0,128.8348660714286,762710
3842,amg,8,4000,0,1.0,d,2,353.0,22.56227678571429,106441449
3843,minife,8,2000,10000,0.1,d,2,389.0,14.336919642857143,6788000
3844,amg,8,20000,100000,1.0,d,0,349.125,20.602901785714288,106441449
3845,kripke,8,2000000,10000,0.7,d,3,367.0,28.7578125,302720
3846,quicksilver,8,400000,1000000,0.5,d,1,289.9955357142857,128.7297544642857,762710
3847,quicksilver,8,200000,0,0.7,d,3,294.0,132.7900892857143,762710
3848,lammps,8,400000,10000,1.0,d,2,369.0,37.10848214285714,457408
3849,tricount,8,2000000,100,1.0,d,3,558.0,382.53125,7120960
3850,minife,8,400000,10000,1.0,d,3,419.0,57.13549107142857,6788000
3851,lammps,8,2000,100000,0.5,d,3,351.0,17.357790178571427,457408
3852,laghos,8,400000,1000,0.5,d,2,607.8705357142857,336.8392857142857,801311390
3853,minife,8,2000000,100,0.7,d,3,406.0,43.68683035714287,6788000
3854,kripke,8,2000,1000000,1.0,d,0,354.0,16.792857142857144,302720
3855,quicksilver,8,2000,10000,0.1,d,3,295.0,133.87274553571427,762710
3856,minife,8,400000,10000,1.0,d,0,420.0,54.43593750000001,6788000
3857,beatnik,8,4000000,1000,0.1,d,3,565.9263392857143,268.5625,19996182
3858,minivite,8,2000,1000000,0.7,d,1,375.0,54.895089285714285,24089720
3859,fiesta,8,20000,1000000,0.7,d,3,352.62276785714283,59.760714285714286,645120
3860,laghos,8,20000,1000,0.5,d,3,474.0,201.29017857142858,801311390
3861,kripke,8,2000,100,0.7,d,3,357.0,18.40580357142857,302720
3862,minivite,8,4000,100,0.3,d,3,405.0,73.93616071428572,24089720
3863,amg,8,400000,1000000,1.0,d,2,355.0,34.08549107142857,106441449
3864,amg,8,40000,1000000,0.7,d,1,344.0,15.5875,106441449
3865,minivite,8,4000,100000,0.3,d,2,386.0,65.29486607142857,24089720
3866,lammps,8,4000,100,1.0,d,1,350.0,13.825558035714286,457408
3867,laghos,8,4000000,0,0.1,d,1,477.0,205.71205357142858,801311390
3868,amg,8,400000,100000,1.0,d,0,360.0,44.92879464285715,106441449
3869,minivite,8,20000,1000,0.3,d,1,423.0,86.71875,24089720
3870,tricount,8,200000,1000000,0.3,d,1,437.0,263.30357142857144,7120960
3871,amg,8,40000,10000,0.1,d,3,346.0,19.32723214285715,106441449
3872,beatnik,8,20000,100000,1.0,d,0,410.0,115.95758928571429,19996182
3873,beatnik,8,20000,100,0.3,d,0,420.0,126.95982142857143,19996182
3874,amg,8,20000,1000000,0.3,d,1,348.0,18.778125,106441449
3875,lammps,8,4000,1000,0.7,d,3,360.0,26.199866071428573,457408
3876,lammps,8,4000,100,0.3,d,3,373.0,30.027120535714285,457408
3877,quicksilver,8,200000,1000000,0.5,d,3,303.0,141.78138392857142,762710
3878,minivite,8,40000,100,0.5,d,2,432.0,86.72566964285716,24089720
3879,tricount,8,2000,100000,0.7,d,1,397.0,223.16741071428572,7120960
3880,amg,8,2000000,1000000,0.3,d,2,351.0,31.53526785714286,106441449
3881,quicksilver,8,2000,100,0.1,d,3,292.0,131.22582589285713,762710
3882,minife,8,40000,100,0.7,d,2,434.0,47.87366071428572,6788000
3883,kripke,8,4000,10000,0.1,d,3,360.0,20.239285714285717,302720
3884,fiesta,8,2000000,0,1.0,d,0,357.24107142857144,63.29575892857142,645120
3885,minivite,8,40000,100000,1.0,d,2,423.0,90.01763392857143,24089720
3886,lammps,8,2000,0,1.0,d,1,351.0,13.785468749999998,457408
3887,lammps,8,2000000,1000,1.0,d,2,362.0,28.274553571428573,457408
3888,tricount,8,2000000,1000000,1.0,d,2,528.0,353.0736607142857,7120960
3889,fiesta,8,2000000,10000,1.0,d,2,362.0982142857143,78.34598214285714,645120
3890,amg,8,20000,10000,0.1,d,2,356.0,23.9109375,106441449
3891,minife,8,40000,1000000,0.7,d,2,385.0,14.06109375,6788000
3892,tricount,8,2000000,1000,0.1,d,3,836.0,661.796875,7120960
3893,beatnik,8,40000,100000,0.5,d,1,471.07589285714283,179.36830357142858,19996182
3894,beatnik,8,400000,1000,0.1,d,3,497.0,202.58035714285714,19996182
3895,kripke,8,20000,100000,0.7,d,3,366.0,22.675223214285715,302720
3896,beatnik,8,40000,10000,0.1,d,3,454.109375,158.12723214285714,19996182
3897,tricount,8,40000,100000,0.3,d,1,452.0,276.7299107142857,7120960
3898,laghos,8,40000,0,0.7,d,0,500.0,222.25892857142858,801311390
3899,amg,8,2000,0,0.5,d,1,343.0,14.192633928571427,106441449
3900,laghos,8,4000,10000,0.3,d,1,365.0,88.65044642857141,801311390
3901,tricount,8,4000000,10000,1.0,d,3,603.0,427.92857142857144,7120960
3902,kripke,8,4000000,100,0.5,d,2,372.0,32.151785714285715,302720
3903,lammps,8,2000,100,0.7,d,0,356.0,16.62841517857143,457408
3904,beatnik,8,4000,1000000,0.3,d,2,411.9888392857143,119.08705357142857,19996182
3905,minife,8,2000000,0,1.0,d,2,408.0,44.887276785714285,6788000
3906,fiesta,8,4000,100000,0.7,d,1,352.8482142857143,56.409151785714286,645120
3907,amg,8,2000000,0,0.1,d,1,353.0625,33.75915178571429,106441449
3908,laghos,8,4000000,1000000,0.5,d,0,533.0,261.60044642857144,801311390
3909,beatnik,8,2000000,1000000,0.3,d,2,463.0,168.04910714285714,19996182
3910,fiesta,8,200000,100000,0.3,d,1,367.29017857142856,91.96651785714286,645120
3911,tricount,8,2000,0,1.0,d,1,412.0,237.98660714285714,7120960
3912,quicksilver,8,4000000,1000000,0.5,d,0,303.00223214285717,141.72252232142858,762710
3913,fiesta,8,4000000,10000,1.0,d,0,357.6875,67.08325892857142,645120
3914,kripke,8,20000,1000,0.5,d,1,354.875,18.33883928571429,302720
3915,minivite,8,4000,100,0.5,d,3,379.0,62.11339285714286,24089720
3916,fiesta,8,20000,1000,0.3,d,2,352.8013392857143,56.99821428571429,645120
3917,lammps,8,20000,100000,0.7,d,0,352.0,15.214486607142858,457408
3918,tricount,8,200000,100,0.5,d,1,487.0,313.46205357142856,7120960
3919,tricount,8,2000000,10000,0.5,d,1,624.0,450.04910714285717,7120960
3920,amg,8,2000,1000,1.0,d,0,347.0,17.68013392857143,106441449
3921,amg,8,200000,0,0.5,d,0,363.0,44.845758928571435,106441449
3922,tricount,8,20000,1000000,0.1,d,2,403.0,228.546875,7120960
3923,amg,8,20000,0,0.7,d,2,384.0,47.853348214285724,106441449
3924,amg,8,200000,10000,0.1,d,2,355.0,36.646205357142854,106441449
3925,kripke,8,40000,1000000,0.7,d,3,355.0,18.388616071428572,302720
3926,lammps,8,2000000,1000,0.3,d,1,367.0,39.46763392857143,457408
3927,tricount,8,2000,1000000,0.7,d,3,398.0,225.45758928571428,7120960
3928,minife,8,40000,10000,0.3,d,0,388.0,18.560714285714287,6788000
3929,beatnik,8,200000,1000,0.1,d,2,513.0022321428571,217.78794642857142,19996182
3930,laghos,8,2000000,100,0.5,d,2,631.0,360.63392857142856,801311390
3931,laghos,8,4000000,1000,1.0,d,3,587.0,316.13392857142856,801311390
3932,beatnik,8,4000,1000,0.3,d,2,430.0,136.28348214285714,19996182
3933,fiesta,8,2000,1000,0.5,d,0,356.37276785714283,57.301875,645120
3934,amg,8,2000,100000,0.1,d,1,339.0,9.693058035714285,106441449
3935,lammps,8,400000,1000,0.3,d,3,370.0,33.345982142857146,457408
3936,minivite,8,4000000,100000,0.3,d,3,410.0,91.28303571428572,24089720
3937,minivite,8,40000,100000,0.7,d,2,391.0,74.38660714285716,24089720
3938,beatnik,8,2000000,1000,0.7,d,2,574.0200892857143,286.80580357142856,19996182
3939,beatnik,8,200000,0,0.7,d,2,499.8482142857143,206.28348214285714,19996182
3940,minivite,8,400000,0,0.5,d,3,408.0,87.0109375,24089720
3941,kripke,8,200000,1000000,0.3,d,0,355.0,18.213839285714286,302720
3942,lammps,8,20000,1000,0.3,d,1,367.0,25.566986607142855,457408
3943,laghos,8,400000,1000,1.0,d,3,604.0,331.37723214285717,801311390
3944,laghos,8,2000000,10000,0.3,d,2,659.0,388.0892857142857,801311390
3945,minivite,8,200000,1000000,0.3,d,1,393.0,73.35647321428571,24089720
3946,fiesta,8,4000,1000000,1.0,d,1,356.2142857142857,55.349553571428565,645120
3947,minivite,8,40000,10000,1.0,d,2,435.0,95.3125,24089720
3948,beatnik,8,2000,100000,0.3,d,2,401.7299107142857,107.47611607142858,19996182
3949,fiesta,8,400000,100,0.7,d,2,353.86160714285717,59.677455357142854,645120
3950,lammps,8,200000,100,0.1,d,1,352.0,17.967410714285712,457408
3951,laghos,8,20000,1000000,0.7,d,2,386.0,111.88392857142857,801311390
3952,beatnik,8,2000000,100000,0.1,d,0,466.0,176.15178571428572,19996182
3953,tricount,8,200000,0,0.7,d,1,495.0,320.57589285714283,7120960
3954,tricount,8,4000,1000,0.5,d,3,424.0,250.44866071428572,7120960
3955,fiesta,8,40000,1000000,1.0,d,0,355.6607142857143,56.908482142857146,645120
3956,laghos,8,200000,0,0.1,d,3,561.0,289.34151785714283,801311390
3957,tricount,8,40000,1000000,0.7,d,2,413.0,239.69642857142858,7120960
3958,fiesta,8,4000,100,1.0,d,1,364.01785714285717,71.53857142857143,645120
3959,lammps,8,40000,1000,0.7,d,2,370.0,28.775290178571428,457408
3960,minivite,8,20000,10000,1.0,d,1,382.0,62.16852678571429,24089720
3961,laghos,8,4000000,1000,0.3,d,2,622.0,349.390625,801311390
3962,minivite,8,20000,0,0.5,d,0,412.0,82.60892857142856,24089720
3963,kripke,8,40000,1000,0.5,d,2,387.0,32.69508928571429,302720
3964,minife,8,2000000,1000,1.0,d,0,403.01785714285717,38.24732142857143,6788000
3965,amg,8,200000,100000,0.3,d,2,351.0,31.551339285714285,106441449
3966,beatnik,8,200000,1000000,0.5,d,1,420.91517857142856,126.40848214285714,19996182
3967,lammps,8,2000,0,0.7,d,0,432.0,95.78928571428571,457408
3968,laghos,8,20000,10000,0.7,d,1,480.0,199.04464285714286,801311390
3969,minivite,8,40000,100000,0.3,d,1,392.0,67.08950892857142,24089720
3970,beatnik,8,4000,100000,0.5,d,0,421.0,127.08928571428571,19996182
3971,lammps,8,2000000,0,0.5,d,2,356.0,22.025669642857142,457408
3972,tricount,8,20000,0,0.1,d,3,442.0,267.7142857142857,7120960
3973,laghos,8,4000,100,0.3,d,3,423.0,146.42410714285714,801311390
3974,laghos,8,20000,0,1.0,d,0,477.0,204.90625,801311390
3975,beatnik,8,2000000,10000,0.7,d,1,533.0044642857143,239.72544642857142,19996182
3976,minivite,8,200000,1000000,0.5,d,1,386.0,67.99888392857143,24089720
3977,laghos,8,2000000,0,0.3,d,2,514.0,242.87723214285714,801311390
3978,tricount,8,200000,100000,0.7,d,3,493.0,319.54017857142856,7120960
3979,fiesta,8,4000,100,0.7,d,3,352.625,58.613169642857144,645120
3980,lammps,8,40000,1000,0.1,d,1,349.0,14.447098214285717,457408
3981,minivite,8,2000,100,1.0,d,2,402.0,82.1796875,24089720
3982,minivite,8,2000000,0,1.0,d,0,435.0,113.46339285714285,24089720
3983,fiesta,8,2000000,0,0.7,d,1,353.58035714285717,55.53258928571428,645120
3984,laghos,8,400000,1000000,0.1,d,2,425.0,152.30803571428572,801311390
3985,tricount,8,40000,1000000,0.5,d,0,431.0,257.26785714285717,7120960
3986,amg,8,200000,1000,0.3,d,2,354.0,36.67165178571429,106441449
3987,beatnik,8,200000,100,0.5,d,0,486.8794642857143,197.43080357142858,19996182
3988,lammps,8,400000,10000,0.5,d,0,357.0,25.006696428571427,457408
3989,beatnik,8,20000,1000000,0.7,d,1,406.0,111.89508928571429,19996182
3990,fiesta,8,20000,100,0.3,d,2,352.7544642857143,56.80625,645120
3991,fiesta,8,400000,1000000,0.1,d,1,364.29464285714283,80.65513392857143,645120
3992,fiesta,8,4000000,1000000,0.5,d,1,354.00223214285717,54.136383928571426,645120
3993,beatnik,8,400000,100,0.7,d,0,666.4955357142857,380.71205357142856,19996182
3994,minife,8,2000,1000000,0.5,d,1,386.0,13.504799107142857,6788000
3995,lammps,8,4000,100,0.5,d,1,350.0,16.48462053571429,457408
3996,tricount,8,4000,1000,0.3,d,3,434.0,253.23214285714286,7120960
3997,amg,8,200000,100,1.0,d,3,363.0,45.051339285714285,106441449
3998,minivite,8,4000,10000,0.5,d,2,378.0,58.544642857142854,24089720
3999,minivite,8,2000000,1000,0.3,d,3,433.0,115.91517857142857,24089720
4000,quicksilver,8,200000,1000000,0.5,d,0,294.0,133.03591517857143,762710
4001,beatnik,8,20000,10000,1.0,d,0,423.88839285714283,128.64732142857142,19996182
4002,fiesta,8,20000,10000,0.1,d,3,370.85714285714283,91.15174107142856,645120
4003,tricount,8,40000,1000000,0.3,d,2,444.0,269.953125,7120960
4004,minife,8,400000,0,1.0,d,1,427.0,63.489732142857136,6788000
4005,beatnik,8,2000,100,1.0,d,1,414.97544642857144,117.73883928571429,19996182
4006,lammps,8,20000,1000000,0.7,d,3,355.0,21.266183035714285,457408
4007,minivite,8,4000000,100,0.3,d,3,415.0,96.69263392857144,24089720
4008,laghos,8,2000000,1000,0.1,d,0,575.0,303.51785714285717,801311390
4009,minife,8,4000,1000,0.1,d,3,411.0,26.25232142857143,6788000
4010,minife,8,20000,1000000,0.3,d,3,385.0,13.678816964285714,6788000
4011,kripke,8,400000,0,1.0,d,0,360.0,22.399776785714284,302720
4012,tricount,8,200000,100000,0.5,d,1,497.0,323.26785714285717,7120960
4013,kripke,8,400000,1000,0.1,d,1,357.0,20.790848214285713,302720
4014,fiesta,8,4000000,100000,0.5,d,3,354.453125,60.97745535714285,645120
4015,laghos,8,400000,100000,0.3,d,3,560.0,286.72098214285717,801311390
4016,minife,8,400000,1000,0.3,d,0,407.0,47.26071428571429,6788000
4017,lammps,8,400000,0,1.0,d,0,372.0,36.16450892857143,457408
4018,laghos,8,2000000,100,0.7,d,3,604.0,328.36830357142856,801311390
4019,lammps,8,2000000,1000,1.0,d,0,364.0,31.310491071428572,457408
4020,kripke,8,4000,1000000,0.1,d,3,355.0,17.78705357142857,302720
4021,minife,8,4000,10000,0.5,d,2,384.0,12.256383928571426,6788000
4022,quicksilver,8,4000000,1000000,0.7,d,3,300.0,138.199375,762710
4023,tricount,8,400000,10000,1.0,d,2,528.0,354.15625,7120960
4024,kripke,8,40000,100000,0.1,d,1,354.0,16.827455357142856,302720
4025,tricount,8,4000,100,0.3,d,0,428.0,247.32366071428572,7120960
4026,lammps,8,2000000,100000,1.0,d,2,361.0,27.405870535714286,457408
4027,fiesta,8,200000,1000000,0.1,d,1,357.1205357142857,58.35803571428572,645120
4028,quicksilver,8,4000000,1000,0.1,d,1,291.09598214285717,129.80642857142857,762710
4029,amg,8,4000,1000,0.5,d,1,354.0,23.079464285714288,106441449
4030,quicksilver,8,20000,10000,0.1,d,1,306.0,142.49287946428572,762710
4031,fiesta,8,20000,10000,1.0,d,1,396.2857142857143,130.06428571428572,645120
4032,minife,8,2000,100000,0.7,d,3,387.0,14.893816964285714,6788000
4033,kripke,8,4000,1000,0.3,d,1,353.0,16.797767857142855,302720
4034,lammps,8,200000,1000000,0.7,d,1,359.0,22.24167410714286,457408
4035,laghos,8,4000000,10000,0.5,d,3,560.0,287.92857142857144,801311390
4036,laghos,8,200000,100000,0.3,d,1,544.0,264.7455357142857,801311390
4037,amg,8,400000,1000000,0.5,d,2,352.0,30.743526785714288,106441449
4038,amg,8,2000000,1000,0.1,d,1,352.0,35.32790178571428,106441449
4039,fiesta,8,2000,10000,0.7,d,3,362.3638392857143,85.65044642857143,645120
4040,minivite,8,20000,0,1.0,d,1,385.0,65.490625,24089720
4041,fiesta,8,4000000,100000,0.7,d,1,357.35044642857144,69.86026785714286,645120
4042,laghos,8,20000,10000,0.5,d,0,504.0,225.87276785714286,801311390
4043,tricount,8,20000,1000,0.3,d,2,433.0,254.1875,7120960
4044,minife,8,4000,100000,0.1,d,0,390.0,15.378392857142856,6788000
4045,lammps,8,400000,1000000,1.0,d,0,374.0,32.29111607142857,457408
4046,minife,8,2000,1000000,0.5,d,0,384.0,12.563214285714285,6788000
4047,beatnik,8,2000000,1000000,0.3,d,1,492.22544642857144,203.31919642857142,19996182
4048,lammps,8,4000,10000,0.5,d,2,354.0,19.716562500000002,457408
4049,fiesta,8,20000,100000,0.5,d,1,361.9375,76.30111607142858,645120
4050,minivite,8,400000,10000,0.1,d,3,420.0,96.67232142857142,24089720
4051,fiesta,8,20000,0,0.7,d,2,383.70089285714283,123.01071428571429,645120
4052,quicksilver,8,40000,100000,0.3,d,1,289.0,128.27029017857143,762710
4053,beatnik,8,2000,100000,0.7,d,1,401.0,109.07254464285714,19996182
4054,quicksilver,8,2000,100000,0.7,d,2,298.0,136.75216517857143,762710
4055,minivite,8,2000,10000,0.1,d,1,381.0,58.15625,24089720
4056,lammps,8,4000000,10000,0.7,d,0,379.0,45.80312500000001,457408
4057,beatnik,8,40000,1000000,0.1,d,1,414.0,120.55357142857143,19996182
4058,tricount,8,40000,10000,0.7,d,2,491.0,317.63392857142856,7120960
4059,tricount,8,4000000,100,1.0,d,3,603.0,429.03794642857144,7120960
4060,fiesta,8,400000,100,0.3,d,0,354.14955357142856,64.13794642857144,645120
4061,minivite,8,40000,1000000,0.3,d,1,373.0,54.35446428571429,24089720
4062,amg,8,2000000,0,0.3,d,1,357.0,38.074776785714285,106441449
4063,quicksilver,8,4000,1000000,0.7,d,0,296.06919642857144,135.02716517857144,762710
4064,amg,8,2000000,1000,1.0,d,3,358.0,39.349107142857136,106441449
4065,minife,8,2000,10000,0.7,d,3,383.0,12.246071428571428,6788000
4066,fiesta,8,4000000,1000,0.3,d,2,363.02455357142856,81.94084821428571,645120
4067,minife,8,2000000,0,0.3,d,0,405.0,37.1484375,6788000
4068,lammps,8,4000000,0,1.0,d,2,360.0,25.53392857142857,457408
4069,laghos,8,2000000,10000,0.1,d,1,539.0,268.0825892857143,801311390
4070,laghos,8,40000,0,0.3,d,0,537.0,257.171875,801311390
4071,tricount,8,2000000,100000,0.7,d,0,505.0,330.70535714285717,7120960
4072,laghos,8,2000000,100,0.5,d,0,628.0,353.77901785714283,801311390
4073,quicksilver,8,40000,100,0.7,d,3,292.0,130.7396205357143,762710
4074,kripke,8,20000,100000,0.7,d,1,354.0,17.492410714285715,302720
4075,beatnik,8,4000000,1000,1.0,d,1,649.6026785714286,363.23214285714283,19996182
4076,minivite,8,2000000,100,1.0,d,2,417.0,97.92611607142858,24089720
4077,kripke,8,20000,10000,0.7,d,2,377.0,27.58080357142857,302720
4078,lammps,8,4000000,1000,0.3,d,1,363.0,28.370535714285715,457408
4079,minife,8,2000,100000,0.1,d,2,389.0,14.694308035714286,6788000
4080,minivite,8,400000,100000,0.7,d,3,414.0,94.78415178571429,24089720
4081,minife,8,4000000,1000,1.0,d,3,409.0,44.63392857142857,6788000
4082,lammps,8,400000,0,0.5,d,0,362.0,30.868750000000002,457408
4083,lammps,8,4000000,10000,0.1,d,2,422.0,88.62834821428571,457408
4084,kripke,8,200000,100000,0.7,d,1,358.0,21.13325892857143,302720
4085,quicksilver,8,20000,1000000,0.1,d,3,292.0,131.15084821428573,762710
4086,laghos,8,40000,0,1.0,d,3,500.0,220.02232142857142,801311390
4087,minife,8,400000,100000,0.7,d,3,419.0,62.926785714285714,6788000
4088,beatnik,8,4000,10000,0.3,d,2,417.0,121.875,19996182
4089,amg,8,40000,100,0.7,d,2,393.0,57.78147321428571,106441449
4090,minife,8,2000000,100000,0.5,d,0,412.0,54.39687500000001,6788000
4091,laghos,8,2000,100,0.1,d,0,432.0,159.12723214285714,801311390
4092,quicksilver,8,40000,0,0.5,d,3,291.0,130.1341964285714,762710
4093,amg,8,4000,1000,0.3,d,0,341.0,11.766049107142857,106441449
4094,kripke,8,4000000,100000,0.3,d,2,360.0,22.840848214285717,302720
4095,quicksilver,8,2000,10000,0.7,d,2,298.0,136.35816964285715,762710
4096,fiesta,8,4000,10000,0.1,d,3,369.3638392857143,87.45223214285714,645120
4097,lammps,8,20000,10000,0.1,d,2,365.0,24.650401785714283,457408
4098,minife,8,40000,0,0.5,d,0,430.0,44.910267857142856,6788000
4099,beatnik,8,400000,10000,0.3,d,2,519.5825892857143,233.61383928571428,19996182
4100,amg,8,4000,1000,0.1,d,3,342.0,13.147209821428572,106441449
4101,beatnik,8,20000,1000,0.3,d,1,428.0,129.06473214285714,19996182
4102,minivite,8,20000,10000,0.3,d,3,384.0,65.78683035714286,24089720
4103,tricount,8,2000,10000,0.3,d,2,400.0,225.625,7120960
4104,minife,8,4000,10000,1.0,d,3,396.0,19.528058035714285,6788000
4105,minivite,8,2000000,100000,0.3,d,0,420.0,103.03348214285714,24089720
4106,quicksilver,8,4000,1000,0.3,d,1,297.125,136.52678571428572,762710
4107,laghos,8,2000,1000000,0.7,d,0,356.0,79.89040178571429,801311390
4108,lammps,8,40000,10000,0.1,d,1,362.0,20.673683035714284,457408
4109,laghos,8,40000,1000,0.1,d,2,532.0,260.3080357142857,801311390
4110,quicksilver,8,2000,10000,0.5,d,1,289.08705357142856,128.56267857142856,762710
4111,laghos,8,4000,0,0.3,d,2,436.0,159.0,801311390
4112,quicksilver,8,20000,10000,0.7,d,2,291.9955357142857,130.62667410714286,762710
4113,tricount,8,4000,100,0.3,d,3,422.0,248.80133928571428,7120960
4114,laghos,8,2000,10000,0.7,d,0,342.0,67.64709821428572,801311390
4115,fiesta,8,200000,100000,0.5,d,3,355.59375,57.567187499999996,645120
4116,quicksilver,8,400000,1000,0.5,d,2,304.9174107142857,142.53696428571428,762710
4117,laghos,8,40000,1000,0.7,d,1,432.0,159.12053571428572,801311390
4118,amg,8,40000,1000,0.1,d,2,370.0,36.15044642857143,106441449
4119,lammps,8,2000,0,1.0,d,3,352.0,14.965312499999998,457408
4120,fiesta,8,400000,0,0.7,d,3,364.07142857142856,95.58437500000001,645120
4121,minife,8,40000,10000,0.7,d,2,391.0,22.452232142857145,6788000
4122,fiesta,8,2000,100000,0.1,d,3,356.17410714285717,54.27366071428572,645120
4123,laghos,8,20000,10000,0.7,d,0,486.0,213.83482142857142,801311390
4124,laghos,8,2000,100000,0.7,d,0,363.0,84.13459821428572,801311390
4125,amg,8,2000,100000,1.0,d,2,346.0,16.435937499999998,106441449
4126,fiesta,8,2000,1000000,0.5,d,0,360.36830357142856,89.51986607142858,645120
4127,beatnik,8,2000,0,0.7,d,2,404.0,109.14508928571429,19996182
4128,minife,8,200000,10000,0.5,d,3,407.0,43.6265625,6788000
4129,laghos,8,20000,100,1.0,d,3,430.0,157.77901785714286,801311390
4130,tricount,8,4000000,10000,0.3,d,1,655.0,481.9017857142857,7120960
4131,tricount,8,2000000,1000000,0.3,d,0,523.0,349.5200892857143,7120960
4132,kripke,8,4000,10000,0.1,d,1,355.0,17.56986607142857,302720
4133,quicksilver,8,4000,100000,0.5,d,2,291.0,130.2561830357143,762710
4134,laghos,8,200000,1000000,0.3,d,1,433.0,159.75669642857142,801311390
4135,minife,8,2000,0,0.7,d,1,389.0,16.453950892857144,6788000
4136,fiesta,8,200000,100000,0.3,d,2,353.33482142857144,56.16651785714286,645120
4137,amg,8,2000,1000000,0.5,d,2,340.0,10.41078125,106441449
4138,amg,8,400000,100000,1.0,d,3,363.0,45.00892857142857,106441449
4139,beatnik,8,400000,1000000,0.5,d,0,463.58482142857144,174.22544642857142,19996182
4140,lammps,8,4000,100000,0.1,d,1,352.0,17.09035714285714,457408
4141,lammps,8,4000,10000,0.7,d,3,359.0,20.13470982142857,457408
4142,minivite,8,400000,1000,0.3,d,1,414.0,94.6705357142857,24089720
4143,beatnik,8,4000000,100000,1.0,d,0,644.9441964285714,358.65401785714283,19996182
4144,beatnik,8,2000000,10000,0.5,d,1,567.1629464285714,275.859375,19996182
4145,minivite,8,400000,1000,0.5,d,1,418.0,99.15044642857143,24089720
4146,laghos,8,200000,0,0.1,d,1,522.0,249.078125,801311390
4147,kripke,8,2000,100,0.3,d,1,358.0,18.947098214285713,302720
4148,beatnik,8,2000000,1000,0.1,d,0,522.7388392857143,223.47321428571428,19996182
4149,quicksilver,8,200000,100,0.7,d,1,290.0,129.13578125,762710
4150,lammps,8,40000,0,0.1,d,1,415.0,80.99709821428571,457408
4151,quicksilver,8,20000,1000,0.5,d,1,293.0,132.34136160714286,762710
4152,beatnik,8,40000,100,0.3,d,0,459.86607142857144,161.92410714285714,19996182
4153,beatnik,8,2000000,0,1.0,d,1,549.7589285714286,263.63392857142856,19996182
4154,minife,8,2000,100,0.7,d,2,389.0,15.204799107142858,6788000
4155,minivite,8,400000,1000000,0.1,d,0,387.0,66.26294642857142,24089720
4156,quicksilver,8,400000,1000000,0.5,d,3,292.0,131.34294642857142,762710
4157,minife,8,400000,1000000,0.7,d,1,397.0,29.650223214285713,6788000
4158,laghos,8,2000,10000,0.1,d,0,332.0,56.994419642857146,801311390
4159,lammps,8,40000,1000000,0.3,d,0,354.0,15.773058035714286,457408
4160,lammps,8,2000000,0,1.0,d,1,360.0,26.055803571428573,457408
4161,minife,8,20000,1000000,1.0,d,0,388.0,14.110044642857142,6788000
4162,kripke,8,20000,1000000,0.1,d,0,353.0,16.56517857142857,302720
4163,fiesta,8,4000,1000,0.3,d,2,352.796875,60.590624999999996,645120
4164,laghos,8,2000,100000,0.5,d,1,330.0,55.6640625,801311390
4165,tricount,8,20000,10000,0.3,d,1,427.0,248.79017857142858,7120960
4166,quicksilver,8,2000,100000,0.1,d,3,292.0,130.90707589285714,762710
4167,kripke,8,2000000,0,0.5,d,0,358.0,21.230803571428574,302720
4168,fiesta,8,2000000,1000000,0.5,d,1,356.20089285714283,66.12232142857142,645120
4169,amg,8,4000000,10000,0.1,d,2,357.0,42.721651785714286,106441449
4170,amg,8,400000,100,1.0,d,2,362.0,44.36607142857143,106441449
4171,lammps,8,4000,1000,0.3,d,2,355.0,16.852678571428573,457408
4172,beatnik,8,400000,100000,0.7,d,3,513.8236607142857,221.15178571428572,19996182
4173,tricount,8,40000,10000,0.7,d,0,451.0,271.12276785714283,7120960
4174,beatnik,8,4000,100,0.1,d,1,420.0,125.82366071428571,19996182
4175,lammps,8,200000,100000,0.1,d,2,365.0,28.36950892857143,457408
4176,laghos,8,4000000,10000,0.7,d,0,654.0,379.37276785714283,801311390
4177,beatnik,8,4000,0,0.3,d,2,428.8482142857143,136.66517857142858,19996182
4178,laghos,8,40000,100,0.1,d,3,478.0,205.56919642857142,801311390
4179,amg,8,2000000,1000,1.0,d,0,359.0,40.60044642857143,106441449
4180,beatnik,8,400000,100,0.7,d,1,808.2321428571429,528.4040178571429,19996182
4181,quicksilver,8,4000,1000000,0.5,d,1,300.0,138.8699107142857,762710
4182,minife,8,400000,1000,1.0,d,2,419.0,55.205133928571435,6788000
4183,beatnik,8,2000000,10000,0.3,d,3,537.9620535714286,250.54241071428572,19996182
4184,fiesta,8,20000,0,0.7,d,1,385.9642857142857,112.090625,645120
4185,amg,8,400000,1000000,0.7,d,0,354.0,32.0296875,106441449
4186,quicksilver,8,4000000,10000,0.1,d,2,304.0,141.58024553571428,762710
4187,minife,8,40000,1000000,0.5,d,3,392.0,19.1103125,6788000
4188,amg,8,20000,1000,0.5,d,0,378.0,42.82857142857143,106441449
4189,minivite,8,2000,1000,0.3,d,3,379.0,59.99374999999999,24089720
4190,fiesta,8,200000,1000,0.1,d,3,356.75223214285717,59.32165178571429,645120
4191,fiesta,8,200000,100000,0.1,d,1,358.7142857142857,60.05290178571429,645120
4192,lammps,8,4000,100000,0.1,d,3,354.0,14.168772321428573,457408
4193,kripke,8,2000,0,0.3,d,3,356.0,17.95044642857143,302720
4194,fiesta,8,2000000,100,0.1,d,2,356.97544642857144,65.39397321428571,645120
4195,amg,8,200000,1000000,0.1,d,0,344.0,17.04330357142857,106441449
4196,laghos,8,20000,10000,0.7,d,2,453.0,180.0625,801311390
4197,quicksilver,8,400000,100,0.7,d,2,299.0,137.50591517857143,762710
4198,laghos,8,400000,100000,0.3,d,2,522.0,250.29241071428572,801311390
4199,lammps,8,2000000,100,0.7,d,0,361.0,28.55736607142857,457408
4200,minife,8,200000,1000000,1.0,d,1,396.0,25.108258928571427,6788000
4201,kripke,8,200000,1000000,0.7,d,2,355.0,18.170089285714287,302720
4202,quicksilver,8,200000,10000,0.3,d,2,302.00669642857144,140.60595982142857,762710
4203,minivite,8,200000,1000,0.7,d,1,400.0,78.56183035714285,24089720
4204,kripke,8,40000,0,0.3,d,3,378.0,28.209151785714287,302720
4205,minivite,8,4000000,100,0.1,d,3,457.0,135.37946428571428,24089720
4206,minivite,8,2000000,10000,0.7,d,3,412.0,95.30691964285714,24089720
4207,laghos,8,4000,1000000,0.5,d,3,376.0,102.32500000000002,801311390
4208,minife,8,400000,1000,0.5,d,0,414.0,49.77254464285714,6788000
4209,kripke,8,200000,10000,0.5,d,1,359.0,21.235714285714288,302720
4210,fiesta,8,2000,0,0.5,d,1,355.28125,59.93147321428571,645120
4211,fiesta,8,200000,0,0.1,d,0,367.8638392857143,98.96897321428571,645120
4212,tricount,8,4000000,10000,1.0,d,0,614.0,439.80357142857144,7120960
4213,amg,8,400000,100,0.1,d,3,364.0,44.613616071428574,106441449
4214,kripke,8,200000,10000,0.1,d,0,357.0,20.337276785714288,302720
4215,amg,8,200000,100,0.3,d,1,356.0,38.13214285714285,106441449
4216,minivite,8,4000000,0,1.0,d,1,460.0,139.390625,24089720
4217,fiesta,8,20000,100,0.7,d,1,388.5513392857143,111.44928571428571,645120
4218,beatnik,8,200000,10000,0.3,d,1,488.46205357142856,198.39732142857142,19996182
4219,beatnik,8,4000,100000,0.5,d,1,420.58482142857144,127.23214285714286,19996182
4220,minife,8,2000,1000000,0.3,d,0,387.0,15.708415178571428,6788000
4221,minife,8,400000,100,0.5,d,1,411.0,49.92834821428572,6788000
4222,kripke,8,400000,100000,0.3,d,3,357.0,20.455357142857142,302720
4223,laghos,8,40000,1000,0.5,d,0,489.0,216.14955357142858,801311390
4224,tricount,8,20000,1000000,0.5,d,3,396.0,222.63392857142858,7120960
4225,lammps,8,4000000,100000,0.7,d,3,362.0,28.77767857142857,457408
4226,beatnik,8,20000,0,0.3,d,1,440.0,140.63616071428572,19996182
4227,minife,8,200000,10000,0.7,d,1,409.0,46.25848214285713,6788000
4228,beatnik,8,2000000,0,0.3,d,1,532.2008928571429,244.71875,19996182
4229,tricount,8,4000,100,1.0,d,1,399.0,225.62946428571428,7120960
4230,amg,8,4000000,100000,1.0,d,0,365.0,49.931919642857146,106441449
4231,fiesta,8,4000,1000,0.1,d,2,378.0200892857143,97.23549107142857,645120
4232,fiesta,8,200000,1000,1.0,d,2,356.53348214285717,58.63303571428571,645120
4233,laghos,8,20000,1000,1.0,d,0,474.0,201.671875,801311390
4234,beatnik,8,400000,100,0.5,d,1,715.3861607142857,431.1517857142857,19996182
4235,fiesta,8,200000,100,1.0,d,0,356.64732142857144,60.97723214285713,645120
4236,minivite,8,400000,10000,1.0,d,3,428.0,104.45290178571429,24089720
4237,minife,8,200000,100,0.7,d,0,405.0,40.222098214285715,6788000
4238,fiesta,8,200000,100000,1.0,d,2,363.42857142857144,79.77069196428572,645120
4239,minivite,8,40000,100000,0.7,d,0,391.0,74.19955357142858,24089720
4240,minivite,8,2000,0,0.5,d,1,373.0,54.293973214285714,24089720
4241,minife,8,4000,1000,1.0,d,3,388.0,14.38700892857143,6788000
4242,laghos,8,2000,100000,0.3,d,1,340.0,65.85424107142858,801311390
4243,kripke,8,20000,0,0.7,d,1,386.0,32.17276785714285,302720
4244,tricount,8,200000,100000,0.5,d,3,500.0,326.5580357142857,7120960
4245,minivite,8,4000000,1000,0.3,d,0,443.0,126.66517857142857,24089720
4246,beatnik,8,400000,100,0.5,d,2,634.515625,349.4575892857143,19996182
4247,lammps,8,4000,10000,1.0,d,1,353.0,15.698058035714284,457408
4248,amg,8,4000,100000,0.7,d,1,340.0,10.630200892857143,106441449
4249,quicksilver,8,200000,100,0.7,d,0,291.0,129.78301339285716,762710
4250,quicksilver,8,400000,1000,0.3,d,3,292.015625,131.30537946428572,762710
4251,quicksilver,8,4000000,10000,0.7,d,3,293.0,132.22073660714287,762710
4252,minivite,8,200000,1000000,0.7,d,0,385.0,66.79241071428571,24089720
4253,fiesta,8,200000,1000000,0.7,d,3,353.11830357142856,57.245758928571426,645120
4254,amg,8,2000000,100,0.5,d,2,355.0,35.939732142857146,106441449
4255,amg,8,200000,10000,1.0,d,0,355.0,38.18214285714286,106441449
4256,amg,8,4000,0,1.0,d,1,351.0,21.770089285714285,106441449
4257,laghos,8,20000,1000000,0.5,d,0,374.0,99.61406249999997,801311390
4258,minife,8,20000,100000,0.5,d,3,386.0,15.007589285714285,6788000
4259,laghos,8,400000,100000,1.0,d,2,569.0,296.078125,801311390
4260,laghos,8,200000,100,1.0,d,1,563.0,292.0736607142857,801311390
4261,laghos,8,4000,0,0.1,d,2,546.0,256.6517857142857,801311390
4262,laghos,8,2000,100,0.7,d,0,356.0,81.22031249999999,801311390
4263,laghos,8,400000,100,0.1,d,0,561.0,290.3705357142857,801311390
4264,fiesta,8,4000000,100,0.1,d,1,365.359375,97.02683035714286,645120
4265,laghos,8,200000,10000,0.5,d,2,573.0,300.08705357142856,801311390
4266,lammps,8,2000,1000000,1.0,d,1,356.0,16.61776785714286,457408
4267,minife,8,200000,0,0.5,d,3,409.875,42.515625,6788000
4268,lammps,8,2000,100,1.0,d,2,427.0,92.61986607142856,457408
4269,quicksilver,8,40000,0,0.7,d,3,291.921875,130.6120982142857,762710
4270,lammps,8,4000000,0,0.7,d,2,355.0,22.635044642857142,457408
4271,amg,8,4000000,100000,0.3,d,2,359.0,44.09129464285714,106441449
4272,minife,8,40000,100,1.0,d,2,392.0,20.220089285714288,6788000
4273,lammps,8,400000,1000,0.5,d,1,361.0,26.613169642857144,457408
4274,fiesta,8,200000,100000,0.3,d,3,352.8236607142857,58.79241071428571,645120
4275,beatnik,8,40000,100,1.0,d,3,449.0,155.46205357142858,19996182
4276,kripke,8,400000,100,0.1,d,1,358.0,21.22790178571429,302720
4277,beatnik,8,20000,100,1.0,d,0,429.80580357142856,135.64508928571428,19996182
4278,beatnik,8,200000,100000,0.7,d,3,460.6674107142857,165.11607142857142,19996182
4279,quicksilver,8,2000,1000,0.3,d,0,290.99107142857144,129.67868303571427,762710
4280,kripke,8,200000,10000,0.5,d,3,358.0,20.854910714285715,302720
4281,amg,8,200000,1000000,1.0,d,3,351.0,29.02410714285714,106441449
4282,minife,8,4000,100,0.3,d,3,404.0,24.85640625,6788000
4283,kripke,8,4000000,1000,1.0,d,2,358.0,21.453125,302720
4284,lammps,8,4000,100,0.3,d,1,355.0,22.16703125,457408
4285,lammps,8,4000000,0,0.1,d,3,375.0,41.7109375,457408
4286,tricount,8,20000,10000,0.1,d,3,440.0,263.61160714285717,7120960
4287,fiesta,8,200000,1000000,1.0,d,2,361.13392857142856,62.82433035714285,645120
4288,quicksilver,8,400000,10000,0.7,d,2,303.0,141.11212053571427,762710
4289,tricount,8,2000000,100000,0.7,d,3,577.0,403.94419642857144,7120960
4290,lammps,8,2000000,100,0.1,d,0,361.0,25.67767857142857,457408
4291,minivite,8,2000000,10000,0.5,d,1,431.0,113.79642857142858,24089720
4292,beatnik,8,400000,1000000,1.0,d,0,472.0,179.83482142857142,19996182
4293,beatnik,8,4000000,0,0.5,d,2,554.84375,263.86160714285717,19996182
4294,kripke,8,4000,1000000,0.5,d,1,353.0,16.85892857142857,302720
4295,lammps,8,4000000,1000000,1.0,d,0,358.0,22.93950892857143,457408
4296,quicksilver,8,40000,100,0.5,d,2,314.0,144.84196428571428,762710
4297,fiesta,8,4000,100,0.5,d,2,353.15625,54.57656250000001,645120
4298,minife,8,400000,1000000,0.5,d,1,401.0,36.06004464285714,6788000
4299,minivite,8,4000,10000,0.1,d,3,402.0,81.62053571428571,24089720
4300,laghos,8,20000,10000,0.5,d,2,479.0,198.33035714285714,801311390
4301,quicksilver,8,4000000,1000,1.0,d,1,295.0,133.7982142857143,762710
4302,kripke,8,4000000,10000,1.0,d,0,358.0,21.09330357142857,302720
4303,laghos,8,4000000,1000000,0.1,d,0,438.0,164.234375,801311390
4304,minife,8,2000000,0,0.5,d,2,402.0,36.816964285714285,6788000
4305,quicksilver,8,40000,10000,0.3,d,0,292.0,131.2121875,762710
4306,minife,8,400000,0,0.5,d,1,414.0,52.605133928571426,6788000
4307,amg,8,400000,0,0.5,d,3,357.0,40.60245535714285,106441449
4308,amg,8,200000,1000,0.7,d,0,361.0,44.81607142857143,106441449
4309,amg,8,40000,10000,0.3,d,2,376.0,41.448883928571426,106441449
4310,kripke,8,4000,10000,0.5,d,1,353.875,17.00513392857143,302720
4311,lammps,8,200000,10000,0.3,d,2,355.0,21.586071428571433,457408
4312,fiesta,8,2000000,1000,0.5,d,0,356.68973214285717,60.37560267857142,645120
4313,minivite,8,4000,100000,0.5,d,1,377.0,57.39575892857143,24089720
4314,beatnik,8,40000,10000,0.5,d,0,518.9308035714286,234.71205357142858,19996182
4315,minivite,8,2000,10000,0.7,d,3,378.0,57.348437499999996,24089720
4316,kripke,8,2000,10000,0.7,d,3,357.0,18.586160714285715,302720
4317,kripke,8,4000,100,0.3,d,2,354.0,17.338169642857142,302720
4318,minife,8,20000,1000000,1.0,d,3,393.0,17.633705357142855,6788000
4319,kripke,8,400000,0,0.3,d,0,358.0,21.14419642857143,302720
4320,lammps,8,2000000,0,0.5,d,3,367.0,31.45035714285714,457408
4321,fiesta,8,20000,100,0.3,d,0,352.6138392857143,57.722991071428574,645120
4322,beatnik,8,4000000,1000000,0.7,d,1,497.03348214285717,206.77232142857142,19996182
4323,laghos,8,2000000,100000,0.3,d,2,561.0,287.296875,801311390
4324,quicksilver,8,4000,1000,0.7,d,3,305.0,140.96243303571427,762710
4325,lammps,8,400000,1000000,0.3,d,0,364.0,23.634263392857147,457408
4326,kripke,8,20000,10000,0.5,d,0,356.0,19.64910714285714,302720
4327,lammps,8,4000,10000,0.5,d,3,353.0,17.681517857142858,457408
4328,fiesta,8,400000,100,0.5,d,2,357.06473214285717,60.30111607142857,645120
4329,amg,8,400000,100,0.3,d,3,366.0,51.15580357142857,106441449
4330,tricount,8,2000,1000,0.7,d,2,402.0,228.66964285714286,7120960
4331,beatnik,8,400000,0,0.3,d,2,751.1741071428571,464.93526785714283,19996182
4332,fiesta,8,2000000,1000000,1.0,d,1,363.7924107142857,82.92455357142856,645120
4333,amg,8,2000,1000000,1.0,d,0,340.0,10.534508928571428,106441449
4334,minife,8,40000,0,0.3,d,0,431.0,44.66026785714285,6788000
4335,minife,8,40000,100,1.0,d,1,391.0,19.39799107142857,6788000
4336,tricount,8,4000,0,0.5,d,2,418.0,242.08258928571428,7120960
4337,kripke,8,2000000,1000000,0.3,d,0,357.0,20.152455357142856,302720
4338,lammps,8,20000,100,0.3,d,3,360.0,20.01345982142857,457408
4339,minivite,8,20000,0,0.7,d,2,381.0,63.417857142857144,24089720
4340,minivite,8,400000,10000,1.0,d,0,420.0,101.07723214285716,24089720
4341,minivite,8,400000,10000,0.3,d,1,406.0,89.04151785714285,24089720
4342,kripke,8,2000000,100000,0.5,d,2,359.0,21.57299107142857,302720
4343,minife,8,400000,1000000,0.3,d,0,395.0,25.707589285714285,6788000
4344,minife,8,200000,0,0.7,d,3,413.0,53.29196428571429,6788000
4345,minivite,8,4000000,1000000,0.7,d,3,423.0,106.40491071428572,24089720
4346,lammps,8,400000,1000000,0.1,d,2,354.0,16.70220982142857,457408
4347,amg,8,20000,100000,0.1,d,1,341.0,11.975758928571427,106441449
4348,quicksilver,8,4000,100,0.1,d,0,291.95089285714283,130.56977678571428,762710
4349,amg,8,400000,1000,1.0,d,0,365.0,47.78348214285715,106441449
4350,kripke,8,40000,0,0.1,d,2,355.0,18.677455357142858,302720
4351,kripke,8,4000,10000,0.3,d,0,363.0,21.50044642857143,302720
4352,lammps,8,20000,100000,0.1,d,3,348.0,12.010915178571427,457408
4353,tricount,8,2000000,1000000,0.7,d,1,640.0,465.859375,7120960
4354,amg,8,40000,10000,0.5,d,2,381.73660714285717,46.60401785714286,106441449
4355,fiesta,8,40000,1000,0.5,d,3,352.7232142857143,58.07053571428571,645120
4356,kripke,8,2000000,1000,0.5,d,2,359.0,21.960044642857145,302720
4357,tricount,8,20000,1000,1.0,d,0,434.0,254.92857142857142,7120960
4358,lammps,8,20000,1000,1.0,d,0,350.0,15.476004464285714,457408
4359,laghos,8,40000,100000,0.1,d,0,398.0,124.23883928571429,801311390
4360,quicksilver,8,4000000,1000000,0.3,d,2,301.0,138.93620535714285,762710
4361,beatnik,8,40000,100,1.0,d,2,472.0825892857143,171.41517857142858,19996182
4362,laghos,8,4000,1000,0.7,d,3,376.0,98.68482142857144,801311390
4363,lammps,8,200000,1000,0.1,d,2,358.0,21.387834821428573,457408
4364,lammps,8,200000,100,1.0,d,3,358.0,22.208839285714287,457408
4365,tricount,8,4000000,100,0.3,d,3,545.0,370.09375,7120960
4366,fiesta,8,4000,1000000,1.0,d,3,357.31919642857144,59.07700892857142,645120
4367,amg,8,200000,100,0.5,d,1,359.0,39.572544642857146,106441449
4368,tricount,8,2000000,1000,1.0,d,3,562.0,388.24776785714283,7120960
4369,minivite,8,20000,100,0.7,d,1,440.0,91.68727678571429,24089720
4370,amg,8,2000000,0,1.0,d,1,364.0,44.52723214285714,106441449
4371,beatnik,8,400000,100,0.5,d,3,656.9955357142857,367.72544642857144,19996182
4372,beatnik,8,40000,0,0.1,d,1,451.02901785714283,149.21875,19996182
4373,laghos,8,400000,1000000,0.1,d,0,426.0,153.33258928571428,801311390
4374,lammps,8,2000000,100,0.7,d,2,367.0,35.61964285714286,457408
4375,amg,8,4000000,100000,0.7,d,1,358.0,43.30290178571429,106441449
4376,laghos,8,20000,1000000,0.3,d,0,391.0,117.73660714285714,801311390
4377,quicksilver,8,4000,100,0.3,d,3,291.0,129.80921874999999,762710
4378,minivite,8,2000000,100000,1.0,d,3,432.0,109.16540178571428,24089720
4379,minife,8,2000000,100000,0.5,d,3,410.0,50.068303571428565,6788000
4380,minivite,8,4000000,10000,1.0,d,1,458.0,139.93303571428572,24089720
4381,fiesta,8,2000,100,0.3,d,0,357.48214285714283,62.37604910714286,645120
4382,fiesta,8,4000000,100,1.0,d,0,363.08705357142856,79.41189732142857,645120
4383,fiesta,8,40000,0,0.7,d,0,384.33035714285717,114.06919642857143,645120
4384,lammps,8,400000,100000,0.1,d,0,360.0,18.950558035714284,457408
4385,minivite,8,2000000,1000,0.5,d,0,416.0,98.62790178571429,24089720
4386,beatnik,8,2000,0,0.1,d,1,411.0,118.83035714285714,19996182
4387,minivite,8,2000000,100000,0.3,d,3,429.0,112.52142857142859,24089720
4388,amg,8,2000,100000,0.3,d,3,340.0,9.74015625,106441449
4389,quicksilver,8,2000,1000,0.1,d,0,318.0,150.42522321428572,762710
4390,lammps,8,400000,0,0.5,d,2,365.0,28.81183035714286,457408
4391,beatnik,8,4000000,10000,1.0,d,0,692.8214285714286,409.7075892857143,19996182
4392,quicksilver,8,2000,0,0.1,d,3,290.04017857142856,129.53198660714287,762710
4393,tricount,8,20000,0,0.1,d,1,434.0,260.13839285714283,7120960
4394,beatnik,8,40000,100000,0.3,d,0,476.98214285714283,184.72767857142858,19996182
4395,tricount,8,2000000,100000,0.1,d,3,500.0,326.1674107142857,7120960
4396,quicksilver,8,4000000,100,0.7,d,3,301.0,139.6406473214286,762710
4397,minivite,8,200000,0,0.3,d,0,403.0,84.59285714285716,24089720
4398,lammps,8,4000,1000,0.3,d,1,366.0,21.424754464285716,457408
4399,lammps,8,20000,0,1.0,d,3,357.0,20.569375000000004,457408
4400,amg,8,400000,1000,0.3,d,3,361.0,46.97611607142858,106441449
4401,beatnik,8,200000,0,0.1,d,2,506.6205357142857,208.84598214285714,19996182
4402,amg,8,400000,100,0.3,d,0,369.0,53.21741071428572,106441449
4403,quicksilver,8,400000,100,0.3,d,1,291.0,130.42910714285716,762710
4404,quicksilver,8,40000,1000,0.3,d,1,307.79910714285717,139.56100446428573,762710
4405,minife,8,4000000,0,0.1,d,0,420.0,52.404017857142854,6788000
4406,beatnik,8,200000,100,1.0,d,1,541.9575892857143,244.64285714285714,19996182
4407,minivite,8,20000,100000,0.7,d,0,381.0,63.449999999999996,24089720
4408,kripke,8,4000000,1000000,0.7,d,3,360.0,22.956026785714283,302720
4409,beatnik,8,20000,100000,0.3,d,2,403.0,107.85200892857142,19996182
4410,kripke,8,40000,100000,0.7,d,2,371.0,24.935714285714287,302720
4411,quicksilver,8,20000,100,0.7,d,2,290.0,128.96133928571427,762710
4412,fiesta,8,40000,1000,1.0,d,0,399.14732142857144,129.1963169642857,645120
4413,amg,8,200000,100,0.1,d,0,357.0,38.64419642857143,106441449
4414,quicksilver,8,2000,10000,0.5,d,0,291.0,130.11589285714285,762710
4415,quicksilver,8,4000000,1000,0.3,d,0,301.0,138.89408482142858,762710
4416,kripke,8,20000,100,0.7,d,0,356.0,18.60892857142857,302720
4417,quicksilver,8,20000,0,1.0,d,0,314.0,144.21294642857143,762710
4418,lammps,8,20000,10000,0.3,d,0,348.3638392857143,12.904732142857142,457408
4419,beatnik,8,2000,10000,0.5,d,2,410.0,113.21651785714286,19996182
4420,beatnik,8,2000000,100,0.5,d,3,535.0,240.65401785714286,19996182
4421,amg,8,4000,1000000,1.0,d,2,340.0,10.952857142857141,106441449
4422,tricount,8,20000,1000000,0.5,d,1,428.0,254.734375,7120960
4423,quicksilver,8,2000000,1000000,0.1,d,2,292.0,130.75604910714284,762710
4424,lammps,8,40000,100,1.0,d,1,383.0,36.154017857142854,457408
4425,amg,8,2000,0,1.0,d,3,347.0,17.79419642857143,106441449
4426,lammps,8,4000000,1000,0.3,d,0,378.0,38.87053571428571,457408
4427,tricount,8,40000,10000,0.1,d,0,416.0,238.91071428571428,7120960
4428,tricount,8,400000,1000000,0.1,d,1,462.0,288.10267857142856,7120960
4429,kripke,8,400000,1000,0.5,d,1,359.0,22.069866071428574,302720
4430,amg,8,20000,100000,0.3,d,0,342.0,13.089241071428571,106441449
4431,amg,8,2000,1000,0.7,d,0,345.0,16.204709821428573,106441449
4432,fiesta,8,4000,10000,0.1,d,2,356.9174107142857,59.369642857142864,645120
4433,kripke,8,4000000,1000000,0.3,d,0,357.0,20.224553571428572,302720
4434,minife,8,2000,1000,0.5,d,0,390.0,16.110892857142858,6788000
4435,laghos,8,20000,100000,0.3,d,2,376.0,102.58616071428571,801311390
4436,lammps,8,2000,0,0.1,d,3,355.0,18.60453125,457408
4437,fiesta,8,200000,1000000,0.7,d,2,363.61160714285717,75.11897321428572,645120
4438,fiesta,8,400000,0,1.0,d,0,357.3549107142857,63.2203125,645120
4439,amg,8,2000,0,0.3,d,3,346.0,16.662723214285712,106441449
4440,minife,8,400000,10000,0.1,d,0,418.0,52.27366071428571,6788000
4441,tricount,8,4000,100,0.1,d,1,416.0,241.56026785714286,7120960
4442,minivite,8,4000,100000,0.3,d,1,377.0,58.77991071428572,24089720
4443,tricount,8,4000,1000,0.1,d,2,440.0,259.578125,7120960
4444,kripke,8,2000000,100000,0.7,d,2,360.0,22.58325892857143,302720
4445,lammps,8,4000,1000,0.1,d,1,360.0,17.666875,457408
4446,laghos,8,2000000,1000,1.0,d,2,570.0,298.55580357142856,801311390
4447,fiesta,8,2000000,10000,0.5,d,1,358.96651785714283,62.94575892857143,645120
4448,fiesta,8,2000000,100000,0.7,d,0,356.4888392857143,67.84017857142858,645120
4449,fiesta,8,2000,1000,0.1,d,1,371.8236607142857,88.14308035714286,645120
4450,minivite,8,200000,100,0.5,d,2,398.0,81.45491071428572,24089720
4451,minivite,8,200000,10000,0.1,d,1,399.0,79.01718749999999,24089720
4452,lammps,8,4000,100,0.5,d,0,355.0,19.318616071428572,457408
4453,fiesta,8,200000,100,0.5,d,1,356.9575892857143,62.370758928571426,645120
4454,minife,8,2000,0,0.3,d,3,387.0,15.486428571428572,6788000
4455,lammps,8,200000,0,0.5,d,2,360.0,23.69890625,457408
4456,quicksilver,8,400000,100000,1.0,d,3,294.0,133.0430580357143,762710
4457,lammps,8,200000,0,1.0,d,0,354.0,19.702053571428568,457408
4458,quicksilver,8,20000,100,0.7,d,1,312.0,143.4665625,762710
4459,fiesta,8,2000,1000000,0.1,d,1,356.1361607142857,57.658928571428575,645120
4460,kripke,8,4000,1000000,0.7,d,2,354.0,17.1984375,302720
4461,quicksilver,8,400000,1000,1.0,d,3,294.0,132.87850446428573,762710
4462,fiesta,8,4000,100,0.1,d,0,384.02901785714283,99.81517857142856,645120
4463,minife,8,20000,1000000,0.1,d,3,387.0,13.496763392857144,6788000
4464,amg,8,4000000,100,0.7,d,2,359.0,44.489955357142854,106441449
4465,minife,8,40000,1000,0.5,d,3,432.0,44.85982142857142,6788000
4466,fiesta,8,4000000,1000000,0.5,d,2,353.78794642857144,58.352008928571436,645120
4467,lammps,8,20000,10000,0.1,d,1,370.0,27.25060267857143,457408
4468,amg,8,20000,100000,0.1,d,2,346.0,16.784821428571426,106441449
4469,laghos,8,2000,0,0.5,d,2,402.0,128.03571428571428,801311390
4470,fiesta,8,2000,0,0.7,d,3,356.02232142857144,57.653080357142855,645120
4471,lammps,8,400000,0,1.0,d,1,369.0,33.18294642857143,457408
4472,beatnik,8,20000,1000000,0.5,d,3,403.0,108.71361607142856,19996182
4473,fiesta,8,200000,0,0.5,d,1,353.24107142857144,59.61808035714286,645120
4474,amg,8,200000,1000000,0.5,d,2,349.0,25.133928571428573,106441449
4475,kripke,8,40000,100,0.1,d,1,355.0,18.233035714285712,302720
4476,tricount,8,400000,1000000,0.1,d,3,466.0,292.359375,7120960
4477,quicksilver,8,4000000,1000000,1.0,d,0,293.0,131.8746875,762710
4478,beatnik,8,20000,1000000,0.1,d,3,406.83482142857144,109.08928571428571,19996182
4479,minife,8,40000,1000,1.0,d,3,392.0,21.756473214285712,6788000
4480,beatnik,8,40000,10000,0.5,d,1,494.0,205.96205357142858,19996182
4481,lammps,8,200000,100,1.0,d,2,381.0,46.03573660714286,457408
4482,lammps,8,200000,100,0.3,d,3,367.0,31.13772321428571,457408
4483,quicksilver,8,20000,10000,1.0,d,1,310.0,141.8856473214286,762710
4484,lammps,8,4000,1000000,0.1,d,0,352.0,15.987232142857142,457408
4485,minivite,8,2000,10000,0.7,d,2,374.0,54.68928571428571,24089720
4486,fiesta,8,2000000,100000,1.0,d,1,357.31473214285717,61.40915178571429,645120
4487,minife,8,20000,0,0.7,d,0,421.0,38.704910714285724,6788000
4488,minife,8,2000000,1000,0.5,d,1,409.0,41.379241071428574,6788000
4489,tricount,8,40000,100,0.7,d,2,425.0,251.66071428571428,7120960
4490,laghos,8,200000,1000,0.3,d,2,579.0,302.828125,801311390
4491,minife,8,2000000,1000,0.5,d,2,408.0,42.32276785714286,6788000
4492,amg,8,2000000,100000,0.5,d,0,360.0,44.940401785714286,106441449
4493,laghos,8,4000,100000,1.0,d,2,344.28794642857144,70.39977678571428,801311390
4494,minivite,8,40000,0,0.1,d,2,390.0,70.19375000000001,24089720
4495,kripke,8,2000000,100000,1.0,d,3,360.0,22.492857142857144,302720
4496,minivite,8,4000,0,0.3,d,0,380.0,59.926339285714285,24089720
4497,minife,8,4000,1000,0.5,d,1,384.0,12.84814732142857,6788000
4498,lammps,8,2000000,100000,0.7,d,1,361.0,25.839285714285715,457408
4499,fiesta,8,4000000,100000,0.3,d,2,363.73660714285717,89.85089285714285,645120
4500,minife,8,200000,1000000,0.5,d,1,391.0,21.415178571428573,6788000
4501,amg,8,200000,100000,1.0,d,0,361.0,42.15892857142857,106441449
4502,fiesta,8,40000,100000,1.0,d,0,383.79017857142856,115.58975446428572,645120
4503,laghos,8,2000000,100000,0.1,d,1,512.0,240.11383928571428,801311390
4504,tricount,8,2000,1000,0.5,d,1,403.0,228.68526785714286,7120960
4505,kripke,8,20000,100,0.1,d,0,375.0,27.260044642857142,302720
4506,laghos,8,4000000,0,0.1,d,2,535.0,263.5892857142857,801311390
4507,amg,8,40000,100000,0.7,d,3,373.0,41.32700892857143,106441449
4508,tricount,8,20000,1000,0.7,d,1,472.0,298.9799107142857,7120960
4509,kripke,8,40000,1000,1.0,d,1,386.0,32.53035714285714,302720
4510,kripke,8,40000,100000,0.5,d,2,354.0,17.786607142857143,302720
4511,tricount,8,4000000,100,0.3,d,1,542.0,367.43526785714283,7120960
4512,kripke,8,40000,1000,0.7,d,1,385.0,32.529241071428565,302720
4513,laghos,8,20000,100,0.5,d,3,423.0,138.94642857142858,801311390
4514,minivite,8,200000,0,0.1,d,1,413.0,92.64129464285715,24089720
4515,kripke,8,40000,1000000,0.7,d,2,359.0,20.267410714285713,302720
4516,fiesta,8,2000000,1000000,0.3,d,2,353.59375,59.919419642857136,645120
4517,minivite,8,400000,100,0.7,d,0,404.0,84.39754464285714,24089720
4518,quicksilver,8,200000,100,0.1,d,3,294.0,133.08098214285715,762710
4519,kripke,8,4000,100,1.0,d,0,354.0,17.30982142857143,302720
4520,minivite,8,200000,10000,0.3,d,2,413.0,95.94732142857141,24089720
4521,minivite,8,2000,1000000,1.0,d,2,369.0,48.161383928571425,24089720
4522,minife,8,4000000,1000000,0.5,d,2,405.0,41.646428571428565,6788000
4523,quicksilver,8,2000000,1000000,0.5,d,3,302.00669642857144,140.81738839285714,762710
4524,beatnik,8,200000,100,0.5,d,1,509.0,215.20758928571428,19996182
4525,amg,8,40000,0,1.0,d,2,394.0,59.833705357142854,106441449
4526,laghos,8,2000000,0,0.7,d,1,570.0,297.26785714285717,801311390
4527,minife,8,200000,10000,1.0,d,1,415.0,49.4,6788000
4528,laghos,8,4000000,1000000,0.5,d,2,517.0,245.11383928571428,801311390
4529,laghos,8,200000,1000000,0.1,d,1,405.0,129.87053571428572,801311390
4530,lammps,8,2000000,1000000,1.0,d,0,359.0,26.001339285714288,457408
4531,amg,8,2000,100000,0.3,d,1,339.0,10.10546875,106441449
4532,minife,8,2000000,100,0.7,d,0,408.0,45.75714285714286,6788000
4533,tricount,8,400000,1000000,1.0,d,0,574.0,400.1919642857143,7120960
4534,kripke,8,400000,100000,1.0,d,1,359.0,21.415401785714288,302720
4535,quicksilver,8,20000,100000,0.5,d,0,300.0,136.86685267857143,762710
4536,quicksilver,8,4000,1000000,0.7,d,1,292.0,130.75377232142858,762710
4537,fiesta,8,4000,100000,0.5,d,3,355.48660714285717,56.223214285714285,645120
4538,lammps,8,200000,1000000,1.0,d,0,358.0,18.424575892857142,457408
4539,quicksilver,8,2000000,100,0.7,d,0,302.0,140.40354910714288,762710
4540,minivite,8,400000,100000,0.3,d,2,413.0,95.30200892857144,24089720
4541,amg,8,40000,1000,0.1,d,0,348.0,21.771205357142858,106441449
4542,minivite,8,400000,100,0.5,d,2,403.0,81.23058035714284,24089720
4543,beatnik,8,2000,100,0.3,d,1,407.0,113.70758928571429,19996182
4544,tricount,8,200000,10000,0.5,d,1,503.0,328.84598214285717,7120960
4545,quicksilver,8,2000000,0,0.1,d,2,302.27455357142856,139.90814732142857,762710
4546,minife,8,40000,100000,0.3,d,3,400.0,24.560267857142858,6788000
4547,laghos,8,20000,100,0.5,d,0,511.0,229.19866071428572,801311390
4548,minife,8,2000,100000,0.5,d,0,385.0,13.32845982142857,6788000
4549,beatnik,8,4000,10000,0.3,d,3,411.10267857142856,118.43080357142857,19996182
4550,fiesta,8,400000,100,1.0,d,3,362.9017857142857,79.54419642857144,645120
4551,tricount,8,200000,100,1.0,d,3,538.0,362.97098214285717,7120960
4552,quicksilver,8,2000,1000000,0.3,d,0,292.99107142857144,131.68095982142856,762710
4553,laghos,8,2000000,100000,1.0,d,0,595.0,323.25,801311390
4554,lammps,8,200000,0,0.3,d,2,358.0,26.124107142857145,457408
4555,fiesta,8,200000,1000000,0.5,d,0,352.953125,58.95446428571428,645120
4556,minivite,8,200000,100000,0.1,d,0,400.0,80.57968749999999,24089720
4557,amg,8,400000,10000,0.1,d,1,359.0,38.698437500000004,106441449
4558,beatnik,8,2000,100,1.0,d,3,406.1138392857143,109.38392857142857,19996182
4559,beatnik,8,4000,100000,0.3,d,2,414.0,119.01785714285714,19996182
4560,beatnik,8,2000000,0,1.0,d,2,539.9888392857143,239.14508928571428,19996182
4561,fiesta,8,20000,1000000,0.5,d,1,352.88839285714283,58.17254464285715,645120
4562,tricount,8,400000,100,1.0,d,2,549.0,373.22767857142856,7120960
4563,minife,8,4000000,100000,1.0,d,1,401.0,35.046875,6788000
4564,minivite,8,400000,100,0.1,d,1,398.0,76.61517857142859,24089720
4565,kripke,8,400000,100,0.1,d,3,360.0,23.14419642857143,302720
4566,minife,8,4000000,10000,0.3,d,1,407.0,43.99888392857143,6788000
4567,amg,8,2000,0,0.1,d,3,364.0,28.58526785714286,106441449
4568,quicksilver,8,400000,0,0.5,d,0,304.0,142.2900669642857,762710
4569,tricount,8,2000000,100000,0.1,d,0,494.0,317.93080357142856,7120960
4570,amg,8,2000000,100000,0.1,d,0,353.0,32.09955357142857,106441449
4571,quicksilver,8,4000,100,0.7,d,2,294.0,133.19314732142857,762710
4572,amg,8,40000,100,1.0,d,0,395.0,59.59732142857143,106441449
4573,amg,8,2000000,100000,0.1,d,2,349.0,30.816071428571426,106441449
4574,tricount,8,2000,1000,0.5,d,3,419.0,246.09821428571428,7120960
4575,fiesta,8,2000,100000,0.7,d,1,356.21651785714283,78.63258928571429,645120
4576,tricount,8,2000000,100,0.7,d,0,612.0,438.85267857142856,7120960
4577,beatnik,8,20000,10000,0.1,d,0,428.00669642857144,128.05580357142858,19996182
4578,lammps,8,20000,1000000,0.1,d,3,354.0,16.533370535714287,457408
4579,lammps,8,40000,100,0.3,d,0,355.0,19.062901785714285,457408
4580,minivite,8,40000,100000,0.1,d,3,379.0,56.28013392857143,24089720
4581,laghos,8,400000,0,0.5,d,1,595.0,320.015625,801311390
4582,amg,8,20000,0,0.5,d,2,382.0,45.184374999999996,106441449
4583,quicksilver,8,400000,100000,0.5,d,3,299.0,137.703125,762710
4584,beatnik,8,4000,1000,0.3,d,3,424.0,129.69866071428572,19996182
4585,kripke,8,200000,100000,0.3,d,2,356.0,18.438392857142855,302720
4586,laghos,8,200000,0,0.3,d,1,644.0,369.09151785714283,801311390
4587,fiesta,8,4000,1000000,1.0,d,2,357.54464285714283,62.28995535714286,645120
4588,beatnik,8,40000,100000,0.1,d,1,420.0,125.11830357142857,19996182
4589,minife,8,40000,10000,1.0,d,2,392.0,21.077901785714285,6788000
4590,tricount,8,20000,10000,0.7,d,1,410.0,236.51785714285714,7120960
4591,amg,8,400000,0,1.0,d,3,365.0,52.59241071428572,106441449
4592,amg,8,2000,100,0.7,d,3,341.0,11.072700892857142,106441449
4593,lammps,8,400000,1000,0.7,d,1,358.0,23.544196428571432,457408
4594,amg,8,20000,1000000,1.0,d,1,347.0,16.997544642857143,106441449
4595,quicksilver,8,4000,100000,1.0,d,3,300.0,138.12185267857143,762710
4596,minife,8,40000,0,0.1,d,0,392.0,20.56763392857143,6788000
4597,beatnik,8,20000,0,0.1,d,2,454.96205357142856,154.57366071428572,19996182
4598,quicksilver,8,4000,100000,0.7,d,1,290.0,128.84997767857143,762710
4599,minife,8,2000,0,0.1,d,1,387.0,14.309352678571429,6788000
4600,tricount,8,4000000,1000000,1.0,d,1,622.0,448.25,7120960
4601,quicksilver,8,20000,0,0.7,d,1,293.10714285714283,132.36973214285715,762710
4602,amg,8,200000,100000,0.1,d,1,350.0,29.4765625,106441449
4603,minife,8,40000,100000,0.3,d,1,402.0,25.44111607142857,6788000
4604,minivite,8,2000,1000,1.0,d,1,384.0,62.934375,24089720
4605,quicksilver,8,4000,1000,0.5,d,2,290.0,128.93319196428573,762710
4606,tricount,8,40000,1000,0.5,d,2,415.0,241.18303571428572,7120960
4607,kripke,8,40000,100000,0.3,d,1,364.0,21.618303571428573,302720
4608,beatnik,8,20000,1000,0.5,d,0,441.70089285714283,140.93973214285714,19996182
4609,fiesta,8,20000,10000,0.3,d,3,352.87276785714283,53.73526785714286,645120
4610,fiesta,8,200000,100000,0.5,d,1,353.1138392857143,60.74196428571429,645120
4611,kripke,8,4000,1000,1.0,d,0,353.0,17.093973214285715,302720
4612,fiesta,8,400000,1000000,0.1,d,3,356.3325892857143,57.230803571428574,645120
4613,minife,8,4000000,1000000,1.0,d,2,401.0,34.95178571428571,6788000
4614,laghos,8,20000,100000,1.0,d,3,411.0,138.31696428571428,801311390
4615,fiesta,8,20000,1000,1.0,d,1,403.671875,137.73511160714287,645120
4616,quicksilver,8,2000000,10000,0.7,d,0,294.9732142857143,133.7077455357143,762710
4617,quicksilver,8,400000,1000,0.5,d,0,290.0,129.28026785714286,762710
4618,lammps,8,2000,100000,0.7,d,2,349.0,13.47892857142857,457408
4619,beatnik,8,2000000,100,1.0,d,1,640.5758928571429,344.90848214285717,19996182
4620,laghos,8,40000,100,0.7,d,2,486.0,213.54017857142858,801311390
4621,minivite,8,400000,100,1.0,d,3,433.0,113.97165178571429,24089720
4622,lammps,8,20000,100,1.0,d,3,382.0,37.75897321428572,457408
4623,minivite,8,200000,0,0.3,d,3,411.0,92.71473214285713,24089720
4624,kripke,8,20000,1000000,1.0,d,3,354.0,17.664732142857144,302720
4625,amg,8,200000,10000,0.5,d,2,357.0,40.36830357142857,106441449
4626,tricount,8,20000,100,1.0,d,2,426.0,252.42410714285714,7120960
4627,kripke,8,200000,10000,0.3,d,3,356.0,19.084598214285712,302720
4628,minivite,8,4000,1000,1.0,d,2,381.0,58.839732142857144,24089720
4629,lammps,8,400000,0,0.1,d,3,386.0,47.70357142857143,457408
4630,quicksilver,8,4000000,10000,0.3,d,2,303.9955357142857,141.75368303571426,762710
4631,minivite,8,20000,10000,1.0,d,2,379.0,58.12700892857142,24089720
4632,minife,8,20000,100,0.3,d,1,390.0,20.018080357142857,6788000
4633,tricount,8,40000,1000,0.1,d,1,479.0,299.89732142857144,7120960
4634,minivite,8,2000,100,0.7,d,1,373.0,52.370312500000004,24089720
4635,lammps,8,400000,1000,1.0,d,2,373.0,37.23683035714286,457408
4636,minivite,8,40000,1000000,0.7,d,3,374.0,56.299553571428575,24089720
4637,amg,8,400000,100,0.7,d,2,361.0,42.40669642857143,106441449
4638,fiesta,8,400000,1000000,1.0,d,1,356.8236607142857,60.29754464285714,645120
4639,amg,8,4000,10000,0.5,d,0,353.0,20.89140625,106441449
4640,minivite,8,20000,100000,1.0,d,2,403.0,75.15022321428572,24089720
4641,quicksilver,8,400000,1000000,0.1,d,3,290.08035714285717,129.55854910714285,762710
4642,lammps,8,200000,0,0.7,d,1,368.0,34.29441964285714,457408
4643,lammps,8,40000,10000,0.3,d,3,350.0,16.36667410714286,457408
4644,minife,8,4000000,10000,0.3,d,0,405.0,42.503794642857144,6788000
4645,fiesta,8,2000000,100000,0.1,d,1,363.92857142857144,83.78738839285714,645120
4646,minivite,8,40000,100,0.3,d,0,424.0,84.31964285714285,24089720
4647,fiesta,8,40000,1000,0.7,d,2,353.23660714285717,56.57053571428571,645120
4648,minivite,8,4000000,1000,0.3,d,3,436.0,120.42410714285714,24089720
4649,quicksilver,8,400000,10000,0.7,d,0,293.99107142857144,132.66174107142857,762710
4650,amg,8,400000,0,1.0,d,0,365.0,52.924107142857146,106441449
4651,beatnik,8,20000,100000,0.1,d,1,407.90848214285717,112.81875000000001,19996182
4652,kripke,8,4000,100,0.1,d,0,355.0,18.420312499999998,302720
4653,tricount,8,200000,100000,0.7,d,0,517.0,343.23660714285717,7120960
4654,beatnik,8,200000,1000000,0.5,d,3,444.0,151.15178571428572,19996182
4655,beatnik,8,40000,100,0.5,d,1,461.8013392857143,172.63616071428572,19996182
4656,lammps,8,400000,0,1.0,d,3,375.0,39.66571428571428,457408
4657,quicksilver,8,400000,1000000,1.0,d,2,301.0,139.54558035714285,762710
4658,quicksilver,8,20000,1000,0.1,d,1,308.0,142.24999999999997,762710
4659,laghos,8,20000,1000,0.3,d,1,486.06919642857144,213.78125,801311390
4660,laghos,8,40000,0,0.5,d,1,503.0,225.45089285714286,801311390
4661,amg,8,4000000,10000,1.0,d,0,363.0,49.11964285714286,106441449
4662,fiesta,8,20000,100,0.5,d,0,353.11160714285717,54.86674107142858,645120
4663,fiesta,8,2000,100000,0.1,d,1,357.20535714285717,55.832589285714285,645120
4664,kripke,8,20000,100,0.3,d,2,380.0,30.24955357142857,302720
4665,kripke,8,4000,10000,1.0,d,3,363.0,21.109375,302720
4666,minife,8,40000,100000,1.0,d,1,396.0,24.371651785714285,6788000
4667,tricount,8,200000,0,1.0,d,1,565.0,389.0825892857143,7120960
4668,minivite,8,400000,10000,0.5,d,3,427.0,109.20781250000002,24089720
4669,fiesta,8,4000,100,0.7,d,2,352.890625,55.627008928571435,645120
4670,beatnik,8,200000,0,1.0,d,2,600.3995535714286,311.0424107142857,19996182
4671,minivite,8,400000,1000,0.3,d,2,405.0,83.67276785714286,24089720
4672,beatnik,8,20000,100,1.0,d,3,462.28348214285717,158.45982142857142,19996182
4673,amg,8,2000000,1000,0.7,d,3,354.0,36.947991071428575,106441449
4674,minife,8,40000,10000,0.1,d,2,391.0,17.383303571428574,6788000
4675,quicksilver,8,2000000,0,0.5,d,3,291.0,130.39578125,762710
4676,fiesta,8,400000,100000,0.3,d,0,354.57589285714283,61.14776785714286,645120
4677,minivite,8,40000,1000,0.3,d,0,429.0,87.40290178571429,24089720
4678,beatnik,8,4000000,10000,0.7,d,1,582.0,296.8638392857143,19996182
4679,fiesta,8,2000,100000,0.1,d,0,359.24330357142856,51.7046875,645120
4680,lammps,8,400000,100,0.3,d,0,366.0,32.660491071428574,457408
4681,quicksilver,8,40000,100000,0.5,d,1,304.0,140.2588392857143,762710
4682,amg,8,2000000,100,0.5,d,3,359.0,40.17455357142857,106441449
4683,tricount,8,40000,1000000,0.3,d,3,438.0,264.1919642857143,7120960
4684,fiesta,8,4000000,1000,0.1,d,3,357.00223214285717,66.23392857142856,645120
4685,quicksilver,8,400000,100000,1.0,d,1,293.0,131.94198660714287,762710
4686,beatnik,8,4000,10000,0.7,d,0,417.765625,123.16071428571429,19996182
4687,kripke,8,40000,10000,0.5,d,2,357.0,20.02410714285714,302720
4688,minife,8,2000000,1000000,0.7,d,2,404.0,39.48169642857143,6788000
4689,tricount,8,2000,100,0.5,d,3,396.0,222.42633928571428,7120960
4690,fiesta,8,4000,10000,1.0,d,3,356.38839285714283,57.416294642857146,645120
4691,tricount,8,4000,1000,0.3,d,0,409.0,235.58928571428572,7120960
4692,tricount,8,400000,1000,0.7,d,2,543.0,369.87723214285717,7120960
4693,minivite,8,40000,0,0.1,d,0,379.0,59.669196428571425,24089720
4694,beatnik,8,400000,0,0.7,d,1,535.6138392857143,240.703125,19996182
4695,fiesta,8,40000,100000,0.5,d,2,368.5,89.62656249999999,645120
4696,minife,8,4000000,100000,0.3,d,3,410.0,44.56160714285714,6788000
4697,kripke,8,2000,1000000,0.5,d,1,354.0,17.641517857142855,302720
4698,fiesta,8,40000,10000,1.0,d,3,396.5825892857143,124.63649553571427,645120
4699,minivite,8,400000,100,0.7,d,3,433.0,115.81361607142857,24089720
4700,laghos,8,20000,100,0.5,d,2,533.0,249.26785714285714,801311390
4701,quicksilver,8,2000000,1000000,0.3,d,1,299.0,137.72609375,762710
4702,beatnik,8,2000000,1000,1.0,d,1,666.4397321428571,379.1830357142857,19996182
4703,beatnik,8,40000,10000,0.1,d,2,434.0,134.77455357142858,19996182
4704,tricount,8,400000,100000,0.1,d,0,481.0,306.9642857142857,7120960
4705,quicksilver,8,200000,10000,0.5,d,2,302.0,140.09542410714286,762710
4706,beatnik,8,200000,10000,0.7,d,1,508.1049107142857,213.85714285714286,19996182
4707,kripke,8,4000000,10000,0.5,d,0,359.0,21.85424107142857,302720
4708,amg,8,2000,1000000,0.5,d,0,340.0,10.262366071428572,106441449
4709,kripke,8,40000,1000,0.1,d,2,355.0,18.40669642857143,302720
4710,amg,8,40000,10000,1.0,d,0,388.0,54.23459821428571,106441449
4711,amg,8,20000,1000000,0.3,d,0,342.0,12.75988839285714,106441449
4712,tricount,8,2000,100,0.7,d,3,435.0,261.4732142857143,7120960
4713,minife,8,200000,1000,0.7,d,1,403.0,36.933035714285715,6788000
4714,lammps,8,2000000,100000,0.1,d,3,360.0,24.86785714285714,457408
4715,minife,8,400000,0,0.5,d,3,408.0,42.58638392857143,6788000
4716,minivite,8,4000,10000,0.3,d,0,377.0,54.767633928571435,24089720
4717,beatnik,8,2000,1000,0.1,d,3,408.9486607142857,110.98660714285714,19996182
4718,quicksilver,8,40000,0,0.7,d,1,310.0,142.08660714285716,762710
4719,tricount,8,20000,1000000,1.0,d,3,412.0,237.50446428571428,7120960
4720,fiesta,8,2000000,100000,0.3,d,2,357.24776785714283,73.4674107142857,645120
4721,fiesta,8,2000,10000,1.0,d,3,356.29464285714283,59.79821428571428,645120
4722,minife,8,4000000,10000,0.5,d,1,403.0,36.931696428571435,6788000
4723,lammps,8,2000,100000,0.7,d,3,346.0,13.43080357142857,457408
4724,minife,8,20000,1000000,0.5,d,2,389.04017857142856,16.248392857142857,6788000
4725,minife,8,20000,1000,0.1,d,0,391.0,16.521741071428572,6788000
4726,beatnik,8,200000,1000,1.0,d,0,566.6316964285714,273.21875,19996182
4727,minife,8,4000000,1000,0.7,d,0,411.0,48.66383928571429,6788000
4728,amg,8,20000,0,0.3,d,1,345.0,17.788839285714285,106441449
4729,beatnik,8,40000,0,0.3,d,1,457.9888392857143,166.88616071428572,19996182
4730,fiesta,8,400000,1000000,0.5,d,2,354.85044642857144,55.612946428571426,645120
4731,laghos,8,400000,10000,0.1,d,2,554.0,282.56026785714283,801311390
4732,lammps,8,200000,100,0.1,d,0,357.0,21.290178571428573,457408
4733,lammps,8,2000000,1000,0.5,d,0,364.0,30.912499999999998,457408
4734,kripke,8,40000,0,0.5,d,3,382.0,29.980133928571426,302720
4735,amg,8,400000,1000,0.5,d,1,359.0,40.73459821428572,106441449
4736,lammps,8,4000,10000,0.3,d,1,354.0,18.421473214285715,457408
4737,minife,8,2000000,0,0.1,d,0,419.0,53.53370535714286,6788000
4738,tricount,8,40000,1000000,0.5,d,2,424.0,250.39732142857142,7120960
4739,quicksilver,8,40000,10000,1.0,d,3,292.0,130.71236607142856,762710
4740,laghos,8,20000,100,0.3,d,3,491.0,218.73660714285714,801311390
4741,quicksilver,8,2000,1000000,1.0,d,2,292.0,131.14035714285714,762710
4742,quicksilver,8,20000,1000000,0.5,d,0,290.29017857142856,129.6227232142857,762710
4743,kripke,8,4000000,100000,0.3,d,1,359.0,21.502455357142853,302720
4744,kripke,8,2000000,100,1.0,d,1,359.0,21.96160714285714,302720
4745,minivite,8,4000,0,1.0,d,3,391.0,68.56183035714285,24089720
4746,fiesta,8,2000,100,1.0,d,0,355.60267857142856,56.622767857142854,645120
4747,tricount,8,20000,100,1.0,d,1,436.0,261.81473214285717,7120960
4748,minife,8,20000,1000000,0.3,d,0,385.0,13.906004464285713,6788000
4749,minife,8,2000000,100000,0.7,d,1,408.0,42.70022321428571,6788000
4750,amg,8,400000,0,0.3,d,2,361.0,41.36986607142858,106441449
4751,fiesta,8,4000,100,0.3,d,3,370.36830357142856,102.85508928571429,645120
4752,kripke,8,4000000,1000000,0.1,d,0,356.0,19.812723214285715,302720
4753,lammps,8,2000000,100,0.1,d,3,367.0,32.193638392857146,457408
4754,tricount,8,40000,100000,1.0,d,0,428.0,253.84151785714286,7120960
4755,tricount,8,400000,1000000,0.3,d,1,441.0,267.45535714285717,7120960
4756,quicksilver,8,4000,1000,0.5,d,0,292.0,130.75361607142855,762710
4757,amg,8,2000000,1000000,0.3,d,1,349.0,28.74486607142857,106441449
4758,minivite,8,2000,100000,0.1,d,0,371.0,51.349776785714276,24089720
4759,minivite,8,2000,10000,0.5,d,1,375.0,52.872767857142854,24089720
4760,amg,8,200000,10000,0.1,d,3,358.0,37.415625,106441449
4761,lammps,8,20000,100000,0.5,d,3,354.0,19.165580357142858,457408
4762,fiesta,8,20000,100,0.1,d,3,388.64285714285717,115.0094642857143,645120
4763,quicksilver,8,40000,1000000,1.0,d,0,302.0,139.96395089285713,762710
4764,minife,8,200000,100000,0.3,d,1,406.0,42.02098214285714,6788000
4765,quicksilver,8,2000000,100000,0.5,d,0,290.2924107142857,129.44129464285714,762710
4766,kripke,8,20000,1000,0.7,d,3,384.0,31.967187499999998,302720
4767,lammps,8,2000000,100000,0.5,d,1,366.0,32.11620535714286,457408
4768,minivite,8,4000,100,0.1,d,0,405.0,72.15133928571429,24089720
4769,minivite,8,4000,10000,0.5,d,0,378.0,58.331696428571426,24089720
4770,quicksilver,8,200000,0,0.1,d,1,301.0,139.10720982142857,762710
4771,quicksilver,8,4000000,100000,0.7,d,2,293.47098214285717,132.55482142857142,762710
4772,minife,8,2000,1000000,1.0,d,3,390.0,15.809531250000001,6788000
4773,tricount,8,400000,0,0.3,d,0,613.0,439.32142857142856,7120960
4774,beatnik,8,20000,0,0.1,d,3,436.6294642857143,142.97991071428572,19996182
4775,amg,8,20000,0,1.0,d,3,387.0,50.83303571428571,106441449
4776,beatnik,8,2000000,1000000,0.7,d,0,531.5446428571429,240.65625,19996182
4777,amg,8,2000,1000,1.0,d,1,341.0,11.348727678571427,106441449
4778,beatnik,8,4000000,100,0.3,d,2,676.0625,391.25,19996182
4779,laghos,8,40000,100,0.5,d,2,499.0,226.16741071428572,801311390
4780,beatnik,8,200000,100000,0.1,d,2,437.1763392857143,144.71205357142858,19996182
4781,quicksilver,8,40000,100000,0.7,d,3,305.0,139.55546875,762710
4782,quicksilver,8,20000,1000000,0.7,d,1,300.0,138.55845982142858,762710
4783,fiesta,8,400000,1000000,0.1,d,2,357.58035714285717,57.42477678571429,645120
4784,minivite,8,4000000,100,0.1,d,2,439.0,119.29017857142857,24089720
4785,lammps,8,2000000,1000000,0.7,d,0,350.0,18.37566964285714,457408
4786,beatnik,8,20000,1000,0.7,d,2,441.68080357142856,141.55357142857142,19996182
4787,tricount,8,4000000,100000,1.0,d,3,555.0,380.6919642857143,7120960
4788,minife,8,200000,1000000,1.0,d,3,396.0,24.78125,6788000
4789,amg,8,4000000,1000,0.3,d,1,360.0,46.14151785714285,106441449
4790,fiesta,8,4000,1000,0.7,d,3,353.0044642857143,55.71785714285715,645120
4791,tricount,8,2000,10000,0.1,d,2,442.0,267.4330357142857,7120960
4792,laghos,8,20000,1000,1.0,d,3,486.0,213.55357142857142,801311390
4793,lammps,8,20000,1000,0.5,d,0,345.0,13.308169642857141,457408
4794,lammps,8,2000,100,0.3,d,3,357.0,18.587678571428572,457408
4795,quicksilver,8,200000,100000,1.0,d,2,307.0,144.94167410714286,762710
4796,fiesta,8,2000000,0,0.5,d,3,354.61160714285717,64.54129464285714,645120
4797,fiesta,8,4000,100000,0.1,d,0,356.453125,55.96964285714286,645120
4798,tricount,8,4000,10000,1.0,d,1,404.0,229.39732142857142,7120960
4799,beatnik,8,40000,1000,0.7,d,3,445.0,153.04464285714286,19996182
4800,lammps,8,2000000,100,0.5,d,2,364.0,27.89486607142857,457408
4801,minivite,8,20000,1000000,0.7,d,1,378.0,60.17031250000001,24089720
4802,quicksilver,8,2000,1000000,0.7,d,2,292.87723214285717,131.66988839285713,762710
4803,lammps,8,2000,1000,0.1,d,3,362.0,23.17611607142857,457408
4804,beatnik,8,2000,10000,0.7,d,1,397.0,107.45022321428571,19996182
4805,laghos,8,20000,100000,1.0,d,0,413.0,139.11830357142858,801311390
4806,beatnik,8,2000000,1000,0.5,d,0,548.1696428571429,256.9486607142857,19996182
4807,laghos,8,4000000,10000,0.3,d,0,573.0,301.37723214285717,801311390
4808,minife,8,4000000,1000000,0.1,d,1,395.0,25.164285714285715,6788000
4809,beatnik,8,200000,10000,0.1,d,3,466.7767857142857,175.09821428571428,19996182
4810,amg,8,4000,1000000,0.1,d,2,343.0,13.061473214285714,106441449
4811,quicksilver,8,200000,0,0.7,d,0,292.0,131.15267857142857,762710
4812,quicksilver,8,2000,100000,0.3,d,1,290.0,129.07064732142857,762710
4813,minivite,8,2000000,10000,0.7,d,0,414.0,95.99285714285715,24089720
4814,fiesta,8,2000,10000,1.0,d,0,358.63169642857144,60.33750000000001,645120
4815,tricount,8,400000,100,0.7,d,1,578.0,403.56473214285717,7120960
4816,tricount,8,2000000,10000,1.0,d,2,537.0,363.04464285714283,7120960
4817,laghos,8,2000,10000,0.3,d,1,341.0,65.94464285714285,801311390
4818,beatnik,8,2000000,0,0.1,d,3,482.99330357142856,191.83482142857142,19996182
4819,lammps,8,4000000,100,0.5,d,1,361.0,25.535714285714285,457408
4820,minivite,8,2000000,1000,0.3,d,0,452.0,136.70535714285714,24089720
4821,quicksilver,8,4000000,100,0.5,d,3,290.0,129.07667410714285,762710
4822,laghos,8,40000,1000000,0.3,d,1,400.0,127.11830357142857,801311390
4823,quicksilver,8,2000,1000,0.7,d,2,295.0,133.77102678571427,762710
4824,fiesta,8,400000,100,0.7,d,0,353.5892857142857,58.99174107142858,645120
4825,kripke,8,4000000,1000,0.3,d,3,358.0,21.564508928571428,302720
4826,quicksilver,8,2000000,1000000,0.1,d,0,296.0,134.85966517857142,762710
4827,lammps,8,2000,10000,0.7,d,2,368.0,32.98080357142857,457408
4828,kripke,8,40000,100000,0.3,d,2,355.0,18.090625,302720
4829,fiesta,8,2000,0,1.0,d,1,356.390625,57.578191964285715,645120
4830,fiesta,8,2000,1000,0.7,d,1,359.1049107142857,63.81558035714285,645120
4831,amg,8,2000000,100000,0.5,d,3,359.0,39.064732142857146,106441449
4832,amg,8,2000000,0,0.7,d,1,355.0,35.7984375,106441449
4833,minivite,8,200000,10000,0.5,d,2,398.0,81.82790178571427,24089720
4834,laghos,8,2000000,1000,1.0,d,0,618.0,346.50223214285717,801311390
4835,minife,8,2000,100000,0.7,d,1,387.0,13.898191964285713,6788000
4836,quicksilver,8,200000,100,0.7,d,2,304.0,141.5756919642857,762710
4837,tricount,8,2000000,0,0.7,d,0,505.0,331.4419642857143,7120960
4838,tricount,8,4000,100000,0.1,d,2,410.0,236.29464285714286,7120960
4839,beatnik,8,400000,10000,1.0,d,1,648.6540178571429,362.5580357142857,19996182
4840,tricount,8,40000,1000,0.3,d,2,426.0,247.17857142857142,7120960
4841,minivite,8,400000,1000,0.7,d,3,405.0,87.6734375,24089720
4842,kripke,8,20000,100,0.7,d,3,355.0,18.292857142857144,302720
4843,tricount,8,40000,100000,0.7,d,2,464.0,290.25223214285717,7120960
4844,fiesta,8,4000,1000000,0.3,d,3,357.2611607142857,68.746875,645120
4845,laghos,8,4000,1000000,0.5,d,1,371.0,96.97053571428572,801311390
4846,amg,8,400000,10000,0.7,d,2,361.0,45.40424107142858,106441449
4847,beatnik,8,4000000,100,0.1,d,2,564.3191964285714,270.9642857142857,19996182
4848,fiesta,8,2000,1000000,0.1,d,0,356.88392857142856,57.674776785714286,645120
4849,beatnik,8,4000,0,0.1,d,1,429.2142857142857,131.87053571428572,19996182
4850,tricount,8,400000,100,0.1,d,3,573.0,398.77455357142856,7120960
4851,laghos,8,4000000,100,0.1,d,3,546.0,273.61830357142856,801311390
4852,lammps,8,20000,1000,0.3,d,0,362.0,23.072008928571428,457408
4853,quicksilver,8,2000000,100000,0.3,d,3,290.0,129.13379464285714,762710
4854,amg,8,20000,100,0.5,d,3,381.0,44.67142857142857,106441449
4855,laghos,8,200000,100,0.5,d,0,654.0,376.2544642857143,801311390
4856,tricount,8,4000,1000,0.3,d,2,413.0,239.68526785714286,7120960
4857,laghos,8,400000,10000,1.0,d,0,645.0,372.85267857142856,801311390
4858,kripke,8,2000000,1000,0.1,d,3,357.0,20.597098214285715,302720
4859,beatnik,8,2000,0,0.1,d,0,429.0,129.54241071428572,19996182
4860,beatnik,8,400000,100000,1.0,d,3,518.6183035714286,220.68973214285714,19996182
4861,minife,8,20000,1000000,0.1,d,0,399.125,23.711830357142855,6788000
4862,minife,8,4000,100000,1.0,d,1,388.0,14.123816964285714,6788000
4863,lammps,8,2000,10000,0.7,d,0,356.0,18.56183035714286,457408
4864,lammps,8,400000,1000000,0.5,d,2,377.0,39.44821428571429,457408
4865,kripke,8,2000,10000,0.3,d,2,353.0,16.586160714285715,302720
4866,amg,8,20000,0,1.0,d,2,388.0,52.32522321428571,106441449
4867,kripke,8,20000,100000,0.3,d,1,353.0,16.853125,302720
4868,minife,8,400000,0,0.7,d,3,407.0,44.9765625,6788000
4869,lammps,8,200000,1000000,1.0,d,2,355.0,18.384352678571425,457408
4870,lammps,8,200000,100000,0.1,d,3,362.0,24.459374999999998,457408
4871,tricount,8,200000,0,0.5,d,1,480.0,304.9732142857143,7120960
4872,tricount,8,200000,0,1.0,d,0,492.0,317.96205357142856,7120960
4873,minivite,8,400000,10000,1.0,d,1,426.0,106.83549107142858,24089720
4874,minife,8,20000,100,0.5,d,2,425.0,39.92098214285714,6788000
4875,minife,8,2000000,10000,0.7,d,2,406.0,42.115178571428565,6788000
4876,tricount,8,2000,100,0.7,d,0,419.0,245.41071428571428,7120960
4877,fiesta,8,4000000,10000,0.3,d,1,356.1517857142857,57.980357142857144,645120
4878,laghos,8,200000,1000000,1.0,d,3,455.0,180.29910714285714,801311390
4879,minivite,8,400000,100000,0.5,d,0,419.0,102.18772321428571,24089720
4880,beatnik,8,4000,1000,0.5,d,0,408.52455357142856,117.35267857142857,19996182
4881,laghos,8,2000,1000,0.1,d,3,360.0,85.78816964285714,801311390
4882,fiesta,8,2000,100,0.1,d,3,378.49330357142856,99.58058035714286,645120
4883,laghos,8,40000,0,0.7,d,2,502.0,218.08258928571428,801311390
4884,laghos,8,4000,100000,0.1,d,2,370.07142857142856,93.96897321428573,801311390
4885,beatnik,8,200000,100,0.3,d,1,526.9129464285714,236.37276785714286,19996182
4886,minivite,8,200000,100,0.7,d,2,414.0,96.20044642857144,24089720
4887,minivite,8,400000,10000,0.7,d,2,422.0,104.51339285714286,24089720
4888,fiesta,8,4000000,100,0.1,d,0,358.3950892857143,66.44799107142858,645120
4889,quicksilver,8,200000,100000,0.7,d,2,289.0,128.39886160714286,762710
4890,fiesta,8,4000,100,0.5,d,0,363.5044642857143,81.52566964285714,645120
4891,fiesta,8,200000,1000,0.5,d,3,353.24776785714283,65.57901785714286,645120
4892,kripke,8,20000,0,1.0,d,0,386.0,31.29330357142857,302720
4893,quicksilver,8,2000,1000000,0.5,d,0,298.88169642857144,137.63323660714286,762710
4894,tricount,8,200000,10000,1.0,d,2,597.0,420.89955357142856,7120960
4895,lammps,8,20000,1000,0.7,d,1,359.0,21.33671875,457408
4896,fiesta,8,200000,100000,0.3,d,0,358.9375,75.35133928571429,645120
4897,minivite,8,40000,0,0.3,d,1,390.0,70.24732142857142,24089720
4898,beatnik,8,200000,100,1.0,d,2,544.9285714285714,256.3638392857143,19996182
4899,quicksilver,8,20000,1000000,1.0,d,2,297.0,135.97953125,762710
4900,lammps,8,2000,100,0.1,d,1,358.0,16.704665178571428,457408
4901,minivite,8,40000,100,0.3,d,2,382.0,64.67812500000001,24089720
4902,tricount,8,4000000,1000,0.5,d,0,558.0,383.7611607142857,7120960
4903,amg,8,4000,100000,0.3,d,2,340.0,10.093727678571428,106441449
4904,fiesta,8,400000,10000,0.5,d,2,362.1138392857143,86.17703125,645120
4905,laghos,8,2000,1000000,0.5,d,0,357.0,80.90200892857145,801311390
4906,minife,8,20000,0,1.0,d,1,390.0,17.22671875,6788000
4907,kripke,8,400000,10000,1.0,d,3,359.0,21.82388392857143,302720
4908,kripke,8,2000,100,0.5,d,3,355.0,18.219642857142855,302720
4909,laghos,8,40000,1000,0.5,d,3,423.0,150.35491071428572,801311390
4910,fiesta,8,2000,0,1.0,d,3,358.078125,58.279017857142854,645120
4911,fiesta,8,20000,100,0.3,d,1,353.15848214285717,52.46227678571428,645120
4912,minife,8,2000000,100,0.7,d,2,409.0,49.39709821428572,6788000
4913,tricount,8,200000,100,0.3,d,2,496.0,321.50669642857144,7120960
4914,amg,8,2000,1000,0.3,d,1,340.0,10.892075892857141,106441449
4915,minivite,8,400000,1000,0.1,d,3,419.0,95.36361607142858,24089720
4916,kripke,8,20000,0,0.1,d,0,376.0,27.911607142857143,302720
4917,beatnik,8,2000000,0,0.7,d,1,534.453125,249.52901785714286,19996182
4918,minivite,8,40000,10000,1.0,d,1,393.0,72.16540178571428,24089720
4919,fiesta,8,4000,0,0.3,d,0,352.97098214285717,56.823437500000004,645120
4920,minivite,8,20000,10000,0.5,d,1,412.0,76.41450892857142,24089720
4921,quicksilver,8,40000,100000,0.7,d,1,306.0,141.19212053571428,762710
4922,fiesta,8,40000,10000,0.7,d,1,356.5669642857143,61.0703125,645120
4923,kripke,8,4000000,1000000,0.1,d,2,357.0,19.606026785714285,302720
4924,amg,8,4000,0,0.3,d,1,360.0,31.002455357142853,106441449
4925,minife,8,2000,0,0.5,d,1,389.0,15.639866071428571,6788000
4926,kripke,8,2000000,10000,0.1,d,3,358.0,20.592410714285716,302720
4927,laghos,8,4000000,0,0.5,d,2,526.0,252.95535714285714,801311390
4928,quicksilver,8,200000,1000000,0.7,d,0,297.0,135.66685267857142,762710
4929,kripke,8,2000000,100,0.3,d,2,360.0,22.5515625,302720
4930,kripke,8,200000,0,1.0,d,3,357.0,19.763839285714287,302720
4931,minife,8,2000,100000,1.0,d,2,392.0,17.012566964285714,6788000
4932,fiesta,8,2000,100000,0.5,d,3,356.80357142857144,66.85535714285714,645120
4933,laghos,8,200000,100,0.7,d,3,566.0,294.2857142857143,801311390
4934,fiesta,8,40000,1000,0.7,d,1,352.84375,55.88772321428572,645120
4935,beatnik,8,20000,100000,0.5,d,1,415.7232142857143,121.50892857142857,19996182
4936,beatnik,8,4000000,1000000,0.1,d,0,483.1205357142857,189.30580357142858,19996182
4937,lammps,8,20000,100,0.3,d,0,354.0,18.664866071428573,457408
4938,tricount,8,2000000,100,0.1,d,1,526.0,350.84598214285717,7120960
4939,minife,8,4000000,1000000,0.7,d,3,404.0,40.247991071428565,6788000
4940,fiesta,8,4000000,1000,1.0,d,1,356.875,60.276785714285715,645120
4941,minife,8,20000,100,0.1,d,1,427.0,39.38330357142858,6788000
4942,kripke,8,200000,10000,1.0,d,0,359.0,21.866964285714285,302720
4943,quicksilver,8,2000,1000,0.5,d,1,294.0,133.07595982142857,762710
4944,minivite,8,400000,0,0.5,d,1,424.0,103.62120535714287,24089720
4945,beatnik,8,40000,10000,0.7,d,1,490.56919642857144,197.453125,19996182
4946,kripke,8,20000,1000,1.0,d,3,383.0,31.418526785714285,302720
4947,fiesta,8,40000,100,1.0,d,0,355.84151785714283,57.84770089285714,645120
4948,laghos,8,4000,100,0.7,d,1,385.0,112.11830357142857,801311390
4949,laghos,8,2000000,1000000,0.5,d,3,523.0,250.44866071428572,801311390
4950,quicksilver,8,2000000,1000,0.5,d,0,301.0,139.24294642857143,762710
4951,amg,8,400000,1000,1.0,d,3,361.0,43.877455357142864,106441449
4952,quicksilver,8,4000000,1000000,1.0,d,2,293.0,132.03433035714286,762710
4953,minife,8,2000,100000,0.1,d,3,390.0,15.921473214285713,6788000
4954,minife,8,2000,10000,0.5,d,1,385.0,13.438861607142858,6788000
4955,amg,8,4000,0,0.1,d,3,369.0,32.93080357142857,106441449
4956,fiesta,8,4000000,10000,0.3,d,0,353.67857142857144,60.636607142857144,645120
4957,lammps,8,4000,100000,0.5,d,3,351.0,15.032544642857143,457408
4958,amg,8,2000,10000,0.3,d,3,339.0,9.851718750000002,106441449
4959,kripke,8,20000,0,0.5,d,1,355.0,18.196651785714288,302720
4960,fiesta,8,4000000,10000,0.5,d,0,354.34375,59.54040178571428,645120
4961,quicksilver,8,4000000,1000,0.7,d,1,299.74776785714283,137.99113839285715,762710
4962,laghos,8,400000,100000,0.7,d,0,664.0,393.1205357142857,801311390
4963,amg,8,4000,10000,0.3,d,3,352.0,20.57232142857143,106441449
4964,fiesta,8,20000,100,0.7,d,2,352.88839285714283,60.341517857142854,645120
4965,quicksilver,8,200000,10000,0.1,d,0,294.7700892857143,133.54669642857144,762710
4966,lammps,8,20000,0,0.3,d,2,354.0,18.441941964285714,457408
4967,minife,8,200000,0,0.5,d,0,404.0,36.32991071428572,6788000
4968,beatnik,8,40000,100,0.3,d,1,450.0,154.6875,19996182
4969,tricount,8,400000,10000,0.1,d,2,642.0,467.39285714285717,7120960
4970,kripke,8,2000000,100000,0.3,d,2,360.0,22.470982142857142,302720
4971,minivite,8,2000,1000000,1.0,d,0,375.0,54.26183035714286,24089720
4972,amg,8,4000,100000,1.0,d,1,340.0,10.61734375,106441449
4973,lammps,8,400000,100,0.7,d,2,354.0,23.611160714285713,457408
4974,beatnik,8,4000000,1000,0.3,d,1,550.921875,260.5513392857143,19996182
4975,amg,8,4000000,10000,0.1,d,0,357.0,38.037276785714276,106441449
4976,beatnik,8,4000,1000,1.0,d,0,422.0,124.5625,19996182
4977,beatnik,8,40000,100000,1.0,d,3,440.0,142.62723214285714,19996182
4978,kripke,8,40000,100,1.0,d,2,386.0,33.00758928571428,302720
4979,minivite,8,4000000,100000,0.1,d,3,450.0,128.35714285714286,24089720
4980,tricount,8,2000000,10000,1.0,d,1,547.0,372.47098214285717,7120960
4981,beatnik,8,20000,1000,0.7,d,3,431.91294642857144,141.07142857142858,19996182
4982,beatnik,8,40000,0,0.7,d,0,458.98214285714283,157.375,19996182
4983,lammps,8,20000,1000000,0.1,d,2,355.0,16.13377232142857,457408
4984,lammps,8,200000,100000,0.3,d,0,380.0,46.93058035714286,457408
4985,tricount,8,20000,100000,0.5,d,1,430.0,254.98660714285714,7120960
4986,laghos,8,200000,1000,0.5,d,0,593.0,320.5669642857143,801311390
4987,quicksilver,8,400000,0,0.3,d,2,298.0,136.35060267857145,762710
4988,fiesta,8,2000000,1000,0.7,d,2,353.91964285714283,60.10959821428571,645120
4989,kripke,8,2000000,1000,0.1,d,0,358.0,21.422991071428573,302720
4990,fiesta,8,4000,100,1.0,d,2,355.76339285714283,55.52388392857142,645120
4991,minife,8,2000,0,0.1,d,2,411.0,27.650580357142854,6788000
4992,minivite,8,2000000,0,0.1,d,3,413.0,94.31986607142858,24089720
4993,tricount,8,400000,100000,0.3,d,3,559.0,385.3392857142857,7120960
4994,tricount,8,2000,100000,0.7,d,2,412.0,239.35044642857142,7120960
4995,beatnik,8,4000,100,0.1,d,3,421.9263392857143,127.52008928571429,19996182
4996,kripke,8,2000,10000,1.0,d,1,353.0,16.75401785714286,302720
4997,beatnik,8,400000,100,0.7,d,3,752.0625,470.3549107142857,19996182
4998,minivite,8,200000,10000,1.0,d,2,425.0,101.22991071428571,24089720
4999,fiesta,8,2000,100,0.5,d,0,352.890625,56.54040178571429,645120
5000,minife,8,4000000,10000,1.0,d,1,425.125,58.66428571428571,6788000
5001,beatnik,8,200000,10000,0.1,d,1,450.0,156.70758928571428,19996182
5002,beatnik,8,4000000,1000,0.7,d,0,799.9419642857143,515.8102678571429,19996182
5003,tricount,8,400000,1000,0.1,d,3,598.0,424.10267857142856,7120960
5004,kripke,8,4000000,10000,0.5,d,2,359.0,21.685044642857143,302720
5005,minife,8,4000,1000000,0.5,d,0,384.015625,12.884017857142856,6788000
5006,tricount,8,4000000,1000000,0.7,d,1,631.0,458.421875,7120960
5007,beatnik,8,4000,100000,0.3,d,3,410.0,119.171875,19996182
5008,lammps,8,2000,100000,1.0,d,3,349.0,13.44140625,457408
5009,minivite,8,40000,10000,0.7,d,2,387.0,67.92075892857143,24089720
5010,amg,8,20000,1000,0.1,d,3,347.0,19.58638392857143,106441449
5011,kripke,8,200000,1000000,0.3,d,1,356.0,18.444419642857138,302720
5012,fiesta,8,4000000,0,0.1,d,0,357.64732142857144,61.104017857142864,645120
5013,laghos,8,4000000,10000,0.1,d,1,547.0,275.7232142857143,801311390
5014,fiesta,8,20000,1000000,0.1,d,0,365.38392857142856,69.34933035714286,645120
5015,laghos,8,40000,1000000,0.7,d,2,414.0,138.67410714285714,801311390
5016,minife,8,4000000,0,0.7,d,2,409.0,47.103571428571435,6788000
5017,beatnik,8,200000,10000,1.0,d,3,556.171875,260.7857142857143,19996182
5018,laghos,8,400000,100,0.3,d,3,616.0,344.07142857142856,801311390
5019,minife,8,4000000,100000,0.5,d,3,400.0,34.465401785714285,6788000
5020,minife,8,2000000,100000,0.1,d,3,414.0,46.60312500000001,6788000
5021,laghos,8,20000,0,0.7,d,1,525.0,245.890625,801311390
5022,tricount,8,200000,0,0.1,d,0,516.0,341.3392857142857,7120960
5023,minife,8,2000000,0,1.0,d,3,402.0,36.95357142857143,6788000
5024,quicksilver,8,4000,0,0.5,d,1,303.0,138.86649553571428,762710
5025,laghos,8,20000,1000,0.3,d,0,509.0,226.64508928571428,801311390
5026,lammps,8,200000,100000,0.5,d,3,361.0,26.42142857142857,457408
5027,beatnik,8,2000000,1000,0.3,d,1,612.3482142857143,330.0982142857143,19996182
5028,lammps,8,20000,100,0.3,d,2,366.0,27.031651785714285,457408
5029,fiesta,8,20000,1000000,0.3,d,2,352.43080357142856,56.29531250000001,645120
5030,kripke,8,4000,10000,0.5,d,0,365.0,23.184598214285717,302720
5031,laghos,8,20000,1000,1.0,d,1,505.0,223.21875,801311390
5032,beatnik,8,4000,100,1.0,d,0,415.0,119.33482142857143,19996182
5033,amg,8,20000,0,0.1,d,3,368.0,33.61964285714286,106441449
5034,minife,8,20000,1000,0.1,d,2,390.0,15.648950892857142,6788000
5035,minife,8,4000000,1000000,0.3,d,3,403.0,39.901562500000004,6788000
5036,tricount,8,400000,1000,0.5,d,1,558.0,384.4419642857143,7120960
5037,amg,8,2000000,0,0.1,d,2,350.0,32.39799107142857,106441449
5038,beatnik,8,40000,100000,0.3,d,3,454.95089285714283,162.078125,19996182
5039,laghos,8,200000,100000,0.1,d,0,464.0,192.109375,801311390
5040,fiesta,8,200000,1000,0.5,d,1,356.7299107142857,78.37165178571429,645120
5041,quicksilver,8,2000000,100,0.1,d,2,302.0,140.2952901785714,762710
5042,minife,8,4000000,100000,0.7,d,1,408.0,47.566964285714285,6788000
5043,minivite,8,200000,1000,0.5,d,1,418.0,101.1892857142857,24089720
5044,kripke,8,200000,0,0.5,d,1,358.0,21.237276785714283,302720
5045,fiesta,8,2000000,1000,1.0,d,0,357.60714285714283,69.32700892857143,645120
5046,quicksilver,8,20000,10000,0.3,d,1,292.0,131.42758928571428,762710
5047,fiesta,8,2000000,1000,0.3,d,0,353.8325892857143,57.33839285714286,645120
5048,fiesta,8,4000,1000000,0.3,d,2,359.5200892857143,78.40424107142857,645120
5049,fiesta,8,4000,10000,0.7,d,3,361.51785714285717,71.03933035714286,645120
5050,kripke,8,2000000,100000,0.5,d,1,359.0,22.182366071428568,302720
5051,minife,8,200000,1000000,0.3,d,1,390.0,21.088839285714283,6788000
5052,fiesta,8,2000000,100,0.5,d,3,356.95982142857144,67.59799107142858,645120
5053,minivite,8,2000,1000000,0.7,d,0,369.0,50.302901785714276,24089720
5054,lammps,8,200000,100,1.0,d,1,361.0,27.61674107142857,457408
5055,kripke,8,400000,1000,1.0,d,2,358.0,21.53482142857143,302720
5056,minife,8,4000,0,0.1,d,1,398.0,25.618080357142862,6788000
5057,laghos,8,4000,1000000,0.3,d,1,390.0,116.11160714285714,801311390
5058,laghos,8,400000,1000,0.5,d,3,648.0,376.77455357142856,801311390
5059,minife,8,400000,100,0.7,d,0,404.0,39.105803571428574,6788000
5060,kripke,8,40000,1000000,0.3,d,3,355.0,18.06674107142857,302720
5061,laghos,8,20000,1000000,0.7,d,0,380.0,105.72544642857143,801311390
5062,kripke,8,20000,100000,0.1,d,0,357.0,18.908035714285713,302720
5063,quicksilver,8,4000,10000,0.3,d,2,292.0267857142857,131.52578125,762710
5064,quicksilver,8,4000,100,0.5,d,1,306.0,140.22042410714286,762710
5065,lammps,8,40000,0,0.7,d,2,345.0,12.438058035714286,457408
5066,amg,8,200000,10000,0.7,d,3,360.0,44.52723214285714,106441449
5067,amg,8,40000,10000,0.3,d,1,377.0,41.942187499999996,106441449
5068,minivite,8,4000,1000,0.5,d,3,378.0,59.542410714285715,24089720
5069,fiesta,8,2000,1000000,0.3,d,2,355.2232142857143,79.56138392857143,645120
5070,beatnik,8,400000,10000,0.3,d,1,519.515625,224.62053571428572,19996182
5071,minivite,8,2000,0,0.5,d,3,375.0,57.5015625,24089720
5072,laghos,8,400000,10000,0.3,d,2,561.0,289.60044642857144,801311390
5073,quicksilver,8,2000000,100000,0.3,d,0,290.0,128.86910714285713,762710
5074,fiesta,8,2000,100,0.7,d,1,352.7232142857143,54.636160714285715,645120
5075,lammps,8,2000,100,0.5,d,0,353.0,16.790513392857143,457408
5076,minife,8,2000,1000,0.3,d,3,389.0,15.338325892857142,6788000
5077,lammps,8,200000,0,1.0,d,3,380.0,48.51962053571429,457408
5078,minife,8,40000,10000,0.5,d,1,430.0,46.55379464285714,6788000
5079,minivite,8,200000,100000,0.3,d,0,389.0,70.97611607142856,24089720
5080,lammps,8,200000,10000,0.3,d,0,365.0,29.673906249999998,457408
5081,lammps,8,4000000,100,0.3,d,2,376.0,42.05357142857143,457408
5082,fiesta,8,200000,0,0.5,d,2,353.84598214285717,60.543526785714285,645120
5083,fiesta,8,20000,100,0.7,d,0,353.48660714285717,56.28415178571429,645120
5084,kripke,8,2000,10000,1.0,d,3,355.0,18.40558035714286,302720
5085,laghos,8,40000,10000,0.7,d,3,509.0,229.41294642857142,801311390
5086,beatnik,8,20000,100,0.3,d,3,416.0,124.71651785714286,19996182
5087,amg,8,2000,1000,0.5,d,3,347.0,17.246205357142856,106441449
5088,tricount,8,40000,1000,0.1,d,0,434.0,255.16517857142858,7120960
5089,quicksilver,8,2000,1000000,0.7,d,0,300.27455357142856,139.53325892857143,762710
5090,amg,8,200000,100,0.1,d,1,355.0,37.910937499999996,106441449
5091,quicksilver,8,2000000,0,1.0,d,2,298.0625,136.78669642857145,762710
5092,kripke,8,4000000,1000,0.5,d,3,357.0,20.12075892857143,302720
5093,laghos,8,4000000,10000,0.7,d,2,616.0,344.89732142857144,801311390
5094,lammps,8,4000000,100000,1.0,d,1,364.0,29.869419642857142,457408
5095,tricount,8,2000,0,1.0,d,3,436.0,262.3392857142857,7120960
5096,amg,8,4000000,100,0.3,d,2,357.0,41.091071428571425,106441449
5097,fiesta,8,400000,1000000,0.5,d,3,356.4375,60.705803571428575,645120
5098,minivite,8,4000,100000,0.5,d,3,373.0,54.60513392857143,24089720
5099,lammps,8,400000,10000,0.3,d,0,375.0,38.840401785714285,457408
5100,quicksilver,8,2000,100,1.0,d,3,301.0,139.18803571428572,762710
5101,laghos,8,4000,100,0.5,d,0,427.0,148.17857142857142,801311390
5102,minivite,8,4000,1000000,0.1,d,2,380.0,60.119866071428575,24089720
5103,minivite,8,4000000,10000,0.7,d,2,409.0,90.83816964285714,24089720
5104,lammps,8,4000000,1000000,0.3,d,0,365.0,32.56116071428571,457408
5105,laghos,8,40000,1000000,1.0,d,2,378.0,103.88013392857144,801311390
5106,fiesta,8,2000000,1000,0.5,d,1,356.65625,60.918526785714285,645120
5107,fiesta,8,4000000,100000,0.1,d,3,365.18973214285717,89.69962053571429,645120
5108,kripke,8,4000000,1000,0.5,d,2,358.0,21.445089285714285,302720
5109,quicksilver,8,200000,100,0.7,d,3,299.0,136.5900892857143,762710
5110,amg,8,4000000,100,0.1,d,1,361.0,47.8046875,106441449
5111,amg,8,2000000,0,0.5,d,3,355.0,35.87321428571429,106441449
5112,kripke,8,4000,1000000,0.7,d,1,354.0,17.049330357142857,302720
5113,tricount,8,2000,10000,0.7,d,0,424.0,251.09598214285714,7120960
5114,amg,8,2000000,1000,1.0,d,1,360.0,42.87745535714286,106441449
5115,minivite,8,4000000,100,0.5,d,3,409.0,90.16785714285713,24089720
5116,amg,8,20000,10000,0.7,d,0,346.0,18.684151785714285,106441449
5117,kripke,8,20000,100,0.3,d,3,378.0,27.584151785714287,302720
5118,fiesta,8,4000000,100000,0.7,d,3,353.54017857142856,61.127008928571435,645120
5119,quicksilver,8,40000,1000,1.0,d,0,295.0,134.05883928571427,762710
5120,minife,8,40000,1000,0.3,d,1,390.0,20.857142857142858,6788000
5121,minivite,8,20000,100000,0.5,d,0,378.0,60.33526785714286,24089720
5122,amg,8,200000,1000,0.7,d,1,359.0,41.26607142857142,106441449
5123,quicksilver,8,2000,0,1.0,d,0,291.74776785714283,130.58261160714287,762710
5124,minivite,8,4000,1000,1.0,d,3,395.0,74.46272321428572,24089720
5125,minife,8,4000,0,0.7,d,0,393.0,19.29703125,6788000
5126,amg,8,4000,100,1.0,d,2,355.0,24.046651785714285,106441449
5127,quicksilver,8,40000,0,1.0,d,2,294.0,132.92560267857144,762710
5128,kripke,8,2000,100,0.7,d,2,365.0,24.329241071428573,302720
5129,quicksilver,8,20000,1000000,1.0,d,1,303.0,141.48772321428572,762710
5130,beatnik,8,400000,0,0.5,d,2,558.8058035714286,271.99107142857144,19996182
5131,kripke,8,2000,100000,1.0,d,1,354.0,17.803124999999998,302720
5132,minivite,8,400000,10000,0.5,d,2,417.0,97.79062499999999,24089720
5133,minivite,8,40000,100000,0.5,d,2,381.0,61.482589285714276,24089720
5134,beatnik,8,400000,0,0.5,d,0,664.5535714285714,374.63169642857144,19996182
5135,beatnik,8,20000,1000000,1.0,d,3,410.0,110.93348214285713,19996182
5136,kripke,8,2000,10000,0.5,d,3,353.0,16.940848214285715,302720
5137,laghos,8,20000,10000,0.1,d,1,441.0,163.69196428571428,801311390
5138,kripke,8,4000000,1000,0.7,d,0,360.0,22.579017857142855,302720
5139,minife,8,200000,100000,0.3,d,0,406.0,42.666294642857146,6788000
5140,kripke,8,40000,100000,1.0,d,0,374.0,26.846651785714283,302720
5141,beatnik,8,40000,1000000,0.7,d,0,424.22767857142856,130.38616071428572,19996182
5142,minivite,8,200000,1000,0.5,d,3,412.0,94.38325892857142,24089720
5143,quicksilver,8,20000,100,1.0,d,0,322.0,151.15602678571426,762710
5144,laghos,8,4000,1000000,0.7,d,3,376.0,101.65647321428571,801311390
5145,kripke,8,20000,0,0.7,d,2,355.0,18.18035714285714,302720
5146,quicksilver,8,20000,100000,0.1,d,2,301.0,139.5428125,762710
5147,minife,8,4000,0,1.0,d,2,389.0,16.078526785714285,6788000
5148,fiesta,8,20000,1000,0.7,d,1,385.1205357142857,110.66852678571429,645120
5149,tricount,8,400000,1000000,0.7,d,1,541.0,367.40625,7120960
5150,fiesta,8,4000,0,0.5,d,0,353.046875,56.512723214285714,645120
5151,minivite,8,40000,0,1.0,d,2,431.0,92.25558035714286,24089720
5152,fiesta,8,40000,1000000,1.0,d,2,361.4017857142857,69.49977678571429,645120
5153,kripke,8,40000,100000,1.0,d,2,355.0,18.47589285714286,302720
5154,quicksilver,8,400000,0,0.1,d,0,304.0,141.75138392857144,762710
5155,minivite,8,4000000,1000000,0.7,d,1,431.0,113.43102678571428,24089720
5156,laghos,8,400000,0,0.5,d,2,590.0,319.234375,801311390
5157,tricount,8,400000,10000,0.5,d,1,534.0,360.79017857142856,7120960
5158,fiesta,8,2000,100000,0.5,d,0,352.86830357142856,57.551562499999996,645120
5159,beatnik,8,2000000,10000,1.0,d,3,635.8370535714286,349.77455357142856,19996182
5160,minife,8,40000,10000,1.0,d,3,464.0,73.3359375,6788000
5161,amg,8,2000,1000,0.3,d,2,349.0,19.613392857142856,106441449
5162,lammps,8,400000,1000000,1.0,d,2,360.0,24.77299107142857,457408
5163,kripke,8,2000000,10000,0.7,d,2,362.0,25.12633928571429,302720
5164,amg,8,2000000,100000,0.7,d,2,362.0,42.4359375,106441449
5165,beatnik,8,20000,1000000,0.1,d,2,408.109375,114.42410714285714,19996182
5166,lammps,8,20000,0,0.7,d,1,352.0,16.346696428571427,457408
5167,lammps,8,40000,100000,0.5,d,3,354.0,19.509151785714288,457408
5168,minife,8,20000,1000,1.0,d,1,390.0,17.386473214285715,6788000
5169,tricount,8,4000000,0,1.0,d,0,544.0,368.31026785714283,7120960
5170,lammps,8,4000,100,0.7,d,3,349.0,13.266696428571427,457408
5171,amg,8,400000,1000,0.7,d,0,363.0,45.75491071428571,106441449
5172,beatnik,8,4000,1000000,0.1,d,2,406.00892857142856,108.82366071428571,19996182
5173,minife,8,4000000,1000000,0.5,d,0,402.0,37.5078125,6788000
5174,laghos,8,2000,100000,0.5,d,2,351.90401785714283,75.09174107142857,801311390
5175,amg,8,4000000,1000,0.1,d,0,364.0,45.37700892857142,106441449
5176,fiesta,8,400000,10000,0.3,d,3,353.23214285714283,59.14821428571428,645120
5177,minife,8,2000000,1000,0.1,d,3,407.0,42.89151785714286,6788000
5178,minife,8,2000,100000,0.5,d,2,383.0,11.686227678571429,6788000
5179,laghos,8,2000,10000,0.5,d,0,347.0,71.0140625,801311390
5180,minivite,8,400000,0,1.0,d,0,436.0,112.99486607142856,24089720
5181,minife,8,2000000,100000,1.0,d,0,426.0,61.25915178571428,6788000
5182,kripke,8,4000,1000000,0.3,d,0,354.0,17.095535714285713,302720
5183,tricount,8,4000,1000000,0.7,d,3,410.0,236.28125,7120960
5184,minife,8,20000,100000,0.7,d,2,385.0,14.748638392857144,6788000
5185,minivite,8,40000,100000,0.7,d,3,399.0,72.58370535714286,24089720
5186,minife,8,4000,1000000,0.5,d,2,386.0,13.405446428571427,6788000
5187,beatnik,8,20000,100000,0.3,d,3,401.35267857142856,108.32901785714286,19996182
5188,quicksilver,8,2000,10000,0.5,d,2,292.0,131.1874330357143,762710
5189,quicksilver,8,200000,100,0.5,d,1,294.0,133.0234375,762710
5190,quicksilver,8,2000,0,1.0,d,3,297.00669642857144,135.52935267857143,762710
5191,minife,8,200000,1000,0.3,d,1,431.0,71.15736607142857,6788000
5192,minivite,8,2000000,1000,0.3,d,2,405.0,84.99620535714287,24089720
5193,kripke,8,4000000,0,1.0,d,1,360.0,22.97254464285714,302720
5194,beatnik,8,20000,10000,1.0,d,2,450.94419642857144,148.61383928571428,19996182
5195,beatnik,8,2000,0,0.3,d,3,409.0,115.39285714285714,19996182
5196,minivite,8,4000000,0,0.1,d,2,428.0,108.87901785714284,24089720
5197,tricount,8,2000000,10000,0.3,d,2,697.0,523.3013392857143,7120960
5198,minivite,8,20000,10000,0.1,d,3,385.0,63.099776785714276,24089720
5199,minivite,8,4000,10000,0.3,d,3,383.0,63.512053571428574,24089720
5200,quicksilver,8,20000,0,0.3,d,0,307.0,140.43377232142856,762710
5201,minife,8,4000000,1000,1.0,d,1,418.0,53.980803571428574,6788000
5202,tricount,8,20000,100,0.7,d,3,439.0,261.38839285714283,7120960
5203,quicksilver,8,4000,10000,0.5,d,1,301.0,135.99109375,762710
5204,quicksilver,8,40000,1000000,0.5,d,2,301.27901785714283,139.75263392857144,762710
5205,laghos,8,2000000,100000,0.1,d,2,508.0,235.57366071428572,801311390
5206,kripke,8,4000000,10000,0.3,d,1,359.0,21.2375,302720
5207,laghos,8,4000000,100,0.3,d,2,587.0,311.43080357142856,801311390
5208,kripke,8,400000,1000,1.0,d,1,359.0,22.27589285714286,302720
5209,minife,8,4000000,1000,0.7,d,3,406.0,43.83303571428571,6788000
5210,fiesta,8,4000000,10000,0.1,d,1,366.359375,100.63689732142856,645120
5211,fiesta,8,2000,100000,0.7,d,2,362.421875,79.40781249999999,645120
5212,lammps,8,4000000,10000,0.7,d,1,361.0,28.124776785714285,457408
5213,laghos,8,200000,100000,0.1,d,1,431.0,158.72544642857142,801311390
5214,minivite,8,2000000,1000,0.7,d,1,407.0,86.65915178571429,24089720
5215,minivite,8,4000000,1000,0.5,d,3,428.0,110.54084821428572,24089720
5216,fiesta,8,400000,1000,0.1,d,0,368.88392857142856,101.44580357142857,645120
5217,tricount,8,4000000,100000,0.3,d,0,529.0,355.04017857142856,7120960
5218,kripke,8,200000,100000,0.1,d,1,355.0,18.873660714285712,302720
5219,tricount,8,200000,10000,1.0,d,3,511.0,335.40625,7120960
5220,tricount,8,400000,0,0.7,d,1,571.0,392.7142857142857,7120960
5221,tricount,8,40000,10000,1.0,d,1,418.0,244.24776785714286,7120960
5222,kripke,8,2000,0,0.1,d,0,356.0,19.650223214285713,302720
5223,minife,8,400000,1000000,1.0,d,3,407.0,36.879241071428574,6788000
5224,minife,8,2000,100000,0.3,d,0,384.0,12.91078125,6788000
5225,minivite,8,2000,100000,0.7,d,0,377.0,58.154017857142854,24089720
5226,kripke,8,4000,1000,0.1,d,0,355.0,17.975446428571427,302720
5227,beatnik,8,4000,0,0.5,d,3,422.25223214285717,126.03571428571429,19996182
5228,fiesta,8,20000,10000,0.3,d,0,352.88169642857144,54.12991071428571,645120
5229,tricount,8,4000000,10000,0.3,d,0,549.0,375.390625,7120960
5230,lammps,8,20000,100000,0.5,d,0,351.0,16.82497767857143,457408
5231,beatnik,8,2000,100000,0.1,d,3,409.0,113.38392857142857,19996182
5232,minife,8,20000,1000000,0.7,d,2,387.0,15.448080357142857,6788000
5233,minivite,8,2000000,1000000,0.7,d,0,411.0,94.96004464285713,24089720
5234,laghos,8,20000,0,0.3,d,3,464.0,185.08928571428572,801311390
5235,tricount,8,40000,0,0.5,d,2,489.0,308.828125,7120960
5236,beatnik,8,4000000,0,0.7,d,0,492.13839285714283,198.54241071428572,19996182
5237,fiesta,8,4000000,1000000,0.1,d,0,356.7611607142857,60.66138392857143,645120
5238,minivite,8,40000,1000000,0.1,d,1,382.0,61.9109375,24089720
5239,amg,8,200000,100,0.1,d,2,358.0,40.698214285714286,106441449
5240,beatnik,8,400000,1000000,0.3,d,2,427.03348214285717,136.12053571428572,19996182
5241,quicksilver,8,40000,1000,0.1,d,1,293.95535714285717,132.52658482142857,762710
5242,tricount,8,40000,0,0.7,d,0,432.0,251.765625,7120960
5243,fiesta,8,20000,10000,0.7,d,3,353.1986607142857,55.935267857142854,645120
5244,quicksilver,8,20000,100000,0.5,d,1,294.0,132.7588392857143,762710
5245,minife,8,40000,1000,0.1,d,2,392.0,19.099553571428572,6788000
5246,tricount,8,400000,1000000,0.5,d,1,525.0,351.67857142857144,7120960
5247,laghos,8,2000000,1000,0.5,d,2,545.0,274.08705357142856,801311390
5248,kripke,8,4000000,100000,1.0,d,1,360.0,23.27276785714286,302720
5249,tricount,8,200000,10000,0.5,d,0,477.0,302.11830357142856,7120960
5250,quicksilver,8,2000,100,0.1,d,2,291.0,129.89216517857145,762710
5251,quicksilver,8,400000,100000,0.5,d,1,290.0,129.1614955357143,762710
5252,quicksilver,8,400000,1000,0.3,d,2,294.0,133.18272321428572,762710
5253,fiesta,8,200000,0,0.5,d,3,355.6450892857143,68.74999999999999,645120
5254,fiesta,8,2000,1000000,1.0,d,2,357.8705357142857,59.71227678571428,645120
5255,minivite,8,2000000,1000,1.0,d,3,434.0,110.49732142857144,24089720
5256,kripke,8,200000,100000,1.0,d,2,359.0,20.802232142857147,302720
5257,fiesta,8,2000,0,0.3,d,1,352.72767857142856,57.261383928571426,645120
5258,beatnik,8,400000,1000000,0.7,d,2,490.76785714285717,197.4375,19996182
5259,beatnik,8,20000,100,0.3,d,2,435.93973214285717,135.52008928571428,19996182
5260,tricount,8,2000000,0,0.3,d,0,462.0,287.03794642857144,7120960
5261,minife,8,40000,1000000,0.7,d,0,393.00223214285717,20.006696428571427,6788000
5262,lammps,8,400000,100,1.0,d,1,366.0,31.314598214285716,457408
5263,amg,8,2000,100000,0.1,d,0,342.0,12.067388392857143,106441449
5264,minivite,8,4000000,10000,1.0,d,2,470.0,152.04017857142858,24089720
5265,minivite,8,4000,1000000,0.1,d,1,377.0,57.9625,24089720
5266,kripke,8,40000,1000000,0.1,d,3,355.0,17.791964285714286,302720
5267,kripke,8,400000,100000,0.3,d,1,357.0,20.98013392857143,302720
5268,fiesta,8,2000,10000,0.3,d,3,352.9642857142857,56.81919642857143,645120
5269,minife,8,4000000,10000,0.1,d,0,422.0,54.859375,6788000
5270,kripke,8,2000000,1000,1.0,d,2,357.0,19.91919642857143,302720
5271,amg,8,4000,1000,0.5,d,0,353.0,22.294419642857147,106441449
5272,beatnik,8,400000,1000,0.7,d,2,668.6383928571429,383.58035714285717,19996182
5273,tricount,8,200000,100000,0.1,d,2,785.0,610.3616071428571,7120960
5274,kripke,8,40000,1000000,1.0,d,2,360.0,20.33325892857143,302720
5275,fiesta,8,4000000,1000,1.0,d,0,363.88839285714283,82.41919642857142,645120
5276,laghos,8,400000,0,1.0,d,1,549.0,277.58482142857144,801311390
5277,fiesta,8,4000,0,0.7,d,2,352.71875,57.39441964285714,645120
5278,fiesta,8,2000,100000,0.3,d,3,364.50223214285717,93.74642857142858,645120
5279,beatnik,8,40000,100000,0.5,d,3,452.94642857142856,164.30357142857142,19996182
5280,minivite,8,200000,0,0.5,d,0,398.0,81.44955357142858,24089720
5281,tricount,8,200000,1000,0.1,d,1,474.0,300.21875,7120960
5282,lammps,8,40000,100000,0.1,d,1,358.0,16.737946428571426,457408
5283,amg,8,40000,1000,0.3,d,1,385.125,50.027008928571426,106441449
5284,tricount,8,400000,1000000,0.7,d,3,565.0,391.88392857142856,7120960
5285,fiesta,8,40000,10000,0.5,d,1,385.03125,106.31006696428572,645120
5286,fiesta,8,200000,1000,0.3,d,3,356.08035714285717,66.2,645120
5287,laghos,8,2000,0,0.1,d,0,476.0,194.23214285714286,801311390
5288,amg,8,400000,1000000,0.1,d,3,347.0,21.149330357142855,106441449
5289,amg,8,200000,1000,1.0,d,3,366.0,47.68147321428571,106441449
5290,beatnik,8,4000,100,0.3,d,0,429.61830357142856,138.19419642857142,19996182
5291,kripke,8,2000,100,1.0,d,0,358.0,19.113169642857144,302720
5292,kripke,8,4000000,100,0.7,d,0,357.0,20.8046875,302720
5293,kripke,8,4000000,0,1.0,d,0,358.0,21.690848214285715,302720
5294,minife,8,400000,100,0.3,d,2,407.0,44.91071428571429,6788000
5295,lammps,8,2000000,1000000,0.3,d,2,360.0,23.47075892857143,457408
5296,kripke,8,2000,1000,1.0,d,2,353.0,16.616964285714285,302720
5297,laghos,8,4000000,1000,0.5,d,0,655.0,381.19642857142856,801311390
5298,kripke,8,400000,100,0.5,d,0,360.0,23.221874999999994,302720
5299,beatnik,8,4000,10000,1.0,d,2,425.38169642857144,127.03571428571429,19996182
5300,amg,8,400000,100000,1.0,d,2,361.0,46.200669642857136,106441449
5301,quicksilver,8,2000000,1000,1.0,d,1,291.0,130.04964285714286,762710
5302,laghos,8,4000000,100,1.0,d,3,566.0,293.1763392857143,801311390
5303,beatnik,8,40000,10000,0.7,d,3,464.51339285714283,173.84821428571428,19996182
5304,lammps,8,20000,100000,0.1,d,1,349.0,11.333526785714286,457408
5305,lammps,8,4000000,100,0.3,d,1,410.0,77.30803571428571,457408
5306,quicksilver,8,4000000,100000,0.7,d,3,290.0,129.09957589285713,762710
5307,minivite,8,200000,100000,0.3,d,2,404.859375,85.90267857142858,24089720
5308,beatnik,8,200000,0,0.3,d,2,534.1049107142857,239.90178571428572,19996182
5309,minivite,8,2000000,1000,1.0,d,0,427.0,108.36361607142858,24089720
5310,lammps,8,4000000,0,0.5,d,0,376.0,37.39776785714285,457408
5311,fiesta,8,2000,100000,1.0,d,2,359.61160714285717,63.12120535714286,645120
5312,laghos,8,2000000,100000,0.3,d,1,598.0,323.83482142857144,801311390
5313,minife,8,400000,0,0.7,d,2,417.0,63.46964285714286,6788000
5314,tricount,8,20000,10000,0.3,d,2,419.0,245.73883928571428,7120960
5315,quicksilver,8,400000,100,1.0,d,2,291.0,130.23133928571428,762710
5316,minivite,8,4000000,10000,0.1,d,2,425.0,105.35892857142858,24089720
5317,fiesta,8,2000000,0,0.3,d,3,354.17410714285717,61.23571428571428,645120
5318,fiesta,8,4000,100000,0.5,d,0,364.4263392857143,97.14285714285714,645120
5319,beatnik,8,200000,100000,1.0,d,0,512.0,221.28571428571428,19996182
5320,amg,8,2000000,10000,0.5,d,3,357.0,37.71875,106441449
5321,minife,8,2000000,10000,1.0,d,3,422.0,57.17276785714286,6788000
5322,minivite,8,40000,0,0.5,d,1,389.0,70.13191964285714,24089720
5323,beatnik,8,4000000,100000,0.3,d,1,485.36160714285717,192.76116071428572,19996182
5324,laghos,8,400000,100000,0.3,d,0,548.0,276.42410714285717,801311390
5325,kripke,8,40000,100000,0.5,d,0,371.0,25.929464285714285,302720
5326,lammps,8,40000,100,0.1,d,0,354.0,19.477254464285714,457408
5327,minife,8,400000,1000,1.0,d,1,418.0,53.20959821428572,6788000
5328,lammps,8,40000,100,1.0,d,2,355.0,21.145156250000003,457408
5329,minife,8,4000,0,0.7,d,1,385.0,13.122767857142858,6788000
5330,lammps,8,20000,10000,0.7,d,2,361.0,22.74142857142857,457408
5331,amg,8,200000,10000,1.0,d,3,361.0,46.401339285714286,106441449
5332,beatnik,8,400000,100000,0.5,d,3,541.4196428571429,252.12723214285714,19996182
5333,laghos,8,2000000,100000,1.0,d,1,608.0,337.33035714285717,801311390
5334,beatnik,8,4000,100000,0.1,d,1,407.19419642857144,110.05357142857143,19996182
5335,beatnik,8,20000,10000,1.0,d,3,451.99776785714283,152.11830357142858,19996182
5336,lammps,8,2000000,10000,0.1,d,3,380.0,43.12508928571429,457408
5337,tricount,8,40000,1000,1.0,d,2,443.0,261.47767857142856,7120960
5338,fiesta,8,40000,100000,0.1,d,1,361.82142857142856,67.61763392857144,645120
5339,kripke,8,400000,10000,0.3,d,3,360.0,22.70290178571429,302720
5340,lammps,8,20000,10000,1.0,d,1,378.0,41.14129464285714,457408
5341,kripke,8,200000,10000,0.1,d,1,357.0,19.705580357142853,302720
5342,tricount,8,200000,100,0.1,d,1,446.0,271.77232142857144,7120960
5343,kripke,8,200000,100000,0.1,d,0,355.0,17.890848214285715,302720
5344,amg,8,40000,0,0.7,d,2,348.0,22.759151785714288,106441449
5345,amg,8,40000,100000,0.3,d,0,344.0,15.304910714285715,106441449
5346,quicksilver,8,2000000,100,0.3,d,2,292.0,131.30709821428573,762710
5347,amg,8,400000,100000,0.1,d,0,354.0,33.440848214285715,106441449
5348,quicksilver,8,2000,1000,1.0,d,2,299.0,136.82845982142857,762710
5349,tricount,8,2000000,10000,0.1,d,1,538.0,364.39955357142856,7120960
5350,beatnik,8,4000000,10000,1.0,d,1,644.53125,354.6674107142857,19996182
5351,lammps,8,40000,1000,0.3,d,3,366.0,24.78200892857143,457408
5352,lammps,8,400000,0,0.1,d,1,373.0,37.90100446428571,457408
5353,lammps,8,4000,100,1.0,d,2,359.0,18.693058035714284,457408
5354,lammps,8,4000,1000,0.1,d,3,353.0,12.548705357142856,457408
5355,amg,8,2000000,10000,0.3,d,2,352.0,34.53102678571428,106441449
5356,beatnik,8,2000,1000,0.5,d,1,405.98660714285717,111.90915178571429,19996182
5357,lammps,8,40000,1000000,0.1,d,3,358.0,20.02368303571429,457408
5358,beatnik,8,200000,100,0.1,d,0,511.17857142857144,215.31696428571428,19996182
5359,tricount,8,2000000,100000,1.0,d,0,542.0,368.0357142857143,7120960
5360,minivite,8,20000,1000000,0.3,d,1,374.0,56.145089285714285,24089720
5361,minife,8,2000,1000000,0.5,d,3,384.0,12.253392857142858,6788000
5362,beatnik,8,20000,1000,0.1,d,3,434.0,131.16294642857142,19996182
5363,laghos,8,20000,0,0.7,d,2,505.0,223.93973214285714,801311390
5364,lammps,8,20000,0,0.1,d,2,373.0,33.56850446428571,457408
5365,amg,8,2000,100,0.1,d,0,350.0,20.636830357142856,106441449
5366,minife,8,4000000,1000000,0.5,d,1,400.0,31.713392857142853,6788000
5367,quicksilver,8,40000,1000000,0.3,d,0,293.0,132.31207589285714,762710
5368,kripke,8,400000,100000,0.5,d,2,358.0,21.36294642857143,302720
5369,quicksilver,8,4000,0,0.5,d,3,307.0,142.44848214285713,762710
5370,lammps,8,4000,1000000,0.7,d,3,350.0,15.529575892857142,457408
5371,kripke,8,2000,10000,0.3,d,3,357.0,18.77834821428571,302720
5372,laghos,8,2000,1000,0.3,d,3,343.0,69.12745535714285,801311390
5373,kripke,8,200000,10000,1.0,d,2,357.0,20.20825892857143,302720
5374,beatnik,8,200000,100,0.7,d,1,513.3883928571429,220.19419642857142,19996182
5375,quicksilver,8,4000,1000000,0.1,d,2,303.0,141.69075892857146,762710
5376,kripke,8,4000000,100,0.3,d,2,357.0,20.091294642857143,302720
5377,tricount,8,400000,100,0.7,d,2,541.0,367.6763392857143,7120960
5378,minife,8,20000,10000,0.1,d,2,390.0,15.730334821428572,6788000
5379,laghos,8,2000,100,0.7,d,2,383.0,108.87946428571429,801311390
5380,minife,8,2000,100000,1.0,d,3,388.0,13.816138392857143,6788000
5381,quicksilver,8,200000,0,0.1,d,2,305.0,142.62979910714287,762710
5382,minife,8,400000,100000,0.3,d,3,407.0,39.300669642857144,6788000
5383,fiesta,8,40000,1000000,0.5,d,0,352.76785714285717,57.810267857142854,645120
5384,lammps,8,4000000,1000000,0.3,d,1,357.0,27.749553571428574,457408
5385,quicksilver,8,2000000,1000000,1.0,d,2,297.0,135.21426339285716,762710
5386,laghos,8,40000,100,0.3,d,0,481.0,209.12276785714286,801311390
5387,fiesta,8,2000,0,0.3,d,0,353.00892857142856,52.645535714285714,645120
5388,quicksilver,8,4000000,100,1.0,d,3,298.95089285714283,137.2477455357143,762710
5389,lammps,8,400000,1000,0.3,d,2,366.0,31.051116071428574,457408
5390,quicksilver,8,400000,100000,0.1,d,2,294.0,132.6782142857143,762710
5391,fiesta,8,200000,1000000,0.3,d,2,352.93973214285717,58.720982142857146,645120
5392,laghos,8,2000000,10000,1.0,d,2,588.0,315.84375,801311390
5393,fiesta,8,2000,100000,1.0,d,1,356.03125,57.689732142857146,645120
5394,kripke,8,4000000,1000,0.5,d,1,358.0,21.606919642857147,302720
5395,quicksilver,8,4000,1000000,0.7,d,2,306.0,145.05491071428574,762710
5396,lammps,8,2000000,1000,1.0,d,1,355.0,22.260758928571427,457408
5397,fiesta,8,40000,10000,0.3,d,2,353.3392857142857,59.7328125,645120
5398,minife,8,4000000,0,0.7,d,0,405.0,43.63995535714286,6788000
5399,fiesta,8,20000,1000,0.7,d,0,352.97767857142856,53.27187500000001,645120
5400,laghos,8,2000,1000000,0.1,d,0,354.0,77.98058035714287,801311390
5401,minife,8,4000,10000,0.7,d,3,383.0,11.474709821428572,6788000
5402,amg,8,4000000,100,0.3,d,3,361.0,47.006026785714276,106441449
5403,fiesta,8,2000000,100000,0.3,d,3,357.390625,61.621874999999996,645120
5404,amg,8,40000,100000,0.1,d,1,344.0,15.751785714285715,106441449
5405,tricount,8,200000,1000,0.3,d,0,435.0,260.7075892857143,7120960
5406,laghos,8,2000000,100000,0.7,d,0,606.0,327.85267857142856,801311390
5407,fiesta,8,400000,100,1.0,d,2,357.23660714285717,67.54955357142858,645120
5408,laghos,8,4000000,100,0.7,d,0,562.0,290.41964285714283,801311390
5409,laghos,8,40000,10000,0.1,d,1,413.0,140.04910714285714,801311390
5410,quicksilver,8,200000,1000,0.1,d,3,293.0,132.24174107142858,762710
5411,laghos,8,2000,1000,1.0,d,0,383.0,105.90200892857142,801311390
5412,kripke,8,400000,100000,0.3,d,2,358.0,21.478125000000002,302720
5413,laghos,8,4000000,1000000,1.0,d,1,547.0,275.5357142857143,801311390
5414,beatnik,8,400000,1000,1.0,d,0,595.4486607142857,303.07142857142856,19996182
5415,amg,8,4000,100000,1.0,d,2,340.0,10.321919642857143,106441449
5416,tricount,8,40000,100,1.0,d,2,453.0,271.4107142857143,7120960
5417,kripke,8,20000,1000000,0.7,d,2,357.0,18.61651785714286,302720
5418,amg,8,4000000,1000000,0.5,d,0,362.125,43.19575892857143,106441449
5419,quicksilver,8,20000,100000,0.3,d,1,299.0,137.37944196428572,762710
5420,fiesta,8,40000,0,0.5,d,2,353.1674107142857,57.85803571428572,645120
5421,lammps,8,2000000,1000,0.7,d,0,362.0,27.159375,457408
5422,quicksilver,8,2000,10000,0.1,d,2,293.0,132.04779017857143,762710
5423,minife,8,40000,0,0.3,d,1,424.0,41.653348214285714,6788000
5424,minife,8,4000000,1000000,0.7,d,1,407.0,43.464508928571426,6788000
5425,tricount,8,4000000,1000000,0.1,d,2,580.0,406.0267857142857,7120960
5426,minivite,8,2000,10000,1.0,d,1,386.92410714285717,64.79285714285714,24089720
5427,beatnik,8,2000000,1000,0.7,d,0,552.8415178571429,260.97544642857144,19996182
5428,laghos,8,4000,100000,0.1,d,3,363.0,89.24419642857143,801311390
5429,tricount,8,4000,10000,0.1,d,2,403.0,228.67410714285714,7120960
5430,quicksilver,8,4000000,100000,0.1,d,0,304.0,141.9321205357143,762710
5431,quicksilver,8,200000,100,0.5,d,0,301.6138392857143,139.68174107142858,762710
5432,fiesta,8,4000000,1000000,0.5,d,3,364.60714285714283,84.79174107142856,645120
5433,fiesta,8,2000000,0,0.1,d,2,366.4799107142857,90.0277455357143,645120
5434,amg,8,400000,100000,0.5,d,3,357.0,37.63973214285714,106441449
5435,lammps,8,2000,1000000,0.5,d,2,352.0,16.805223214285714,457408
5436,tricount,8,200000,0,1.0,d,2,511.0,334.7232142857143,7120960
5437,quicksilver,8,2000,1000,0.5,d,3,298.0,136.0332142857143,762710
5438,quicksilver,8,2000000,100000,0.1,d,0,300.76785714285717,138.52689732142855,762710
5439,minivite,8,20000,100,0.7,d,3,429.0,84.45870535714286,24089720
5440,minivite,8,4000000,100000,0.7,d,3,420.0,103.90379464285714,24089720
5441,kripke,8,2000000,10000,0.1,d,2,361.0,23.317410714285717,302720
5442,minivite,8,400000,100000,0.1,d,3,410.0,90.45491071428572,24089720
5443,fiesta,8,2000,0,0.3,d,2,352.8325892857143,54.54665178571429,645120
5444,laghos,8,2000000,100,0.1,d,2,571.0,299.0424107142857,801311390
5445,fiesta,8,20000,100,0.1,d,2,355.78794642857144,56.63928571428572,645120
5446,kripke,8,200000,1000000,0.5,d,0,355.0,18.89642857142857,302720
5447,minivite,8,4000,1000000,0.7,d,1,377.0,56.041294642857146,24089720
5448,beatnik,8,400000,10000,0.5,d,1,775.1205357142857,491.19642857142856,19996182
5449,minife,8,4000000,10000,0.7,d,3,405.0,43.78169642857142,6788000
5450,laghos,8,400000,100,0.1,d,3,512.0,240.91071428571428,801311390
5451,amg,8,20000,1000000,0.5,d,2,345.0,15.598214285714286,106441449
5452,beatnik,8,400000,10000,0.7,d,0,613.0959821428571,324.71651785714283,19996182
5453,minife,8,40000,1000,0.5,d,1,391.0,22.08125,6788000
5454,lammps,8,40000,10000,0.5,d,2,349.0,14.16267857142857,457408
5455,amg,8,2000,1000000,1.0,d,2,343.0,13.386160714285714,106441449
5456,fiesta,8,400000,100,0.1,d,2,363.95089285714283,94.13526785714285,645120
5457,tricount,8,40000,10000,0.1,d,3,441.0,267.0267857142857,7120960
5458,amg,8,4000,0,0.7,d,1,342.0,13.02377232142857,106441449
5459,minivite,8,20000,100000,0.7,d,3,376.0,56.21986607142857,24089720
5460,amg,8,4000000,1000,0.5,d,1,357.0,38.99977678571429,106441449
5461,laghos,8,4000000,10000,0.1,d,2,605.0,333.0424107142857,801311390
5462,minivite,8,200000,100000,1.0,d,0,406.0,86.63258928571427,24089720
5463,minivite,8,200000,1000000,0.3,d,0,392.0,74.2486607142857,24089720
5464,amg,8,2000000,1000,0.3,d,2,357.0,37.178125,106441449
5465,fiesta,8,40000,100000,0.1,d,3,360.6674107142857,63.234375,645120
5466,lammps,8,4000,100000,0.1,d,2,357.0,16.94814732142857,457408
5467,amg,8,20000,10000,0.1,d,3,356.0,28.06167410714286,106441449
5468,kripke,8,20000,100,1.0,d,2,355.0,18.24955357142857,302720
5469,amg,8,20000,10000,0.7,d,1,379.0,42.879910714285714,106441449
5470,quicksilver,8,40000,100000,0.1,d,3,300.03348214285717,138.67515625000001,762710
5471,fiesta,8,4000,0,0.5,d,2,352.5892857142857,59.40491071428572,645120
5472,laghos,8,4000,100000,0.7,d,0,332.0,57.60267857142857,801311390
5473,minife,8,200000,1000,0.3,d,3,409.0,46.330357142857146,6788000
5474,amg,8,40000,100,0.3,d,3,348.0,21.722544642857144,106441449
5475,laghos,8,200000,1000,1.0,d,1,557.0,283.46651785714283,801311390
5476,amg,8,200000,1000000,1.0,d,0,350.0,28.592633928571427,106441449
5477,amg,8,40000,10000,0.5,d,0,349.0,23.80602678571429,106441449
5478,fiesta,8,40000,100,0.5,d,2,356.67410714285717,61.48348214285714,645120
5479,kripke,8,2000000,1000000,0.7,d,1,359.0,22.7,302720
5480,kripke,8,200000,1000,0.3,d,3,358.0,20.593526785714285,302720
5481,minivite,8,4000,1000000,0.7,d,2,376.0,58.25825892857143,24089720
5482,fiesta,8,20000,10000,0.7,d,1,380.2544642857143,101.34129464285714,645120
5483,lammps,8,20000,100000,0.1,d,2,356.0,16.367232142857144,457408
5484,laghos,8,2000000,1000000,0.5,d,1,520.0,244.35714285714286,801311390
5485,laghos,8,40000,100,0.1,d,1,497.0,224.64285714285714,801311390
5486,tricount,8,2000000,10000,0.1,d,3,517.0,342.56473214285717,7120960
5487,kripke,8,4000000,1000,1.0,d,1,359.0,21.02834821428571,302720
5488,beatnik,8,400000,100,0.1,d,3,521.0178571428571,221.86607142857142,19996182
5489,fiesta,8,40000,0,1.0,d,1,356.0424107142857,58.25513392857143,645120
5490,tricount,8,2000,1000,0.7,d,1,461.0,287.1986607142857,7120960
5491,quicksilver,8,4000,10000,0.5,d,2,291.0,130.16832589285715,762710
5492,fiesta,8,20000,1000,1.0,d,2,355.6049107142857,56.26294642857143,645120
5493,kripke,8,400000,1000,0.3,d,1,357.0,20.71808035714286,302720
5494,quicksilver,8,200000,1000,0.5,d,2,301.5736607142857,139.67966517857144,762710
5495,minife,8,200000,100000,0.7,d,2,413.0,45.5607142857143,6788000
5496,lammps,8,20000,100,0.7,d,2,366.0,23.497812500000002,457408
5497,quicksilver,8,20000,100,0.1,d,0,293.0,132.20609375,762710
5498,kripke,8,4000000,100000,0.1,d,3,358.0,20.79263392857143,302720
5499,minife,8,400000,1000000,0.3,d,2,391.0,22.487276785714283,6788000
5500,laghos,8,2000000,1000,0.7,d,1,632.0,356.43080357142856,801311390
5501,lammps,8,4000,0,0.1,d,3,356.0,19.670245535714287,457408
5502,quicksilver,8,2000,0,0.7,d,0,292.0,130.99640625,762710
5503,fiesta,8,2000,100,0.1,d,1,356.43973214285717,59.511160714285715,645120
5504,amg,8,20000,1000,0.7,d,3,350.0,22.350446428571427,106441449
5505,minivite,8,2000,100,0.5,d,1,379.0,58.46116071428571,24089720
5506,beatnik,8,4000,1000,0.5,d,1,430.0,133.30580357142858,19996182
5507,laghos,8,400000,10000,0.5,d,0,687.0133928571429,416.9017857142857,801311390
5508,minivite,8,2000,100,0.5,d,0,378.0,57.50379464285714,24089720
5509,beatnik,8,4000000,0,1.0,d,2,664.015625,372.78125,19996182
5510,beatnik,8,200000,1000,0.1,d,1,496.00223214285717,199.94196428571428,19996182
5511,tricount,8,2000,1000000,0.3,d,0,423.0,249.11160714285714,7120960
5512,minife,8,400000,100000,1.0,d,0,409.0,45.847991071428574,6788000
5513,tricount,8,2000000,0,0.5,d,3,550.0,376.4107142857143,7120960
5514,kripke,8,2000000,100000,0.3,d,3,359.0,21.493303571428573,302720
5515,beatnik,8,4000,100000,0.1,d,2,404.0,110.05133928571429,19996182
5516,beatnik,8,400000,1000000,0.7,d,1,443.0,147.00223214285714,19996182
5517,tricount,8,4000000,100000,0.3,d,1,551.0,376.31919642857144,7120960
5518,fiesta,8,40000,1000000,0.7,d,0,353.02901785714283,55.66607142857142,645120
5519,kripke,8,400000,1000,0.5,d,3,360.0,22.807589285714283,302720
5520,kripke,8,4000000,1000000,0.5,d,1,357.0,20.212500000000002,302720
5521,amg,8,200000,100000,1.0,d,2,367.0,45.354241071428575,106441449
5522,minivite,8,2000000,100000,0.5,d,0,413.0,93.98035714285713,24089720
5523,beatnik,8,4000000,1000000,0.1,d,2,506.6607142857143,208.703125,19996182
5524,quicksilver,8,2000000,10000,0.7,d,1,298.91517857142856,137.04622767857143,762710
5525,laghos,8,4000,0,0.3,d,0,397.0,124.05133928571429,801311390
5526,amg,8,2000,100000,1.0,d,1,345.0,15.755312499999999,106441449
5527,beatnik,8,4000,1000000,0.3,d,1,414.99776785714283,120.59598214285714,19996182
5528,laghos,8,40000,100,0.3,d,2,485.0,213.21651785714286,801311390
5529,beatnik,8,400000,0,1.0,d,2,598.4598214285714,310.0267857142857,19996182
5530,minife,8,20000,0,1.0,d,2,392.0,20.114062499999996,6788000
5531,beatnik,8,400000,1000000,0.1,d,2,422.0,126.32366071428571,19996182
5532,minivite,8,20000,1000,1.0,d,2,379.0,59.0546875,24089720
5533,lammps,8,2000000,100,0.5,d,3,364.0,31.990848214285712,457408
5534,amg,8,2000,1000,1.0,d,2,347.0,18.822544642857142,106441449
5535,minivite,8,4000,0,0.3,d,3,379.0,59.637499999999996,24089720
5536,beatnik,8,4000,10000,1.0,d,3,417.93080357142856,123.41294642857143,19996182
5537,laghos,8,4000000,1000,0.5,d,1,551.0,278.57142857142856,801311390
5538,tricount,8,4000,100,1.0,d,2,396.0,221.81473214285714,7120960
5539,fiesta,8,40000,10000,0.3,d,3,381.0892857142857,108.69508928571429,645120
5540,minivite,8,400000,100,0.1,d,0,409.0,88.69620535714284,24089720
5541,amg,8,20000,0,0.5,d,3,345.0,16.702901785714285,106441449
5542,fiesta,8,2000000,10000,0.7,d,1,354.0044642857143,58.418973214285714,645120
5543,tricount,8,400000,1000000,0.5,d,2,570.0,396.47767857142856,7120960
5544,minivite,8,2000000,1000000,0.3,d,2,404.0,87.09933035714286,24089720
5545,kripke,8,400000,1000,0.1,d,2,357.0,20.95580357142857,302720
5546,quicksilver,8,40000,0,0.3,d,0,291.0,129.60477678571428,762710
5547,kripke,8,400000,1000000,0.1,d,3,355.0,18.498214285714287,302720
5548,laghos,8,200000,0,0.5,d,3,659.0,381.7544642857143,801311390
5549,fiesta,8,4000,100,0.3,d,1,352.5044642857143,57.12790178571429,645120
5550,amg,8,4000000,100000,0.5,d,1,365.0,47.99129464285714,106441449
5551,kripke,8,4000,100000,0.5,d,1,354.0,17.030357142857145,302720
5552,kripke,8,4000,10000,0.7,d,1,355.0,18.0859375,302720
5553,kripke,8,4000,0,1.0,d,3,355.0,18.016741071428573,302720
5554,lammps,8,4000000,0,1.0,d,0,359.0,23.035267857142856,457408
5555,quicksilver,8,20000,1000,1.0,d,3,311.0,142.71758928571427,762710
5556,laghos,8,200000,1000,0.5,d,2,593.0,320.40401785714283,801311390
5557,quicksilver,8,4000,1000000,0.1,d,1,293.0,131.87080357142858,762710
5558,beatnik,8,4000000,1000000,0.5,d,3,466.58035714285717,177.93973214285714,19996182
5559,quicksilver,8,2000000,100000,0.5,d,2,299.0,137.5700892857143,762710
5560,laghos,8,200000,1000,0.5,d,1,641.0,370.40625,801311390
5561,tricount,8,4000000,10000,0.1,d,0,520.0,346.359375,7120960
5562,minife,8,40000,100,1.0,d,0,392.0,21.055580357142862,6788000
5563,quicksilver,8,20000,1000000,1.0,d,0,305.0,143.28125,762710
5564,amg,8,40000,10000,0.1,d,0,365.0,32.369866071428575,106441449
5565,laghos,8,20000,10000,0.3,d,2,405.0,131.91741071428572,801311390
5566,kripke,8,200000,100,0.3,d,0,357.0,20.040178571428573,302720
5567,beatnik,8,200000,1000000,0.3,d,1,406.0,111.43080357142857,19996182
5568,lammps,8,20000,100000,0.3,d,3,357.0,20.668995535714284,457408
5569,laghos,8,2000,1000,0.5,d,2,368.0,94.35468749999998,801311390
5570,minife,8,4000,1000,1.0,d,0,388.0,14.61220982142857,6788000
5571,fiesta,8,4000,100,0.1,d,3,355.96205357142856,56.46785714285714,645120
5572,fiesta,8,400000,100000,1.0,d,0,362.66294642857144,84.06982142857143,645120
5573,minife,8,2000,100000,0.3,d,1,385.0,12.967477678571429,6788000
5574,beatnik,8,2000000,1000000,0.5,d,3,463.00223214285717,168.390625,19996182
5575,amg,8,200000,100000,0.7,d,2,354.0,36.049107142857146,106441449
5576,amg,8,4000,100000,0.5,d,2,344.0,14.98669642857143,106441449
5577,minivite,8,2000000,1000000,0.1,d,2,394.0,74.31071428571428,24089720
5578,tricount,8,400000,1000,0.7,d,0,633.0,459.4017857142857,7120960
5579,minife,8,2000000,10000,0.1,d,2,420.0,54.676562499999996,6788000
5580,amg,8,4000000,100000,0.3,d,0,356.0,36.56138392857143,106441449
5581,minife,8,400000,0,0.7,d,1,409.0,46.26674107142857,6788000
5582,minife,8,200000,0,0.1,d,2,405.02455357142856,39.739062499999996,6788000
5583,tricount,8,4000,100000,0.3,d,1,433.0,259.3125,7120960
5584,lammps,8,4000000,1000000,0.7,d,1,359.0,23.00066964285714,457408
5585,minife,8,2000000,10000,0.5,d,2,405.0,42.39129464285714,6788000
5586,kripke,8,400000,0,1.0,d,2,358.0,21.356473214285717,302720
5587,minivite,8,400000,10000,0.3,d,2,406.0,86.40334821428571,24089720
5588,quicksilver,8,4000000,10000,0.3,d,3,291.0,129.92935267857143,762710
5589,beatnik,8,40000,100000,1.0,d,1,447.3169642857143,146.37723214285714,19996182
5590,minife,8,20000,10000,0.1,d,3,406.0,25.272321428571427,6788000
5591,tricount,8,4000000,1000,0.3,d,2,730.0,557.1495535714286,7120960
5592,amg,8,4000000,0,0.1,d,2,357.0,37.78883928571429,106441449
5593,amg,8,2000000,100,0.1,d,3,354.0,33.387946428571425,106441449
5594,minife,8,20000,100000,1.0,d,3,389.0,15.73933035714286,6788000
5595,quicksilver,8,2000000,0,0.1,d,3,294.0,133.24799107142857,762710
5596,minivite,8,4000000,0,0.3,d,3,398.0,76.48236607142859,24089720
5597,beatnik,8,200000,1000000,0.7,d,2,455.99776785714283,162.87276785714286,19996182
5598,minife,8,200000,0,0.3,d,2,412.125,45.68102678571429,6788000
5599,amg,8,20000,1000,0.3,d,1,347.0,19.033482142857142,106441449
5600,minivite,8,2000,0,0.7,d,1,381.0,61.95334821428571,24089720
5601,minife,8,400000,1000000,0.5,d,3,398.0,29.533258928571428,6788000
5602,beatnik,8,2000,10000,0.1,d,0,407.0,112.88839285714286,19996182
5603,beatnik,8,20000,10000,0.3,d,3,415.1205357142857,118.51785714285714,19996182
5604,fiesta,8,40000,1000000,0.5,d,2,352.97544642857144,56.839062500000004,645120
5605,laghos,8,4000,100,0.5,d,3,389.0,115.77232142857143,801311390
5606,kripke,8,200000,0,0.3,d,2,356.0,19.747767857142858,302720
5607,lammps,8,2000,10000,0.5,d,3,354.0,19.42263392857143,457408
5608,minivite,8,4000000,1000000,0.7,d,2,416.0,99.48459821428571,24089720
5609,lammps,8,4000,1000,1.0,d,1,347.0,13.962321428571428,457408
5610,minivite,8,4000,100000,0.1,d,0,380.0,59.83214285714286,24089720
5611,beatnik,8,2000,100,1.0,d,0,403.9955357142857,107.36696428571429,19996182
5612,fiesta,8,20000,10000,0.1,d,2,357.36607142857144,54.73303571428572,645120
5613,fiesta,8,200000,10000,0.5,d,3,365.0513392857143,89.36986607142856,645120
5614,quicksilver,8,400000,10000,0.3,d,2,301.9955357142857,139.78486607142855,762710
5615,minivite,8,4000,1000,1.0,d,0,411.0,83.53750000000001,24089720
5616,minivite,8,200000,1000000,0.7,d,1,391.0,73.55401785714285,24089720
5617,beatnik,8,4000000,100000,1.0,d,2,668.5647321428571,376.203125,19996182
5618,fiesta,8,2000,1000000,0.3,d,3,352.546875,55.2515625,645120
5619,lammps,8,200000,100,0.7,d,0,360.0,28.826339285714287,457408
5620,fiesta,8,40000,0,1.0,d,3,402.43080357142856,133.29754464285716,645120
5621,tricount,8,4000,1000,0.7,d,2,410.0,236.26116071428572,7120960
5622,beatnik,8,40000,100,0.7,d,3,458.93080357142856,160.82589285714286,19996182
5623,quicksilver,8,200000,0,1.0,d,2,302.0,140.5222544642857,762710
5624,minife,8,2000,0,1.0,d,1,391.0,15.994241071428572,6788000
5625,lammps,8,4000,1000000,0.1,d,1,356.0,18.65558035714286,457408
5626,tricount,8,4000000,100,0.7,d,2,544.0,369.26785714285717,7120960
5627,amg,8,4000,10000,0.7,d,1,351.0,20.531138392857144,106441449
5628,tricount,8,2000,0,0.7,d,0,415.0,241.109375,7120960
5629,amg,8,2000000,10000,1.0,d,2,359.0,40.911160714285714,106441449
5630,minife,8,40000,100000,0.7,d,0,414.0,35.33504464285714,6788000
5631,tricount,8,2000,1000000,1.0,d,3,423.0,248.61830357142858,7120960
5632,quicksilver,8,200000,10000,0.1,d,1,294.01339285714283,133.53401785714286,762710
5633,fiesta,8,20000,100000,0.3,d,3,359.7700892857143,68.24383928571429,645120
5634,kripke,8,40000,100,0.7,d,2,382.0,29.71049107142857,302720
5635,amg,8,200000,100000,0.3,d,3,349.0,29.246651785714285,106441449
5636,laghos,8,4000,0,0.1,d,0,469.0,196.48883928571428,801311390
5637,lammps,8,400000,1000000,0.7,d,2,364.0,26.903348214285717,457408
5638,laghos,8,200000,1000000,1.0,d,1,460.0111607142857,187.16071428571428,801311390
5639,kripke,8,2000000,1000000,0.5,d,2,358.0,20.442633928571432,302720
5640,beatnik,8,400000,1000,0.7,d,0,738.7790178571429,453.703125,19996182
5641,beatnik,8,40000,100,1.0,d,1,490.96651785714283,188.70758928571428,19996182
5642,kripke,8,20000,100000,0.5,d,1,368.0,30.04330357142857,302720
5643,kripke,8,2000000,0,0.1,d,3,360.0,22.801785714285717,302720
5644,minivite,8,2000000,1000,0.3,d,1,417.0,101.71138392857142,24089720
5645,kripke,8,20000,10000,1.0,d,3,381.0,29.698437500000004,302720
5646,tricount,8,40000,100000,0.1,d,2,438.0,263.42410714285717,7120960
5647,amg,8,40000,0,1.0,d,0,393.0,59.60022321428572,106441449
5648,fiesta,8,4000000,0,0.7,d,1,353.3125,60.12767857142857,645120
5649,lammps,8,2000,1000000,0.7,d,1,353.0,16.388058035714284,457408
5650,laghos,8,40000,1000000,0.5,d,1,424.0,149.20982142857142,801311390
5651,beatnik,8,2000000,100,0.3,d,2,524.1763392857143,231.33928571428572,19996182
5652,fiesta,8,200000,1000000,0.3,d,1,353.23214285714283,56.32053571428571,645120
5653,beatnik,8,400000,100,1.0,d,3,551.2589285714286,255.66964285714286,19996182
5654,beatnik,8,40000,100000,0.1,d,0,416.2142857142857,121.16071428571429,19996182
5655,minivite,8,400000,1000,0.3,d,3,405.0,86.45290178571429,24089720
5656,beatnik,8,40000,1000,0.5,d,2,470.25892857142856,174.45758928571428,19996182
5657,fiesta,8,40000,1000,0.1,d,2,356.65625,57.53370535714286,645120
5658,kripke,8,4000,100,0.1,d,2,355.0,17.928348214285716,302720
5659,quicksilver,8,400000,100000,0.7,d,3,305.0,143.00566964285716,762710
5660,amg,8,40000,1000000,0.5,d,1,352.0,22.712276785714288,106441449
5661,fiesta,8,2000000,1000000,0.1,d,2,356.578125,57.727008928571436,645120
5662,beatnik,8,40000,0,0.5,d,1,531.2991071428571,244.546875,19996182
5663,minivite,8,40000,100,0.3,d,3,430.0,87.80267857142859,24089720
5664,lammps,8,20000,1000,1.0,d,1,354.0,16.91296875,457408
5665,minife,8,200000,100,0.5,d,2,403.0,38.855580357142856,6788000
5666,amg,8,4000000,1000,0.5,d,3,360.19642857142856,42.333258928571425,106441449
5667,kripke,8,400000,1000000,0.5,d,0,355.0,18.677678571428572,302720
5668,fiesta,8,400000,1000,0.7,d,3,354.0982142857143,65.68616071428572,645120
5669,minife,8,4000000,0,0.7,d,1,407.0,40.49062499999999,6788000
5670,kripke,8,200000,1000,0.1,d,1,357.0,20.183705357142856,302720
5671,minife,8,2000,1000,0.3,d,2,388.0,14.76578125,6788000
5672,minife,8,4000000,100000,0.1,d,0,417.0,51.754687499999996,6788000
5673,kripke,8,2000000,0,1.0,d,2,360.0,23.155133928571427,302720
5674,kripke,8,4000000,1000,0.1,d,3,357.0,20.232812499999998,302720
5675,minife,8,2000,100000,0.1,d,1,388.00223214285717,14.210736607142858,6788000
5676,laghos,8,400000,1000000,0.7,d,1,560.0,283.34375,801311390
5677,minivite,8,400000,0,0.7,d,2,412.0,90.89151785714286,24089720
5678,fiesta,8,200000,10000,0.5,d,0,356.24107142857144,62.395089285714285,645120
5679,fiesta,8,200000,10000,1.0,d,0,364.34375,84.88314732142858,645120
5680,amg,8,20000,100,1.0,d,0,347.0,19.132589285714285,106441449
5681,minife,8,4000000,1000,0.1,d,3,402.0,36.11875,6788000
5682,amg,8,20000,1000,1.0,d,1,388.0,51.93638392857143,106441449
5683,fiesta,8,20000,0,0.5,d,1,387.52455357142856,109.13296875000002,645120
5684,minife,8,4000000,100,0.3,d,2,406.0,42.791964285714286,6788000
5685,quicksilver,8,4000,100000,1.0,d,0,299.0,137.2481919642857,762710
5686,laghos,8,4000000,10000,1.0,d,1,568.0,296.625,801311390
5687,tricount,8,200000,1000000,0.3,d,3,431.0,257.125,7120960
5688,amg,8,4000000,1000,1.0,d,1,358.0,39.38169642857143,106441449
5689,quicksilver,8,400000,0,0.3,d,1,294.09375,133.23359374999998,762710
5690,quicksilver,8,4000000,10000,0.1,d,1,290.0,128.98046875,762710
5691,lammps,8,40000,1000,0.5,d,3,354.0,18.27995535714286,457408
5692,beatnik,8,400000,100,0.3,d,0,698.515625,415.05357142857144,19996182
5693,minife,8,200000,100,1.0,d,3,412.0,45.325892857142854,6788000
5694,fiesta,8,20000,100,0.1,d,1,388.69419642857144,122.75031249999999,645120
5695,minife,8,400000,100,0.1,d,3,402.0,34.965401785714285,6788000
5696,laghos,8,20000,1000000,0.3,d,3,382.0,106.55446428571429,801311390
5697,kripke,8,400000,10000,1.0,d,2,359.0,21.974107142857143,302720
5698,fiesta,8,2000000,0,0.3,d,1,363.45089285714283,87.01718749999999,645120
5699,minife,8,4000000,0,0.1,d,1,426.0,58.60022321428572,6788000
5700,laghos,8,4000000,10000,0.3,d,2,550.8504464285714,279.1607142857143,801311390
5701,laghos,8,2000000,10000,1.0,d,3,623.0,352.1919642857143,801311390
5702,fiesta,8,2000000,100,0.3,d,1,359.70535714285717,88.65022321428572,645120
5703,fiesta,8,4000,10000,1.0,d,1,355.77232142857144,55.265625,645120
5704,tricount,8,2000000,10000,0.3,d,0,526.0,353.0111607142857,7120960
5705,tricount,8,4000000,10000,0.1,d,2,549.0,374.89732142857144,7120960
5706,tricount,8,4000000,1000000,0.3,d,2,492.0,318.9642857142857,7120960
5707,kripke,8,4000,0,0.5,d,3,353.0,16.665178571428573,302720
5708,amg,8,4000,100,0.3,d,0,358.0,25.15580357142857,106441449
5709,beatnik,8,40000,100000,0.5,d,2,468.98660714285717,175.78571428571428,19996182
5710,minife,8,2000000,1000000,0.7,d,1,401.0,35.559821428571425,6788000
5711,laghos,8,2000000,1000,0.5,d,3,610.0,336.2299107142857,801311390
5712,minivite,8,2000000,100000,0.7,d,1,418.0,98.99486607142856,24089720
5713,minife,8,4000000,100000,1.0,d,3,424.0,59.6265625,6788000
5714,quicksilver,8,2000000,100,1.0,d,2,293.0,132.24261160714286,762710
5715,amg,8,20000,1000,1.0,d,2,346.0,18.43392857142857,106441449
5716,amg,8,4000000,0,0.7,d,0,358.0,42.19776785714286,106441449
5717,quicksilver,8,4000000,1000000,0.1,d,3,293.0,132.1691517857143,762710
5718,tricount,8,40000,100000,0.5,d,3,437.0,262.11830357142856,7120960
5719,amg,8,200000,10000,0.1,d,0,351.0,31.359151785714285,106441449
5720,amg,8,2000000,0,1.0,d,2,354.0,37.557812500000004,106441449
5721,laghos,8,200000,0,0.5,d,2,633.0,355.38169642857144,801311390
5722,quicksilver,8,4000,1000000,0.1,d,3,290.6294642857143,129.59129464285712,762710
5723,tricount,8,2000,1000000,0.1,d,3,457.0,282.42410714285717,7120960
5724,laghos,8,4000000,10000,1.0,d,3,605.0,333.6607142857143,801311390
5725,quicksilver,8,20000,1000,1.0,d,2,291.3861607142857,130.52888392857145,762710
5726,fiesta,8,2000000,10000,0.3,d,1,370.99107142857144,79.99888392857143,645120
5727,amg,8,400000,0,0.3,d,3,361.0,44.16316964285714,106441449
5728,minivite,8,40000,1000,0.3,d,2,431.0,90.76294642857144,24089720
5729,lammps,8,2000,1000,0.7,d,3,368.0,31.145535714285717,457408
5730,quicksilver,8,4000,1000,1.0,d,0,303.0,139.11200892857144,762710
5731,kripke,8,40000,100000,0.3,d,3,366.0,22.84955357142857,302720
5732,tricount,8,2000000,0,0.3,d,3,607.0,433.88839285714283,7120960
5733,amg,8,2000,0,0.3,d,2,341.0,11.904620535714287,106441449
5734,minivite,8,400000,1000000,0.5,d,2,389.0,71.82946428571428,24089720
5735,quicksilver,8,200000,100,0.3,d,2,292.0,130.82941964285712,762710
5736,minivite,8,2000000,100,0.7,d,2,413.0,93.13035714285715,24089720
5737,kripke,8,200000,100,0.7,d,3,358.0,21.377455357142853,302720
5738,lammps,8,200000,1000000,0.3,d,0,360.0,23.793839285714288,457408
5739,lammps,8,4000,0,0.7,d,0,354.0,17.008214285714285,457408
5740,minivite,8,4000,100,1.0,d,3,395.0,75.04419642857142,24089720
5741,minivite,8,2000000,0,0.1,d,0,423.0,99.75245535714286,24089720
5742,minife,8,400000,1000,0.3,d,2,409.0,48.81785714285714,6788000
5743,tricount,8,4000000,0,1.0,d,3,581.0,405.7142857142857,7120960
5744,beatnik,8,40000,0,1.0,d,2,468.36830357142856,176.59598214285714,19996182
5745,minife,8,2000000,0,0.5,d,0,406.0,37.840624999999996,6788000
5746,laghos,8,4000,100,1.0,d,3,370.0,96.62611607142857,801311390
5747,kripke,8,200000,1000000,0.5,d,3,354.0,17.595982142857142,302720
5748,kripke,8,20000,100,0.3,d,0,379.0,28.56205357142857,302720
5749,laghos,8,400000,1000,0.3,d,2,577.0,304.6607142857143,801311390
5750,laghos,8,40000,1000000,0.7,d,1,396.0,119.60044642857143,801311390
5751,fiesta,8,2000000,0,0.1,d,0,356.9330357142857,59.0625,645120
5752,kripke,8,4000000,100,0.1,d,3,359.0,21.50736607142857,302720
5753,fiesta,8,2000,1000000,0.5,d,3,352.91517857142856,54.160714285714285,645120
5754,amg,8,2000,0,0.1,d,0,360.0,27.82790178571429,106441449
5755,kripke,8,4000,10000,0.1,d,0,359.0,20.11986607142857,302720
5756,tricount,8,40000,0,0.1,d,3,436.0,261.9107142857143,7120960
5757,lammps,8,2000,10000,0.5,d,2,355.0,21.136093750000004,457408
5758,laghos,8,20000,1000000,0.1,d,1,377.0,102.85200892857142,801311390
5759,lammps,8,40000,1000,0.5,d,1,364.0,21.456227678571427,457408
5760,laghos,8,4000000,100,0.5,d,3,571.0,299.9419642857143,801311390
5761,amg,8,2000,1000,0.7,d,3,353.125,24.896473214285717,106441449
5762,amg,8,4000,1000,0.1,d,0,364.0,27.98359375,106441449
5763,tricount,8,20000,100000,1.0,d,1,447.0,270.63392857142856,7120960
5764,tricount,8,2000,1000000,0.1,d,2,430.0,256.13392857142856,7120960
5765,kripke,8,4000000,100000,0.5,d,1,360.0,22.795982142857138,302720
5766,quicksilver,8,4000000,1000,0.1,d,3,303.0,141.60991071428572,762710
5767,minife,8,20000,0,0.5,d,3,425.0,38.69620535714286,6788000
5768,fiesta,8,2000000,100,0.5,d,1,353.34598214285717,58.544866071428565,645120
5769,minivite,8,4000,0,0.1,d,1,414.0,75.88861607142859,24089720
5770,amg,8,2000000,10000,0.3,d,0,354.0,37.447321428571435,106441449
5771,laghos,8,200000,100,0.1,d,1,559.0,285.7857142857143,801311390
5772,amg,8,200000,1000000,0.3,d,3,345.0,19.834374999999998,106441449
5773,lammps,8,4000,1000000,0.1,d,2,358.0,20.430714285714284,457408
5774,laghos,8,2000000,10000,0.7,d,0,609.0,333.31473214285717,801311390
5775,lammps,8,2000,1000000,0.7,d,2,360.0,18.423839285714287,457408
5776,fiesta,8,400000,10000,0.1,d,2,357.3861607142857,61.1953125,645120
5777,minife,8,200000,10000,1.0,d,3,402.0,35.2796875,6788000
5778,minivite,8,2000,10000,1.0,d,2,374.0,54.63973214285715,24089720
5779,kripke,8,4000000,100000,0.7,d,0,359.0,21.633035714285715,302720
5780,beatnik,8,4000000,0,0.5,d,1,551.0,260.73214285714283,19996182
5781,quicksilver,8,20000,0,0.7,d,0,308.0,139.90995535714288,762710
5782,lammps,8,40000,1000000,1.0,d,1,352.0,14.378549107142858,457408
5783,quicksilver,8,200000,100000,0.7,d,0,290.0,128.81962053571428,762710
5784,laghos,8,20000,100,0.7,d,1,451.0,178.30133928571428,801311390
5785,fiesta,8,4000,0,0.7,d,0,353.18973214285717,60.073660714285715,645120
5786,laghos,8,2000000,1000,0.5,d,0,606.0,332.45535714285717,801311390
5787,quicksilver,8,40000,100000,0.7,d,2,293.06919642857144,132.20263392857143,762710
5788,minife,8,2000000,1000000,0.5,d,1,401.0,33.871874999999996,6788000
5789,beatnik,8,2000000,10000,0.1,d,2,518.1763392857143,222.63169642857142,19996182
5790,kripke,8,200000,1000000,0.1,d,1,355.0,18.059151785714285,302720
5791,quicksilver,8,4000,100,0.3,d,1,291.0,130.0388169642857,762710
5792,amg,8,2000000,100,0.3,d,1,364.0,45.384821428571435,106441449
5793,minivite,8,20000,100,0.1,d,1,447.0,99.86874999999999,24089720
5794,beatnik,8,4000,100000,0.7,d,0,430.61607142857144,138.63616071428572,19996182
5795,minivite,8,2000,0,1.0,d,2,381.0,60.612500000000004,24089720
5796,kripke,8,2000000,0,0.7,d,3,359.0,21.760937500000004,302720
5797,minivite,8,400000,1000,1.0,d,1,430.0,106.88906250000001,24089720
5798,beatnik,8,4000000,0,0.3,d,2,614.5267857142857,328.10714285714283,19996182
5799,minivite,8,4000,100000,0.7,d,0,373.0,52.64241071428571,24089720
5800,lammps,8,2000,100000,0.1,d,2,350.0,13.389151785714287,457408
5801,lammps,8,4000000,1000,0.5,d,3,385.0,49.340401785714285,457408
5802,minife,8,200000,0,1.0,d,1,412.0,46.099330357142854,6788000
5803,beatnik,8,2000,1000000,0.3,d,0,398.0,105.71473214285713,19996182
5804,laghos,8,20000,0,0.5,d,3,504.0,224.04017857142858,801311390
5805,beatnik,8,4000000,1000000,0.7,d,3,486.99107142857144,191.63169642857142,19996182
5806,lammps,8,40000,100000,0.7,d,3,350.0,15.21825892857143,457408
5807,laghos,8,2000000,10000,0.5,d,2,589.0,315.09598214285717,801311390
5808,beatnik,8,2000,1000000,0.5,d,2,400.0,106.13459821428572,19996182
5809,beatnik,8,2000000,100000,0.7,d,2,539.9375,249.43973214285714,19996182
5810,kripke,8,2000,1000000,0.7,d,1,355.0,17.83638392857143,302720
5811,quicksilver,8,2000000,10000,0.3,d,0,294.0,132.77553571428572,762710
5812,laghos,8,400000,10000,0.7,d,1,584.0,311.4419642857143,801311390
5813,beatnik,8,4000,100000,0.3,d,0,419.0,125.11160714285714,19996182
5814,kripke,8,400000,100,0.3,d,3,358.0,21.39799107142857,302720
5815,kripke,8,400000,100,0.1,d,0,359.0,21.763839285714287,302720
5816,minife,8,200000,1000,0.3,d,0,403.0,35.10267857142857,6788000
5817,fiesta,8,4000,1000,0.5,d,1,352.9955357142857,57.23816964285714,645120
5818,tricount,8,20000,1000000,0.7,d,3,406.0,231.36160714285714,7120960
5819,amg,8,2000000,100,1.0,d,1,357.0,40.58571428571429,106441449
5820,beatnik,8,2000,100000,0.1,d,2,412.96205357142856,118.42633928571429,19996182
5821,minivite,8,20000,10000,0.3,d,2,395.0,65.93928571428572,24089720
5822,minivite,8,400000,0,0.1,d,3,436.0,116.12946428571429,24089720
5823,minife,8,2000000,1000,0.7,d,2,403.0,35.93638392857143,6788000
5824,minivite,8,20000,1000000,1.0,d,0,378.0,57.25803571428571,24089720
5825,fiesta,8,400000,1000,1.0,d,2,357.09598214285717,60.09620535714286,645120
5826,lammps,8,2000,100,0.5,d,2,355.0,20.34924107142857,457408
5827,minivite,8,400000,10000,0.1,d,2,413.0,92.21607142857144,24089720
5828,quicksilver,8,200000,1000000,0.1,d,1,293.0,131.96051339285714,762710
5829,fiesta,8,2000000,10000,0.5,d,3,356.00223214285717,66.49888392857143,645120
5830,quicksilver,8,4000,100000,0.7,d,3,299.0,136.5481919642857,762710
5831,kripke,8,200000,100000,0.3,d,1,357.0,19.842187499999998,302720
5832,tricount,8,4000000,0,0.3,d,0,588.0,414.4330357142857,7120960
5833,amg,8,4000000,10000,0.7,d,3,356.0,38.90625,106441449
5834,fiesta,8,2000000,100000,0.7,d,1,353.36607142857144,60.409375000000004,645120
5835,beatnik,8,4000000,0,0.3,d,3,612.7142857142857,327.49330357142856,19996182
5836,fiesta,8,4000,100000,0.5,d,2,355.6450892857143,60.72566964285714,645120
5837,lammps,8,40000,10000,0.7,d,0,351.0,17.65566964285714,457408
5838,laghos,8,40000,100000,0.3,d,1,442.0,163.953125,801311390
5839,beatnik,8,2000,1000,1.0,d,3,410.08482142857144,114.83035714285714,19996182
5840,lammps,8,40000,1000,0.3,d,1,360.0,23.508035714285715,457408
5841,amg,8,4000000,1000,0.7,d,2,363.0,49.291964285714286,106441449
5842,quicksilver,8,2000,100000,0.7,d,1,292.0,131.40662946428571,762710
5843,beatnik,8,200000,1000000,1.0,d,3,474.61830357142856,178.80133928571428,19996182
5844,tricount,8,400000,10000,1.0,d,0,568.0,392.29017857142856,7120960
5845,beatnik,8,40000,1000000,1.0,d,1,431.0,132.140625,19996182
5846,laghos,8,40000,10000,0.3,d,2,472.0,198.84821428571428,801311390
5847,amg,8,4000000,10000,0.5,d,3,359.0,44.17120535714286,106441449
5848,minife,8,400000,10000,0.1,d,3,405.0,38.347098214285715,6788000
5849,quicksilver,8,4000,1000000,0.5,d,0,289.1205357142857,128.5351339285714,762710
5850,amg,8,4000000,0,1.0,d,2,361.0,46.646205357142854,106441449
5851,quicksilver,8,40000,1000,0.1,d,2,293.0,131.8095982142857,762710
5852,tricount,8,4000000,1000,0.5,d,3,619.0,445.20982142857144,7120960
5853,tricount,8,200000,0,0.5,d,0,539.0,364.984375,7120960
5854,laghos,8,2000000,0,0.3,d,0,564.0,290.11607142857144,801311390
5855,minivite,8,20000,0,0.3,d,2,394.0,74.54531250000001,24089720
5856,amg,8,20000,1000000,0.1,d,3,344.0,14.808035714285714,106441449
5857,minivite,8,4000000,100000,0.1,d,1,439.0,115.7982142857143,24089720
5858,lammps,8,4000000,100000,0.3,d,3,371.0,32.93638392857143,457408
5859,lammps,8,20000,0,0.3,d,0,353.0,16.308995535714285,457408
5860,minivite,8,200000,100,0.1,d,0,400.0,80.42544642857142,24089720
5861,tricount,8,2000,100000,1.0,d,2,452.0,277.94419642857144,7120960
5862,kripke,8,40000,10000,0.1,d,2,355.0,18.033035714285713,302720
5863,tricount,8,200000,100,1.0,d,2,505.0,328.92857142857144,7120960
5864,amg,8,2000,10000,0.1,d,1,344.0,14.531450892857142,106441449
5865,beatnik,8,2000,10000,0.3,d,1,407.18080357142856,111.04843749999999,19996182
5866,kripke,8,2000000,10000,1.0,d,2,359.0,21.461160714285715,302720
5867,tricount,8,4000,100,0.7,d,3,405.0,231.10267857142858,7120960
5868,kripke,8,400000,0,0.5,d,1,359.0,22.36651785714286,302720
5869,lammps,8,40000,10000,0.5,d,3,369.0,29.208035714285717,457408
5870,kripke,8,40000,100,0.5,d,0,355.0,18.127455357142857,302720
5871,laghos,8,2000,100,0.5,d,2,393.0,115.88125000000001,801311390
5872,laghos,8,200000,1000,1.0,d,3,592.0,320.07142857142856,801311390
5873,amg,8,20000,1000000,0.7,d,0,341.0,11.499285714285715,106441449
5874,tricount,8,4000000,0,1.0,d,2,598.0,423.4174107142857,7120960
5875,quicksilver,8,2000,1000000,0.3,d,3,298.11830357142856,137.08625,762710
5876,minife,8,2000,10000,1.0,d,2,391.0,16.00433035714286,6788000
5877,beatnik,8,4000000,100,0.3,d,1,992.9241071428571,713.46875,19996182
5878,minivite,8,2000,10000,0.3,d,0,377.0,56.85803571428572,24089720
5879,amg,8,4000000,10000,0.5,d,0,366.125,48.826116071428565,106441449
5880,beatnik,8,2000000,0,0.7,d,3,543.5736607142857,253.16964285714286,19996182
5881,minife,8,40000,10000,0.3,d,1,418.0,38.418303571428574,6788000
5882,kripke,8,20000,100,0.3,d,1,379.0,29.014732142857145,302720
5883,amg,8,2000000,1000000,0.7,d,1,360.0,39.27857142857143,106441449
5884,kripke,8,40000,1000,0.7,d,3,383.0,30.4171875,302720
5885,tricount,8,4000000,1000,0.1,d,0,530.0,356.29017857142856,7120960
5886,amg,8,400000,100000,0.5,d,0,357.0,37.703125,106441449
5887,minivite,8,40000,1000,0.1,d,0,388.0,66.8015625,24089720
5888,lammps,8,40000,10000,0.7,d,1,353.0,17.677120535714288,457408
5889,minife,8,4000,1000000,1.0,d,0,388.0,14.197767857142859,6788000
5890,laghos,8,4000,100000,1.0,d,0,360.0,85.61450892857144,801311390
5891,minife,8,20000,10000,0.5,d,2,418.0,34.449553571428574,6788000
5892,minife,8,2000000,100000,0.1,d,0,402.0,35.42566964285714,6788000
5893,tricount,8,200000,10000,0.3,d,2,473.0,298.8861607142857,7120960
5894,kripke,8,2000,1000000,0.3,d,1,354.0,17.281919642857144,302720
5895,quicksilver,8,4000,0,0.7,d,3,294.0,133.02046875,762710
5896,fiesta,8,2000,10000,0.3,d,0,352.8392857142857,54.090624999999996,645120
5897,lammps,8,200000,100000,1.0,d,3,369.0,34.830357142857146,457408
5898,beatnik,8,20000,1000,0.5,d,2,426.6361607142857,133.61383928571428,19996182
5899,amg,8,40000,100000,0.5,d,1,367.0,35.39821428571428,106441449
5900,lammps,8,200000,1000,1.0,d,3,364.0,28.904910714285712,457408
5901,amg,8,200000,1000000,0.3,d,2,345.0,19.683035714285715,106441449
5902,amg,8,2000,1000,0.5,d,1,345.0,15.650714285714287,106441449
5903,laghos,8,40000,1000000,0.3,d,3,417.0,143.32142857142858,801311390
5904,quicksilver,8,2000000,1000000,0.7,d,2,299.84375,138.01484374999998,762710
5905,fiesta,8,4000000,100,0.3,d,3,355.4575892857143,66.45424107142858,645120
5906,amg,8,400000,1000,1.0,d,2,369.0,52.46160714285715,106441449
5907,beatnik,8,20000,100000,1.0,d,2,425.0,126.61607142857143,19996182
5908,lammps,8,2000000,0,0.7,d,1,368.0,31.18191964285714,457408
5909,beatnik,8,40000,100,0.1,d,0,452.0,150.10267857142858,19996182
5910,kripke,8,200000,100000,0.5,d,0,357.0,19.74486607142857,302720
5911,fiesta,8,2000,10000,1.0,d,2,356.13392857142856,58.31160714285714,645120
5912,quicksilver,8,40000,0,0.5,d,2,310.08035714285717,141.23624999999998,762710
5913,kripke,8,4000000,100000,0.5,d,0,360.0,22.833482142857143,302720
5914,kripke,8,200000,100000,0.7,d,3,356.0,19.219866071428573,302720
5915,tricount,8,20000,1000000,0.3,d,0,404.0,230.10044642857142,7120960
5916,tricount,8,2000,1000000,0.3,d,3,410.0,235.73883928571428,7120960
5917,tricount,8,400000,1000,0.7,d,3,598.0,424.64955357142856,7120960
5918,beatnik,8,2000,10000,1.0,d,2,407.0,108.65982142857142,19996182
5919,laghos,8,4000000,100000,0.3,d,1,558.0,282.38839285714283,801311390
5920,laghos,8,20000,100000,0.5,d,2,394.0,119.36383928571429,801311390
5921,fiesta,8,400000,0,1.0,d,2,356.8861607142857,60.2890625,645120
5922,beatnik,8,2000,10000,1.0,d,3,405.0,107.89285714285714,19996182
5923,fiesta,8,40000,100000,1.0,d,1,356.02901785714283,56.955133928571435,645120
5924,lammps,8,400000,10000,0.3,d,2,360.0,27.444196428571427,457408
5925,tricount,8,20000,0,0.3,d,1,435.0,261.14732142857144,7120960
5926,beatnik,8,4000000,10000,0.1,d,2,569.5267857142857,272.21651785714283,19996182
5927,lammps,8,200000,10000,1.0,d,0,358.0,22.84330357142857,457408
5928,tricount,8,4000000,10000,0.1,d,3,642.0,467.60714285714283,7120960
5929,minivite,8,4000000,0,0.7,d,2,449.0,132.32142857142858,24089720
5930,kripke,8,20000,10000,0.7,d,1,355.0,18.32879464285714,302720
5931,fiesta,8,200000,10000,0.3,d,2,356.4174107142857,62.63258928571429,645120
5932,minivite,8,4000000,0,0.5,d,2,413.0,90.73616071428572,24089720
5933,minife,8,4000,1000,0.5,d,3,397.0,21.670625,6788000
5934,amg,8,200000,100000,0.7,d,1,354.0,35.24352678571429,106441449
5935,quicksilver,8,2000,100000,0.5,d,0,293.0,131.72176339285716,762710
5936,lammps,8,4000000,1000,0.1,d,2,370.0,36.121651785714285,457408
5937,tricount,8,40000,1000,0.3,d,3,454.0,280.09598214285717,7120960
5938,beatnik,8,200000,1000,0.5,d,1,568.671875,281.484375,19996182
5939,fiesta,8,400000,10000,1.0,d,2,362.59151785714283,75.69133928571429,645120
5940,tricount,8,4000000,0,0.5,d,0,521.0,342.1450892857143,7120960
5941,lammps,8,20000,10000,0.5,d,0,351.0,15.762723214285714,457408
5942,kripke,8,200000,10000,0.3,d,2,358.0,20.78125,302720
5943,tricount,8,2000,0,0.3,d,0,398.0,224.0,7120960
5944,amg,8,20000,1000000,0.1,d,0,345.0,15.244866071428572,106441449
5945,kripke,8,4000,1000000,1.0,d,1,353.0,16.96294642857143,302720
5946,laghos,8,20000,1000,0.7,d,1,467.0,194.296875,801311390
5947,kripke,8,400000,100000,0.5,d,3,358.0,21.313616071428573,302720
5948,quicksilver,8,2000,1000000,1.0,d,0,298.0,136.98232142857142,762710
5949,kripke,8,400000,10000,0.1,d,2,357.0,20.346651785714283,302720
5950,laghos,8,4000,1000000,0.5,d,0,385.0,111.05803571428571,801311390
5951,quicksilver,8,4000000,10000,1.0,d,3,294.0,133.1640625,762710
5952,quicksilver,8,2000,0,0.1,d,1,293.2700892857143,132.54339285714286,762710
5953,beatnik,8,4000,100000,0.5,d,3,404.0,107.96651785714286,19996182
5954,quicksilver,8,200000,100000,0.3,d,1,292.0,130.94073660714284,762710
5955,kripke,8,40000,100,0.3,d,2,378.0,27.757142857142856,302720
5956,quicksilver,8,200000,1000,0.3,d,3,302.87276785714283,140.45091517857142,762710
5957,tricount,8,400000,100000,1.0,d,1,530.0,354.68526785714283,7120960
5958,quicksilver,8,200000,1000000,0.1,d,2,293.0,131.74560267857143,762710
5959,minife,8,20000,100000,1.0,d,2,389.0,15.437633928571428,6788000
5960,minivite,8,2000000,0,0.1,d,1,428.0,104.5359375,24089720
5961,laghos,8,200000,100000,1.0,d,0,557.0,285.76785714285717,801311390
5962,tricount,8,40000,0,0.7,d,1,448.0,268.734375,7120960
5963,lammps,8,20000,100000,1.0,d,0,348.0,13.207611607142857,457408
5964,minivite,8,2000,100,0.7,d,0,375.0,55.70691964285714,24089720
5965,amg,8,40000,1000000,0.1,d,2,345.0,15.55825892857143,106441449
5966,beatnik,8,2000000,100,1.0,d,3,704.1383928571429,418.3482142857143,19996182
5967,kripke,8,4000,100,0.7,d,2,354.0,17.462946428571428,302720
5968,lammps,8,4000,0,0.1,d,1,365.0,19.232566964285716,457408
5969,laghos,8,4000000,0,0.3,d,0,516.0,244.64732142857142,801311390
5970,amg,8,200000,100,1.0,d,2,358.0,39.61629464285714,106441449
5971,quicksilver,8,2000000,0,0.7,d,1,292.0,130.8919642857143,762710
5972,fiesta,8,4000000,0,0.5,d,1,353.50892857142856,62.41049107142857,645120
5973,laghos,8,200000,10000,0.1,d,2,536.0,261.4888392857143,801311390
5974,kripke,8,400000,0,0.5,d,2,360.0,22.996651785714285,302720
5975,fiesta,8,40000,1000,0.3,d,0,380.9888392857143,104.82627232142856,645120
5976,quicksilver,8,2000,100000,0.3,d,3,292.9955357142857,131.56308035714284,762710
5977,minivite,8,4000000,1000,0.5,d,1,420.0,103.95691964285713,24089720
5978,minife,8,400000,10000,0.3,d,1,413.0,52.911160714285714,6788000
5979,kripke,8,4000000,100000,0.5,d,3,359.0,21.312723214285715,302720
5980,minivite,8,2000000,100,0.1,d,2,419.0,99.82968749999999,24089720
5981,quicksilver,8,4000000,100000,0.1,d,1,291.0,129.83834821428573,762710
5982,minife,8,40000,1000,0.3,d,0,390.0,20.900000000000002,6788000
5983,lammps,8,2000000,10000,0.3,d,0,368.0,36.44441964285714,457408
5984,kripke,8,4000000,100,0.3,d,3,360.0,23.438392857142855,302720
5985,fiesta,8,40000,1000000,0.1,d,0,356.1919642857143,60.39464285714286,645120
5986,lammps,8,20000,100000,0.3,d,1,351.0,15.919642857142858,457408
5987,minivite,8,40000,100000,0.5,d,0,393.0,75.94241071428571,24089720
5988,fiesta,8,2000,100,0.5,d,3,352.72544642857144,56.214285714285715,645120
5989,tricount,8,4000000,0,0.3,d,2,532.0,358.29910714285717,7120960
5990,laghos,8,2000000,1000,0.7,d,3,665.0,393.66964285714283,801311390
5991,lammps,8,4000000,100,0.1,d,0,363.0,27.738616071428574,457408
5992,quicksilver,8,2000,10000,0.7,d,3,302.0,139.89513392857143,762710
5993,minife,8,2000,100000,1.0,d,0,390.0,14.967544642857144,6788000
5994,kripke,8,4000,1000000,0.3,d,1,354.0,17.121875,302720
5995,beatnik,8,40000,0,0.1,d,3,436.97767857142856,141.91071428571428,19996182
5996,amg,8,4000,100,0.7,d,1,342.0,13.452678571428573,106441449
5997,minife,8,200000,0,0.3,d,1,413.0,53.44375000000001,6788000
5998,quicksilver,8,40000,0,0.7,d,0,308.0,140.09196428571428,762710
5999,beatnik,8,400000,10000,0.7,d,1,619.75,333.125,19996182
6000,lammps,8,200000,1000,0.1,d,1,383.0,41.98763392857143,457408
6001,lammps,8,20000,1000000,0.7,d,0,353.0,15.574665178571431,457408
6002,minife,8,2000000,100000,0.1,d,2,405.0,38.33950892857143,6788000
6003,minife,8,20000,1000,0.5,d,0,432.0,44.53214285714286,6788000
6004,amg,8,400000,10000,0.3,d,2,355.0,38.216517857142854,106441449
6005,quicksilver,8,2000,100,0.3,d,1,289.46875,128.58707589285714,762710
6006,minivite,8,4000,100,1.0,d,0,451.0,127.61160714285714,24089720
6007,lammps,8,200000,0,0.1,d,0,371.0,33.79535714285714,457408
6008,fiesta,8,400000,100000,0.5,d,2,355.64732142857144,60.63035714285714,645120
6009,minivite,8,40000,100,0.7,d,2,386.0,66.18214285714285,24089720
6010,lammps,8,2000000,100,0.1,d,2,361.0,26.264508928571427,457408
6011,kripke,8,4000000,100,0.1,d,1,364.0,25.874776785714285,302720
6012,tricount,8,400000,100,0.1,d,0,493.0,319.01785714285717,7120960
6013,quicksilver,8,200000,0,0.5,d,0,294.0,133.12058035714287,762710
6014,fiesta,8,4000000,0,0.1,d,1,359.3013392857143,70.85133928571429,645120
6015,minivite,8,4000,1000,1.0,d,1,399.0,79.84040178571429,24089720
6016,amg,8,2000000,100,0.7,d,1,356.0,39.73973214285714,106441449
6017,amg,8,200000,100000,0.1,d,3,353.0,28.721875000000004,106441449
6018,fiesta,8,20000,100000,0.7,d,0,364.60044642857144,81.75332589285713,645120
6019,beatnik,8,40000,100,0.7,d,2,458.96875,167.23214285714286,19996182
6020,lammps,8,4000000,100000,0.3,d,0,364.0,26.022723214285715,457408
6021,tricount,8,20000,100,0.5,d,1,424.0,243.24553571428572,7120960
6022,laghos,8,20000,100,0.3,d,0,497.0,216.30580357142858,801311390
6023,lammps,8,200000,1000000,0.1,d,3,349.0,13.040491071428571,457408
6024,amg,8,4000000,10000,0.5,d,1,357.0,41.365178571428565,106441449
6025,tricount,8,20000,1000,0.1,d,0,457.0,278.95535714285717,7120960
6026,amg,8,4000000,0,0.1,d,1,355.0,35.41517857142857,106441449
6027,tricount,8,2000000,1000000,0.5,d,3,598.0,424.99330357142856,7120960
6028,kripke,8,40000,1000,0.3,d,2,380.0,30.526562499999994,302720
6029,amg,8,2000000,0,1.0,d,0,355.734375,36.136160714285715,106441449
6030,quicksilver,8,4000000,100000,0.5,d,3,290.0,129.2795982142857,762710
6031,lammps,8,2000000,1000000,1.0,d,2,376.0,40.137499999999996,457408
6032,amg,8,40000,100,1.0,d,1,399.0,64.07633928571428,106441449
6033,minife,8,4000,1000000,1.0,d,2,388.0,14.477477678571429,6788000
6034,quicksilver,8,4000000,100,0.7,d,2,289.99330357142856,128.66526785714285,762710
6035,minivite,8,2000000,1000000,0.5,d,0,402.0,83.41316964285713,24089720
6036,lammps,8,2000000,100000,0.5,d,0,358.0,25.405357142857145,457408
6037,laghos,8,40000,100,0.3,d,1,576.0,291.69419642857144,801311390
6038,minivite,8,4000000,100000,0.7,d,2,428.0,110.06049107142857,24089720
6039,tricount,8,2000,100000,0.5,d,0,414.0,241.02678571428572,7120960
6040,quicksilver,8,4000000,10000,0.7,d,0,300.0,138.54589285714286,762710
6041,quicksilver,8,400000,10000,0.1,d,0,300.91294642857144,138.71292410714287,762710
6042,quicksilver,8,4000000,1000000,0.5,d,3,290.99107142857144,129.70578125,762710
6043,kripke,8,200000,1000,0.5,d,2,359.0,21.89040178571429,302720
6044,kripke,8,400000,100,1.0,d,2,359.0,21.433482142857144,302720
6045,beatnik,8,400000,100000,0.3,d,1,463.26339285714283,172.796875,19996182
6046,beatnik,8,2000000,1000000,0.3,d,0,459.18080357142856,168.76785714285714,19996182
6047,amg,8,200000,100000,0.3,d,0,353.0,31.360491071428573,106441449
6048,fiesta,8,2000,1000,0.7,d,3,353.1049107142857,55.939732142857146,645120
6049,minife,8,40000,1000000,0.1,d,2,388.0,14.223125,6788000
6050,laghos,8,400000,10000,1.0,d,3,646.1629464285714,375.77232142857144,801311390
6051,fiesta,8,4000,0,0.7,d,3,360.08035714285717,72.14366071428572,645120
6052,beatnik,8,2000,10000,0.5,d,0,403.0,107.37700892857143,19996182
6053,tricount,8,2000,100000,0.3,d,0,419.0,245.96651785714286,7120960
6054,fiesta,8,4000000,1000000,0.7,d,3,353.66964285714283,61.14732142857143,645120
6055,beatnik,8,400000,1000000,1.0,d,1,529.8638392857143,239.10714285714286,19996182
6056,amg,8,2000,10000,0.5,d,0,345.0,16.693995535714286,106441449
6057,lammps,8,4000,1000,0.5,d,1,354.0,18.09497767857143,457408
6058,minife,8,2000,100,0.1,d,2,410.0,25.71417410714286,6788000
6059,amg,8,4000,0,0.3,d,3,351.0,21.62008928571429,106441449
6060,amg,8,20000,100,1.0,d,3,386.0,50.44665178571428,106441449
6061,quicksilver,8,40000,0,0.5,d,1,308.00223214285717,138.82801339285714,762710
6062,laghos,8,4000,1000,0.5,d,0,377.0,102.95892857142857,801311390
6063,quicksilver,8,400000,100,0.5,d,0,290.0,128.92229910714286,762710
6064,minife,8,4000000,1000000,0.1,d,2,395.0,24.601339285714285,6788000
6065,quicksilver,8,4000000,0,0.1,d,2,293.0,131.80705357142858,762710
6066,tricount,8,4000,100,0.7,d,1,401.0,226.96651785714286,7120960
6067,quicksilver,8,2000,100,1.0,d,1,293.0,131.80455357142858,762710
6068,kripke,8,20000,1000,1.0,d,1,356.0,19.274553571428573,302720
6069,kripke,8,40000,1000,0.3,d,3,354.0,17.649330357142855,302720
6070,laghos,8,4000000,1000000,0.7,d,0,511.0,238.79241071428572,801311390
6071,lammps,8,4000000,100000,1.0,d,0,380.0,48.833035714285714,457408
6072,beatnik,8,200000,10000,0.5,d,0,497.48214285714283,205.02008928571428,19996182
6073,kripke,8,200000,100,0.1,d,2,358.0,21.482589285714287,302720
6074,minivite,8,40000,10000,0.5,d,0,380.0,62.060714285714276,24089720
6075,minivite,8,4000000,1000000,1.0,d,0,429.0,109.82232142857143,24089720
6076,minife,8,2000000,0,0.5,d,1,404.0,38.37901785714286,6788000
6077,beatnik,8,4000000,0,0.7,d,3,505.89955357142856,210.94642857142858,19996182
6078,laghos,8,40000,100,1.0,d,3,561.0,278.4732142857143,801311390
6079,quicksilver,8,2000000,10000,0.5,d,1,302.0,139.90207589285714,762710
6080,minife,8,2000000,1000000,0.1,d,2,399.0,27.556026785714288,6788000
6081,tricount,8,200000,0,0.7,d,3,555.0,380.9486607142857,7120960
6082,amg,8,20000,10000,0.7,d,2,377.0,41.120982142857144,106441449
6083,lammps,8,400000,1000,0.5,d,2,363.0,30.18236607142857,457408
6084,tricount,8,200000,100,0.5,d,3,474.0,300.76339285714283,7120960
6085,quicksilver,8,40000,100000,0.1,d,2,290.0,129.52544642857143,762710
6086,lammps,8,20000,100,0.5,d,1,350.0,16.646450892857143,457408
6087,amg,8,4000000,1000,0.7,d,3,362.0,42.89732142857143,106441449
6088,amg,8,20000,10000,0.5,d,2,346.0,18.615401785714287,106441449
6089,kripke,8,20000,0,0.5,d,3,380.0,30.201339285714287,302720
6090,laghos,8,200000,1000,0.1,d,3,528.0,254.44866071428572,801311390
6091,lammps,8,4000000,10000,0.3,d,2,355.0,22.49285714285714,457408
6092,laghos,8,400000,100,0.5,d,3,582.0,308.69642857142856,801311390
6093,beatnik,8,2000000,100,0.3,d,0,638.2075892857143,350.390625,19996182
6094,minife,8,4000000,100000,0.1,d,3,419.0,53.144866071428574,6788000
6095,quicksilver,8,4000000,1000,1.0,d,2,291.0,130.46180803571428,762710
6096,fiesta,8,400000,100,0.1,d,0,364.10044642857144,88.4238392857143,645120
6097,kripke,8,2000,0,1.0,d,2,357.0,18.877232142857142,302720
6098,beatnik,8,2000000,100000,1.0,d,2,676.0825892857143,391.02901785714283,19996182
6099,laghos,8,2000,0,0.3,d,1,392.0,118.33258928571429,801311390
6100,minife,8,200000,1000,0.1,d,2,398.00223214285717,28.485937500000002,6788000
6101,fiesta,8,2000000,100,0.1,d,1,364.33482142857144,91.74334821428572,645120
6102,kripke,8,4000000,10000,0.3,d,0,361.0,23.250446428571426,302720
6103,tricount,8,4000000,100,1.0,d,0,707.0,532.8191964285714,7120960
6104,lammps,8,4000,10000,1.0,d,0,354.0,17.817433035714284,457408
6105,minife,8,400000,100000,0.3,d,2,399.0,32.9015625,6788000
6106,amg,8,200000,10000,1.0,d,2,362.0,42.70178571428572,106441449
6107,tricount,8,2000,100,0.1,d,1,466.0,291.57589285714283,7120960
6108,minivite,8,4000000,1000000,0.5,d,0,413.0,95.78437499999998,24089720
6109,quicksilver,8,2000,1000,0.1,d,3,291.0,129.85933035714285,762710
6110,beatnik,8,40000,1000,0.1,d,3,427.98660714285717,132.77678571428572,19996182
6111,laghos,8,20000,100000,0.7,d,1,422.0,148.63839285714286,801311390
6112,amg,8,4000,1000000,0.7,d,2,340.0,10.976049107142858,106441449
6113,lammps,8,20000,100,1.0,d,2,383.0,42.040312500000006,457408
6114,laghos,8,200000,10000,0.5,d,3,593.0,321.3125,801311390
6115,lammps,8,20000,1000000,0.3,d,3,354.0,16.513437500000002,457408
6116,quicksilver,8,4000,0,0.5,d,0,300.0,136.44395089285715,762710
6117,minivite,8,4000000,10000,0.1,d,3,436.0,115.21875,24089720
6118,kripke,8,200000,1000,0.5,d,3,358.0,21.163169642857145,302720
6119,tricount,8,400000,100,0.3,d,0,498.0,324.0,7120960
6120,lammps,8,4000000,100000,0.7,d,0,374.0,40.99375,457408
6121,tricount,8,2000,100,0.1,d,3,475.0,297.85267857142856,7120960
6122,beatnik,8,4000000,100000,0.7,d,1,586.171875,300.203125,19996182
6123,kripke,8,200000,10000,1.0,d,1,358.0,21.172098214285715,302720
6124,amg,8,4000,100,0.7,d,0,352.0,21.716741071428572,106441449
6125,quicksilver,8,4000000,100,0.1,d,0,300.0,137.66127232142858,762710
6126,beatnik,8,4000,10000,0.5,d,1,418.765625,126.57589285714286,19996182
6127,quicksilver,8,4000000,100,1.0,d,2,302.9955357142857,140.76756696428575,762710
6128,beatnik,8,4000000,100000,0.1,d,0,533.9084821428571,238.97098214285714,19996182
6129,tricount,8,2000,1000000,0.3,d,2,399.0,225.79017857142858,7120960
6130,minife,8,2000000,1000000,0.1,d,0,394.0,23.05982142857143,6788000
6131,minife,8,200000,1000000,0.3,d,2,391.0,21.94866071428571,6788000
6132,quicksilver,8,20000,1000,0.3,d,2,309.0,140.3796875,762710
6133,beatnik,8,40000,1000,0.1,d,1,460.921875,159.0,19996182
6134,beatnik,8,2000,100000,0.3,d,3,394.0,103.78482142857142,19996182
6135,laghos,8,400000,1000,0.5,d,0,663.0,386.68080357142856,801311390
6136,laghos,8,2000000,10000,0.3,d,3,541.0,269.28794642857144,801311390
6137,kripke,8,400000,1000,0.5,d,2,369.0,29.396874999999998,302720
6138,minivite,8,4000,1000,0.1,d,0,389.0,67.30714285714285,24089720
6139,minife,8,400000,100000,0.1,d,1,399.0,29.267410714285713,6788000
6140,amg,8,20000,0,0.3,d,3,346.0,17.73080357142857,106441449
6141,minivite,8,200000,1000,1.0,d,3,420.0,95.25580357142859,24089720
6142,minife,8,4000,0,0.5,d,1,384.0,12.703504464285714,6788000
6143,tricount,8,400000,1000,0.3,d,0,533.0,358.75223214285717,7120960
6144,beatnik,8,400000,100,0.1,d,0,511.12723214285717,216.43080357142858,19996182
6145,minife,8,40000,100000,0.7,d,2,387.0,17.32879464285714,6788000
6146,laghos,8,4000000,100,0.5,d,2,581.0,307.86160714285717,801311390
6147,kripke,8,4000000,1000000,0.3,d,3,357.0,19.992410714285715,302720
6148,kripke,8,2000000,10000,0.1,d,0,360.0,23.059598214285717,302720
6149,minife,8,2000,100000,0.7,d,2,386.0,13.314933035714287,6788000
6150,minife,8,2000,10000,0.7,d,2,384.0,12.137098214285714,6788000
6151,beatnik,8,4000000,10000,0.3,d,3,554.359375,269.31473214285717,19996182
6152,amg,8,200000,1000000,1.0,d,2,348.0,26.351785714285715,106441449
6153,minivite,8,4000,100,0.5,d,2,386.0,66.49575892857142,24089720
6154,laghos,8,2000000,0,0.7,d,0,588.0,317.2924107142857,801311390
6155,beatnik,8,4000000,100,0.5,d,1,1046.3839285714287,767.5982142857143,19996182
6156,beatnik,8,20000,10000,0.1,d,1,421.9263392857143,126.33928571428571,19996182
6157,minivite,8,40000,1000000,0.3,d,2,378.0,60.20267857142857,24089720
6158,quicksilver,8,200000,1000000,0.5,d,2,302.0,141.13799107142856,762710
6159,minivite,8,400000,0,0.3,d,0,404.0,84.47343750000002,24089720
6160,quicksilver,8,200000,1000,0.3,d,0,293.07589285714283,131.62404017857142,762710
6161,quicksilver,8,2000000,100000,1.0,d,2,305.8861607142857,143.72375,762710
6162,lammps,8,4000000,1000000,0.7,d,0,355.0,22.993526785714284,457408
6163,kripke,8,40000,1000,0.5,d,0,355.0,18.45044642857143,302720
6164,beatnik,8,4000000,100,0.3,d,3,615.3638392857143,327.05580357142856,19996182
6165,kripke,8,2000,100000,0.3,d,3,353.0,16.983258928571427,302720
6166,tricount,8,200000,100,0.5,d,2,466.0,292.7924107142857,7120960
6167,beatnik,8,40000,1000,0.3,d,0,490.0669642857143,200.26785714285714,19996182
6168,minife,8,20000,0,1.0,d,3,445.0,54.85803571428572,6788000
6169,kripke,8,400000,10000,0.3,d,1,357.0,20.99620535714286,302720
6170,lammps,8,4000000,1000000,0.5,d,1,356.0,21.711383928571426,457408
6171,tricount,8,2000000,100,0.5,d,0,669.0,496.375,7120960
6172,lammps,8,200000,100,0.1,d,3,356.0,19.400892857142853,457408
6173,quicksilver,8,4000000,1000,0.5,d,0,302.0892857142857,139.93462053571426,762710
6174,quicksilver,8,4000000,1000000,0.5,d,2,291.0,130.40917410714286,762710
6175,lammps,8,20000,100,0.7,d,0,354.0,16.936964285714286,457408
6176,kripke,8,2000,100,1.0,d,3,358.0,19.191517857142856,302720
6177,minivite,8,200000,100000,1.0,d,1,401.0,80.91808035714287,24089720
6178,kripke,8,4000,1000000,0.7,d,0,355.0,17.658482142857142,302720
6179,laghos,8,2000,1000000,0.5,d,2,345.0,68.59486607142857,801311390
6180,kripke,8,20000,1000,0.3,d,2,378.0,27.277678571428574,302720
6181,laghos,8,4000000,0,0.5,d,3,576.0,296.94419642857144,801311390
6182,kripke,8,4000,100000,0.3,d,2,354.0,16.987276785714286,302720
6183,fiesta,8,2000000,1000000,1.0,d,2,357.04910714285717,61.837723214285724,645120
6184,laghos,8,20000,100,1.0,d,2,442.0,169.94196428571428,801311390
6185,minife,8,40000,1000,0.7,d,2,389.0,20.02142857142857,6788000
6186,beatnik,8,4000000,0,0.3,d,1,521.9308035714286,227.34821428571428,19996182
6187,minife,8,4000000,1000,0.5,d,1,405.0,42.81138392857143,6788000
6188,quicksilver,8,2000000,100,0.5,d,0,299.1450892857143,137.81203125,762710
6189,minivite,8,200000,100000,0.7,d,2,390.0,70.91607142857143,24089720
6190,quicksilver,8,2000000,1000,1.0,d,0,292.0,130.69957589285715,762710
6191,fiesta,8,2000000,10000,0.1,d,2,358.59151785714283,61.17388392857142,645120
6192,kripke,8,400000,100000,0.1,d,2,356.0,19.673437500000002,302720
6193,amg,8,200000,0,1.0,d,2,354.0,35.808928571428574,106441449
6194,tricount,8,4000,100,0.7,d,0,406.0,232.19419642857142,7120960
6195,laghos,8,400000,1000000,0.1,d,3,402.0,128.42410714285714,801311390
6196,laghos,8,2000000,1000,0.1,d,2,617.0,342.69419642857144,801311390
6197,amg,8,20000,10000,0.5,d,3,345.0,16.143973214285715,106441449
6198,fiesta,8,40000,10000,0.3,d,1,352.76785714285717,55.651785714285715,645120
6199,quicksilver,8,4000,100,1.0,d,1,292.9955357142857,131.74765625,762710
6200,amg,8,4000,1000000,0.5,d,0,349.0,19.365401785714287,106441449
6201,quicksilver,8,200000,0,1.0,d,1,294.0,132.7030357142857,762710
6202,tricount,8,4000,1000000,1.0,d,0,396.0,221.81026785714286,7120960
6203,kripke,8,2000,10000,0.5,d,0,353.0,16.40982142857143,302720
6204,kripke,8,4000,0,0.3,d,2,362.0,20.725669642857145,302720
6205,laghos,8,400000,10000,0.1,d,3,571.2388392857143,299.89955357142856,801311390
6206,minivite,8,2000000,1000,1.0,d,2,425.0,106.53459821428571,24089720
6207,laghos,8,400000,100000,0.1,d,0,441.0,168.66071428571428,801311390
6208,minife,8,20000,10000,0.3,d,2,409.0,28.723214285714285,6788000
6209,kripke,8,2000000,100,0.5,d,0,359.0,22.006696428571427,302720
6210,amg,8,4000000,0,0.7,d,3,356.0,36.94129464285714,106441449
6211,kripke,8,40000,1000000,0.5,d,2,354.0,17.27611607142857,302720
6212,fiesta,8,200000,100,0.7,d,3,353.08035714285717,57.181919642857146,645120
6213,laghos,8,20000,100000,0.1,d,3,374.0,100.38593749999998,801311390
6214,minife,8,4000000,1000000,0.3,d,1,403.0,35.065848214285715,6788000
6215,tricount,8,2000000,0,0.7,d,1,557.0,383.89732142857144,7120960
6216,beatnik,8,200000,100,0.7,d,2,506.45535714285717,217.0625,19996182
6217,kripke,8,40000,1000000,0.3,d,1,353.0,16.962053571428573,302720
6218,beatnik,8,2000000,10000,0.3,d,1,528.2589285714286,242.95758928571428,19996182
6219,beatnik,8,4000,100000,0.5,d,2,409.984375,114.96428571428571,19996182
6220,tricount,8,20000,1000,0.7,d,0,462.0,283.58035714285717,7120960
6221,kripke,8,400000,0,0.7,d,1,362.0,24.058482142857144,302720
6222,tricount,8,400000,0,0.1,d,0,488.0,313.74776785714283,7120960
6223,tricount,8,2000,1000,1.0,d,3,410.0,236.66517857142858,7120960
6224,lammps,8,20000,1000,1.0,d,3,380.0,37.52803571428571,457408
6225,beatnik,8,400000,100,1.0,d,2,546.1428571428571,256.8392857142857,19996182
6226,minivite,8,2000000,10000,0.3,d,2,433.0,115.99866071428572,24089720
6227,tricount,8,40000,1000000,1.0,d,2,419.0,243.70535714285714,7120960
6228,tricount,8,20000,100000,0.1,d,1,436.0,259.8013392857143,7120960
6229,lammps,8,40000,100000,1.0,d,1,356.0,19.08935267857143,457408
6230,quicksilver,8,2000,0,0.7,d,2,292.0,130.820625,762710
6231,quicksilver,8,40000,10000,0.5,d,2,294.0,133.26984375,762710
6232,beatnik,8,4000000,1000,0.5,d,0,756.3526785714286,474.64285714285717,19996182
6233,tricount,8,400000,100000,0.1,d,1,540.0,365.125,7120960
6234,quicksilver,8,200000,1000000,1.0,d,3,290.0,129.09321428571428,762710
6235,kripke,8,4000,1000000,1.0,d,0,356.0,17.98839285714286,302720
6236,tricount,8,20000,100000,0.7,d,1,418.0,245.0625,7120960
6237,lammps,8,40000,100000,0.3,d,1,350.0,14.209821428571429,457408
6238,beatnik,8,20000,10000,0.5,d,2,424.0,134.29464285714286,19996182
6239,quicksilver,8,4000,1000,0.3,d,2,293.0,131.86910714285713,762710
6240,lammps,8,400000,0,0.3,d,3,383.0,47.207589285714285,457408
6241,amg,8,200000,1000,0.5,d,1,357.0,40.107366071428565,106441449
6242,laghos,8,400000,1000000,0.7,d,3,479.0,202.171875,801311390
6243,amg,8,4000000,0,1.0,d,3,358.0,42.88125000000001,106441449
6244,beatnik,8,4000,1000000,0.1,d,1,411.890625,115.01785714285714,19996182
6245,minife,8,20000,1000,0.3,d,2,417.0,34.591517857142854,6788000
6246,kripke,8,4000000,1000000,0.3,d,2,359.0,22.2890625,302720
6247,lammps,8,200000,0,0.7,d,3,355.0,20.92345982142857,457408
6248,amg,8,40000,100,0.1,d,1,372.0,36.36875,106441449
6249,beatnik,8,4000000,100,1.0,d,2,700.5290178571429,414.55580357142856,19996182
6250,fiesta,8,400000,0,0.5,d,2,357.16517857142856,61.917633928571426,645120
6251,fiesta,8,4000,1000,0.1,d,1,375.05357142857144,94.51808035714285,645120
6252,amg,8,400000,10000,0.1,d,2,361.0,43.043973214285714,106441449
6253,kripke,8,400000,10000,0.7,d,0,357.0,20.604464285714283,302720
6254,quicksilver,8,2000000,1000,0.7,d,3,299.2700892857143,137.4831919642857,762710
6255,minivite,8,40000,0,0.7,d,0,425.0,88.46986607142857,24089720
6256,kripke,8,2000,1000000,0.1,d,0,355.0,17.843973214285715,302720
6257,laghos,8,40000,10000,0.5,d,3,548.0,269.2924107142857,801311390
6258,quicksilver,8,40000,10000,0.3,d,3,307.0,139.23754464285713,762710
6259,tricount,8,4000000,100,1.0,d,1,677.0,502.9575892857143,7120960
6260,minivite,8,2000000,100,0.3,d,2,415.0,98.01741071428572,24089720
6261,amg,8,2000,100000,0.7,d,2,345.0,16.02841517857143,106441449
6262,tricount,8,2000,1000000,0.5,d,1,406.0,232.92633928571428,7120960
6263,fiesta,8,4000,100,0.3,d,2,373.56919642857144,93.87723214285714,645120
6264,lammps,8,400000,1000,0.7,d,2,358.0,26.65892857142857,457408
6265,minivite,8,4000000,1000000,0.3,d,1,408.0,88.60000000000001,24089720
6266,amg,8,200000,0,0.1,d,2,356.0,38.151116071428575,106441449
6267,tricount,8,2000,100,0.3,d,3,427.0,252.89955357142858,7120960
6268,lammps,8,4000,10000,1.0,d,3,360.0,23.48314732142857,457408
6269,amg,8,4000000,100000,0.5,d,0,362.0,44.79776785714285,106441449
6270,minife,8,2000,10000,0.3,d,3,384.0,12.59582589285714,6788000
6271,minivite,8,4000,0,0.1,d,0,408.0,75.10558035714287,24089720
6272,minivite,8,4000000,1000000,0.3,d,3,405.0,88.99374999999999,24089720
6273,minife,8,4000,1000000,1.0,d,1,388.0,14.133125000000001,6788000
6274,tricount,8,400000,100000,0.7,d,2,564.0,390.81026785714283,7120960
6275,minife,8,200000,1000000,0.7,d,1,397.0,30.25178571428572,6788000
6276,lammps,8,20000,100000,0.5,d,1,351.0,16.297075892857144,457408
6277,minife,8,400000,100,0.7,d,2,406.0,43.49709821428571,6788000
6278,tricount,8,4000,0,0.1,d,3,426.0,247.19642857142858,7120960
6279,amg,8,4000000,0,1.0,d,0,359.0,43.7015625,106441449
6280,kripke,8,400000,1000000,1.0,d,1,366.0,26.475223214285712,302720
6281,fiesta,8,4000,1000,0.7,d,2,363.9486607142857,88.94486607142858,645120
6282,kripke,8,4000000,10000,0.1,d,1,369.0,29.206919642857144,302720
6283,amg,8,200000,0,0.1,d,0,357.0,37.301116071428574,106441449
6284,lammps,8,40000,0,0.5,d,0,362.0,23.325959821428572,457408
6285,tricount,8,2000000,10000,0.7,d,1,676.0,502.24776785714283,7120960
6286,fiesta,8,4000000,1000,1.0,d,2,366.26785714285717,94.50848214285715,645120
6287,fiesta,8,2000000,10000,0.7,d,2,357.81919642857144,81.97477678571428,645120
6288,quicksilver,8,4000,100000,0.3,d,1,292.0,131.23810267857144,762710
6289,laghos,8,20000,1000000,1.0,d,0,399.0,121.66517857142857,801311390
6290,amg,8,20000,1000000,0.7,d,3,346.0,16.76964285714286,106441449
6291,laghos,8,40000,0,0.7,d,1,517.0,237.81919642857142,801311390
6292,minivite,8,400000,0,1.0,d,3,452.0,128.67232142857142,24089720
6293,minife,8,2000000,0,1.0,d,0,404.0,40.020089285714285,6788000
6294,fiesta,8,40000,100000,0.3,d,0,362.65848214285717,77.52433035714284,645120
6295,lammps,8,40000,1000,0.1,d,0,356.0,17.314196428571428,457408
6296,quicksilver,8,200000,10000,0.7,d,3,305.0,142.890625,762710
6297,tricount,8,40000,100,0.1,d,1,429.0,254.96875,7120960
6298,laghos,8,200000,0,0.7,d,1,571.0,300.03348214285717,801311390
6299,quicksilver,8,200000,100000,1.0,d,3,302.0,140.25417410714286,762710
6300,tricount,8,20000,100000,0.3,d,2,430.0,255.765625,7120960
6301,beatnik,8,4000000,1000000,0.7,d,0,494.07142857142856,205.54910714285714,19996182
6302,kripke,8,4000,10000,0.3,d,2,362.0,20.662723214285712,302720
6303,amg,8,4000000,1000,0.3,d,2,356.0,40.58772321428571,106441449
6304,minivite,8,200000,10000,1.0,d,0,432.0,108.55223214285714,24089720
6305,beatnik,8,40000,0,0.5,d,0,501.43973214285717,213.80580357142858,19996182
6306,tricount,8,200000,100000,1.0,d,3,595.0,419.52455357142856,7120960
6307,fiesta,8,40000,1000,0.3,d,3,352.96205357142856,60.50044642857143,645120
6308,amg,8,400000,100,1.0,d,3,363.0,48.691517857142856,106441449
6309,lammps,8,20000,10000,0.1,d,3,354.0,16.08609375,457408
6310,kripke,8,4000,1000,0.7,d,3,353.0,16.773214285714285,302720
6311,beatnik,8,4000000,100000,0.5,d,2,620.8459821428571,330.7700892857143,19996182
6312,kripke,8,20000,10000,0.5,d,2,355.0,17.725,302720
6313,minivite,8,2000,100000,0.7,d,1,380.0,60.068080357142854,24089720
6314,amg,8,400000,100000,0.7,d,0,363.0,44.26540178571428,106441449
6315,lammps,8,2000000,0,0.1,d,0,373.0,34.05602678571429,457408
6316,amg,8,4000,10000,0.7,d,3,354.0,23.481473214285717,106441449
6317,tricount,8,2000,1000,0.1,d,1,429.0,251.93303571428572,7120960
6318,amg,8,4000,0,0.5,d,3,351.0,20.79486607142857,106441449
6319,fiesta,8,20000,100,1.0,d,0,401.79017857142856,138.31026785714286,645120
6320,tricount,8,2000000,100,0.7,d,2,652.0,478.42857142857144,7120960
6321,tricount,8,2000000,10000,0.5,d,0,557.0,383.24107142857144,7120960
6322,kripke,8,400000,10000,0.5,d,2,359.0,22.139285714285716,302720
6323,fiesta,8,40000,100,0.7,d,2,353.24107142857144,55.534375000000004,645120
6324,beatnik,8,20000,100,1.0,d,2,426.1138392857143,129.3125,19996182
6325,lammps,8,400000,1000000,0.7,d,3,355.0,23.23024553571429,457408
6326,beatnik,8,20000,100,0.1,d,3,443.64732142857144,139.58258928571428,19996182
6327,lammps,8,20000,100,0.5,d,0,355.0,22.943660714285716,457408
6328,lammps,8,2000,1000,0.1,d,1,357.0,18.596316964285712,457408
6329,laghos,8,4000000,10000,0.3,d,3,602.0022321428571,331.21875,801311390
6330,beatnik,8,2000000,100000,0.3,d,0,528.2879464285714,238.13616071428572,19996182
6331,minife,8,4000000,1000000,0.7,d,0,403.0,39.7515625,6788000
6332,lammps,8,200000,10000,1.0,d,2,378.0,46.32475446428572,457408
6333,laghos,8,200000,10000,0.3,d,2,513.7098214285714,240.25223214285714,801311390
6334,kripke,8,2000,100,1.0,d,1,357.0,18.02745535714286,302720
6335,beatnik,8,4000000,1000000,0.1,d,1,474.0,181.35491071428572,19996182
6336,amg,8,400000,100000,0.1,d,2,352.0,33.39910714285714,106441449
6337,minife,8,20000,0,0.7,d,1,387.0,16.125625,6788000
6338,amg,8,20000,1000,1.0,d,0,346.0,18.64129464285714,106441449
6339,minife,8,400000,10000,0.5,d,1,410.0,50.44397321428572,6788000
6340,kripke,8,40000,1000000,1.0,d,1,354.0,17.04285714285714,302720
6341,amg,8,20000,1000,0.3,d,3,373.0,38.010491071428575,106441449
6342,amg,8,2000,1000,0.1,d,0,345.0,15.592187499999998,106441449
6343,minivite,8,4000,10000,1.0,d,3,391.0,68.85379464285714,24089720
6344,minivite,8,400000,1000,0.5,d,0,414.0,96.07544642857144,24089720
6345,minivite,8,2000,0,0.3,d,2,374.0,54.790625,24089720
6346,minivite,8,4000000,0,0.1,d,0,433.0,112.98683035714285,24089720
6347,beatnik,8,200000,100000,1.0,d,2,517.1183035714286,225.79241071428572,19996182
6348,lammps,8,4000,10000,0.3,d,2,352.0,18.92279017857143,457408
6349,beatnik,8,4000000,100,1.0,d,1,649.5446428571429,363.46875,19996182
6350,fiesta,8,40000,0,0.7,d,3,359.17410714285717,74.20714285714287,645120
6351,kripke,8,2000000,0,0.3,d,1,357.0,20.754017857142856,302720
6352,tricount,8,2000000,100,0.7,d,3,488.0,313.96651785714283,7120960
6353,amg,8,4000,10000,0.7,d,2,341.0,11.392388392857141,106441449
6354,laghos,8,40000,1000,0.5,d,2,520.0,238.69196428571428,801311390
6355,amg,8,40000,1000000,0.7,d,2,351.0,21.535267857142856,106441449
6356,lammps,8,4000000,100000,0.5,d,3,364.0,25.00149553571428,457408
6357,quicksilver,8,400000,1000000,0.7,d,2,292.05580357142856,131.48658482142858,762710
6358,beatnik,8,20000,100000,0.5,d,3,411.0,117.54910714285714,19996182
6359,kripke,8,2000,100000,0.5,d,2,356.0,17.999776785714285,302720
6360,quicksilver,8,20000,1000000,0.1,d,0,299.0,138.1561607142857,762710
6361,tricount,8,400000,1000000,0.5,d,3,466.0,291.9107142857143,7120960
6362,quicksilver,8,20000,0,0.5,d,1,294.0,132.97825892857142,762710
6363,minife,8,2000000,1000,0.3,d,0,412.0,52.478348214285724,6788000
6364,quicksilver,8,40000,1000,0.3,d,3,295.0357142857143,133.74787946428572,762710
6365,tricount,8,20000,10000,1.0,d,2,432.0,252.32142857142858,7120960
6366,tricount,8,400000,1000000,1.0,d,3,560.0,384.953125,7120960
6367,kripke,8,200000,100,0.5,d,2,358.0,20.60892857142857,302720
6368,laghos,8,4000000,0,0.7,d,3,534.0,263.2857142857143,801311390
6369,minife,8,4000,10000,0.3,d,2,393.0,18.010178571428572,6788000
6370,laghos,8,20000,100000,0.7,d,3,406.0,133.02455357142858,801311390
6371,lammps,8,40000,1000000,0.1,d,2,361.0,21.90892857142857,457408
6372,laghos,8,40000,1000,0.1,d,1,508.0,235.55133928571428,801311390
6373,fiesta,8,400000,100000,0.1,d,2,367.32589285714283,84.90886160714285,645120
6374,fiesta,8,2000000,1000000,0.7,d,0,352.89285714285717,58.23504464285714,645120
6375,quicksilver,8,400000,100,1.0,d,0,304.00223214285717,142.51609375,762710
6376,fiesta,8,2000,0,0.7,d,1,352.68080357142856,54.70959821428572,645120
6377,beatnik,8,2000,0,0.3,d,2,405.0,112.11607142857143,19996182
6378,minivite,8,4000,100,0.5,d,1,383.0,65.7953125,24089720
6379,lammps,8,400000,100,0.7,d,0,363.0,23.176741071428573,457408
6380,kripke,8,2000000,10000,1.0,d,1,360.0,22.955133928571428,302720
6381,minife,8,20000,100,1.0,d,0,389.0,16.823526785714286,6788000
6382,amg,8,4000000,10000,1.0,d,3,360.0,41.94575892857143,106441449
6383,fiesta,8,2000,10000,0.5,d,0,356.20982142857144,58.27729910714286,645120
6384,lammps,8,2000,100,0.5,d,3,351.0,14.329843749999998,457408
6385,amg,8,400000,1000000,0.7,d,1,350.0,28.297991071428573,106441449
6386,lammps,8,2000,10000,1.0,d,3,359.0,19.237924107142856,457408
6387,tricount,8,4000000,100,0.5,d,1,528.0,353.81026785714283,7120960
6388,minife,8,2000000,10000,1.0,d,0,419.0,52.78191964285714,6788000
6389,fiesta,8,20000,1000000,0.7,d,1,353.046875,62.502008928571435,645120
6390,fiesta,8,400000,100,0.7,d,1,377.57142857142856,93.84196428571428,645120
6391,fiesta,8,400000,100000,0.5,d,3,354.6138392857143,63.996428571428574,645120
6392,minivite,8,40000,100,0.1,d,1,392.0,71.60915178571429,24089720
6393,kripke,8,200000,100,0.3,d,2,369.0,29.10133928571429,302720
6394,fiesta,8,4000,10000,0.5,d,0,363.5625,85.57299107142856,645120
6395,laghos,8,40000,100000,0.1,d,2,399.0,124.89508928571429,801311390
6396,kripke,8,40000,0,0.5,d,2,354.0,17.691964285714285,302720
6397,minife,8,400000,0,1.0,d,3,408.0,44.683035714285715,6788000
6398,quicksilver,8,400000,1000,0.1,d,2,302.86160714285717,141.05254464285713,762710
6399,amg,8,40000,0,0.7,d,0,389.0,54.40870535714286,106441449
6400,beatnik,8,4000000,100,0.7,d,2,814.953125,533.1450892857143,19996182
6401,minife,8,200000,10000,1.0,d,2,408.0,41.99352678571429,6788000
6402,beatnik,8,20000,10000,0.7,d,1,433.0200892857143,133.64732142857142,19996182
6403,laghos,8,400000,1000,0.1,d,2,608.0,333.4799107142857,801311390
6404,kripke,8,400000,100,0.5,d,1,359.0,22.477901785714284,302720
6405,beatnik,8,4000,10000,0.3,d,1,428.80357142857144,133.49776785714286,19996182
6406,minife,8,4000000,100,1.0,d,2,409.0,45.424776785714286,6788000
6407,minife,8,4000,1000,0.1,d,1,413.0,27.06921875,6788000
6408,amg,8,2000,100,0.1,d,2,364.0,28.090468749999996,106441449
6409,minivite,8,2000000,0,0.5,d,3,420.0,99.50424107142858,24089720
6410,tricount,8,20000,100000,0.3,d,1,468.0,294.79910714285717,7120960
6411,laghos,8,2000,1000000,0.7,d,1,354.0,78.22209821428571,801311390
6412,minife,8,2000000,1000,0.7,d,0,406.0,39.5015625,6788000
6413,lammps,8,20000,1000,0.7,d,2,368.0,26.731428571428573,457408
6414,fiesta,8,2000,1000000,0.1,d,2,365.22544642857144,70.11919642857143,645120
6415,tricount,8,2000000,1000000,0.1,d,1,462.0,287.359375,7120960
6416,minife,8,20000,0,1.0,d,0,572.0,181.10491071428572,6788000
6417,minife,8,2000,100,0.3,d,1,385.0,13.49546875,6788000
6418,amg,8,4000,1000000,1.0,d,0,344.0,14.75546875,106441449
6419,quicksilver,8,200000,100,0.5,d,3,291.0,130.02256696428572,762710
6420,amg,8,400000,1000,0.3,d,0,359.0,40.04598214285714,106441449
6421,minife,8,20000,100,0.3,d,0,386.0,15.445624999999998,6788000
6422,laghos,8,4000000,0,1.0,d,1,537.0,264.88392857142856,801311390
6423,amg,8,4000,100000,0.1,d,1,341.0,11.048928571428572,106441449
6424,amg,8,2000000,10000,0.7,d,2,362.0,43.489062499999996,106441449
6425,laghos,8,40000,10000,1.0,d,2,458.0,185.05580357142858,801311390
6426,tricount,8,200000,0,1.0,d,3,524.0,350.3950892857143,7120960
6427,minife,8,4000,100000,0.7,d,3,388.0,15.27904017857143,6788000
6428,quicksilver,8,400000,100,0.3,d,2,291.0,130.26171875,762710
6429,fiesta,8,4000,10000,1.0,d,2,363.47544642857144,68.75915178571428,645120
6430,fiesta,8,20000,100000,0.5,d,2,353.3638392857143,54.65446428571429,645120
6431,lammps,8,400000,0,0.1,d,2,359.0,22.272321428571427,457408
6432,beatnik,8,200000,1000000,0.3,d,2,412.29910714285717,116.39955357142857,19996182
6433,fiesta,8,2000000,1000,0.5,d,2,353.44642857142856,59.45379464285714,645120
6434,lammps,8,20000,0,0.1,d,1,367.0,25.872098214285717,457408
6435,lammps,8,20000,1000000,1.0,d,0,354.0,17.714955357142856,457408
6436,lammps,8,2000,10000,0.3,d,3,356.0,19.403816964285713,457408
6437,minivite,8,2000000,1000000,1.0,d,3,420.0,98.12857142857145,24089720
6438,fiesta,8,4000000,1000,0.1,d,2,372.14732142857144,103.79953125,645120
6439,kripke,8,2000000,10000,1.0,d,3,361.0,23.962053571428573,302720
6440,minivite,8,20000,100000,1.0,d,3,398.0,69.05200892857142,24089720
6441,minife,8,400000,100000,0.1,d,0,398.0,27.376339285714284,6788000
6442,minife,8,200000,1000,1.0,d,0,401.0,34.30424107142857,6788000
6443,beatnik,8,2000,10000,0.1,d,1,406.11607142857144,109.87723214285714,19996182
6444,kripke,8,400000,1000,0.3,d,0,361.0,23.731473214285717,302720
6445,fiesta,8,2000,100000,0.1,d,2,356.15625,59.205803571428575,645120
6446,minife,8,4000000,1000,0.5,d,3,411.0,51.036830357142854,6788000
6447,laghos,8,4000000,1000,0.3,d,3,577.0,305.3392857142857,801311390
6448,minivite,8,4000,1000000,1.0,d,0,386.0,65.0845982142857,24089720
6449,minivite,8,4000,100000,0.1,d,3,397.0,76.4375,24089720
6450,lammps,8,4000,0,0.5,d,2,355.0,15.806183035714286,457408
6451,kripke,8,4000,100000,1.0,d,3,354.0,17.48727678571429,302720
6452,beatnik,8,200000,1000000,0.1,d,2,420.99776785714283,124.34821428571429,19996182
6453,beatnik,8,2000,100,0.3,d,0,406.11160714285717,110.83035714285714,19996182
6454,laghos,8,400000,0,0.7,d,1,578.0,306.73214285714283,801311390
6455,fiesta,8,4000000,10000,0.5,d,2,362.14732142857144,86.25647321428572,645120
6456,tricount,8,20000,100000,0.7,d,0,430.0,256.08482142857144,7120960
6457,laghos,8,4000,1000,0.3,d,0,382.00892857142856,104.109375,801311390
6458,amg,8,2000000,100000,0.7,d,3,365.0,43.294866071428565,106441449
6459,beatnik,8,400000,1000,0.1,d,0,520.9017857142857,224.92633928571428,19996182
6460,minife,8,20000,100,1.0,d,1,390.0,17.30078125,6788000
6461,lammps,8,20000,0,1.0,d,0,355.0,14.587165178571427,457408
6462,beatnik,8,400000,100,0.3,d,1,631.8549107142857,346.71875,19996182
6463,lammps,8,200000,1000000,0.5,d,3,348.0,18.467544642857142,457408
6464,minivite,8,4000,100000,0.7,d,3,374.0,52.82098214285715,24089720
6465,fiesta,8,2000,100,0.3,d,1,352.34598214285717,55.638392857142854,645120
6466,amg,8,2000000,1000,0.7,d,2,359.0,39.941294642857144,106441449
6467,lammps,8,2000,1000000,1.0,d,2,354.0,16.92091517857143,457408
6468,beatnik,8,400000,1000,0.1,d,1,506.23660714285717,209.76785714285714,19996182
6469,quicksilver,8,20000,100,1.0,d,1,313.97098214285717,143.43370535714286,762710
6470,amg,8,2000,1000,0.3,d,3,340.0,10.645937499999999,106441449
6471,fiesta,8,20000,1000000,1.0,d,0,365.86160714285717,69.58095982142856,645120
6472,tricount,8,40000,1000000,0.1,d,3,444.0,270.30580357142856,7120960
6473,kripke,8,400000,1000000,0.3,d,0,355.0,17.79375,302720
6474,lammps,8,2000000,100000,0.5,d,2,366.0,28.684151785714285,457408
6475,lammps,8,2000000,0,0.7,d,2,359.0,25.3296875,457408
6476,minife,8,400000,100000,0.5,d,2,410.0,49.17232142857143,6788000
6477,kripke,8,400000,100,0.7,d,0,359.0,22.608035714285716,302720
6478,beatnik,8,4000000,1000,0.1,d,0,570.03125,282.22544642857144,19996182
6479,quicksilver,8,2000000,1000,0.1,d,2,295.0,134.31801339285715,762710
6480,kripke,8,20000,1000,0.7,d,2,380.0,28.769419642857144,302720
6481,kripke,8,400000,100,1.0,d,1,360.0,22.435937499999998,302720
6482,fiesta,8,2000,100,0.3,d,2,354.85714285714283,60.18080357142857,645120
6483,tricount,8,2000,0,0.5,d,0,394.0,220.65178571428572,7120960
6484,beatnik,8,40000,0,0.1,d,0,459.21875,159.34598214285714,19996182
6485,lammps,8,2000000,100000,0.7,d,3,360.0,26.457589285714285,457408
6486,kripke,8,20000,1000000,1.0,d,1,355.0,18.017857142857142,302720
6487,kripke,8,2000,0,0.7,d,0,353.0,16.593973214285715,302720
6488,tricount,8,40000,0,1.0,d,0,503.0,322.89285714285717,7120960
6489,tricount,8,20000,10000,0.7,d,0,508.0,334.29910714285717,7120960
6490,amg,8,200000,10000,0.7,d,0,361.0,42.283482142857146,106441449
6491,minife,8,40000,10000,0.7,d,1,430.0,47.61004464285714,6788000
6492,tricount,8,400000,1000,1.0,d,1,576.0,401.91964285714283,7120960
6493,minivite,8,4000,0,0.5,d,0,372.0,52.130803571428565,24089720
6494,beatnik,8,4000,100,0.3,d,3,431.08482142857144,141.33705357142858,19996182
6495,beatnik,8,4000000,100,1.0,d,0,711.7611607142857,427.5625,19996182
6496,tricount,8,4000000,1000,1.0,d,3,642.0,466.421875,7120960
6497,laghos,8,40000,100000,0.7,d,2,429.0,156.20535714285714,801311390
6498,minife,8,20000,10000,0.1,d,1,404.0,23.732879464285713,6788000
6499,lammps,8,20000,1000000,0.1,d,0,346.0,12.476361607142858,457408
6500,minife,8,4000,100000,0.1,d,2,392.0,16.67970982142857,6788000
6501,tricount,8,400000,100,0.3,d,1,519.0,345.328125,7120960
6502,lammps,8,2000000,1000,1.0,d,3,372.0,38.43816964285715,457408
6503,amg,8,200000,0,0.5,d,2,362.0,42.495535714285715,106441449
6504,lammps,8,40000,100,0.7,d,0,363.0,23.642723214285716,457408
6505,laghos,8,200000,1000,0.7,d,0,646.0,374.75669642857144,801311390
6506,beatnik,8,400000,10000,0.5,d,3,723.6428571428571,439.46875,19996182
6507,minife,8,400000,1000,0.1,d,0,409.0,43.14999999999999,6788000
6508,amg,8,2000000,1000000,0.7,d,2,356.0,34.956473214285715,106441449
6509,laghos,8,4000,1000000,0.3,d,3,395.0,121.04241071428571,801311390
6510,fiesta,8,40000,100000,0.7,d,3,373.65625,98.92977678571427,645120
6511,minivite,8,200000,1000000,1.0,d,0,391.0,69.30066964285713,24089720
6512,laghos,8,2000,100000,0.7,d,3,332.0,57.76584821428571,801311390
6513,minife,8,2000000,0,0.7,d,3,403.0,38.64330357142857,6788000
6514,laghos,8,2000000,100,1.0,d,1,583.0,310.27901785714283,801311390
6515,minife,8,40000,1000,0.7,d,1,390.0,20.612276785714283,6788000
6516,minife,8,400000,1000,0.7,d,3,407.0,45.464062500000004,6788000
6517,fiesta,8,200000,100000,0.1,d,2,356.6875,59.955133928571435,645120
6518,quicksilver,8,4000000,0,1.0,d,2,291.0,129.98348214285713,762710
6519,beatnik,8,2000,10000,0.7,d,2,405.0,108.09732142857145,19996182
6520,beatnik,8,40000,0,0.5,d,2,561.8325892857143,268.1138392857143,19996182
6521,kripke,8,4000,10000,0.7,d,3,354.0,18.009375000000002,302720
6522,amg,8,2000,1000000,0.1,d,1,340.0,10.424598214285714,106441449
6523,lammps,8,20000,1000,0.3,d,2,371.0,29.47392857142857,457408
6524,fiesta,8,4000,100,0.7,d,1,353.13839285714283,58.05647321428571,645120
6525,tricount,8,4000,0,1.0,d,0,411.0,236.77678571428572,7120960
6526,beatnik,8,2000,100,0.5,d,1,416.93526785714283,119.78125,19996182
6527,fiesta,8,20000,10000,0.3,d,2,374.890625,97.77104910714286,645120
6528,minife,8,4000,1000000,0.1,d,0,390.0,16.003504464285715,6788000
6529,minife,8,200000,1000,1.0,d,2,413.0,47.42433035714286,6788000
6530,amg,8,400000,100,0.3,d,1,360.0,44.080357142857146,106441449
6531,minivite,8,20000,100,0.5,d,1,422.48660714285717,83.26227678571429,24089720
6532,beatnik,8,4000000,10000,0.7,d,2,614.4107142857143,332.40401785714283,19996182
6533,fiesta,8,40000,0,0.3,d,2,378.609375,102.57834821428571,645120
6534,laghos,8,2000,1000000,1.0,d,2,331.0,56.89754464285714,801311390
6535,kripke,8,200000,1000,1.0,d,2,357.0,20.178794642857138,302720
6536,quicksilver,8,200000,1000000,0.3,d,0,298.0,136.8919419642857,762710
6537,laghos,8,40000,0,0.3,d,1,519.0,241.33482142857142,801311390
6538,quicksilver,8,400000,10000,0.7,d,3,300.8482142857143,138.74171875,762710
6539,tricount,8,2000000,100,1.0,d,0,550.0,374.44642857142856,7120960
6540,kripke,8,200000,100,0.5,d,0,357.0,20.603348214285713,302720
6541,fiesta,8,200000,1000000,0.7,d,0,353.28125,55.99397321428571,645120
6542,tricount,8,400000,100,0.3,d,3,551.0,377.171875,7120960
6543,quicksilver,8,200000,10000,0.3,d,3,293.0,131.7627901785714,762710
6544,amg,8,20000,0,0.7,d,0,380.0,44.213616071428575,106441449
6545,kripke,8,4000,0,0.3,d,0,354.0,16.881473214285712,302720
6546,kripke,8,20000,100000,0.1,d,2,356.0,18.07857142857143,302720
6547,laghos,8,2000,10000,0.7,d,1,348.0,72.42477678571429,801311390
6548,kripke,8,2000000,0,0.1,d,2,358.0,21.232812499999998,302720
6549,kripke,8,40000,1000,1.0,d,3,355.0,18.585491071428574,302720
6550,beatnik,8,200000,10000,0.3,d,3,522.7075892857143,232.06026785714286,19996182
6551,laghos,8,2000000,100,0.3,d,2,529.8482142857143,256.9955357142857,801311390
6552,minife,8,40000,100,0.7,d,0,440.0,50.705357142857146,6788000
6553,fiesta,8,4000,100000,0.5,d,1,357.3549107142857,78.13593749999998,645120
6554,minivite,8,40000,1000,0.7,d,0,389.0,70.78973214285713,24089720
6555,kripke,8,200000,0,0.7,d,3,360.0,22.7421875,302720
6556,laghos,8,40000,1000,1.0,d,3,552.0267857142857,272.07142857142856,801311390
6557,minivite,8,40000,10000,0.3,d,1,380.0,62.06004464285714,24089720
6558,lammps,8,20000,1000000,0.1,d,1,356.0,20.37915178571429,457408
6559,kripke,8,2000000,100000,0.5,d,3,360.0,22.72857142857143,302720
6560,tricount,8,4000,0,0.5,d,3,419.0,245.68080357142858,7120960
6561,lammps,8,400000,0,0.7,d,3,358.0,22.61875,457408
6562,minivite,8,4000000,1000,1.0,d,0,464.0,143.90625,24089720
6563,minivite,8,2000,100,1.0,d,0,387.0,65.49508928571429,24089720
6564,kripke,8,400000,10000,0.1,d,1,359.0,21.55111607142857,302720
6565,minife,8,200000,1000000,0.1,d,3,389.0,15.260580357142857,6788000
6566,laghos,8,4000,0,0.7,d,2,398.0,122.37946428571429,801311390
6567,minivite,8,4000000,100,1.0,d,1,457.0,136.61607142857142,24089720
6568,amg,8,2000000,0,0.7,d,0,354.0,37.451116071428565,106441449
6569,beatnik,8,200000,1000000,0.1,d,0,458.0,164.11160714285714,19996182
6570,quicksilver,8,4000,0,1.0,d,2,293.0,132.35879464285716,762710
6571,tricount,8,4000,10000,1.0,d,3,407.0,233.39508928571428,7120960
6572,kripke,8,200000,10000,0.7,d,0,358.0,22.18683035714286,302720
6573,minivite,8,4000000,1000000,0.3,d,2,406.0,86.68683035714285,24089720
6574,laghos,8,20000,100000,0.5,d,1,441.0,161.54464285714286,801311390
6575,laghos,8,2000,10000,1.0,d,3,346.0,71.75334821428571,801311390
6576,laghos,8,400000,100,0.5,d,0,561.0,287.9642857142857,801311390
6577,lammps,8,200000,0,0.1,d,1,357.0,21.756249999999998,457408
6578,fiesta,8,4000000,100000,0.7,d,0,363.58705357142856,89.44151785714287,645120
6579,amg,8,4000000,1000000,1.0,d,1,358.0,41.87678571428571,106441449
6580,lammps,8,4000,1000000,1.0,d,1,366.0,23.30395089285715,457408
6581,amg,8,200000,100000,1.0,d,1,357.0044642857143,36.931919642857146,106441449
6582,laghos,8,40000,10000,0.7,d,1,492.0,219.84598214285714,801311390
6583,minivite,8,200000,100,0.7,d,0,409.0,89.99174107142858,24089720
6584,kripke,8,2000000,1000000,1.0,d,1,358.0,20.81316964285714,302720
6585,kripke,8,4000,100000,1.0,d,2,358.0,19.087500000000002,302720
6586,minife,8,200000,100,0.1,d,2,400.0,30.401339285714283,6788000
6587,beatnik,8,400000,100000,0.7,d,1,542.7254464285714,251.18303571428572,19996182
6588,kripke,8,20000,1000000,0.7,d,3,356.0,18.61986607142857,302720
6589,lammps,8,400000,100000,1.0,d,2,368.0,33.628571428571426,457408
6590,quicksilver,8,4000,1000000,1.0,d,0,291.0,130.12042410714284,762710
6591,lammps,8,20000,100,0.1,d,2,373.0,32.75,457408
6592,tricount,8,400000,1000,1.0,d,2,583.0,408.59598214285717,7120960
6593,beatnik,8,400000,1000000,0.5,d,2,441.08482142857144,152.22544642857142,19996182
6594,laghos,8,4000,100,0.3,d,2,401.0,127.78348214285714,801311390
6595,kripke,8,4000,100000,0.3,d,0,357.0,18.578125,302720
6596,amg,8,40000,1000,0.7,d,0,351.0,25.035044642857144,106441449
6597,minife,8,400000,0,0.5,d,0,409.0,48.94107142857143,6788000
6598,beatnik,8,40000,0,1.0,d,3,454.25892857142856,161.93973214285714,19996182
6599,minivite,8,200000,1000,0.7,d,0,391.0,72.02879464285715,24089720
6600,minife,8,40000,100000,0.7,d,1,388.0,18.696875000000002,6788000
6601,laghos,8,4000000,10000,0.5,d,0,579.0,307.4330357142857,801311390
6602,amg,8,40000,100,0.7,d,3,349.0,23.221205357142857,106441449
6603,tricount,8,2000,1000000,1.0,d,0,413.0,238.27455357142858,7120960
6604,lammps,8,20000,0,0.1,d,3,352.0,14.126651785714285,457408
6605,kripke,8,2000000,1000,1.0,d,0,359.0,21.50848214285714,302720
6606,lammps,8,4000000,100,1.0,d,3,373.0,41.00848214285714,457408
6607,tricount,8,20000,10000,1.0,d,3,421.0,241.765625,7120960
6608,quicksilver,8,2000000,10000,0.5,d,0,306.0,143.9953125,762710
6609,minife,8,4000000,100,0.7,d,3,406.0,43.048660714285724,6788000
6610,beatnik,8,4000000,100000,0.5,d,1,501.171875,212.40848214285714,19996182
6611,beatnik,8,400000,100,0.3,d,2,621.4263392857143,333.1763392857143,19996182
6612,tricount,8,2000000,100000,0.5,d,2,598.0,424.46205357142856,7120960
6613,beatnik,8,4000000,1000000,1.0,d,0,645.6741071428571,362.02455357142856,19996182
6614,fiesta,8,400000,1000,0.5,d,0,353.02901785714283,62.25111607142857,645120
6615,amg,8,200000,1000000,0.3,d,1,345.0,18.968973214285715,106441449
6616,quicksilver,8,400000,100,1.0,d,1,294.0,133.14881696428571,762710
6617,tricount,8,2000,1000000,0.5,d,0,408.0,234.79241071428572,7120960
6618,beatnik,8,4000,1000,0.1,d,2,433.7075892857143,136.99330357142858,19996182
6619,quicksilver,8,20000,1000,0.7,d,0,293.0,132.2171875,762710
6620,amg,8,2000,1000000,0.7,d,0,343.0,13.201785714285714,106441449
6621,lammps,8,2000000,0,1.0,d,0,378.0,42.513392857142854,457408
6622,laghos,8,4000,1000,1.0,d,3,365.0,90.95624999999998,801311390
6623,kripke,8,20000,0,0.1,d,2,355.0,18.518973214285715,302720
6624,amg,8,4000000,0,1.0,d,1,364.0,44.66383928571429,106441449
6625,minife,8,4000000,10000,0.5,d,2,406.0,44.01160714285714,6788000
6626,minivite,8,40000,1000,0.1,d,2,416.0,83.3359375,24089720
6627,amg,8,20000,100,0.5,d,0,346.0,18.550000000000004,106441449
6628,minife,8,4000,0,1.0,d,3,388.0,15.096897321428571,6788000
6629,minife,8,40000,10000,0.7,d,0,388.0,18.725446428571427,6788000
6630,minife,8,200000,1000,0.5,d,2,408.0,43.183035714285715,6788000
6631,laghos,8,4000,100000,0.1,d,1,368.0,94.66897321428571,801311390
6632,lammps,8,40000,10000,0.1,d,2,347.0,10.927410714285713,457408
6633,quicksilver,8,2000000,100000,0.7,d,3,294.0,132.9665625,762710
6634,amg,8,400000,1000,0.5,d,2,364.0,45.70424107142856,106441449
6635,kripke,8,40000,1000,0.7,d,2,386.0,32.56071428571429,302720
6636,fiesta,8,400000,1000,0.5,d,3,359.0044642857143,73.72924107142856,645120
6637,minivite,8,4000000,0,0.5,d,3,407.0,85.53816964285714,24089720
6638,minife,8,4000000,100,0.3,d,3,405.0,40.291071428571435,6788000
6639,tricount,8,4000,0,0.1,d,1,425.0,250.86383928571428,7120960
6640,minife,8,400000,100,0.3,d,1,412.0,55.862053571428575,6788000
6641,laghos,8,4000,10000,0.1,d,1,365.0,88.31428571428572,801311390
6642,kripke,8,2000000,0,0.5,d,3,358.0,21.530133928571427,302720
6643,minivite,8,20000,10000,0.7,d,2,412.0,79.36830357142857,24089720
6644,beatnik,8,2000000,100000,0.1,d,3,503.99107142857144,206.29017857142858,19996182
6645,amg,8,2000000,10000,0.7,d,0,365.0,47.74843750000001,106441449
6646,minife,8,40000,10000,0.5,d,0,389.0,19.813839285714288,6788000
6647,minivite,8,4000000,0,1.0,d,3,470.0,148.02455357142858,24089720
6648,kripke,8,20000,1000000,0.5,d,1,356.0,18.0546875,302720
6649,quicksilver,8,2000,0,0.5,d,1,299.0,137.04316964285712,762710
6650,tricount,8,4000,100,0.7,d,2,406.0,232.71428571428572,7120960
6651,tricount,8,4000000,0,0.7,d,2,513.0,339.34151785714283,7120960
6652,laghos,8,40000,100000,0.3,d,3,418.0,142.88392857142858,801311390
6653,lammps,8,20000,100000,0.7,d,1,352.0,16.814508928571428,457408
6654,laghos,8,2000000,100,0.5,d,3,604.0,328.15401785714283,801311390
6655,minife,8,40000,0,1.0,d,0,450.0,59.99464285714286,6788000
6656,fiesta,8,4000000,10000,0.1,d,3,357.95089285714283,67.68683035714285,645120
6657,laghos,8,40000,10000,0.3,d,0,464.0,191.13616071428572,801311390
6658,fiesta,8,4000000,1000,0.5,d,3,356.49107142857144,76.81540178571429,645120
6659,beatnik,8,400000,100,0.1,d,2,564.09375,268.45535714285717,19996182
6660,amg,8,40000,100,0.1,d,2,372.0,37.57165178571428,106441449
6661,fiesta,8,4000,0,0.5,d,3,358.38169642857144,70.48325892857143,645120
6662,laghos,8,2000000,1000000,0.5,d,2,546.0,268.35044642857144,801311390
6663,quicksilver,8,4000,10000,0.7,d,3,292.0,130.83098214285715,762710
6664,kripke,8,2000,10000,0.3,d,1,358.0,18.818303571428572,302720
6665,kripke,8,400000,1000,0.3,d,3,360.0,22.746651785714285,302720
6666,amg,8,2000,0,0.7,d,0,341.0,11.121473214285714,106441449
6667,minife,8,2000,10000,1.0,d,1,389.0,15.663214285714286,6788000
6668,laghos,8,4000000,100000,0.1,d,0,517.0,240.97098214285714,801311390
6669,minife,8,2000000,0,0.5,d,3,404.0,40.66473214285714,6788000
6670,tricount,8,40000,1000000,0.5,d,1,421.0,247.13616071428572,7120960
6671,lammps,8,20000,0,1.0,d,2,355.0,19.030691964285715,457408
6672,lammps,8,2000000,10000,1.0,d,3,356.0,23.450223214285717,457408
6673,minife,8,20000,100,0.1,d,2,389.0,16.577120535714286,6788000
6674,tricount,8,200000,1000000,1.0,d,2,480.0,305.56026785714283,7120960
6675,amg,8,2000000,100000,1.0,d,3,355.0,39.59508928571428,106441449
6676,lammps,8,4000000,100,1.0,d,1,361.0,25.31763392857143,457408
6677,beatnik,8,200000,1000,0.5,d,3,504.9486607142857,217.11607142857142,19996182
6678,tricount,8,2000,1000000,1.0,d,2,424.0,250.18526785714286,7120960
6679,lammps,8,400000,100,0.7,d,3,363.0,26.18370535714286,457408
6680,kripke,8,200000,1000000,0.1,d,3,356.0,18.3,302720
6681,minife,8,2000,10000,0.5,d,0,384.0,12.154977678571429,6788000
6682,fiesta,8,20000,10000,0.5,d,3,388.43973214285717,121.26176339285715,645120
6683,amg,8,200000,1000000,1.0,d,1,350.0,27.03616071428571,106441449
6684,laghos,8,4000,0,0.5,d,1,440.0,165.04910714285714,801311390
6685,tricount,8,2000,100,0.5,d,1,410.0,236.88392857142858,7120960
6686,lammps,8,2000,10000,0.3,d,1,363.0,29.058928571428574,457408
6687,quicksilver,8,20000,1000000,0.5,d,3,300.0,138.50808035714286,762710
6688,laghos,8,40000,100,0.7,d,1,490.04017857142856,218.28794642857142,801311390
6689,kripke,8,4000,1000000,0.3,d,2,355.0,17.49375,302720
6690,amg,8,4000000,100,0.1,d,3,358.0,38.91696428571429,106441449
6691,amg,8,40000,100,0.5,d,1,351.0,25.824776785714285,106441449
6692,kripke,8,2000000,100,1.0,d,0,358.0,21.3515625,302720
6693,lammps,8,4000,100,0.1,d,0,355.0,17.67651785714286,457408
6694,quicksilver,8,4000,10000,1.0,d,1,306.0,142.76241071428572,762710
6695,beatnik,8,400000,100000,0.1,d,1,458.46875,166.29241071428572,19996182
6696,kripke,8,2000000,100000,0.3,d,0,357.0,20.31450892857143,302720
6697,fiesta,8,4000000,1000,0.3,d,1,356.72544642857144,60.94024553571429,645120
6698,amg,8,4000000,1000,0.1,d,1,363.0,44.778571428571425,106441449
6699,laghos,8,2000000,100000,0.5,d,3,593.0,322.31473214285717,801311390
6700,tricount,8,2000000,1000000,0.1,d,2,441.0,267.16294642857144,7120960
6701,fiesta,8,400000,1000,0.7,d,2,354.3125,62.67142857142857,645120
6702,kripke,8,4000000,10000,0.3,d,2,359.0,21.868080357142855,302720
6703,amg,8,2000000,1000,0.5,d,1,355.0,37.80848214285714,106441449
6704,tricount,8,40000,1000,0.1,d,2,439.0,264.79910714285717,7120960
6705,lammps,8,2000,0,0.1,d,1,366.0,20.94513392857143,457408
6706,beatnik,8,200000,100,0.3,d,0,495.36160714285717,207.01116071428572,19996182
6707,quicksilver,8,20000,100000,0.3,d,3,292.0,131.3603125,762710
6708,beatnik,8,2000,1000000,0.1,d,1,410.0,112.37053571428571,19996182
6709,minife,8,4000000,1000,0.1,d,1,423.0,58.85758928571429,6788000
6710,beatnik,8,4000,100,0.3,d,1,446.53125,153.25892857142858,19996182
6711,kripke,8,4000,1000,1.0,d,2,366.0,22.3875,302720
6712,fiesta,8,4000000,100000,0.5,d,0,353.89732142857144,60.236383928571435,645120
6713,lammps,8,2000,100,0.7,d,1,355.0,19.65140625,457408
6714,tricount,8,200000,10000,0.5,d,2,659.0,480.55357142857144,7120960
6715,minife,8,200000,100,0.1,d,3,397.96875,27.8546875,6788000
6716,minivite,8,200000,0,0.7,d,3,411.0,90.3870535714286,24089720
6717,beatnik,8,4000000,0,0.7,d,2,494.0267857142857,200.86830357142858,19996182
6718,beatnik,8,4000,100000,0.1,d,3,410.13839285714283,112.484375,19996182
6719,lammps,8,40000,100,1.0,d,0,355.0,15.064151785714285,457408
6720,fiesta,8,4000,100,0.7,d,0,352.85267857142856,58.04017857142857,645120
6721,minivite,8,4000000,1000000,0.1,d,3,414.0,93.7546875,24089720
6722,minivite,8,2000,1000,0.5,d,1,381.0,58.979687500000004,24089720
6723,quicksilver,8,4000000,0,0.7,d,3,292.0,131.09198660714284,762710
6724,fiesta,8,40000,0,0.1,d,1,355.81919642857144,56.151339285714286,645120
6725,lammps,8,200000,100,0.7,d,2,362.0,27.679799107142856,457408
6726,laghos,8,2000000,0,0.1,d,3,451.0,177.14955357142858,801311390
6727,minife,8,2000,1000,0.3,d,0,383.0,12.005066964285716,6788000
6728,lammps,8,2000000,10000,0.1,d,1,362.0,27.556473214285713,457408
6729,minivite,8,40000,0,0.5,d,2,393.0,73.11294642857142,24089720
6730,kripke,8,4000000,100,0.3,d,1,358.0,21.098214285714285,302720
6731,tricount,8,2000,10000,0.7,d,1,387.0,212.74553571428572,7120960
6732,kripke,8,40000,10000,0.3,d,0,355.0,18.0125,302720
6733,laghos,8,2000000,100000,0.7,d,2,549.0,277.4955357142857,801311390
6734,tricount,8,400000,100,0.5,d,3,567.0,393.36830357142856,7120960
6735,tricount,8,20000,100000,0.5,d,2,431.0,256.6138392857143,7120960
6736,kripke,8,2000000,0,0.3,d,2,359.0,22.2,302720
6737,lammps,8,200000,100000,0.3,d,2,357.0,21.04732142857143,457408
6738,beatnik,8,20000,1000000,0.5,d,2,405.9419642857143,112.58258928571429,19996182
6739,lammps,8,200000,100000,0.7,d,1,360.0,24.254017857142856,457408
6740,minife,8,4000,100,0.3,d,2,404.0,24.036741071428573,6788000
6741,fiesta,8,200000,100,0.1,d,3,357.16964285714283,63.01607142857142,645120
6742,minivite,8,2000000,1000000,1.0,d,1,423.0,104.27499999999999,24089720
6743,kripke,8,2000,10000,1.0,d,0,357.0,18.08638392857143,302720
6744,lammps,8,4000000,100,1.0,d,2,382.0,50.34017857142857,457408
6745,tricount,8,2000,0,0.7,d,2,409.0,235.25,7120960
6746,amg,8,2000,1000,1.0,d,3,347.0,18.365848214285712,106441449
6747,fiesta,8,4000,1000,0.7,d,0,359.5357142857143,75.35647321428573,645120
6748,quicksilver,8,2000000,1000,0.5,d,1,294.0,132.9124107142857,762710
6749,lammps,8,200000,1000,0.5,d,2,362.0,27.85178571428571,457408
6750,amg,8,2000,0,0.7,d,3,345.0,14.990178571428572,106441449
6751,minife,8,2000000,100,0.1,d,1,419.0,59.448660714285715,6788000
6752,laghos,8,4000000,100000,0.1,d,1,534.0,262.45535714285717,801311390
6753,tricount,8,200000,100,1.0,d,0,517.0,343.0357142857143,7120960
6754,laghos,8,40000,10000,0.3,d,1,478.0,199.60714285714286,801311390
6755,minife,8,400000,0,0.1,d,2,412.0,45.025669642857146,6788000
6756,quicksilver,8,200000,100,0.1,d,2,303.13839285714283,141.38781250000002,762710
6757,laghos,8,400000,0,0.5,d,0,612.0,341.54464285714283,801311390
6758,tricount,8,400000,0,1.0,d,0,591.0,417.4575892857143,7120960
6759,beatnik,8,20000,1000,1.0,d,3,429.0,132.39955357142858,19996182
6760,quicksilver,8,400000,10000,0.3,d,0,291.0,130.39183035714285,762710
6761,minivite,8,400000,100000,0.7,d,2,412.0,94.55736607142856,24089720
6762,laghos,8,200000,1000,0.3,d,1,564.0,290.85714285714283,801311390
6763,kripke,8,2000000,100,0.7,d,1,358.0,20.464285714285715,302720
6764,minivite,8,4000,1000000,0.3,d,2,375.0,56.91205357142858,24089720
6765,tricount,8,4000000,0,0.1,d,2,555.0,379.34151785714283,7120960
6766,tricount,8,200000,10000,0.3,d,1,561.0,387.15625,7120960
6767,minivite,8,4000000,1000,0.7,d,0,414.0,95.46919642857142,24089720
6768,amg,8,4000,1000,0.7,d,0,355.0,22.97142857142857,106441449
6769,minivite,8,4000,10000,1.0,d,1,381.0,60.59263392857144,24089720
6770,minivite,8,2000000,1000,0.5,d,1,418.0,99.72745535714284,24089720
6771,amg,8,2000,1000000,0.3,d,1,342.0,12.352633928571427,106441449
6772,minivite,8,2000,100000,0.1,d,3,379.0,58.83526785714287,24089720
6773,tricount,8,4000000,10000,0.7,d,0,526.0,352.09375,7120960
6774,minivite,8,20000,1000000,0.3,d,3,378.0,57.668973214285714,24089720
6775,tricount,8,4000000,100000,0.5,d,2,626.0,451.40401785714283,7120960
6776,minife,8,400000,1000000,1.0,d,1,407.0,38.904017857142854,6788000
6777,beatnik,8,2000000,100000,1.0,d,3,606.5870535714286,313.3013392857143,19996182
6778,fiesta,8,200000,100000,1.0,d,1,356.60044642857144,58.567410714285714,645120
6779,kripke,8,20000,100000,1.0,d,1,369.0,24.549107142857142,302720
6780,beatnik,8,4000000,100000,0.5,d,0,501.10714285714283,212.32366071428572,19996182
6781,lammps,8,200000,1000000,0.5,d,2,353.11830357142856,20.33767857142857,457408
6782,minife,8,400000,100,0.7,d,3,408.0,43.307589285714286,6788000
6783,kripke,8,4000,1000,0.7,d,2,353.0,16.770982142857143,302720
6784,lammps,8,2000,1000,0.3,d,1,350.0,16.203348214285715,457408
6785,tricount,8,2000,100000,0.1,d,0,425.0,251.52008928571428,7120960
6786,minivite,8,4000,1000,0.7,d,2,387.0,64.42008928571428,24089720
6787,kripke,8,2000,1000,0.3,d,3,354.0,17.50513392857143,302720
6788,quicksilver,8,2000000,100000,0.3,d,1,300.0,138.0895982142857,762710
6789,fiesta,8,2000,1000000,0.3,d,0,352.38169642857144,56.916071428571435,645120
6790,minife,8,40000,100000,0.5,d,1,387.0,17.358013392857142,6788000
6791,beatnik,8,2000,0,0.7,d,0,408.0,110.70825892857144,19996182
6792,minife,8,2000000,1000000,0.7,d,0,405.0,39.24308035714286,6788000
6793,kripke,8,4000,1000000,0.1,d,0,353.0,16.640848214285715,302720
6794,beatnik,8,200000,1000000,0.5,d,0,421.0,127.46205357142857,19996182
6795,minivite,8,4000,100000,0.5,d,2,371.0,50.784151785714286,24089720
6796,lammps,8,2000,1000,0.3,d,0,358.0,17.926875,457408
6797,amg,8,4000000,1000000,1.0,d,3,361.0,41.79508928571429,106441449
6798,amg,8,2000000,100000,0.3,d,2,359.0,38.91830357142857,106441449
6799,laghos,8,4000000,100000,0.3,d,2,580.0,308.49330357142856,801311390
6800,minife,8,20000,1000000,0.5,d,1,387.0,14.776250000000001,6788000
6801,beatnik,8,4000,0,0.1,d,3,418.9955357142857,123.15178571428571,19996182
6802,tricount,8,4000,0,0.1,d,2,417.0,243.1875,7120960
6803,fiesta,8,2000000,10000,0.3,d,3,355.6294642857143,66.64866071428571,645120
6804,quicksilver,8,20000,0,0.5,d,2,295.0,133.5515625,762710
6805,quicksilver,8,200000,100000,0.1,d,3,301.0,139.30017857142857,762710
6806,fiesta,8,20000,0,0.7,d,0,352.8950892857143,59.62410714285714,645120
6807,lammps,8,4000000,1000000,0.3,d,3,360.0,22.541651785714286,457408
6808,tricount,8,40000,100,0.3,d,3,429.0,249.56919642857142,7120960
6809,fiesta,8,400000,100000,0.7,d,3,353.4017857142857,59.7796875,645120
6810,laghos,8,2000000,1000000,1.0,d,0,590.0,318.45982142857144,801311390
6811,beatnik,8,200000,100000,0.7,d,0,471.7388392857143,177.14732142857142,19996182
6812,lammps,8,200000,1000000,0.1,d,0,358.0,23.293348214285714,457408
6813,fiesta,8,40000,1000,0.3,d,1,381.59598214285717,101.17276785714284,645120
6814,minife,8,2000,10000,0.3,d,1,388.0,14.48625,6788000
6815,tricount,8,400000,1000,0.1,d,2,520.0,345.33035714285717,7120960
6816,tricount,8,200000,10000,0.7,d,3,512.0,337.53348214285717,7120960
6817,beatnik,8,400000,1000000,0.5,d,1,438.71651785714283,145.890625,19996182
6818,fiesta,8,2000000,100,0.5,d,2,354.48660714285717,60.62611607142857,645120
6819,kripke,8,200000,0,0.3,d,0,357.0,19.81227678571429,302720
6820,lammps,8,40000,1000,0.1,d,3,358.0,18.468683035714285,457408
6821,tricount,8,2000000,100000,0.3,d,3,560.0,386.75223214285717,7120960
6822,tricount,8,20000,10000,0.3,d,0,418.0,244.88392857142858,7120960
6823,lammps,8,20000,100,0.1,d,3,353.0,15.7990625,457408
6824,fiesta,8,40000,0,0.5,d,0,381.13839285714283,104.09888392857144,645120
6825,minife,8,2000000,100000,0.7,d,3,411.0,51.489285714285714,6788000
6826,minife,8,200000,10000,0.3,d,3,403.0,36.81495535714286,6788000
6827,beatnik,8,20000,100000,1.0,d,1,421.6049107142857,123.10267857142857,19996182
6828,fiesta,8,200000,0,1.0,d,2,372.1830357142857,109.93011160714286,645120
6829,minivite,8,200000,1000,1.0,d,0,419.0,95.39642857142859,24089720
6830,kripke,8,2000,100000,0.5,d,3,356.0,18.602455357142855,302720
6831,minife,8,400000,100000,0.3,d,1,404.0,36.7640625,6788000
6832,lammps,8,400000,100000,0.1,d,1,357.0,20.445089285714285,457408
6833,fiesta,8,20000,1000000,0.5,d,3,354.4107142857143,60.33482142857143,645120
6834,tricount,8,400000,1000,0.5,d,2,538.0,364.0736607142857,7120960
6835,quicksilver,8,2000,100,0.7,d,3,294.0,133.19680803571427,762710
6836,beatnik,8,200000,1000,0.7,d,1,550.9955357142857,263.16964285714283,19996182
6837,quicksilver,8,2000,100000,0.1,d,0,296.06919642857144,135.0145982142857,762710
6838,laghos,8,20000,0,0.3,d,0,462.0,190.16964285714286,801311390
6839,beatnik,8,400000,1000000,0.3,d,3,428.234375,136.16071428571428,19996182
6840,lammps,8,20000,100000,1.0,d,2,357.0,17.517991071428572,457408
6841,lammps,8,4000,100000,1.0,d,2,354.0,17.028593750000002,457408
6842,quicksilver,8,40000,10000,0.7,d,3,294.0,132.79323660714286,762710
6843,amg,8,2000,100,0.5,d,0,341.0,11.654732142857142,106441449
6844,tricount,8,2000000,100,0.5,d,1,541.0,368.015625,7120960
6845,quicksilver,8,4000,0,0.1,d,1,292.0,131.10091517857143,762710
6846,kripke,8,200000,1000000,0.7,d,3,355.0,18.75848214285714,302720
6847,tricount,8,400000,100000,0.3,d,0,505.0,331.22544642857144,7120960
6848,fiesta,8,40000,1000,0.7,d,0,352.8125,56.54955357142857,645120
6849,lammps,8,20000,0,0.7,d,0,352.0,17.28642857142857,457408
6850,quicksilver,8,2000,10000,0.7,d,0,293.0,131.89624999999998,762710
6851,tricount,8,2000000,100,0.5,d,2,545.0,371.24776785714283,7120960
6852,tricount,8,4000,10000,0.3,d,0,418.0,241.83035714285714,7120960
6853,amg,8,20000,10000,0.3,d,2,343.0,14.154464285714285,106441449
6854,beatnik,8,2000000,100000,1.0,d,0,592.59375,303.95535714285717,19996182
6855,amg,8,40000,100,1.0,d,2,397.0,62.16361607142857,106441449
6856,beatnik,8,4000,1000000,0.7,d,3,431.0825892857143,138.125,19996182
6857,minife,8,2000000,100,0.1,d,2,405.0,39.605803571428574,6788000
6858,fiesta,8,2000,1000,0.3,d,3,363.2075892857143,80.84598214285714,645120
6859,minivite,8,200000,0,0.5,d,2,411.0,92.65334821428571,24089720
6860,minivite,8,20000,1000,0.3,d,3,377.0,59.332142857142856,24089720
6861,kripke,8,400000,100,0.7,d,1,369.0,29.428794642857138,302720
6862,minivite,8,400000,1000000,0.1,d,1,402.0,81.30825892857142,24089720
6863,fiesta,8,40000,10000,0.5,d,3,353.18973214285717,55.37633928571429,645120
6864,fiesta,8,2000000,1000000,0.5,d,2,353.29464285714283,57.867633928571436,645120
6865,lammps,8,20000,10000,0.7,d,3,354.0,17.227611607142858,457408
6866,minivite,8,2000,10000,0.1,d,3,380.0,57.136383928571426,24089720
6867,quicksilver,8,4000000,1000000,0.7,d,1,294.0,133.28651785714285,762710
6868,minife,8,4000,1000,0.3,d,1,405.0,24.51321428571429,6788000
6869,amg,8,40000,10000,0.7,d,1,345.0,19.095535714285713,106441449
6870,amg,8,40000,0,0.1,d,0,351.0,25.183482142857144,106441449
6871,lammps,8,400000,10000,1.0,d,1,360.0,25.317410714285717,457408
6872,lammps,8,4000,10000,0.5,d,1,352.0,17.67854910714286,457408
6873,beatnik,8,200000,100000,0.1,d,0,459.515625,165.56026785714286,19996182
6874,tricount,8,4000000,1000,0.7,d,2,606.0,432.70982142857144,7120960
6875,minife,8,4000,0,0.3,d,0,392.0,18.360669642857143,6788000
6876,laghos,8,40000,100,1.0,d,0,497.0,225.51785714285714,801311390
6877,amg,8,200000,100000,0.7,d,3,353.0,32.76495535714286,106441449
6878,beatnik,8,4000000,1000,0.5,d,3,964.7946428571429,683.5669642857143,19996182
6879,minife,8,2000000,100000,0.7,d,0,408.0,44.10513392857143,6788000
6880,amg,8,4000,10000,0.5,d,3,355.0,23.844776785714284,106441449
6881,quicksilver,8,4000,1000,0.1,d,0,312.02901785714283,142.6671875,762710
6882,beatnik,8,200000,0,0.5,d,2,527.9308035714286,234.09598214285714,19996182
6883,fiesta,8,4000,0,0.1,d,2,355.5513392857143,56.41272321428572,645120
6884,minife,8,2000,1000,0.5,d,2,385.0,13.169754464285715,6788000
6885,tricount,8,20000,100000,0.7,d,2,420.0,244.78125,7120960
6886,amg,8,2000000,0,0.1,d,0,351.0,33.8453125,106441449
6887,minivite,8,40000,0,1.0,d,0,393.0,73.06450892857143,24089720
6888,beatnik,8,4000,100,1.0,d,1,434.6830357142857,135.22321428571428,19996182
6889,fiesta,8,400000,1000000,0.7,d,2,359.06473214285717,74.40267857142855,645120
6890,fiesta,8,400000,100,0.3,d,2,353.27232142857144,58.87611607142857,645120
6891,lammps,8,4000000,0,0.5,d,1,402.0,72.37321428571428,457408
6892,fiesta,8,40000,0,1.0,d,0,355.8125,59.142633928571435,645120
6893,amg,8,400000,0,0.1,d,0,363.0,45.93236607142857,106441449
6894,tricount,8,2000000,10000,0.3,d,1,630.0,456.97767857142856,7120960
6895,minife,8,2000,100000,0.1,d,0,391.0,16.661406250000002,6788000
6896,quicksilver,8,40000,0,0.3,d,1,294.0,133.1224107142857,762710
6897,kripke,8,20000,10000,0.5,d,1,355.0,17.8421875,302720
6898,beatnik,8,400000,1000000,0.1,d,3,426.0,128.88616071428572,19996182
6899,beatnik,8,40000,100000,0.7,d,2,463.4017857142857,168.33705357142858,19996182
6900,kripke,8,2000000,0,0.3,d,3,358.0,21.03705357142857,302720
6901,kripke,8,400000,0,1.0,d,1,359.0,21.243080357142862,302720
6902,quicksilver,8,4000,10000,0.1,d,0,300.0,137.35178571428574,762710
6903,beatnik,8,200000,10000,0.5,d,2,524.5803571428571,235.34821428571428,19996182
6904,lammps,8,4000000,1000000,0.1,d,1,362.0,23.934955357142854,457408
6905,kripke,8,2000,1000000,0.7,d,2,354.0,17.0921875,302720
6906,lammps,8,40000,1000000,0.5,d,1,345.0,12.687790178571428,457408
6907,amg,8,2000,1000000,0.5,d,3,340.0,10.512544642857142,106441449
6908,kripke,8,20000,1000,0.1,d,3,371.0,24.956026785714283,302720
6909,minivite,8,20000,100000,0.1,d,0,375.0,52.6578125,24089720
6910,minivite,8,400000,10000,0.3,d,0,403.0,84.54486607142857,24089720
6911,lammps,8,40000,0,1.0,d,1,372.0,31.95301339285714,457408
6912,lammps,8,40000,1000,0.1,d,2,351.0,15.664263392857142,457408
6913,minivite,8,4000,100000,1.0,d,0,392.0,72.40580357142856,24089720
6914,minivite,8,400000,100000,0.7,d,1,399.0,80.42857142857143,24089720
6915,quicksilver,8,2000000,100,0.5,d,2,301.0,139.44098214285717,762710
6916,tricount,8,20000,100000,1.0,d,2,408.0,234.49553571428572,7120960
6917,kripke,8,2000,100,0.5,d,0,353.0,17.037053571428572,302720
6918,minife,8,200000,100000,0.3,d,2,402.0,35.83794642857142,6788000
6919,minife,8,2000000,1000,0.3,d,2,408.0,46.191294642857144,6788000
6920,quicksilver,8,2000000,10000,0.3,d,2,298.8705357142857,136.90551339285713,762710
6921,lammps,8,2000,100000,0.5,d,1,352.0,16.40734375,457408
6922,quicksilver,8,200000,0,0.1,d,0,301.0,139.16497767857143,762710
6923,amg,8,4000,1000000,1.0,d,1,343.0,13.808571428571428,106441449
6924,kripke,8,4000000,100000,0.1,d,1,358.0,21.65558035714286,302720
6925,quicksilver,8,20000,1000,0.7,d,1,290.0,128.95741071428571,762710
6926,kripke,8,40000,100000,1.0,d,3,375.0,27.181696428571428,302720
6927,tricount,8,40000,1000000,0.1,d,2,423.0,249.20089285714286,7120960
6928,amg,8,200000,10000,0.7,d,1,357.0,40.051116071428574,106441449
6929,lammps,8,4000,100000,0.7,d,2,349.0,13.848504464285714,457408
6930,tricount,8,40000,100,0.7,d,3,419.0,245.68973214285714,7120960
6931,beatnik,8,2000000,1000,0.5,d,1,554.984375,268.5825892857143,19996182
6932,minife,8,400000,100000,1.0,d,3,407.0,43.714508928571426,6788000
6933,amg,8,2000,1000000,0.1,d,2,344.0,14.504620535714285,106441449
6934,amg,8,200000,0,1.0,d,1,360.0,40.747098214285714,106441449
6935,fiesta,8,20000,0,1.0,d,1,401.93526785714283,134.4180580357143,645120
6936,minivite,8,2000,100000,0.7,d,3,381.0,63.035937499999996,24089720
6937,quicksilver,8,2000,0,1.0,d,2,298.0,136.05345982142856,762710
6938,quicksilver,8,20000,1000,0.1,d,2,306.0,139.61229910714286,762710
6939,minife,8,4000000,100,0.1,d,2,406.0,41.737500000000004,6788000
6940,minife,8,2000000,10000,0.3,d,0,410.0,47.234375,6788000
6941,fiesta,8,4000000,0,1.0,d,2,356.859375,63.36562500000001,645120
6942,beatnik,8,4000000,1000000,1.0,d,1,636.8549107142857,347.6049107142857,19996182
6943,tricount,8,2000000,100000,0.7,d,1,593.0,419.3705357142857,7120960
6944,tricount,8,2000000,0,0.5,d,1,546.0,372.35044642857144,7120960
6945,fiesta,8,40000,10000,0.5,d,0,353.16294642857144,61.15491071428572,645120
6946,minife,8,200000,100,0.3,d,3,411.0,49.59799107142857,6788000
6947,minife,8,4000,100,0.7,d,1,398.0,21.98247767857143,6788000
6948,laghos,8,2000000,100,1.0,d,2,588.0,316.77901785714283,801311390
6949,quicksilver,8,400000,0,1.0,d,0,292.0,130.76787946428573,762710
6950,amg,8,4000000,1000,0.7,d,0,463.0,132.45513392857143,106441449
6951,minivite,8,400000,1000000,0.3,d,1,394.0,76.74151785714285,24089720
6952,fiesta,8,200000,10000,0.1,d,1,372.234375,106.87147321428571,645120
6953,beatnik,8,400000,1000000,1.0,d,3,498.0,203.54241071428572,19996182
6954,lammps,8,2000000,1000000,0.1,d,3,371.0,36.96875,457408
6955,beatnik,8,200000,100000,0.1,d,1,422.9955357142857,132.05580357142858,19996182
6956,amg,8,4000,100000,1.0,d,3,340.0,10.90578125,106441449
6957,amg,8,2000000,1000000,1.0,d,2,355.0,35.777008928571426,106441449
6958,lammps,8,200000,0,1.0,d,1,371.0,41.369107142857146,457408
6959,quicksilver,8,2000,0,0.7,d,3,302.07142857142856,140.46270089285716,762710
6960,amg,8,400000,10000,0.5,d,1,363.0,44.27321428571429,106441449
6961,minife,8,400000,1000,0.7,d,1,411.0,50.54531250000001,6788000
6962,quicksilver,8,40000,1000,0.7,d,3,292.36160714285717,130.74638392857142,762710
6963,beatnik,8,2000000,10000,0.5,d,2,516.78125,222.97544642857142,19996182
6964,laghos,8,4000,100,0.1,d,1,439.0,166.02678571428572,801311390
6965,tricount,8,4000000,100000,0.5,d,3,605.0,431.72767857142856,7120960
6966,lammps,8,2000,1000,0.3,d,2,355.0,17.51625,457408
6967,amg,8,4000,0,1.0,d,3,351.0,20.5703125,106441449
6968,amg,8,400000,100000,0.5,d,1,361.0,41.503125000000004,106441449
6969,kripke,8,2000,10000,0.1,d,3,355.0,17.622767857142858,302720
6970,laghos,8,200000,1000000,0.5,d,1,442.0,169.11383928571428,801311390
6971,tricount,8,2000000,0,0.1,d,1,487.0,311.11607142857144,7120960
6972,kripke,8,2000,1000,0.1,d,0,368.0,23.35200892857143,302720
6973,minife,8,2000000,1000000,0.5,d,0,402.0,37.880580357142854,6788000
6974,kripke,8,2000000,1000000,0.1,d,2,355.0,17.95669642857143,302720
6975,fiesta,8,400000,1000000,0.7,d,0,353.6830357142857,62.446875,645120
6976,amg,8,2000000,100,0.1,d,0,355.0,38.29575892857143,106441449
6977,laghos,8,2000000,100000,0.1,d,3,535.0,263.0513392857143,801311390
6978,fiesta,8,200000,10000,1.0,d,1,362.6674107142857,74.01868303571428,645120
6979,laghos,8,4000000,0,1.0,d,0,530.0,255.06026785714286,801311390
6980,beatnik,8,2000000,100000,0.5,d,0,517.9397321428571,225.08705357142858,19996182
6981,kripke,8,2000000,10000,0.7,d,1,359.0,21.57879464285714,302720
6982,fiesta,8,200000,10000,0.5,d,2,356.19419642857144,60.489732142857136,645120
6983,minivite,8,20000,1000,0.3,d,0,423.0,80.90290178571429,24089720
6984,kripke,8,20000,100,1.0,d,3,387.0,33.509821428571435,302720
6985,quicksilver,8,2000,1000000,0.7,d,1,301.0,140.12439732142857,762710
6986,kripke,8,400000,0,0.5,d,0,359.0,21.815401785714283,302720
6987,amg,8,2000,1000000,0.7,d,2,340.0,9.750312500000001,106441449
6988,quicksilver,8,40000,10000,0.5,d,3,310.0,142.29071428571427,762710
6989,fiesta,8,400000,100,0.5,d,3,364.95535714285717,92.5359375,645120
6990,tricount,8,4000,0,1.0,d,1,425.0,249.9375,7120960
6991,minivite,8,200000,100,0.3,d,0,404.0,83.13727678571429,24089720
6992,minife,8,4000,100,0.7,d,2,397.0,20.24435267857143,6788000
6993,minife,8,2000000,10000,0.5,d,0,401.0,36.018750000000004,6788000
6994,tricount,8,4000000,1000,1.0,d,2,561.0,385.953125,7120960
6995,kripke,8,40000,10000,0.5,d,3,355.0,18.467410714285712,302720
6996,beatnik,8,2000,0,0.1,d,3,431.37276785714283,129.42410714285714,19996182
6997,minife,8,4000,100,0.1,d,2,390.0,16.620200892857145,6788000
6998,quicksilver,8,2000000,100,1.0,d,0,304.02455357142856,142.06450892857143,762710
6999,tricount,8,4000000,1000,0.5,d,2,658.0,484.8638392857143,7120960
7000,laghos,8,40000,100000,1.0,d,0,436.0,162.78571428571428,801311390
7001,tricount,8,400000,100,0.3,d,2,474.0,299.77455357142856,7120960
7002,minife,8,4000000,0,0.5,d,0,402.0,39.081473214285715,6788000
7003,beatnik,8,4000000,1000000,0.3,d,1,455.0,165.484375,19996182
7004,quicksilver,8,4000,0,0.3,d,0,300.0,136.63071428571428,762710
7005,kripke,8,200000,100000,0.5,d,3,356.0,19.946205357142855,302720
7006,fiesta,8,2000000,0,1.0,d,3,374.390625,119.76004464285714,645120
7007,fiesta,8,20000,0,0.3,d,2,377.1830357142857,95.7056919642857,645120
7008,quicksilver,8,20000,100,0.3,d,1,293.0,132.1116517857143,762710
7009,minife,8,4000,0,0.3,d,3,390.0,16.55875,6788000
7010,amg,8,40000,100000,0.5,d,2,345.0,18.039955357142855,106441449
7011,kripke,8,400000,1000000,0.5,d,3,355.0,18.533482142857142,302720
7012,laghos,8,400000,100,1.0,d,3,635.0,359.39732142857144,801311390
7013,lammps,8,20000,100,0.7,d,1,349.0,13.143459821428573,457408
7014,fiesta,8,20000,100000,0.5,d,3,353.02901785714283,54.558035714285715,645120
7015,kripke,8,200000,100,0.5,d,1,358.0,21.609375,302720
7016,minivite,8,4000,10000,0.7,d,1,380.0,58.505803571428565,24089720
7017,minife,8,2000000,100,0.5,d,2,412.0,52.36004464285714,6788000
7018,laghos,8,4000,0,0.3,d,1,441.0,159.49330357142858,801311390
7019,kripke,8,2000000,1000000,0.3,d,1,356.0,19.565848214285715,302720
7020,kripke,8,2000,100000,0.3,d,1,354.0,17.65223214285714,302720
7021,amg,8,20000,10000,1.0,d,0,346.0,18.253125,106441449
7022,fiesta,8,400000,0,0.1,d,2,361.8236607142857,76.01607142857142,645120
7023,lammps,8,4000000,1000,0.7,d,0,361.0,25.218526785714285,457408
7024,minife,8,400000,1000,0.1,d,2,407.0,41.17879464285714,6788000
7025,kripke,8,2000,10000,1.0,d,2,353.0,16.812500000000004,302720
7026,laghos,8,2000,100,0.5,d,1,381.0,104.8203125,801311390
7027,tricount,8,4000000,1000000,0.7,d,3,623.0,449.28794642857144,7120960
7028,quicksilver,8,200000,10000,0.7,d,0,300.52901785714283,138.6613169642857,762710
7029,minife,8,4000,1000000,0.7,d,3,383.0,12.266272321428572,6788000
7030,beatnik,8,40000,100000,1.0,d,2,433.54910714285717,139.25,19996182
7031,laghos,8,20000,1000,0.1,d,3,486.0,208.36160714285714,801311390
7032,lammps,8,4000,100,0.1,d,1,355.0,17.218973214285715,457408
7033,quicksilver,8,2000,100000,0.7,d,0,294.0,132.65542410714286,762710
7034,minife,8,2000000,1000000,0.7,d,3,407.0,44.99933035714286,6788000
7035,minife,8,20000,0,0.1,d,3,390.0,17.4115625,6788000
7036,quicksilver,8,20000,0,1.0,d,2,293.0,132.0428125,762710
7037,tricount,8,4000,1000,1.0,d,3,476.0,301.82142857142856,7120960
7038,amg,8,4000000,1000,0.3,d,0,362.0,49.385937500000004,106441449
7039,tricount,8,2000,100000,0.1,d,3,485.0,311.43973214285717,7120960
7040,minife,8,2000000,0,1.0,d,1,410.0,46.46696428571429,6788000
7041,fiesta,8,2000,1000000,0.5,d,2,352.95089285714283,58.201339285714276,645120
7042,tricount,8,2000,100000,0.3,d,2,410.0,236.68526785714286,7120960
7043,kripke,8,4000000,10000,1.0,d,1,358.0,21.42388392857143,302720
7044,minivite,8,40000,1000,0.1,d,1,426.0,90.6484375,24089720
7045,tricount,8,40000,100,1.0,d,0,424.0,250.09375,7120960
7046,kripke,8,2000000,100000,1.0,d,2,368.0,27.831919642857144,302720
7047,quicksilver,8,20000,100,1.0,d,2,293.0,132.09638392857144,762710
7048,laghos,8,20000,100,0.7,d,0,462.99776785714283,190.13839285714286,801311390
7049,minife,8,40000,1000,0.5,d,0,428.0,44.629241071428574,6788000
7050,quicksilver,8,400000,1000,0.1,d,0,305.0,143.29450892857145,762710
7051,laghos,8,400000,100,0.5,d,2,634.0,362.9732142857143,801311390
7052,laghos,8,200000,100000,0.1,d,2,419.0,146.40848214285714,801311390
7053,tricount,8,40000,0,0.1,d,2,438.0,263.984375,7120960
7054,minife,8,200000,1000000,0.1,d,2,389.0,14.941852678571427,6788000
7055,laghos,8,4000,1000,0.5,d,3,403.0,125.125,801311390
7056,minife,8,40000,0,0.7,d,2,389.0267857142857,21.381026785714287,6788000
7057,quicksilver,8,4000000,10000,0.5,d,0,301.0,139.59098214285714,762710
7058,lammps,8,4000,1000,0.5,d,0,354.0,18.868058035714284,457408
7059,lammps,8,40000,1000000,0.5,d,3,352.0,16.455446428571427,457408
7060,laghos,8,40000,1000000,1.0,d,1,374.0,100.60892857142858,801311390
7061,minife,8,4000000,1000,0.5,d,2,403.0,38.754910714285714,6788000
7062,lammps,8,200000,10000,1.0,d,1,378.0,47.29995535714285,457408
7063,minife,8,40000,1000000,0.1,d,1,390.0,15.496361607142859,6788000
7064,fiesta,8,2000000,10000,0.1,d,3,371.6607142857143,107.42745535714286,645120
7065,minife,8,2000,10000,0.1,d,1,388.0,13.797834821428571,6788000
7066,kripke,8,200000,100000,1.0,d,0,357.0,19.429464285714285,302720
7067,tricount,8,40000,1000,0.7,d,2,493.0,319.43526785714283,7120960
7068,minivite,8,4000,100,0.7,d,1,376.0,58.122098214285714,24089720
7069,laghos,8,2000,0,0.3,d,3,367.0,92.74910714285714,801311390
7070,lammps,8,4000000,0,0.3,d,3,357.0,24.36743303571428,457408
7071,minivite,8,2000,100,1.0,d,3,395.0,74.18794642857142,24089720
7072,fiesta,8,40000,1000,1.0,d,2,355.99330357142856,56.65669642857143,645120
7073,fiesta,8,40000,10000,0.1,d,0,356.7767857142857,58.07008928571429,645120
7074,fiesta,8,4000,100,0.5,d,3,364.05580357142856,75.4265625,645120
7075,amg,8,4000,10000,1.0,d,0,352.0,20.49933035714286,106441449
7076,lammps,8,40000,0,1.0,d,0,350.0,13.892075892857145,457408
7077,minife,8,2000000,0,0.1,d,3,403.0,36.52924107142857,6788000
7078,tricount,8,2000000,1000000,1.0,d,0,512.0,338.09151785714283,7120960
7079,fiesta,8,200000,0,0.3,d,1,357.265625,82.00982142857143,645120
7080,kripke,8,20000,10000,0.1,d,1,355.0,17.710714285714285,302720
7081,minivite,8,40000,100,0.5,d,0,438.0,94.31450892857143,24089720
7082,minivite,8,400000,1000,1.0,d,3,428.0,103.83370535714286,24089720
7083,kripke,8,4000000,1000000,1.0,d,0,356.0,19.221651785714283,302720
7084,fiesta,8,20000,0,0.1,d,0,355.5892857142857,57.60111607142857,645120
7085,tricount,8,400000,1000000,1.0,d,2,549.0,374.63839285714283,7120960
7086,fiesta,8,2000,10000,0.3,d,2,352.90401785714283,58.70915178571429,645120
7087,fiesta,8,400000,10000,0.1,d,0,365.015625,89.29571428571428,645120
7088,beatnik,8,200000,1000,0.3,d,3,490.72098214285717,195.94642857142858,19996182
7089,beatnik,8,200000,1000,1.0,d,3,559.9821428571429,270.2075892857143,19996182
7090,tricount,8,400000,1000,0.3,d,3,585.0,411.36830357142856,7120960
7091,tricount,8,20000,0,1.0,d,0,487.0,306.89955357142856,7120960
7092,lammps,8,2000000,100000,0.3,d,1,368.0,28.297075892857144,457408
7093,kripke,8,2000000,1000,0.5,d,0,360.0,23.16607142857143,302720
7094,minivite,8,2000,100,0.3,d,0,378.0,55.19397321428572,24089720
7095,kripke,8,2000,100000,0.1,d,3,354.0,17.53080357142857,302720
7096,minife,8,20000,10000,0.7,d,2,425.0,40.75870535714286,6788000
7097,minife,8,2000,10000,0.1,d,0,392.0,15.760066964285715,6788000
7098,fiesta,8,2000000,100000,0.1,d,3,357.265625,57.11428571428571,645120
7099,tricount,8,4000,1000000,0.7,d,0,441.0,267.89955357142856,7120960
7100,tricount,8,2000,0,0.7,d,1,434.0,260.55357142857144,7120960
7101,quicksilver,8,200000,100000,0.5,d,0,302.0,140.0833705357143,762710
7102,laghos,8,20000,100000,0.5,d,0,379.0,105.39732142857143,801311390
7103,tricount,8,2000000,1000000,0.5,d,1,581.0,407.25892857142856,7120960
7104,kripke,8,400000,1000000,0.1,d,1,354.0,17.146875,302720
7105,minife,8,4000,1000,0.7,d,1,393.0,18.50689732142857,6788000
7106,laghos,8,2000000,0,0.5,d,0,556.0,284.1607142857143,801311390
7107,minife,8,4000,100,1.0,d,1,388.0,14.506852678571429,6788000
7108,beatnik,8,200000,1000,0.3,d,1,503.1986607142857,211.98214285714286,19996182
7109,laghos,8,400000,1000000,1.0,d,2,468.0,194.43080357142858,801311390
7110,laghos,8,40000,1000000,0.1,d,3,403.0,130.15401785714286,801311390
7111,lammps,8,4000,1000000,0.5,d,1,353.0,16.14020089285714,457408
7112,tricount,8,4000,1000,1.0,d,0,417.0,243.58928571428572,7120960
7113,tricount,8,40000,0,0.1,d,1,465.0,290.515625,7120960
7114,beatnik,8,2000,1000000,0.7,d,2,407.0669642857143,116.84375,19996182
7115,fiesta,8,4000,10000,0.5,d,2,352.97098214285717,53.954910714285724,645120
7116,fiesta,8,4000000,0,0.1,d,2,365.0267857142857,91.83392857142857,645120
7117,laghos,8,2000,100,0.3,d,2,388.0,114.08035714285714,801311390
7118,lammps,8,400000,100,0.5,d,1,364.0,27.728794642857142,457408
7119,beatnik,8,4000,1000,0.7,d,3,437.5,142.11607142857142,19996182
7120,minivite,8,40000,100000,0.3,d,3,390.0,64.78258928571428,24089720
7121,kripke,8,40000,100,0.5,d,2,381.0,29.9328125,302720
7122,kripke,8,2000000,100000,0.1,d,2,356.0,19.332142857142856,302720
7123,lammps,8,20000,1000,0.7,d,3,370.0,28.603348214285713,457408
7124,laghos,8,200000,100000,0.5,d,1,491.0,218.56026785714286,801311390
7125,fiesta,8,400000,1000,0.7,d,0,357.15401785714283,66.66830357142858,645120
7126,laghos,8,400000,1000000,0.5,d,1,458.0,184.99776785714286,801311390
7127,minife,8,20000,0,0.5,d,0,387.0,17.522901785714286,6788000
7128,quicksilver,8,4000000,100,0.3,d,2,294.0,133.01227678571428,762710
7129,lammps,8,40000,100000,0.1,d,2,355.0,17.6365625,457408
7130,quicksilver,8,400000,100,0.1,d,3,304.0,142.01933035714288,762710
7131,fiesta,8,4000000,1000000,0.3,d,3,353.59151785714283,59.31495535714286,645120
7132,minife,8,20000,10000,0.7,d,3,426.0,41.630580357142854,6788000
7133,kripke,8,4000,10000,0.7,d,0,367.0,23.48705357142857,302720
7134,amg,8,40000,0,0.3,d,1,348.0,23.10870535714286,106441449
7135,minife,8,40000,100000,0.5,d,2,405.0,28.216294642857143,6788000
7136,minivite,8,40000,10000,1.0,d,0,425.0,92.95915178571428,24089720
7137,minivite,8,2000,1000,0.3,d,1,381.0,58.61651785714285,24089720
7138,minivite,8,200000,1000000,0.1,d,3,388.0,68.26607142857142,24089720
7139,kripke,8,4000,0,0.7,d,1,353.0,16.77767857142857,302720
7140,amg,8,2000,1000000,0.1,d,3,340.0,10.5878125,106441449
7141,minife,8,400000,100,1.0,d,0,425.0,58.99955357142857,6788000
7142,amg,8,2000000,1000000,0.7,d,3,352.0,34.364955357142854,106441449
7143,laghos,8,400000,1000000,0.7,d,0,473.0,201.08258928571428,801311390
7144,minivite,8,40000,100000,1.0,d,0,391.0,71.05982142857142,24089720
7145,tricount,8,200000,1000,0.1,d,2,516.0,340.07142857142856,7120960
7146,quicksilver,8,2000,10000,0.1,d,0,304.0,141.77589285714285,762710
7147,minivite,8,400000,1000000,1.0,d,2,402.0,80.7421875,24089720
7148,kripke,8,4000,0,1.0,d,2,353.0,16.796205357142856,302720
7149,minivite,8,200000,100000,0.5,d,2,389.0,68.07723214285714,24089720
7150,beatnik,8,20000,0,0.3,d,3,439.671875,141.390625,19996182
7151,quicksilver,8,2000000,100,0.7,d,1,302.0,139.97752232142858,762710
7152,quicksilver,8,200000,0,1.0,d,0,296.0,134.6572544642857,762710
7153,minivite,8,20000,100000,0.5,d,1,392.0,73.78883928571429,24089720
7154,minivite,8,4000,1000000,0.7,d,3,374.0,53.934821428571425,24089720
7155,amg,8,400000,0,0.3,d,0,360.0,44.590624999999996,106441449
7156,tricount,8,400000,0,1.0,d,1,553.0,379.08705357142856,7120960
7157,beatnik,8,200000,10000,0.1,d,0,472.2299107142857,175.23214285714286,19996182
7158,fiesta,8,20000,1000000,0.3,d,3,354.08705357142856,61.536830357142854,645120
7159,fiesta,8,200000,100,0.1,d,2,367.59151785714283,94.39033482142857,645120
7160,laghos,8,2000,1000,0.1,d,0,343.0,68.76651785714286,801311390
7161,quicksilver,8,200000,100,0.3,d,1,291.0,130.4411607142857,762710
7162,laghos,8,200000,1000,0.5,d,3,629.0,354.37276785714283,801311390
7163,beatnik,8,4000,1000,0.1,d,1,413.0,116.22544642857143,19996182
7164,amg,8,400000,100,0.5,d,1,363.0,45.94151785714286,106441449
7165,lammps,8,2000000,100000,1.0,d,3,365.0,29.87991071428571,457408
7166,quicksilver,8,4000,100,0.5,d,2,304.0,138.36854910714285,762710
7167,laghos,8,4000000,1000000,0.5,d,3,513.0,241.13616071428572,801311390
7168,quicksilver,8,400000,100,0.5,d,2,290.55580357142856,129.65832589285714,762710
7169,tricount,8,20000,0,1.0,d,3,430.0,255.69642857142858,7120960
7170,lammps,8,2000000,1000,0.1,d,3,363.0,30.78125,457408
7171,fiesta,8,2000000,100000,0.5,d,2,365.31026785714283,90.74419642857143,645120
7172,quicksilver,8,2000000,100,0.7,d,2,290.0,129.3030357142857,762710
7173,lammps,8,4000000,1000000,0.1,d,0,359.0,22.22276785714286,457408
7174,laghos,8,2000000,1000,1.0,d,1,604.0,333.3638392857143,801311390
7175,beatnik,8,2000,100,0.1,d,2,431.95535714285717,132.296875,19996182
7176,lammps,8,40000,100,0.1,d,1,359.0,22.78323660714286,457408
7177,kripke,8,40000,1000,1.0,d,2,356.0,19.200892857142858,302720
7178,fiesta,8,200000,10000,0.7,d,1,353.35044642857144,56.754017857142856,645120
7179,beatnik,8,20000,1000000,0.1,d,0,412.50223214285717,118.71205357142857,19996182
7180,quicksilver,8,2000000,0,0.3,d,0,293.0,132.45026785714285,762710
7181,kripke,8,20000,0,1.0,d,1,386.0,31.6484375,302720
7182,minife,8,4000,100,1.0,d,0,389.0,15.761674107142861,6788000
7183,amg,8,2000,1000000,0.1,d,0,342.0,13.398258928571428,106441449
7184,amg,8,2000,100000,0.7,d,1,339.0,9.812812499999998,106441449
7185,lammps,8,40000,1000,1.0,d,0,354.0,16.642343750000002,457408
7186,minife,8,4000000,10000,0.3,d,3,405.0,39.52388392857143,6788000
7187,quicksilver,8,4000,10000,0.7,d,1,304.0044642857143,140.86841517857144,762710
7188,amg,8,2000,100,1.0,d,3,345.0,15.446584821428571,106441449
7189,beatnik,8,4000,1000000,0.7,d,0,404.0,108.65625,19996182
7190,kripke,8,40000,1000,0.3,d,1,355.0,18.16919642857143,302720
7191,amg,8,4000000,1000000,1.0,d,2,358.0,39.466517857142854,106441449
7192,quicksilver,8,20000,0,0.7,d,3,314.0,144.88058035714286,762710
7193,kripke,8,4000,100,1.0,d,2,367.0,23.791517857142857,302720
7194,fiesta,8,2000000,0,0.5,d,2,353.7455357142857,64.26696428571428,645120
7195,laghos,8,4000,100,0.3,d,0,385.0,111.77008928571429,801311390
7196,amg,8,2000,0,0.3,d,0,344.0,15.590848214285714,106441449
7197,tricount,8,20000,1000,0.3,d,0,415.0,235.08482142857142,7120960
7198,beatnik,8,20000,10000,0.3,d,0,430.578125,129.72544642857142,19996182
7199,amg,8,40000,0,1.0,d,1,393.0,57.39977678571428,106441449
7200,beatnik,8,400000,0,0.7,d,0,547.40625,252.875,19996182
7201,minife,8,4000000,1000000,1.0,d,0,430.0,64.36651785714285,6788000
7202,kripke,8,200000,10000,0.3,d,1,358.0,21.17700892857143,302720
7203,quicksilver,8,40000,1000000,0.3,d,3,299.0,137.76310267857144,762710
7204,quicksilver,8,2000,100000,0.3,d,0,300.0,138.55303571428573,762710
7205,amg,8,20000,0,0.1,d,2,367.0,32.93058035714286,106441449
7206,quicksilver,8,20000,100000,0.7,d,2,292.34598214285717,131.53953125,762710
7207,minivite,8,40000,1000000,1.0,d,2,388.0,67.73526785714286,24089720
7208,tricount,8,20000,100,0.5,d,0,440.0,267.0513392857143,7120960
7209,tricount,8,200000,0,0.1,d,3,446.0,271.90625,7120960
7210,minivite,8,400000,100000,0.1,d,0,421.0,99.95580357142856,24089720
7211,quicksilver,8,400000,10000,1.0,d,1,302.0,140.35154017857144,762710
7212,minivite,8,2000000,0,0.3,d,3,427.0,108.72142857142856,24089720
7213,kripke,8,4000000,0,0.5,d,1,359.0,21.77299107142857,302720
7214,fiesta,8,20000,100000,1.0,d,2,372.9486607142857,91.04450892857142,645120
7215,minivite,8,200000,1000000,0.5,d,0,401.0,81.11495535714286,24089720
7216,kripke,8,200000,1000,0.5,d,0,359.0,21.856473214285717,302720
7217,tricount,8,2000,1000,0.1,d,0,452.0,277.53348214285717,7120960
7218,kripke,8,40000,100000,1.0,d,1,376.0,27.484375,302720
7219,lammps,8,4000000,1000,0.5,d,0,356.0,23.661830357142858,457408
7220,minife,8,400000,0,0.1,d,1,410.0,45.18995535714286,6788000
7221,fiesta,8,20000,1000,1.0,d,3,356.41294642857144,60.03928571428571,645120
7222,quicksilver,8,2000000,0,0.7,d,2,305.0,143.06642857142856,762710
7223,minivite,8,2000000,0,0.3,d,2,401.0,80.96071428571429,24089720
7224,minivite,8,2000,1000000,1.0,d,3,378.0,57.64040178571428,24089720
7225,amg,8,20000,100,1.0,d,1,386.0,50.32834821428571,106441449
7226,amg,8,2000000,1000000,1.0,d,0,352.0,34.30625,106441449
7227,quicksilver,8,4000000,100000,0.7,d,0,292.0,131.01671875,762710
7228,beatnik,8,2000000,100000,0.3,d,2,504.35267857142856,209.40401785714286,19996182
7229,lammps,8,4000000,1000,0.7,d,1,362.0,26.38995535714286,457408
7230,quicksilver,8,40000,1000,0.5,d,2,312.0,143.66294642857142,762710
7231,laghos,8,40000,100000,0.7,d,1,429.0,156.20982142857142,801311390
7232,kripke,8,40000,10000,0.7,d,0,355.0,18.630357142857143,302720
7233,beatnik,8,20000,1000,0.7,d,0,423.05580357142856,132.27455357142858,19996182
7234,minivite,8,2000,10000,0.1,d,0,374.0,53.286160714285714,24089720
7235,quicksilver,8,400000,100,0.1,d,0,300.94419642857144,138.73006696428573,762710
7236,fiesta,8,20000,100000,0.7,d,3,363.81473214285717,85.8984375,645120
7237,minivite,8,20000,0,0.3,d,3,380.0,60.80446428571428,24089720
7238,lammps,8,4000,100000,0.5,d,1,355.0,18.306406250000002,457408
7239,beatnik,8,4000,1000,0.3,d,1,431.0,139.15848214285714,19996182
7240,tricount,8,2000000,100000,1.0,d,3,627.0,452.578125,7120960
7241,kripke,8,2000000,100000,0.7,d,0,357.0,21.16428571428571,302720
7242,fiesta,8,4000,10000,0.5,d,1,361.1674107142857,68.50627232142857,645120
7243,laghos,8,4000000,1000,0.3,d,1,546.0,275.0,801311390
7244,fiesta,8,2000000,1000000,0.7,d,3,353.8950892857143,59.24866071428572,645120
7245,beatnik,8,2000,100000,0.7,d,2,405.12276785714283,111.80200892857144,19996182
7246,lammps,8,400000,0,0.3,d,0,361.0,24.1290625,457408
7247,beatnik,8,4000000,1000,0.5,d,2,769.7924107142857,488.1138392857143,19996182
7248,amg,8,200000,1000,0.1,d,3,356.0,36.46272321428572,106441449
7249,beatnik,8,2000000,10000,0.3,d,2,553.6808035714286,267.0669642857143,19996182
7250,quicksilver,8,200000,100,0.5,d,2,291.94642857142856,130.64473214285715,762710
7251,laghos,8,20000,10000,0.1,d,3,442.0,163.92633928571428,801311390
7252,fiesta,8,2000000,10000,0.1,d,1,356.78794642857144,60.67879464285715,645120
7253,minivite,8,400000,1000000,0.5,d,0,386.0,66.93816964285715,24089720
7254,lammps,8,4000,100,0.1,d,2,357.0,19.54738839285714,457408
7255,amg,8,4000000,0,0.3,d,1,358.0,38.369196428571435,106441449
7256,amg,8,400000,100,0.3,d,2,363.0,42.199999999999996,106441449
7257,laghos,8,2000,1000000,0.1,d,2,356.0,81.48147321428571,801311390
7258,minivite,8,4000,1000,0.5,d,1,374.0,55.621874999999996,24089720
7259,amg,8,20000,100,0.3,d,0,348.0,20.795312499999998,106441449
7260,kripke,8,2000,1000,0.1,d,2,354.0,17.179910714285715,302720
7261,tricount,8,40000,100000,0.3,d,0,457.0,276.69419642857144,7120960
7262,laghos,8,2000000,0,0.7,d,3,585.0,314.15401785714283,801311390
7263,lammps,8,2000,10000,0.3,d,2,351.0,18.330468749999998,457408
7264,laghos,8,20000,0,0.5,d,0,424.0,151.19419642857142,801311390
7265,amg,8,400000,10000,0.1,d,0,360.0,40.22767857142857,106441449
7266,minivite,8,20000,100,0.1,d,3,434.0,90.21875,24089720
7267,minivite,8,2000,0,0.7,d,2,372.0,52.34910714285714,24089720
7268,lammps,8,400000,100,0.3,d,2,360.0,22.713325892857142,457408
7269,beatnik,8,4000,1000000,0.5,d,2,419.0,124.15848214285714,19996182
7270,kripke,8,4000,1000000,0.3,d,3,364.0,24.482589285714283,302720
7271,beatnik,8,200000,1000000,0.3,d,3,423.0,131.79241071428572,19996182
7272,amg,8,2000000,1000000,0.5,d,0,353.0,32.057812500000004,106441449
7273,quicksilver,8,20000,1000000,0.5,d,2,299.0,137.72551339285715,762710
7274,minivite,8,2000000,0,0.3,d,1,411.0,91.6921875,24089720
7275,minivite,8,4000000,100000,0.3,d,0,411.0,91.61696428571429,24089720
7276,beatnik,8,200000,1000,0.7,d,0,517.0379464285714,227.75669642857142,19996182
7277,quicksilver,8,4000,1000000,0.5,d,3,298.0,136.83553571428573,762710
7278,tricount,8,4000000,10000,0.7,d,2,614.0,440.14732142857144,7120960
7279,fiesta,8,2000,0,1.0,d,0,355.69642857142856,55.691517857142856,645120
7280,fiesta,8,4000,0,0.1,d,1,355.765625,56.786160714285714,645120
7281,amg,8,400000,1000,0.7,d,1,361.0,45.24754464285714,106441449
7282,laghos,8,4000,10000,0.1,d,3,358.0,83.93705357142858,801311390
7283,lammps,8,2000,0,0.7,d,3,376.0,40.471875000000004,457408
7284,lammps,8,40000,1000,0.7,d,1,347.0,14.516941964285715,457408
7285,lammps,8,4000,1000,0.3,d,3,361.0,26.075066964285718,457408
7286,amg,8,4000000,1000000,0.3,d,3,351.0,32.400446428571435,106441449
7287,fiesta,8,2000000,1000,0.3,d,3,356.3482142857143,61.24151785714285,645120
7288,fiesta,8,20000,100,0.5,d,1,352.94419642857144,60.36651785714286,645120
7289,quicksilver,8,40000,100,0.7,d,2,314.0,144.10580357142857,762710
7290,lammps,8,4000000,10000,0.3,d,3,359.0,24.967857142857145,457408
7291,tricount,8,200000,0,0.3,d,3,527.0,353.93973214285717,7120960
7292,laghos,8,4000,100000,0.3,d,3,340.0,66.04151785714285,801311390
7293,beatnik,8,20000,100000,0.7,d,1,418.0,124.92633928571429,19996182
7294,minivite,8,4000000,10000,0.5,d,0,439.0,122.39508928571429,24089720
7295,fiesta,8,2000000,1000,1.0,d,3,358.4375,68.32455357142858,645120
7296,minife,8,200000,1000,1.0,d,1,412.0,45.89017857142858,6788000
7297,minivite,8,4000000,10000,0.3,d,0,424.0,106.73258928571428,24089720
7298,amg,8,400000,1000,0.5,d,3,367.0,48.78058035714285,106441449
7299,kripke,8,200000,10000,1.0,d,3,358.0,20.746205357142856,302720
7300,tricount,8,4000000,1000000,0.3,d,0,600.0,426.4375,7120960
7301,laghos,8,400000,0,0.1,d,0,576.0,304.6674107142857,801311390
7302,amg,8,20000,100,0.1,d,1,347.0,19.350669642857145,106441449
7303,minivite,8,200000,0,0.7,d,1,413.0,95.36361607142858,24089720
7304,kripke,8,2000,1000,0.7,d,0,357.0,18.30982142857143,302720
7305,fiesta,8,200000,100000,1.0,d,0,361.65625,72.39252232142857,645120
7306,beatnik,8,2000,0,1.0,d,3,410.10714285714283,114.69263392857144,19996182
7307,beatnik,8,40000,1000000,0.7,d,3,428.0,136.33035714285714,19996182
7308,minife,8,2000000,10000,0.5,d,3,404.0,41.50133928571428,6788000
7309,minife,8,2000,1000000,0.7,d,3,384.0,12.163749999999999,6788000
7310,amg,8,200000,1000,1.0,d,1,359.0,43.06897321428572,106441449
7311,minife,8,2000,1000000,0.1,d,3,388.0,14.389285714285714,6788000
7312,lammps,8,20000,100,0.1,d,1,355.0,16.05752232142857,457408
7313,quicksilver,8,200000,100,1.0,d,2,311.93973214285717,149.25825892857142,762710
7314,kripke,8,4000,100,0.1,d,1,377.0,27.241964285714285,302720
7315,laghos,8,40000,1000000,0.1,d,2,388.0,112.81808035714286,801311390
7316,amg,8,40000,1000000,0.1,d,0,346.0,17.644866071428574,106441449
7317,minivite,8,200000,1000,0.1,d,3,409.0,84.45959821428572,24089720
7318,amg,8,2000000,100000,1.0,d,2,359.0,40.846875,106441449
7319,beatnik,8,4000,0,0.7,d,2,425.97098214285717,134.78125,19996182
7320,tricount,8,4000000,1000,0.3,d,3,618.0,444.46651785714283,7120960
7321,tricount,8,200000,10000,0.3,d,0,577.0,403.1986607142857,7120960
7322,fiesta,8,40000,10000,0.5,d,2,353.17857142857144,60.511383928571426,645120
7323,amg,8,2000,1000000,0.7,d,3,339.0,10.121785714285716,106441449
7324,laghos,8,200000,1000000,0.3,d,0,483.0,205.19196428571428,801311390
7325,tricount,8,2000,100,1.0,d,2,428.0,253.74776785714286,7120960
7326,laghos,8,400000,1000000,1.0,d,0,478.0,205.37276785714286,801311390
7327,minife,8,4000000,1000000,0.7,d,2,404.0,43.15781249999999,6788000
7328,quicksilver,8,400000,10000,0.3,d,1,292.0,131.03475446428573,762710
7329,quicksilver,8,400000,1000,0.5,d,1,294.0,132.96589285714285,762710
7330,amg,8,200000,1000000,0.7,d,1,347.0,24.714732142857144,106441449
7331,lammps,8,20000,1000000,0.5,d,3,350.0,15.016361607142857,457408
7332,beatnik,8,20000,1000,1.0,d,1,431.27455357142856,139.77232142857142,19996182
7333,minivite,8,2000,1000000,0.3,d,3,373.0,53.354687500000004,24089720
7334,minife,8,2000,1000,1.0,d,1,392.0,17.342209821428572,6788000
7335,beatnik,8,4000,100000,0.3,d,1,431.0,140.04910714285714,19996182
7336,amg,8,40000,10000,0.5,d,1,348.0,21.474776785714287,106441449
7337,laghos,8,2000000,100,0.7,d,1,542.0,271.05357142857144,801311390
7338,amg,8,20000,10000,1.0,d,3,347.0,19.902678571428574,106441449
7339,fiesta,8,200000,100,0.3,d,3,353.45535714285717,59.409375000000004,645120
7340,laghos,8,2000,1000000,0.5,d,3,350.0,75.84464285714284,801311390
7341,lammps,8,40000,10000,0.1,d,3,410.0,68.39129464285715,457408
7342,quicksilver,8,400000,100,0.1,d,2,295.0,134.03620535714285,762710
7343,kripke,8,40000,10000,0.7,d,2,384.0,33.39910714285714,302720
7344,kripke,8,40000,10000,0.5,d,1,355.0,18.539285714285715,302720
7345,laghos,8,2000,1000,0.5,d,1,360.19419642857144,86.86808035714286,801311390
7346,beatnik,8,400000,100000,0.1,d,0,430.88169642857144,131.53348214285714,19996182
7347,tricount,8,2000,1000000,1.0,d,1,418.0,243.60714285714286,7120960
7348,tricount,8,200000,0,0.1,d,2,478.0,303.10714285714283,7120960
7349,minivite,8,4000000,1000,1.0,d,3,463.0,142.68303571428572,24089720
7350,beatnik,8,400000,1000,0.5,d,3,772.5424107142857,492.9888392857143,19996182
7351,beatnik,8,2000,100000,0.5,d,0,407.21205357142856,111.95066964285715,19996182
7352,kripke,8,4000000,10000,1.0,d,3,357.0,20.497098214285717,302720
7353,tricount,8,4000,100000,1.0,d,0,415.0,239.29464285714286,7120960
7354,amg,8,40000,1000,0.1,d,3,347.0,20.67388392857143,106441449
7355,laghos,8,200000,100000,0.7,d,1,571.0,295.6361607142857,801311390
7356,minife,8,20000,100,0.5,d,3,426.0,39.504687499999996,6788000
7357,tricount,8,2000000,1000000,0.3,d,2,529.0,355.9174107142857,7120960
7358,minife,8,40000,0,0.7,d,3,391.0,21.558258928571433,6788000
7359,fiesta,8,20000,1000000,0.7,d,0,362.8236607142857,92.903125,645120
7360,amg,8,4000,100000,0.5,d,1,346.0,15.789508928571431,106441449
7361,tricount,8,2000,100,0.3,d,1,477.0,304.01339285714283,7120960
7362,tricount,8,4000,100000,0.3,d,0,398.0,224.35044642857142,7120960
7363,quicksilver,8,4000000,0,0.3,d,2,300.0,138.12236607142856,762710
7364,kripke,8,2000000,0,1.0,d,0,360.0,23.086830357142855,302720
7365,lammps,8,2000000,1000,0.7,d,1,361.0,30.408482142857142,457408
7366,amg,8,4000000,100,1.0,d,1,354.0,36.99062500000001,106441449
7367,quicksilver,8,2000000,10000,0.7,d,3,293.01339285714283,132.4902232142857,762710
7368,tricount,8,20000,0,0.1,d,2,443.0,264.8080357142857,7120960
7369,beatnik,8,40000,100,0.3,d,2,437.0,146.44642857142858,19996182
7370,laghos,8,4000,10000,0.5,d,0,368.0,91.2595982142857,801311390
7371,laghos,8,20000,1000000,0.1,d,3,390.0,115.91294642857143,801311390
7372,lammps,8,2000,100000,0.1,d,0,374.0,35.35044642857143,457408
7373,fiesta,8,400000,1000000,0.7,d,1,361.5736607142857,85.77834821428571,645120
7374,quicksilver,8,4000,1000000,1.0,d,2,304.0,142.46462053571426,762710
7375,tricount,8,200000,0,0.1,d,1,462.0,287.58705357142856,7120960
7376,kripke,8,40000,1000000,1.0,d,3,361.0,20.909375000000004,302720
7377,amg,8,40000,1000,1.0,d,0,350.0,24.36205357142857,106441449
7378,quicksilver,8,20000,1000,0.5,d,2,293.0,131.82363839285713,762710
7379,minivite,8,4000,10000,0.7,d,3,380.0,57.25892857142857,24089720
7380,minife,8,4000000,1000,0.3,d,0,404.0,36.9359375,6788000
7381,minivite,8,20000,1000000,0.5,d,3,382.0,64.61272321428571,24089720
7382,minife,8,4000,10000,1.0,d,2,388.0,14.824977678571429,6788000
7383,tricount,8,200000,10000,1.0,d,1,736.0,562.2142857142857,7120960
7384,beatnik,8,200000,0,0.5,d,3,537.4732142857143,244.421875,19996182
7385,quicksilver,8,40000,0,0.1,d,3,292.0,131.21939732142857,762710
7386,minife,8,40000,100,0.5,d,0,442.0,52.597098214285715,6788000
7387,minife,8,20000,1000,0.5,d,3,427.0,39.93683035714286,6788000
7388,kripke,8,4000000,1000,0.3,d,0,361.0,23.614955357142858,302720
7389,quicksilver,8,200000,100000,0.7,d,1,304.0,142.01683035714285,762710
7390,minife,8,4000,1000,0.3,d,0,383.0,12.109330357142856,6788000
7391,minivite,8,200000,1000,1.0,d,2,420.0,95.93705357142858,24089720
7392,minife,8,4000,100000,0.3,d,2,385.0,13.160625,6788000
7393,beatnik,8,2000000,100000,0.5,d,3,539.8035714285714,256.5669642857143,19996182
7394,fiesta,8,20000,10000,0.7,d,0,377.0982142857143,96.96406249999998,645120
7395,quicksilver,8,4000,1000,0.7,d,1,305.0,140.3583035714286,762710
7396,minivite,8,20000,1000000,0.5,d,2,377.0,59.575892857142854,24089720
7397,kripke,8,200000,100,0.7,d,2,362.0,24.93392857142857,302720
7398,tricount,8,40000,100,0.7,d,1,452.0,271.16964285714283,7120960
7399,minivite,8,4000000,100,0.7,d,3,437.0,120.49330357142857,24089720
7400,minivite,8,40000,100000,0.1,d,0,397.0,76.96183035714284,24089720
7401,lammps,8,2000,0,0.5,d,0,344.0,10.98671875,457408
7402,tricount,8,2000,100,0.7,d,1,408.0,234.88839285714286,7120960
7403,minivite,8,4000,1000,0.3,d,3,381.0,62.493080357142844,24089720
7404,laghos,8,40000,10000,0.5,d,1,477.0,197.23214285714286,801311390
7405,lammps,8,2000,100,0.1,d,0,365.0,20.918616071428573,457408
7406,minivite,8,4000000,10000,0.3,d,1,443.0,125.265625,24089720
7407,beatnik,8,200000,10000,0.5,d,1,539.2678571428571,251.96651785714286,19996182
7408,lammps,8,400000,100,1.0,d,3,370.0,34.26006696428571,457408
7409,tricount,8,4000,100000,0.7,d,2,394.0,220.40625,7120960
7410,fiesta,8,2000,1000,0.3,d,0,358.22098214285717,66.83475446428572,645120
7411,laghos,8,20000,1000,1.0,d,2,551.0,268.28125,801311390
7412,kripke,8,40000,10000,0.3,d,2,380.0,29.143973214285715,302720
7413,minivite,8,40000,100000,0.3,d,0,388.0,70.66450892857142,24089720
7414,lammps,8,400000,1000000,0.3,d,2,351.0,16.004375,457408
7415,minife,8,20000,1000000,0.3,d,1,384.0,13.484397321428572,6788000
7416,amg,8,400000,1000000,0.5,d,3,353.0,31.370758928571426,106441449
7417,kripke,8,2000,10000,0.3,d,0,357.0,18.515625,302720
7418,lammps,8,2000,100000,0.3,d,3,354.0,19.248080357142857,457408
7419,quicksilver,8,4000000,0,0.7,d,1,298.0,136.65024553571428,762710
7420,minife,8,200000,100000,1.0,d,1,400.0,31.911830357142858,6788000
7421,minivite,8,4000000,100,0.7,d,2,424.0,105.16316964285716,24089720
7422,laghos,8,4000,100,0.5,d,1,370.0,96.29419642857142,801311390
7423,lammps,8,40000,100,0.7,d,2,352.0,16.705602678571427,457408
7424,lammps,8,400000,10000,0.1,d,1,379.0,43.43616071428572,457408
7425,fiesta,8,40000,1000,0.5,d,1,386.8950892857143,106.00569196428572,645120
7426,tricount,8,40000,1000,0.5,d,0,436.0,262.95089285714283,7120960
7427,minivite,8,20000,1000,0.1,d,1,381.0,60.300000000000004,24089720
7428,lammps,8,4000000,0,0.1,d,2,360.0,24.703236607142856,457408
7429,laghos,8,20000,0,0.5,d,1,459.0,186.16964285714286,801311390
7430,tricount,8,20000,100000,1.0,d,3,442.0,265.51339285714283,7120960
7431,quicksilver,8,2000,10000,1.0,d,2,299.0,136.65107142857144,762710
7432,tricount,8,400000,100,0.1,d,1,513.0,337.2232142857143,7120960
7433,minife,8,4000,100,0.7,d,0,398.0,20.857433035714287,6788000
7434,fiesta,8,4000000,10000,0.1,d,0,357.36160714285717,59.71875,645120
7435,beatnik,8,2000,100,0.1,d,3,414.16964285714283,119.10714285714286,19996182
7436,kripke,8,40000,0,0.7,d,2,386.0,31.621875,302720
7437,minife,8,4000,100000,0.7,d,0,386.0,13.730044642857143,6788000
7438,laghos,8,40000,1000000,0.1,d,0,386.0,112.20535714285714,801311390
7439,tricount,8,2000,1000000,0.1,d,0,401.0,227.37723214285714,7120960
7440,tricount,8,400000,100000,0.5,d,3,477.0,302.984375,7120960
7441,laghos,8,4000,1000000,1.0,d,3,359.0,83.778125,801311390
7442,tricount,8,200000,0,0.3,d,1,534.0,360.984375,7120960
7443,lammps,8,4000,1000000,0.5,d,3,361.0,23.649843750000002,457408
7444,laghos,8,400000,1000000,0.5,d,2,470.0,196.92410714285714,801311390
7445,kripke,8,4000000,100,0.5,d,1,357.0,20.6296875,302720
7446,lammps,8,2000000,100,1.0,d,1,389.0,54.35,457408
7447,fiesta,8,200000,100000,1.0,d,3,362.5580357142857,79.07118303571428,645120
7448,kripke,8,4000000,100,0.7,d,3,360.0,22.527455357142856,302720
7449,minivite,8,4000000,10000,0.7,d,0,425.0,108.57276785714285,24089720
7450,amg,8,40000,100,0.3,d,0,350.0,24.349107142857147,106441449
7451,quicksilver,8,200000,100000,0.5,d,3,293.0,132.28591517857143,762710
7452,minife,8,400000,10000,1.0,d,2,417.0,51.21160714285714,6788000
7453,amg,8,400000,0,0.7,d,2,359.0,45.665848214285724,106441449
7454,beatnik,8,2000,10000,0.7,d,3,401.5267857142857,107.04464285714286,19996182
7455,minife,8,40000,1000000,0.7,d,3,394.0,21.890401785714285,6788000
7456,beatnik,8,2000000,100000,0.1,d,1,500.63169642857144,204.984375,19996182
7457,quicksilver,8,400000,0,0.7,d,2,302.0,140.17473214285715,762710
7458,minife,8,2000000,1000,0.5,d,0,410.0,53.479910714285715,6788000
7459,fiesta,8,2000000,100,0.7,d,0,354.38169642857144,65.14441964285714,645120
7460,tricount,8,200000,1000,1.0,d,3,539.0,364.51339285714283,7120960
7461,beatnik,8,400000,100000,0.1,d,2,486.2455357142857,191.22321428571428,19996182
7462,quicksilver,8,2000,1000,0.3,d,2,292.0,131.32078125,762710
7463,quicksilver,8,200000,0,0.5,d,2,293.0,131.92613839285713,762710
7464,tricount,8,4000,1000000,0.3,d,0,404.0,230.49107142857142,7120960
7465,kripke,8,4000000,10000,0.5,d,3,359.0,22.220758928571428,302720
7466,amg,8,200000,10000,0.3,d,1,354.0,33.029017857142854,106441449
7467,tricount,8,4000,1000000,0.7,d,2,405.0,231.171875,7120960
7468,quicksilver,8,2000,100000,0.3,d,2,299.0,137.95216517857142,762710
7469,amg,8,40000,0,0.1,d,1,374.0,40.10200892857142,106441449
7470,laghos,8,4000,1000,0.7,d,1,363.0,89.19977678571429,801311390
7471,tricount,8,20000,0,0.7,d,0,436.0,262.08705357142856,7120960
7472,minivite,8,4000000,10000,1.0,d,3,446.33705357142856,125.30892857142858,24089720
7473,amg,8,2000,10000,0.5,d,1,340.0,9.961875000000001,106441449
7474,fiesta,8,2000000,0,0.7,d,3,377.33705357142856,96.81875000000001,645120
7475,minivite,8,20000,0,1.0,d,3,441.0,96.40022321428572,24089720
7476,laghos,8,2000000,1000000,0.7,d,1,520.0,246.16517857142858,801311390
7477,quicksilver,8,40000,10000,0.5,d,0,307.0,139.75868303571428,762710
7478,minivite,8,20000,1000000,0.5,d,1,378.0,57.84888392857143,24089720
7479,quicksilver,8,2000000,0,1.0,d,1,294.0,133.1031473214286,762710
7480,minife,8,2000,100,0.5,d,3,388.0,14.775178571428572,6788000
7481,laghos,8,2000,0,0.7,d,0,379.0,105.00178571428572,801311390
7482,quicksilver,8,2000,1000000,0.7,d,3,299.0,138.01006696428573,762710
7483,laghos,8,40000,1000000,0.3,d,2,407.0,131.74330357142858,801311390
7484,amg,8,400000,0,0.5,d,2,363.0,46.93035714285715,106441449
7485,kripke,8,400000,1000000,0.7,d,1,356.0,18.808035714285715,302720
7486,kripke,8,4000,100000,0.1,d,2,355.0,18.576785714285712,302720
7487,fiesta,8,4000000,100000,0.7,d,2,359.23660714285717,84.10959821428571,645120
7488,laghos,8,4000000,1000,1.0,d,2,624.0,352.30357142857144,801311390
7489,lammps,8,400000,1000000,0.7,d,0,352.0,15.152075892857143,457408
7490,minife,8,2000000,10000,1.0,d,2,404.0,39.06875000000001,6788000
7491,amg,8,4000,10000,0.3,d,0,340.0,10.685,106441449
7492,kripke,8,2000,0,0.7,d,2,358.0,18.84330357142857,302720
7493,quicksilver,8,400000,1000,0.5,d,3,303.0,141.40140625,762710
7494,tricount,8,2000,0,0.1,d,3,427.0,253.47321428571428,7120960
7495,beatnik,8,40000,100000,1.0,d,0,432.1138392857143,138.89508928571428,19996182
7496,lammps,8,2000,10000,1.0,d,2,358.0,19.508950892857143,457408
7497,beatnik,8,200000,0,0.3,d,1,549.0,265.56919642857144,19996182
7498,amg,8,4000,1000000,0.1,d,1,346.0,16.05395089285714,106441449
7499,minivite,8,4000000,10000,0.3,d,3,414.0,94.784375,24089720
7500,minife,8,400000,100000,0.5,d,0,409.0,48.824553571428574,6788000
7501,minife,8,4000000,10000,0.1,d,3,431.0,67.67008928571428,6788000
7502,amg,8,4000,10000,0.5,d,2,352.0,20.87058035714286,106441449
7503,minife,8,4000000,100,0.1,d,3,458.0,94.97723214285715,6788000
7504,amg,8,2000,100000,0.5,d,0,341.0,12.345089285714286,106441449
7505,tricount,8,2000000,1000000,0.5,d,0,528.0,354.52232142857144,7120960
7506,minivite,8,200000,100000,0.7,d,1,408.0,90.86517857142857,24089720
7507,quicksilver,8,4000,1000000,0.3,d,1,304.0,142.95854910714286,762710
7508,laghos,8,4000000,1000000,1.0,d,3,574.0,302.2075892857143,801311390
7509,minife,8,400000,1000000,0.1,d,1,389.0,15.769620535714285,6788000
7510,minife,8,200000,10000,0.1,d,3,396.0,25.9375,6788000
7511,minivite,8,20000,1000,0.1,d,2,377.0,55.683705357142856,24089720
7512,minivite,8,2000000,1000000,0.3,d,1,396.0,77.43303571428571,24089720
7513,lammps,8,400000,100000,0.3,d,0,367.0,29.225223214285716,457408
7514,laghos,8,4000,1000000,0.3,d,0,376.0,101.95647321428571,801311390
7515,minivite,8,4000,1000,0.1,d,3,384.0,62.48058035714286,24089720
7516,lammps,8,4000,100,0.1,d,3,357.0,22.214575892857145,457408
7517,tricount,8,4000,10000,0.7,d,0,448.0,272.96875,7120960
7518,lammps,8,200000,1000,0.7,d,0,364.0,30.913839285714285,457408
7519,laghos,8,4000,1000,0.5,d,2,365.0,90.63683035714287,801311390
7520,quicksilver,8,40000,100000,0.3,d,2,301.0,138.2916294642857,762710
7521,amg,8,20000,100000,0.3,d,3,342.0,13.298973214285715,106441449
7522,tricount,8,400000,100000,1.0,d,2,603.0,429.234375,7120960
7523,minivite,8,20000,10000,0.5,d,0,384.0,64.40133928571429,24089720
7524,laghos,8,400000,100,1.0,d,1,574.0,302.7455357142857,801311390
7525,minivite,8,200000,100,0.5,d,0,401.0,81.7265625,24089720
7526,laghos,8,200000,100,0.3,d,1,563.0,291.1138392857143,801311390
7527,fiesta,8,2000,1000,0.5,d,1,356.2544642857143,59.919196428571425,645120
7528,minivite,8,2000000,100000,1.0,d,1,407.0,87.63660714285713,24089720
7529,quicksilver,8,2000000,1000000,0.7,d,3,293.0,132.00676339285715,762710
7530,laghos,8,40000,10000,0.5,d,0,504.0,223.83258928571428,801311390
7531,laghos,8,200000,0,0.5,d,0,585.0,313.859375,801311390
7532,quicksilver,8,200000,10000,1.0,d,1,301.0,138.85151785714285,762710
7533,minivite,8,2000000,1000,0.1,d,1,412.0,92.24665178571429,24089720
7534,laghos,8,200000,0,0.7,d,2,585.0,313.921875,801311390
7535,kripke,8,4000,100000,0.3,d,1,354.0,17.170089285714287,302720
7536,lammps,8,20000,1000000,0.3,d,1,357.0,18.320714285714285,457408
7537,fiesta,8,2000,0,0.5,d,2,352.7767857142857,55.76584821428571,645120
7538,amg,8,400000,100,1.0,d,1,360.0,41.021875,106441449
7539,fiesta,8,4000,1000,0.1,d,0,379.41294642857144,98.64866071428571,645120
7540,beatnik,8,2000000,1000,0.1,d,1,569.1540178571429,275.109375,19996182
7541,lammps,8,200000,0,0.5,d,0,362.0,28.557142857142857,457408
7542,fiesta,8,400000,100000,1.0,d,2,357.1875,61.17991071428571,645120
7543,tricount,8,400000,1000000,0.1,d,0,465.0,290.96651785714283,7120960
7544,lammps,8,200000,0,1.0,d,2,383.0,50.332812499999996,457408
7545,beatnik,8,4000000,100000,0.7,d,3,638.7410714285714,356.83035714285717,19996182
7546,laghos,8,4000000,100000,0.5,d,0,559.0,287.79017857142856,801311390
7547,kripke,8,4000000,1000,0.1,d,0,369.0,29.339955357142856,302720
7548,lammps,8,4000,10000,0.3,d,0,355.0,19.68392857142857,457408
7549,lammps,8,2000000,100000,0.3,d,3,358.0,27.037946428571427,457408
7550,beatnik,8,400000,100000,1.0,d,1,602.4598214285714,308.91517857142856,19996182
7551,beatnik,8,20000,100,0.1,d,0,440.0,136.91294642857142,19996182
7552,beatnik,8,4000,100000,1.0,d,1,417.99776785714283,124.54017857142857,19996182
7553,laghos,8,2000,100000,1.0,d,0,345.0,67.7625,801311390
7554,fiesta,8,200000,100,0.5,d,3,359.97544642857144,74.52388392857142,645120
7555,tricount,8,200000,100000,0.5,d,2,515.0,341.72544642857144,7120960
7556,fiesta,8,400000,1000,0.5,d,2,354.34151785714283,66.83928571428571,645120
7557,minivite,8,2000000,100000,1.0,d,2,417.0,99.21986607142857,24089720
7558,fiesta,8,40000,1000000,0.5,d,1,352.36607142857144,56.35446428571428,645120
7559,fiesta,8,2000000,1000,0.7,d,1,356.92857142857144,64.809375,645120
7560,kripke,8,20000,1000,0.7,d,0,382.0,30.047098214285715,302720
7561,quicksilver,8,20000,100000,0.7,d,3,293.58482142857144,132.49522321428572,762710
7562,beatnik,8,40000,0,0.3,d,0,596.4821428571429,311.22767857142856,19996182
7563,minife,8,40000,10000,0.3,d,2,388.0,17.448660714285715,6788000
7564,minivite,8,2000000,100000,0.5,d,2,415.0,94.80133928571429,24089720
7565,amg,8,4000,100,0.7,d,2,353.0,22.371808035714285,106441449
7566,tricount,8,20000,1000,1.0,d,1,447.0,267.97767857142856,7120960
7567,quicksilver,8,40000,100,0.3,d,1,314.0,145.10848214285716,762710
7568,laghos,8,200000,1000,0.7,d,2,531.0,259.4107142857143,801311390
7569,minife,8,4000,10000,0.3,d,0,384.0,12.394754464285715,6788000
7570,laghos,8,4000,1000,0.7,d,0,396.0,117.71116071428571,801311390
7571,tricount,8,4000,100,0.1,d,0,426.0,243.99776785714286,7120960
7572,lammps,8,4000,1000000,1.0,d,0,352.0,14.11515625,457408
7573,minivite,8,2000000,100000,0.1,d,1,432.0,109.08325892857144,24089720
7574,amg,8,2000,10000,0.3,d,2,340.0,10.090870535714286,106441449
7575,fiesta,8,40000,100000,0.1,d,0,360.33482142857144,63.94397321428572,645120
7576,beatnik,8,2000,100000,0.7,d,0,403.0,108.85491071428571,19996182
7577,beatnik,8,4000000,100,0.7,d,1,869.3794642857143,586.9508928571429,19996182
7578,lammps,8,4000000,1000,0.7,d,2,369.0,31.670312499999998,457408
7579,amg,8,4000,10000,0.1,d,0,347.0,16.701049107142858,106441449
7580,beatnik,8,20000,10000,0.7,d,0,434.0,142.48214285714286,19996182
7581,minivite,8,40000,100000,0.1,d,2,391.0,70.97477678571428,24089720
7582,tricount,8,4000000,10000,0.5,d,0,536.0,362.09375,7120960
7583,minife,8,200000,10000,0.7,d,2,405.0,38.291964285714286,6788000
7584,lammps,8,20000,100,0.1,d,0,365.0,26.173772321428572,457408
7585,kripke,8,20000,100000,0.1,d,3,357.0,18.276785714285715,302720
7586,tricount,8,4000,1000,0.7,d,3,405.0,230.70982142857142,7120960
7587,kripke,8,4000,1000,0.7,d,0,354.0,17.463839285714283,302720
7588,quicksilver,8,40000,10000,0.3,d,2,293.296875,132.61033482142858,762710
7589,minife,8,400000,100000,0.7,d,1,407.0,44.587723214285724,6788000
7590,quicksilver,8,20000,100000,1.0,d,2,291.0,129.92276785714284,762710
7591,laghos,8,2000,10000,1.0,d,1,338.0,63.65245535714286,801311390
7592,beatnik,8,200000,0,0.7,d,1,522.9709821428571,234.06473214285714,19996182
7593,quicksilver,8,4000000,1000000,0.1,d,0,292.171875,131.57589285714286,762710
7594,minivite,8,400000,1000000,0.7,d,1,397.0,78.65580357142858,24089720
7595,minife,8,2000,100,0.3,d,2,384.0,12.107142857142858,6788000
7596,amg,8,400000,1000,0.1,d,1,361.0,41.34888392857143,106441449
7597,beatnik,8,20000,10000,0.1,d,3,422.1607142857143,125.26339285714286,19996182
7598,minife,8,400000,10000,1.0,d,1,418.0,54.36584821428572,6788000
7599,fiesta,8,2000000,0,0.5,d,1,358.32142857142856,66.37064732142858,645120
7600,fiesta,8,20000,100000,1.0,d,0,374.77901785714283,93.03604910714284,645120
7601,quicksilver,8,4000,100000,0.5,d,3,292.0,131.3114955357143,762710
7602,beatnik,8,200000,10000,1.0,d,0,540.9866071428571,243.61607142857142,19996182
7603,minivite,8,200000,1000000,1.0,d,1,404.0,82.63147321428572,24089720
7604,minife,8,20000,10000,1.0,d,2,446.0,54.232142857142854,6788000
7605,amg,8,2000000,1000000,1.0,d,1,353.0,35.799107142857146,106441449
7606,beatnik,8,20000,1000,1.0,d,2,421.18080357142856,127.35714285714286,19996182
7607,beatnik,8,4000000,10000,0.3,d,2,549.9330357142857,261.54910714285717,19996182
7608,minivite,8,2000000,0,0.7,d,0,407.0,86.51004464285714,24089720
7609,quicksilver,8,4000000,1000,0.3,d,3,292.0,131.38339285714284,762710
7610,quicksilver,8,400000,1000,0.1,d,1,293.0,131.92421875,762710
7611,fiesta,8,4000000,100,0.7,d,3,356.90401785714283,78.47410714285715,645120
7612,tricount,8,40000,1000,0.5,d,1,513.0,339.97767857142856,7120960
7613,amg,8,2000,100000,0.1,d,2,339.55357142857144,10.12359375,106441449
7614,beatnik,8,4000000,100,0.7,d,3,775.9910714285714,493.10044642857144,19996182
7615,laghos,8,4000,1000,0.1,d,0,416.0,129.12924107142857,801311390
7616,laghos,8,4000,1000,0.1,d,1,464.0,179.27008928571428,801311390
7617,tricount,8,20000,0,0.3,d,0,424.0,250.68973214285714,7120960
7618,amg,8,4000,100,0.5,d,3,341.0,12.010200892857142,106441449
7619,amg,8,4000000,100000,0.1,d,0,359.0,44.36674107142857,106441449
7620,fiesta,8,40000,100000,1.0,d,3,387.29017857142856,118.22745535714286,645120
7621,beatnik,8,20000,1000,0.1,d,0,443.109375,140.45535714285714,19996182
7622,lammps,8,400000,10000,0.3,d,3,370.0,33.971428571428575,457408
7623,quicksilver,8,200000,100,1.0,d,3,302.0,140.65866071428573,762710
7624,beatnik,8,4000,10000,0.5,d,0,412.94419642857144,121.36607142857143,19996182
7625,tricount,8,200000,1000,0.1,d,3,490.0,314.64285714285717,7120960
7626,fiesta,8,400000,1000,1.0,d,1,356.72098214285717,59.238839285714285,645120
7627,kripke,8,4000,100,0.7,d,1,365.0,22.959374999999998,302720
7628,minife,8,2000000,100,0.3,d,0,407.0,43.47008928571428,6788000
7629,tricount,8,20000,10000,0.5,d,0,396.0,222.12276785714286,7120960
7630,amg,8,2000000,1000,0.5,d,2,358.0,39.46763392857143,106441449
7631,kripke,8,400000,1000000,0.1,d,2,356.0,19.067187499999996,302720
7632,tricount,8,40000,100,0.1,d,0,449.0,270.31473214285717,7120960
7633,beatnik,8,20000,1000000,0.5,d,0,401.140625,109.73883928571429,19996182
7634,lammps,8,200000,0,0.7,d,2,368.0,35.49397321428571,457408
7635,fiesta,8,2000,100000,0.5,d,1,352.87723214285717,53.589508928571426,645120
7636,fiesta,8,20000,1000,0.5,d,2,385.39285714285717,112.44745535714287,645120
7637,minife,8,2000,1000,1.0,d,2,387.0,14.00939732142857,6788000
7638,kripke,8,40000,1000,0.1,d,0,355.0,18.578125,302720
7639,amg,8,4000,100000,0.3,d,0,340.0,10.210915178571428,106441449
7640,laghos,8,4000,100,1.0,d,1,430.0,153.69196428571428,801311390
7641,beatnik,8,2000,10000,1.0,d,1,410.453125,113.37276785714286,19996182
7642,minivite,8,2000,10000,1.0,d,3,381.0,59.807812500000004,24089720
7643,kripke,8,2000,1000,0.3,d,2,354.0,17.083928571428572,302720
7644,lammps,8,40000,0,0.1,d,3,365.0,24.05125,457408
7645,tricount,8,40000,1000,1.0,d,1,405.0,231.01116071428572,7120960
7646,tricount,8,2000000,1000,0.5,d,3,670.0,496.24776785714283,7120960
7647,tricount,8,400000,1000,0.1,d,0,531.0,354.47098214285717,7120960
7648,beatnik,8,400000,10000,0.3,d,3,523.3683035714286,236.88839285714286,19996182
7649,beatnik,8,4000000,100000,0.1,d,2,563.7946428571429,269.4330357142857,19996182
7650,quicksilver,8,2000000,1000,0.1,d,3,301.0044642857143,139.52464285714285,762710
7651,minife,8,400000,1000000,0.1,d,0,390.0,16.938839285714288,6788000
7652,minife,8,4000000,100000,0.5,d,2,408.0,43.801785714285714,6788000
7653,beatnik,8,4000000,1000000,0.3,d,2,518.3214285714286,229.25669642857142,19996182
7654,amg,8,400000,1000,0.7,d,2,368.0,52.15468750000001,106441449
7655,kripke,8,2000,1000,1.0,d,3,358.0,18.806026785714288,302720
7656,laghos,8,2000000,1000000,1.0,d,3,532.0,258.89955357142856,801311390
7657,kripke,8,2000,100000,0.3,d,2,356.0,18.305803571428573,302720
7658,quicksilver,8,40000,1000,0.3,d,2,291.0,130.45395089285714,762710
7659,minivite,8,20000,0,1.0,d,2,426.0,87.72991071428571,24089720
7660,quicksilver,8,200000,0,0.3,d,3,291.0,130.34970982142858,762710
7661,tricount,8,4000,100000,1.0,d,3,410.0,235.07589285714286,7120960
7662,tricount,8,200000,1000,0.5,d,0,454.0,280.3392857142857,7120960
7663,tricount,8,40000,10000,0.3,d,0,468.0,294.4486607142857,7120960
7664,lammps,8,2000,1000000,0.5,d,3,380.0,44.61651785714286,457408
7665,amg,8,40000,1000,0.7,d,1,348.0,21.984151785714285,106441449
7666,tricount,8,2000000,100000,0.3,d,2,524.0,350.7924107142857,7120960
7667,minife,8,4000000,1000,0.7,d,2,405.0,40.463169642857146,6788000
7668,tricount,8,20000,0,0.3,d,3,434.0,254.00446428571428,7120960
7669,minife,8,4000000,0,0.5,d,1,403.0,35.380580357142854,6788000
7670,kripke,8,20000,100,0.7,d,2,384.0,31.53549107142857,302720
7671,quicksilver,8,400000,1000000,0.7,d,1,301.0,139.37660714285715,762710
7672,amg,8,400000,1000000,1.0,d,0,355.0,34.09308035714286,106441449
7673,amg,8,20000,1000,0.1,d,1,347.0,19.4296875,106441449
7674,minife,8,200000,100,1.0,d,1,402.0,36.38392857142857,6788000
7675,quicksilver,8,40000,10000,0.1,d,1,293.0,131.90767857142856,762710
7676,beatnik,8,2000,100000,0.3,d,1,399.0,104.57656250000001,19996182
7677,tricount,8,20000,100,0.3,d,0,434.0,253.44196428571428,7120960
7678,beatnik,8,40000,1000,0.5,d,1,482.4888392857143,189.60267857142858,19996182
7679,kripke,8,4000,0,1.0,d,0,363.0,21.575892857142858,302720
7680,minife,8,400000,10000,0.7,d,3,407.0,46.07075892857143,6788000
7681,lammps,8,2000,10000,0.1,d,3,350.0,11.18375,457408
7682,kripke,8,4000,100000,0.1,d,3,354.0,17.026785714285715,302720
7683,fiesta,8,4000,1000,0.3,d,1,353.31919642857144,56.60870535714286,645120
7684,kripke,8,4000000,0,0.3,d,0,357.0,20.790848214285713,302720
7685,tricount,8,4000000,1000000,0.7,d,0,581.0,407.51339285714283,7120960
7686,laghos,8,40000,100,0.7,d,3,520.0,238.55357142857142,801311390
7687,kripke,8,400000,1000,0.1,d,3,359.0,22.251562500000002,302720
7688,amg,8,4000000,10000,0.7,d,2,366.0,52.63816964285714,106441449
7689,lammps,8,20000,100,0.3,d,1,357.0,20.829799107142858,457408
7690,minivite,8,200000,100000,0.5,d,1,405.0,85.28415178571429,24089720
7691,tricount,8,2000,100,0.5,d,2,431.0,257.54017857142856,7120960
7692,lammps,8,20000,1000000,0.3,d,2,351.0,14.402477678571428,457408
7693,tricount,8,4000000,100000,1.0,d,0,641.0,467.6049107142857,7120960
7694,amg,8,4000,1000,1.0,d,3,341.0,11.565624999999999,106441449
7695,amg,8,4000,100,0.5,d,2,342.0,12.580111607142857,106441449
7696,tricount,8,4000,0,0.7,d,0,419.0,245.81026785714286,7120960
7697,tricount,8,200000,1000000,0.7,d,1,459.0,285.359375,7120960
7698,kripke,8,4000,1000,0.1,d,2,372.0,24.97276785714286,302720
7699,minife,8,40000,1000,0.7,d,3,387.0,17.552678571428572,6788000
7700,minife,8,4000000,100000,0.1,d,1,429.0,64.87142857142858,6788000
7701,tricount,8,2000,1000000,0.7,d,0,405.0,232.46428571428572,7120960
7702,laghos,8,20000,10000,0.1,d,2,453.0,179.88392857142858,801311390
7703,quicksilver,8,40000,1000,1.0,d,2,292.0,130.96406249999998,762710
7704,minife,8,200000,1000,0.5,d,3,416.0,59.3578125,6788000
7705,minivite,8,200000,1000000,0.1,d,0,396.0,75.83995535714287,24089720
7706,lammps,8,20000,0,0.7,d,2,351.0,15.915625000000002,457408
7707,laghos,8,400000,100000,0.7,d,1,529.0,256.01785714285717,801311390
7708,minivite,8,4000,1000,0.7,d,3,382.0,58.847321428571426,24089720
7709,fiesta,8,400000,1000,0.5,d,1,360.1607142857143,85.81495535714285,645120
7710,minivite,8,4000000,1000,0.5,d,2,436.0,119.12879464285713,24089720
7711,tricount,8,4000000,100,0.7,d,0,626.0,452.4642857142857,7120960
7712,tricount,8,2000,1000,1.0,d,1,435.0,261.19419642857144,7120960
7713,laghos,8,400000,1000000,1.0,d,3,495.0,222.67857142857142,801311390
7714,laghos,8,40000,10000,0.5,d,2,466.0,193.62723214285714,801311390
7715,tricount,8,2000,100000,0.5,d,3,416.0,242.10714285714286,7120960
7716,quicksilver,8,40000,0,0.1,d,2,305.0,139.47265625,762710
7717,laghos,8,40000,10000,0.1,d,2,459.0,186.30803571428572,801311390
7718,kripke,8,4000000,100000,0.3,d,0,357.0,20.405357142857145,302720
7719,beatnik,8,4000000,1000,0.3,d,2,743.8191964285714,462.49107142857144,19996182
7720,kripke,8,400000,0,0.1,d,2,357.0,20.766964285714288,302720
7721,fiesta,8,2000,1000000,1.0,d,3,356.0625,55.486607142857146,645120
7722,minivite,8,2000,0,0.7,d,0,377.0,59.36071428571428,24089720
7723,fiesta,8,2000000,10000,0.5,d,0,356.75669642857144,60.98683035714286,645120
7724,fiesta,8,400000,1000,1.0,d,0,370.56026785714283,106.08419642857143,645120
7725,lammps,8,2000000,1000,0.7,d,2,361.0,23.067410714285717,457408
7726,laghos,8,200000,1000,1.0,d,2,620.0,346.828125,801311390
7727,amg,8,40000,100000,0.1,d,2,350.0,21.47638392857143,106441449
7728,quicksilver,8,4000000,0,1.0,d,0,294.0,132.65736607142858,762710
7729,minivite,8,4000000,100,0.7,d,1,416.0,100.46540178571429,24089720
7730,quicksilver,8,2000,100000,0.1,d,2,299.0,138.20404017857143,762710
7731,amg,8,2000,10000,1.0,d,0,344.0,15.202700892857141,106441449
7732,kripke,8,4000,100,0.7,d,3,362.0,20.262723214285717,302720
7733,fiesta,8,200000,100000,0.5,d,2,353.5111607142857,58.896205357142854,645120
7734,tricount,8,4000,100,0.5,d,1,430.0,253.60044642857142,7120960
7735,laghos,8,200000,1000000,0.5,d,3,415.0,142.81696428571428,801311390
7736,minife,8,2000,10000,0.7,d,0,384.0,12.059531250000001,6788000
7737,kripke,8,2000,100,0.5,d,1,357.0,17.772544642857145,302720
7738,lammps,8,20000,1000,0.1,d,0,364.0,22.455624999999998,457408
7739,minife,8,2000000,1000,0.7,d,3,406.0,39.5484375,6788000
7740,laghos,8,4000000,100,0.1,d,1,594.0,323.16517857142856,801311390
7741,amg,8,2000000,0,0.7,d,2,361.0,41.94910714285714,106441449
7742,fiesta,8,4000000,100000,1.0,d,0,357.3950892857143,65.64821428571429,645120
7743,laghos,8,2000,1000000,0.1,d,1,388.0,111.00044642857142,801311390
7744,minivite,8,40000,10000,0.5,d,1,382.0,64.46986607142857,24089720
7745,tricount,8,2000000,1000,0.7,d,1,497.0,323.38839285714283,7120960
7746,fiesta,8,2000000,100,0.1,d,0,358.02901785714283,70.65491071428572,645120
7747,fiesta,8,4000,100000,1.0,d,2,356.58705357142856,62.18214285714286,645120
7748,minife,8,200000,10000,0.1,d,2,400.0,29.602455357142862,6788000
7749,minivite,8,4000000,100,1.0,d,3,453.0,131.14285714285714,24089720
7750,beatnik,8,4000000,10000,0.1,d,3,564.96875,265.60267857142856,19996182
7751,quicksilver,8,4000000,100,0.1,d,1,292.0,131.0993080357143,762710
7752,minife,8,40000,100000,0.1,d,2,389.0,15.923058035714288,6788000
7753,minivite,8,2000000,0,1.0,d,1,434.0,115.77120535714286,24089720
7754,fiesta,8,200000,100,1.0,d,2,368.91294642857144,97.43270089285714,645120
7755,kripke,8,2000,100,0.1,d,1,374.0,26.454017857142855,302720
7756,amg,8,400000,100000,0.3,d,0,357.0,36.823437500000004,106441449
7757,lammps,8,2000,1000,1.0,d,3,354.0,15.765178571428569,457408
7758,minife,8,2000,0,0.3,d,1,384.0,12.550111607142858,6788000
7759,fiesta,8,40000,1000,1.0,d,1,399.6517857142857,125.64053571428572,645120
7760,kripke,8,4000,0,0.5,d,0,362.0,20.412723214285712,302720
7761,lammps,8,40000,100,0.5,d,1,352.0,18.577410714285715,457408
7762,beatnik,8,4000,10000,0.3,d,0,415.30580357142856,118.35491071428571,19996182
7763,quicksilver,8,4000,100000,0.1,d,0,290.0,129.14763392857142,762710
7764,lammps,8,2000000,0,0.1,d,2,364.0,26.197321428571428,457408
7765,kripke,8,4000,10000,1.0,d,1,356.0,18.35223214285714,302720
7766,kripke,8,4000,100000,0.3,d,3,356.0,18.499107142857145,302720
7767,laghos,8,20000,0,0.3,d,2,477.0,204.70535714285714,801311390
7768,minivite,8,2000,100,0.3,d,3,389.0,68.88727678571429,24089720
7769,laghos,8,400000,100,0.7,d,1,652.0,372.875,801311390
7770,kripke,8,200000,10000,0.5,d,0,360.0,23.16763392857143,302720
7771,minife,8,4000000,100000,0.7,d,3,408.0,47.43102678571428,6788000
7772,minife,8,40000,10000,1.0,d,1,467.0,75.76941964285713,6788000
7773,lammps,8,200000,0,0.7,d,0,363.0,25.853549107142857,457408
7774,fiesta,8,2000000,0,0.5,d,0,369.6361607142857,84.37589285714284,645120
7775,tricount,8,2000000,10000,0.1,d,0,541.0,365.125,7120960
7776,kripke,8,200000,100,0.1,d,1,357.0,20.25200892857143,302720
7777,amg,8,40000,1000000,1.0,d,0,358.0,28.24620535714286,106441449
7778,tricount,8,40000,1000000,1.0,d,3,432.0,256.26785714285717,7120960
7779,minife,8,4000000,100,0.3,d,1,408.0,46.884821428571435,6788000
7780,lammps,8,4000000,1000,0.5,d,1,401.0,71.19040178571429,457408
7781,beatnik,8,40000,10000,0.3,d,0,462.9888392857143,172.00446428571428,19996182
7782,laghos,8,400000,0,0.3,d,1,558.0,284.8638392857143,801311390
7783,quicksilver,8,400000,1000000,0.3,d,1,301.90625,140.5406919642857,762710
7784,minivite,8,200000,1000,1.0,d,1,415.0,90.87767857142856,24089720
7785,quicksilver,8,2000,1000,1.0,d,3,294.0,133.2736830357143,762710
7786,tricount,8,2000000,0,0.1,d,2,486.0,310.0200892857143,7120960
7787,beatnik,8,2000,100000,0.1,d,0,403.0,103.6171875,19996182
7788,beatnik,8,4000000,100,0.3,d,0,764.8861607142857,479.46875,19996182
7789,fiesta,8,400000,0,0.7,d,1,353.38392857142856,59.849330357142854,645120
7790,tricount,8,20000,1000000,0.3,d,2,413.0,239.44196428571428,7120960
7791,laghos,8,200000,0,0.5,d,1,583.0,312.0513392857143,801311390
7792,quicksilver,8,2000,1000,0.1,d,2,293.0,132.0545982142857,762710
7793,lammps,8,40000,100,0.1,d,3,350.0,15.264508928571429,457408
7794,amg,8,400000,0,0.1,d,3,354.0,37.109375,106441449
7795,tricount,8,200000,100,0.7,d,0,468.0,294.44642857142856,7120960
7796,minivite,8,4000000,100,0.5,d,0,408.0,88.61205357142856,24089720
7797,beatnik,8,4000,100,0.7,d,3,470.0,179.953125,19996182
7798,tricount,8,400000,10000,1.0,d,3,609.0,435.1919642857143,7120960
7799,laghos,8,200000,10000,0.1,d,0,551.0,279.03125,801311390
7800,laghos,8,4000,0,1.0,d,2,373.0,97.23459821428571,801311390
7801,tricount,8,2000000,0,0.3,d,2,553.0,379.64955357142856,7120960
7802,amg,8,20000,1000,0.7,d,2,346.0,18.349330357142858,106441449
7803,amg,8,20000,100000,0.5,d,0,353.0,22.187946428571426,106441449
7804,fiesta,8,200000,0,0.5,d,0,353.11160714285717,56.027455357142856,645120
7805,tricount,8,2000000,1000000,0.7,d,0,602.0,428.9486607142857,7120960
7806,minife,8,2000,0,0.7,d,0,387.0,14.860691964285712,6788000
7807,quicksilver,8,200000,10000,0.7,d,2,293.0,131.70611607142857,762710
7808,minife,8,2000,100000,1.0,d,1,391.0,16.444687499999997,6788000
7809,beatnik,8,4000,0,1.0,d,2,419.9732142857143,125.76339285714286,19996182
7810,tricount,8,2000000,100000,0.1,d,2,528.0,352.40848214285717,7120960
7811,amg,8,400000,100000,0.3,d,1,355.0,37.30736607142857,106441449
7812,minife,8,20000,1000,1.0,d,0,457.0,64.32901785714286,6788000
7813,lammps,8,2000000,1000000,0.1,d,2,355.0,16.260066964285716,457408
7814,quicksilver,8,20000,10000,0.1,d,3,292.0,130.70274553571429,762710
7815,minivite,8,2000,100000,0.1,d,1,378.0,57.91473214285715,24089720
7816,quicksilver,8,40000,100000,0.1,d,1,291.0,129.73234374999998,762710
7817,kripke,8,4000,100000,0.5,d,0,357.0,18.176785714285717,302720
7818,amg,8,2000,1000,0.5,d,2,340.0,11.081808035714285,106441449
7819,amg,8,40000,100,0.3,d,2,386.0,49.89241071428571,106441449
7820,fiesta,8,2000,10000,0.1,d,0,356.47767857142856,54.74620535714286,645120
7821,quicksilver,8,2000,100000,0.5,d,3,302.0,140.29104910714287,762710
7822,laghos,8,20000,1000,0.5,d,2,481.0,208.30803571428572,801311390
7823,fiesta,8,2000000,100,1.0,d,1,363.0669642857143,79.08035714285714,645120
7824,minife,8,20000,1000,0.7,d,1,388.0,18.34714285714286,6788000
7825,minife,8,4000,1000,0.1,d,2,396.0,21.040625000000002,6788000
7826,quicksilver,8,20000,100000,0.7,d,1,300.00669642857144,136.69939732142856,762710
7827,kripke,8,2000,0,1.0,d,1,358.0,19.355357142857144,302720
7828,minivite,8,40000,100000,0.1,d,1,392.0,68.6515625,24089720
7829,fiesta,8,2000,1000000,0.1,d,3,356.22767857142856,57.05312500000001,645120
7830,beatnik,8,400000,1000,0.7,d,3,789.4508928571429,503.0513392857143,19996182
7831,laghos,8,2000,1000000,1.0,d,1,354.0,77.95491071428572,801311390
7832,quicksilver,8,40000,1000,0.7,d,0,294.0,132.7783705357143,762710
7833,beatnik,8,2000000,100,0.3,d,3,567.8772321428571,280.99330357142856,19996182
7834,quicksilver,8,40000,100,0.3,d,3,294.0,132.82651785714285,762710
7835,minife,8,200000,1000,1.0,d,3,411.0,45.40691964285713,6788000
7836,quicksilver,8,200000,10000,0.1,d,2,301.0,139.23491071428572,762710
7837,minife,8,4000000,100,0.3,d,0,403.0,39.73504464285714,6788000
7838,lammps,8,2000,0,0.7,d,2,402.0,63.81919642857143,457408
7839,minife,8,400000,100000,0.5,d,1,410.0,50.448883928571426,6788000
7840,minife,8,2000000,100,1.0,d,2,404.0,38.01584821428571,6788000
7841,lammps,8,20000,0,0.3,d,3,355.0,20.39470982142857,457408
7842,lammps,8,200000,1000,1.0,d,2,357.0,24.139285714285712,457408
7843,minife,8,20000,0,0.1,d,0,389.0,16.13794642857143,6788000
7844,quicksilver,8,40000,10000,1.0,d,0,311.89732142857144,142.62142857142857,762710
7845,lammps,8,40000,100000,0.7,d,0,367.0,27.98544642857143,457408
7846,fiesta,8,2000000,100000,0.1,d,2,365.25,91.75290178571429,645120
7847,beatnik,8,400000,0,0.3,d,3,958.8147321428571,680.5290178571429,19996182
7848,minivite,8,40000,1000000,1.0,d,0,377.0,56.512499999999996,24089720
7849,laghos,8,200000,1000,0.1,d,2,543.0,270.83705357142856,801311390
7850,laghos,8,400000,100,0.3,d,0,602.0,329.71651785714283,801311390
7851,tricount,8,2000000,10000,0.5,d,3,614.0,436.09375,7120960
7852,kripke,8,20000,100,0.1,d,1,375.0,28.716294642857143,302720
7853,quicksilver,8,20000,1000,0.3,d,1,292.0,130.92408482142858,762710
7854,quicksilver,8,20000,10000,0.7,d,0,308.0,139.60537946428573,762710
7855,laghos,8,20000,10000,0.7,d,3,458.0,185.26785714285714,801311390
7856,quicksilver,8,2000000,1000,0.5,d,3,303.0,141.0376785714286,762710
7857,lammps,8,2000,1000,0.7,d,1,349.0,15.191629464285715,457408
7858,tricount,8,4000,0,0.3,d,3,436.0,257.61830357142856,7120960
7859,laghos,8,2000000,1000,0.3,d,3,556.0,283.0825892857143,801311390
7860,lammps,8,400000,100,0.5,d,3,367.0,28.435066964285713,457408
7861,beatnik,8,20000,100,0.7,d,2,440.99776785714283,143.55580357142858,19996182
7862,fiesta,8,4000,1000,0.3,d,0,366.27455357142856,84.34531249999999,645120
7863,tricount,8,2000000,1000,0.1,d,1,487.99776785714283,313.2232142857143,7120960
7864,tricount,8,20000,1000,0.7,d,2,438.0,264.40625,7120960
7865,quicksilver,8,4000,100000,0.5,d,0,290.0,129.09732142857143,762710
7866,minivite,8,200000,100,0.3,d,3,404.0,82.67857142857143,24089720
7867,beatnik,8,20000,100000,0.1,d,3,410.0,116.48214285714286,19996182
7868,tricount,8,4000,1000000,1.0,d,3,407.0,233.45982142857142,7120960
7869,tricount,8,4000000,100,1.0,d,2,599.0,420.74776785714283,7120960
7870,kripke,8,200000,1000,0.1,d,0,358.0,20.928124999999998,302720
7871,quicksilver,8,200000,0,0.1,d,3,291.11830357142856,130.5069642857143,762710
7872,fiesta,8,4000000,10000,0.7,d,3,353.6450892857143,60.36785714285715,645120
7873,quicksilver,8,200000,100,0.1,d,1,294.0,132.8697544642857,762710
7874,minivite,8,400000,0,0.3,d,2,404.0,84.59955357142857,24089720
7875,minivite,8,4000000,0,0.3,d,0,425.0,107.06026785714286,24089720
7876,kripke,8,4000000,100000,0.3,d,3,358.0,21.11785714285714,302720
7877,beatnik,8,40000,1000000,0.5,d,1,467.65625,176.5,19996182
7878,tricount,8,2000000,100,0.3,d,2,620.0,446.9888392857143,7120960
7879,quicksilver,8,2000000,0,0.7,d,3,292.0669642857143,131.4391294642857,762710
7880,amg,8,4000000,0,0.1,d,3,354.0,37.314508928571435,106441449
7881,lammps,8,4000,1000000,0.5,d,2,363.0,26.40497767857143,457408
7882,kripke,8,40000,10000,0.3,d,1,354.0,17.885714285714283,302720
7883,amg,8,2000000,10000,0.1,d,3,356.0,36.697544642857146,106441449
7884,kripke,8,40000,1000000,0.3,d,0,356.0,18.215625,302720
7885,quicksilver,8,4000000,10000,0.1,d,0,294.0,132.6445982142857,762710
7886,fiesta,8,20000,100000,1.0,d,1,356.15401785714283,54.665848214285724,645120
7887,kripke,8,4000000,100,0.1,d,0,365.0,27.110491071428573,302720
7888,minivite,8,40000,0,0.1,d,1,388.0,67.57209821428572,24089720
7889,kripke,8,2000000,100,0.3,d,1,362.0,24.598437499999996,302720
7890,minivite,8,4000000,0,1.0,d,2,458.0,137.61830357142858,24089720
7891,minivite,8,200000,1000000,1.0,d,3,389.0,67.11897321428572,24089720
7892,beatnik,8,4000,1000000,0.1,d,0,417.58705357142856,123.35491071428571,19996182
7893,lammps,8,40000,100,0.5,d,0,365.0,25.381294642857142,457408
7894,kripke,8,2000,10000,0.1,d,2,357.0,19.100223214285712,302720
7895,quicksilver,8,4000000,100000,1.0,d,1,301.0,139.62598214285714,762710
7896,minivite,8,400000,100,0.3,d,0,407.0,88.0671875,24089720
7897,beatnik,8,40000,1000000,0.5,d,3,424.0,130.15848214285714,19996182
7898,laghos,8,2000,1000,0.3,d,1,351.0,76.81495535714285,801311390
7899,minife,8,2000000,10000,0.5,d,1,412.0,54.32901785714286,6788000
7900,tricount,8,200000,1000000,1.0,d,1,542.0,366.99776785714283,7120960
7901,minivite,8,2000000,0,0.1,d,2,412.0,93.17633928571429,24089720
7902,lammps,8,200000,1000000,0.5,d,1,350.0,16.750089285714285,457408
7903,tricount,8,2000000,100000,0.3,d,0,602.0,428.99330357142856,7120960
7904,laghos,8,40000,1000,0.3,d,0,468.0,195.83258928571428,801311390
7905,quicksilver,8,40000,0,1.0,d,0,294.0,132.97171875,762710
7906,minivite,8,20000,100,1.0,d,1,382.0,61.78058035714287,24089720
7907,kripke,8,4000000,100,0.5,d,3,357.0,20.881696428571427,302720
7908,laghos,8,2000,1000,0.7,d,0,358.0,83.48370535714285,801311390
7909,lammps,8,400000,100000,0.7,d,2,363.0,27.493303571428573,457408
7910,quicksilver,8,400000,10000,1.0,d,2,293.0,131.89232142857142,762710
7911,minife,8,4000000,10000,0.5,d,3,407.0,44.902455357142856,6788000
7912,quicksilver,8,4000,100,0.7,d,3,293.0,131.76388392857143,762710
7913,quicksilver,8,400000,100000,0.5,d,2,294.0,133.2344642857143,762710
7914,tricount,8,4000,1000,1.0,d,1,402.0,228.54017857142858,7120960
7915,laghos,8,20000,0,0.1,d,0,442.0,164.13616071428572,801311390
7916,lammps,8,200000,1000,1.0,d,1,358.0,21.631473214285716,457408
7917,minivite,8,200000,0,1.0,d,2,428.0,103.75133928571428,24089720
7918,tricount,8,40000,0,0.5,d,0,504.0,331.05357142857144,7120960
7919,beatnik,8,200000,10000,0.7,d,0,505.96205357142856,213.84151785714286,19996182
7920,lammps,8,4000000,0,0.3,d,1,370.0,33.69602678571429,457408
7921,kripke,8,4000000,10000,0.7,d,1,359.0,21.466964285714287,302720
7922,kripke,8,20000,1000000,0.5,d,2,356.0,17.966964285714287,302720
7923,laghos,8,4000,1000000,0.3,d,2,387.9486607142857,113.77455357142857,801311390
7924,laghos,8,20000,1000000,0.5,d,1,353.0,78.48928571428573,801311390
7925,beatnik,8,20000,1000,0.1,d,2,422.0580357142857,126.640625,19996182
7926,laghos,8,20000,1000000,1.0,d,3,381.0,106.56941964285714,801311390
7927,minife,8,20000,100,0.1,d,3,389.0,16.227745535714288,6788000
7928,minivite,8,2000,100000,0.3,d,3,387.0,69.09754464285714,24089720
7929,fiesta,8,40000,100000,0.7,d,0,371.5357142857143,92.30185267857142,645120
7930,quicksilver,8,2000000,0,0.5,d,1,291.0,130.289375,762710
7931,laghos,8,4000000,0,0.3,d,2,528.0,255.02008928571428,801311390
7932,minife,8,400000,100,1.0,d,1,407.0,43.302455357142854,6788000
7933,beatnik,8,2000,100,0.3,d,2,411.0,115.078125,19996182
7934,minivite,8,4000,0,0.5,d,2,389.0,64.13147321428572,24089720
7935,quicksilver,8,40000,100000,1.0,d,3,292.15625,131.54464285714286,762710
7936,minife,8,4000000,100000,1.0,d,2,401.0,35.39017857142857,6788000
7937,lammps,8,200000,1000000,0.7,d,3,363.0,24.60089285714286,457408
7938,lammps,8,40000,0,1.0,d,3,393.0,48.934821428571425,457408
7939,fiesta,8,400000,10000,0.7,d,3,362.08482142857144,88.07834821428571,645120
7940,beatnik,8,4000,10000,0.1,d,1,412.16964285714283,115.00892857142857,19996182
7941,minife,8,40000,100,0.1,d,2,428.0,40.84904017857143,6788000
7942,lammps,8,200000,100,0.1,d,2,362.0,24.822767857142853,457408
7943,fiesta,8,200000,0,1.0,d,0,366.3549107142857,86.5683705357143,645120
7944,minife,8,200000,1000000,0.5,d,3,392.0,22.390848214285715,6788000
7945,fiesta,8,2000000,1000,0.1,d,2,366.30357142857144,105.37203124999999,645120
7946,fiesta,8,40000,1000000,0.3,d,3,352.51785714285717,56.44508928571429,645120
7947,tricount,8,4000,10000,0.5,d,0,410.0,235.83482142857142,7120960
7948,minife,8,20000,1000,0.7,d,0,430.0,43.24732142857143,6788000
7949,beatnik,8,4000000,100000,0.7,d,0,601.0825892857143,312.9732142857143,19996182
7950,fiesta,8,2000000,100,0.5,d,0,353.8638392857143,56.956919642857144,645120
7951,lammps,8,400000,1000,0.1,d,0,402.0,72.36379464285713,457408
7952,quicksilver,8,40000,100,0.3,d,0,313.0,143.82857142857142,762710
7953,minife,8,20000,1000,0.3,d,1,422.0,37.04575892857143,6788000
7954,amg,8,2000,1000,0.1,d,2,340.0,10.729642857142858,106441449
7955,minivite,8,4000,1000000,0.7,d,0,378.0,59.57209821428571,24089720
7956,laghos,8,2000000,0,0.1,d,0,558.0,286.42410714285717,801311390
7957,lammps,8,4000000,100000,0.1,d,3,377.0,38.56404017857143,457408
7958,laghos,8,4000,100,0.7,d,3,391.703125,117.64508928571429,801311390
7959,beatnik,8,2000,1000,1.0,d,0,402.0200892857143,109.29464285714286,19996182
7960,quicksilver,8,20000,100,0.7,d,3,315.0,145.6825892857143,762710
7961,fiesta,8,4000000,1000,0.7,d,3,353.1361607142857,59.808482142857144,645120
7962,quicksilver,8,200000,100,0.3,d,3,301.66517857142856,139.3475669642857,762710
7963,beatnik,8,400000,1000000,0.3,d,0,472.48214285714283,181.41071428571428,19996182
7964,laghos,8,40000,100,1.0,d,1,541.0,258.2611607142857,801311390
7965,laghos,8,4000,1000000,0.7,d,2,365.0,90.45379464285713,801311390
7966,fiesta,8,2000000,100000,1.0,d,2,364.1986607142857,83.77147321428572,645120
7967,beatnik,8,400000,10000,0.1,d,2,499.0,206.64285714285714,19996182
7968,minife,8,20000,1000,0.7,d,3,428.0,41.925892857142856,6788000
7969,quicksilver,8,200000,10000,0.5,d,1,300.0,138.55417410714287,762710
7970,amg,8,2000000,100,0.3,d,3,357.0,37.35044642857143,106441449
7971,minivite,8,4000,1000,0.7,d,0,378.0,58.61049107142857,24089720
7972,kripke,8,2000000,100000,0.5,d,0,359.0,21.81205357142857,302720
7973,lammps,8,2000000,1000000,1.0,d,1,356.0,22.137723214285717,457408
7974,quicksilver,8,40000,10000,1.0,d,2,316.0,146.4700892857143,762710
7975,amg,8,4000000,1000000,0.1,d,0,352.0,29.484375,106441449
7976,tricount,8,4000000,0,0.5,d,1,542.0,368.24776785714283,7120960
7977,tricount,8,20000,1000,0.5,d,3,414.0,232.94419642857142,7120960
7978,laghos,8,4000000,10000,0.5,d,2,586.0,315.00223214285717,801311390
7979,minife,8,20000,1000,0.1,d,3,422.0,35.62669642857143,6788000
7980,minivite,8,2000,0,0.5,d,0,374.0,54.27879464285714,24089720
7981,quicksilver,8,2000000,100000,0.5,d,1,293.0,131.6778125,762710
7982,quicksilver,8,2000000,100,0.3,d,3,302.0,139.86959821428573,762710
7983,minivite,8,400000,1000000,0.1,d,3,391.0,70.88058035714286,24089720
7984,fiesta,8,200000,0,0.7,d,1,353.390625,58.08973214285714,645120
7985,laghos,8,200000,0,1.0,d,2,547.0,276.08035714285717,801311390
7986,fiesta,8,20000,1000,0.1,d,3,382.25669642857144,107.12270089285714,645120
7987,lammps,8,20000,0,0.1,d,0,361.0,21.831919642857144,457408
7988,lammps,8,4000,0,0.3,d,2,355.0,15.838593750000001,457408
7989,lammps,8,2000000,0,0.3,d,0,360.0,21.812879464285714,457408
7990,minivite,8,4000,0,0.7,d,0,374.0,56.769866071428574,24089720
7991,amg,8,20000,100,0.7,d,0,346.0,17.946875,106441449
7992,tricount,8,400000,0,0.7,d,2,544.0,369.58482142857144,7120960
7993,fiesta,8,4000000,10000,0.7,d,0,356.8638392857143,61.85781250000001,645120
7994,minivite,8,4000,100,0.1,d,2,387.0,67.25602678571428,24089720
7995,lammps,8,4000000,0,0.1,d,0,372.0,37.306383928571435,457408
7996,beatnik,8,400000,100,0.7,d,2,693.1495535714286,406.4955357142857,19996182
7997,tricount,8,4000,0,0.3,d,1,433.0,259.1138392857143,7120960
7998,beatnik,8,40000,100000,0.1,d,2,407.0,114.00669642857143,19996182
7999,minife,8,4000000,0,0.1,d,2,408.0,44.262723214285714,6788000
8000,lammps,8,2000,10000,0.1,d,0,353.0,18.25658482142857,457408
8001,tricount,8,20000,1000,1.0,d,3,439.0,259.28794642857144,7120960
8002,amg,8,20000,0,0.7,d,1,382.0,46.68348214285714,106441449
8003,laghos,8,20000,1000000,0.1,d,0,375.0,101.20848214285715,801311390
8004,amg,8,4000000,100,1.0,d,0,363.0,50.37767857142857,106441449
8005,laghos,8,40000,0,0.3,d,3,465.0,193.21428571428572,801311390
8006,quicksilver,8,200000,100000,0.7,d,3,302.0,140.38535714285715,762710
8007,quicksilver,8,40000,100,0.5,d,3,312.0,143.40535714285716,762710
8008,lammps,8,400000,10000,0.5,d,2,357.0,24.118750000000002,457408
8009,minivite,8,4000000,0,0.7,d,3,403.0,82.7453125,24089720
8010,kripke,8,40000,100,0.3,d,3,356.0,19.138392857142858,302720
8011,kripke,8,2000000,1000,0.3,d,1,358.0,21.076339285714287,302720
8012,tricount,8,200000,10000,0.1,d,2,492.0,317.13839285714283,7120960
8013,fiesta,8,2000,0,0.3,d,3,352.72767857142856,57.25044642857143,645120
8014,minife,8,20000,100,0.5,d,1,426.0,39.574776785714285,6788000
8015,amg,8,4000,1000000,0.3,d,3,341.0,11.863950892857144,106441449
8016,minivite,8,200000,100,0.5,d,1,406.0,83.69129464285713,24089720
8017,laghos,8,2000,100,1.0,d,3,387.0,112.95535714285714,801311390
8018,laghos,8,4000000,1000,0.7,d,0,591.3973214285714,319.2142857142857,801311390
8019,fiesta,8,2000,10000,0.5,d,1,368.3236607142857,71.24040178571428,645120
8020,kripke,8,2000,1000000,0.5,d,3,355.0,16.9140625,302720
8021,minivite,8,2000,1000000,0.1,d,0,382.0,62.095758928571435,24089720
8022,laghos,8,2000000,100000,0.7,d,1,533.0,260.015625,801311390
8023,kripke,8,400000,100000,0.5,d,1,357.0,20.99375,302720
8024,laghos,8,200000,0,0.3,d,2,595.0,322.63392857142856,801311390
8025,kripke,8,2000000,1000000,0.5,d,0,356.0,19.314285714285713,302720
8026,beatnik,8,20000,1000000,1.0,d,1,413.7611607142857,116.09821428571429,19996182
8027,beatnik,8,4000,0,0.5,d,2,422.91294642857144,128.5625,19996182
8028,kripke,8,400000,100,1.0,d,3,359.0,21.765848214285715,302720
8029,laghos,8,200000,0,1.0,d,1,582.0,308.6138392857143,801311390
8030,lammps,8,4000,100000,0.3,d,1,360.0,20.57279017857143,457408
8031,laghos,8,4000,100000,0.5,d,0,376.0,99.68325892857142,801311390
8032,beatnik,8,40000,1000000,0.1,d,3,413.0,114.125,19996182
8033,lammps,8,4000000,0,0.1,d,1,383.0,50.382477678571426,457408
8034,minife,8,2000000,1000,0.5,d,3,410.0,52.228794642857146,6788000
8035,beatnik,8,200000,100000,0.5,d,0,457.84598214285717,167.95758928571428,19996182
8036,tricount,8,20000,0,1.0,d,2,452.0,277.62723214285717,7120960
8037,minivite,8,4000,100,0.7,d,2,387.0,65.33125,24089720
8038,kripke,8,2000,0,1.0,d,3,358.0,18.869419642857142,302720
8039,minivite,8,200000,0,0.7,d,2,406.0,85.07790178571429,24089720
8040,lammps,8,20000,1000000,0.7,d,1,355.0,18.947857142857142,457408
8041,beatnik,8,4000,10000,0.5,d,2,416.9955357142857,122.32589285714286,19996182
8042,minife,8,400000,100,1.0,d,3,405.0,41.214285714285715,6788000
8043,lammps,8,2000,1000000,0.5,d,1,353.0,18.044508928571428,457408
8044,fiesta,8,200000,10000,0.7,d,0,363.04017857142856,92.28325892857143,645120
8045,laghos,8,40000,100000,1.0,d,1,404.0,131.08705357142858,801311390
8046,fiesta,8,4000000,100,1.0,d,2,364.62723214285717,89.76183035714287,645120
8047,quicksilver,8,400000,0,0.5,d,2,300.0,138.53808035714286,762710
8048,laghos,8,2000000,0,0.5,d,1,571.0,299.43080357142856,801311390
8049,beatnik,8,4000,100000,0.1,d,0,408.2544642857143,109.41919642857144,19996182
8050,beatnik,8,4000,100,1.0,d,2,431.11607142857144,136.47767857142858,19996182
8051,lammps,8,200000,10000,1.0,d,3,376.0,45.36808035714285,457408
8052,amg,8,20000,1000000,0.3,d,2,341.0,11.97640625,106441449
8053,minivite,8,40000,1000000,0.7,d,1,372.0,54.79776785714285,24089720
8054,quicksilver,8,4000000,0,0.3,d,0,300.0,137.88924107142856,762710
8055,laghos,8,2000,100000,1.0,d,2,332.0,57.365401785714276,801311390
8056,beatnik,8,2000,0,0.3,d,1,412.984375,117.72321428571429,19996182
8057,beatnik,8,40000,100,1.0,d,0,457.33035714285717,160.63169642857142,19996182
8058,minife,8,4000,10000,0.5,d,1,384.0,11.926607142857142,6788000
8059,kripke,8,2000000,100000,0.1,d,0,359.0,21.631249999999998,302720
8060,minivite,8,2000000,10000,0.1,d,3,425.0,106.01651785714284,24089720
8061,fiesta,8,2000000,1000,1.0,d,2,364.265625,82.10781250000001,645120
8062,beatnik,8,200000,100,0.5,d,3,516.46875,220.38616071428572,19996182
8063,beatnik,8,2000000,100,1.0,d,0,598.0513392857143,311.97544642857144,19996182
8064,lammps,8,2000000,1000000,0.3,d,1,380.0,46.3375,457408
8065,amg,8,20000,1000,0.5,d,1,378.0,42.129241071428574,106441449
8066,tricount,8,20000,1000000,1.0,d,0,486.0,311.74776785714283,7120960
8067,beatnik,8,20000,100,0.1,d,1,421.0,124.78794642857143,19996182
8068,amg,8,2000,100,0.3,d,3,340.0,11.198906249999999,106441449
8069,amg,8,20000,1000000,0.1,d,1,354.0,24.404196428571428,106441449
8070,lammps,8,4000000,100000,0.3,d,2,369.0,31.704151785714284,457408
8071,minife,8,2000,1000000,1.0,d,1,388.0,14.336495535714286,6788000
8072,minife,8,40000,1000,0.3,d,2,429.0,43.279241071428565,6788000
8073,minife,8,2000000,1000,0.3,d,1,410.0,50.924107142857146,6788000
8074,minife,8,2000000,0,0.7,d,2,411.00223214285717,47.730133928571426,6788000
8075,beatnik,8,20000,10000,0.7,d,3,433.86830357142856,134.78794642857142,19996182
8076,minife,8,4000000,100000,0.3,d,2,402.0,37.25044642857143,6788000
8077,lammps,8,2000,10000,0.1,d,1,349.0,12.477008928571427,457408
8078,lammps,8,2000,1000,0.5,d,2,362.0,24.791741071428568,457408
8079,minivite,8,200000,1000,0.3,d,3,397.0,80.12232142857144,24089720
8080,minivite,8,4000,0,0.1,d,3,417.0,82.5625,24089720
8081,lammps,8,4000,10000,0.7,d,1,355.0,20.11533482142857,457408
8082,beatnik,8,20000,100000,0.1,d,0,410.0,114.53794642857143,19996182
8083,beatnik,8,200000,10000,0.3,d,0,486.63392857142856,188.85491071428572,19996182
8084,quicksilver,8,20000,10000,0.1,d,0,294.0,132.89104910714286,762710
8085,fiesta,8,2000,0,1.0,d,2,356.00223214285717,60.21897321428571,645120
8086,minife,8,2000000,1000,1.0,d,2,407.0,43.505133928571425,6788000
8087,lammps,8,200000,10000,0.1,d,2,359.0,23.013415178571428,457408
8088,tricount,8,200000,100000,0.1,d,3,453.0,278.4575892857143,7120960
8089,minife,8,200000,0,0.7,d,2,407.0,42.88950892857143,6788000
8090,beatnik,8,200000,10000,0.3,d,2,469.0,179.046875,19996182
8091,laghos,8,200000,0,0.3,d,3,563.0,291.81473214285717,801311390
8092,quicksilver,8,4000,10000,0.1,d,2,302.0,138.83683035714287,762710
8093,lammps,8,200000,100000,0.5,d,1,356.0,21.122991071428572,457408
8094,quicksilver,8,40000,10000,0.1,d,2,304.0,139.0691517857143,762710
8095,quicksilver,8,4000000,1000,0.5,d,2,294.0,132.85698660714286,762710
8096,minife,8,20000,1000000,0.1,d,1,392.0,17.021696428571428,6788000
8097,lammps,8,400000,1000,0.7,d,0,358.0,22.11205357142857,457408
8098,kripke,8,20000,10000,1.0,d,1,382.0,31.1640625,302720
8099,quicksilver,8,40000,1000000,0.7,d,3,292.03794642857144,131.57345982142857,762710
8100,lammps,8,2000,100000,0.1,d,1,355.0,19.642187500000002,457408
8101,lammps,8,400000,100,0.3,d,1,356.0,21.702901785714285,457408
8102,kripke,8,20000,100,0.5,d,3,384.0,29.628571428571426,302720
8103,quicksilver,8,4000,1000,1.0,d,1,302.0,137.92051339285715,762710
8104,lammps,8,200000,100000,0.5,d,0,361.0,27.065401785714283,457408
8105,tricount,8,40000,100,1.0,d,3,452.0,270.86607142857144,7120960
8106,beatnik,8,40000,100000,0.3,d,1,417.9888392857143,124.08705357142857,19996182
8107,amg,8,2000,0,0.5,d,2,342.0,12.765133928571428,106441449
8108,kripke,8,4000,100000,0.7,d,1,352.0,16.223214285714285,302720
8109,laghos,8,4000,100000,0.3,d,1,358.0,83.14174107142857,801311390
8110,minife,8,2000,1000000,0.7,d,0,383.0,12.252901785714286,6788000
8111,lammps,8,2000000,100000,0.1,d,2,360.0,23.701339285714287,457408
8112,tricount,8,400000,10000,0.3,d,0,498.0,324.74107142857144,7120960
8113,quicksilver,8,200000,1000000,0.7,d,2,299.9486607142857,138.76363839285713,762710
8114,lammps,8,4000,1000,1.0,d,0,349.0,15.304933035714287,457408
8115,laghos,8,4000000,10000,0.1,d,3,533.0,259.97544642857144,801311390
8116,laghos,8,4000,1000000,1.0,d,1,360.0,85.60982142857144,801311390
8117,quicksilver,8,4000000,1000,0.7,d,0,299.0,137.4053125,762710
8118,quicksilver,8,2000000,1000,0.1,d,1,302.00669642857144,140.41279017857144,762710
8119,fiesta,8,4000000,100000,1.0,d,3,362.25,73.62343750000001,645120
8120,quicksilver,8,20000,10000,1.0,d,3,309.0,140.92656250000002,762710
8121,quicksilver,8,4000000,10000,0.5,d,3,293.17410714285717,132.52334821428573,762710
8122,minivite,8,4000000,0,0.1,d,3,452.0,130.50892857142858,24089720
8123,tricount,8,2000,10000,0.3,d,0,418.0,244.08258928571428,7120960
8124,tricount,8,2000000,10000,1.0,d,3,662.0,488.125,7120960
8125,lammps,8,2000,1000,0.1,d,2,365.0,18.700625000000002,457408
8126,lammps,8,2000,1000000,0.3,d,2,356.0,20.57082589285714,457408
8127,minivite,8,2000000,10000,0.7,d,1,432.0,115.23571428571428,24089720
8128,minife,8,400000,10000,0.7,d,1,405.0,38.943303571428565,6788000
8129,kripke,8,20000,1000,1.0,d,2,356.0,19.337276785714284,302720
8130,quicksilver,8,40000,100,0.1,d,2,307.0,139.78685267857142,762710
8131,tricount,8,40000,1000,0.7,d,0,433.0,259.046875,7120960
8132,kripke,8,200000,100000,0.7,d,2,358.0,20.51919642857143,302720
8133,minife,8,40000,10000,0.7,d,3,440.0,52.33861607142857,6788000
8134,kripke,8,40000,10000,0.7,d,3,381.0,28.82388392857143,302720
8135,kripke,8,4000000,100000,1.0,d,2,357.0,20.7078125,302720
8136,amg,8,40000,10000,0.1,d,1,363.0,29.823660714285715,106441449
8137,lammps,8,400000,100000,0.5,d,1,364.0,30.656026785714285,457408
8138,minife,8,200000,1000,0.5,d,1,407.0,41.01183035714286,6788000
8139,minife,8,40000,10000,1.0,d,0,397.0,25.493303571428573,6788000
8140,beatnik,8,2000,1000,0.5,d,2,405.0,112.59598214285714,19996182
8141,quicksilver,8,200000,100000,0.5,d,1,308.0,145.790625,762710
8142,minife,8,40000,100,0.3,d,2,428.0,42.926339285714285,6788000
8143,tricount,8,4000000,1000,0.7,d,3,634.0,460.14285714285717,7120960
8144,quicksilver,8,4000000,100,0.3,d,1,306.0,144.15183035714284,762710
8145,minife,8,2000000,100000,0.5,d,1,403.0,40.150223214285724,6788000
8146,minivite,8,4000000,1000,0.5,d,0,403.0,81.79933035714285,24089720
8147,minife,8,2000,0,0.5,d,0,384.0,13.172388392857142,6788000
8148,minife,8,200000,100,0.3,d,1,428.0,65.65044642857143,6788000
8149,minivite,8,4000,10000,0.3,d,2,385.0,60.752008928571435,24089720
8150,laghos,8,20000,10000,0.1,d,0,412.0,137.28348214285714,801311390
8151,minivite,8,40000,0,0.1,d,3,425.0,90.49464285714285,24089720
8152,minife,8,40000,1000,0.1,d,3,392.0,18.81651785714286,6788000
8153,laghos,8,4000000,100000,0.7,d,1,605.0,333.04910714285717,801311390
8154,amg,8,2000000,1000,0.7,d,0,355.0,38.253571428571426,106441449
8155,minife,8,20000,100000,0.1,d,3,392.0,16.65033482142857,6788000
8156,amg,8,2000000,100000,0.7,d,0,355.0,35.872767857142854,106441449
8157,amg,8,2000000,10000,1.0,d,1,354.0,38.06116071428572,106441449
8158,laghos,8,400000,1000000,0.3,d,1,423.0,150.51339285714286,801311390
8159,minife,8,4000000,0,1.0,d,3,423.0,56.59866071428571,6788000
8160,fiesta,8,2000000,1000000,0.5,d,3,356.09151785714283,60.84732142857143,645120
8161,amg,8,40000,100,0.7,d,1,350.0,24.69464285714286,106441449
8162,beatnik,8,20000,100000,1.0,d,3,415.0,118.67857142857143,19996182
8163,minivite,8,20000,10000,0.1,d,1,388.0,58.58191964285714,24089720
8164,beatnik,8,20000,100,1.0,d,1,452.0357142857143,150.77678571428572,19996182
8165,kripke,8,4000,10000,0.7,d,2,365.0,23.16473214285714,302720
8166,quicksilver,8,2000,1000,0.7,d,0,305.0,142.9430580357143,762710
8167,amg,8,4000,1000,0.7,d,2,341.0,11.705580357142859,106441449
8168,quicksilver,8,20000,1000,1.0,d,1,290.0,128.78549107142857,762710
8169,tricount,8,400000,0,0.3,d,2,556.0,382.8080357142857,7120960
8170,minivite,8,2000,100000,1.0,d,3,384.0,62.42321428571428,24089720
8171,kripke,8,4000000,0,0.1,d,3,358.0,21.129910714285717,302720
8172,minife,8,40000,100,0.5,d,3,390.0,21.004910714285717,6788000
8173,tricount,8,400000,10000,0.1,d,1,547.0,372.13839285714283,7120960
8174,amg,8,200000,10000,0.3,d,3,354.0,35.8125,106441449
8175,amg,8,200000,10000,0.1,d,1,350.0,31.349107142857143,106441449
8176,fiesta,8,20000,10000,0.5,d,0,352.82589285714283,59.318303571428565,645120
8177,beatnik,8,40000,1000000,0.5,d,0,416.0,123.33482142857143,19996182
8178,quicksilver,8,2000,1000,1.0,d,0,294.0,133.01738839285716,762710
8179,quicksilver,8,40000,10000,0.3,d,1,293.56919642857144,132.5217857142857,762710
8180,quicksilver,8,2000,1000000,0.3,d,1,291.91294642857144,130.70111607142857,762710
8181,minife,8,4000,10000,0.7,d,0,385.0,12.918370535714285,6788000
8182,amg,8,400000,100000,0.1,d,3,353.0,34.20424107142857,106441449
8183,minivite,8,400000,0,0.3,d,3,408.0,89.74709821428573,24089720
8184,minife,8,2000000,100,0.5,d,3,410.0,50.63236607142857,6788000
8185,fiesta,8,20000,1000000,0.5,d,2,352.875,58.94709821428571,645120
8186,fiesta,8,40000,1000000,0.1,d,3,357.390625,57.17209821428572,645120
8187,minivite,8,200000,100,1.0,d,1,401.0,82.28973214285715,24089720
8188,kripke,8,4000000,1000,0.7,d,3,357.0,20.78169642857143,302720
8189,quicksilver,8,4000000,100000,0.3,d,3,293.0,132.06609375,762710
8190,amg,8,2000000,0,0.7,d,3,362.0,42.06116071428572,106441449
8191,laghos,8,20000,100,0.1,d,3,457.0,184.63839285714286,801311390
8192,kripke,8,20000,1000,0.5,d,2,380.0,29.432812500000004,302720
8193,minivite,8,4000,1000000,1.0,d,1,383.0,63.590848214285714,24089720
8194,amg,8,2000,100000,0.7,d,0,341.0,12.634419642857143,106441449
8195,minivite,8,2000,1000,1.0,d,3,383.0,63.51406249999999,24089720
8196,quicksilver,8,2000,1000,0.1,d,1,293.9375,132.54511160714284,762710
8197,kripke,8,2000000,1000000,0.7,d,2,357.0,20.047991071428573,302720
8198,kripke,8,20000,100000,1.0,d,2,355.0,18.090401785714285,302720
8199,minivite,8,2000000,1000,0.5,d,2,400.0,82.80624999999999,24089720
8200,kripke,8,40000,10000,0.3,d,3,380.0,30.640848214285715,302720
8201,lammps,8,2000000,10000,0.3,d,2,371.0,28.511785714285715,457408
8202,minivite,8,40000,1000,1.0,d,3,434.0,95.36808035714286,24089720
8203,amg,8,40000,1000,0.5,d,1,350.0,24.474107142857143,106441449
8204,amg,8,400000,1000,1.0,d,1,365.0,51.14084821428571,106441449
8205,minife,8,20000,10000,1.0,d,0,443.0,53.54441964285714,6788000
8206,kripke,8,20000,100,0.1,d,2,377.0,28.795089285714283,302720
8207,minife,8,4000,100000,0.5,d,0,384.0,12.505848214285711,6788000
8208,amg,8,400000,10000,0.5,d,3,361.0,46.97120535714286,106441449
8209,amg,8,4000000,10000,1.0,d,1,361.0,46.82723214285714,106441449
8210,kripke,8,200000,10000,0.7,d,1,359.0,21.549776785714283,302720
8211,laghos,8,400000,10000,0.1,d,1,563.0,292.1830357142857,801311390
8212,laghos,8,4000,1000000,1.0,d,2,353.0,78.34107142857142,801311390
8213,tricount,8,200000,100,0.1,d,0,480.0,306.48660714285717,7120960
8214,kripke,8,40000,100000,0.1,d,0,354.0,17.978125,302720
8215,minivite,8,2000000,1000,0.1,d,0,431.0,102.55736607142856,24089720
8216,laghos,8,40000,10000,0.1,d,0,469.0,191.85491071428572,801311390
8217,kripke,8,20000,1000,0.5,d,3,355.0,18.372767857142858,302720
8218,lammps,8,200000,10000,0.3,d,3,357.0,23.890625,457408
8219,lammps,8,4000,1000,0.1,d,0,357.0,17.866294642857145,457408
8220,laghos,8,2000000,10000,0.3,d,1,601.0,328.2232142857143,801311390
8221,minivite,8,200000,10000,0.5,d,0,406.0,87.00245535714285,24089720
8222,laghos,8,4000000,1000000,0.3,d,2,485.0,212.83035714285714,801311390
8223,fiesta,8,40000,100,0.1,d,1,387.8794642857143,109.03457589285715,645120
8224,kripke,8,2000,0,0.5,d,3,358.0,18.940848214285715,302720
8225,kripke,8,2000,0,0.5,d,0,357.0,18.54196428571429,302720
8226,minife,8,200000,0,1.0,d,3,528.0022321428571,162.72544642857142,6788000
8227,beatnik,8,20000,100,0.7,d,1,440.0,138.21205357142858,19996182
8228,tricount,8,400000,10000,0.5,d,3,504.0,329.04910714285717,7120960
8229,tricount,8,20000,1000,0.5,d,2,404.0,230.45089285714286,7120960
8230,minivite,8,20000,100000,0.3,d,0,384.0,66.43214285714285,24089720
8231,laghos,8,4000,1000000,0.1,d,0,374.0,100.22924107142858,801311390
8232,beatnik,8,40000,100,0.7,d,1,477.0,178.921875,19996182
8233,beatnik,8,4000,100000,1.0,d,3,419.0,120.84821428571429,19996182
8234,kripke,8,4000000,0,1.0,d,3,358.0,21.506249999999998,302720
8235,lammps,8,20000,10000,0.3,d,3,354.0,17.357254464285713,457408
8236,fiesta,8,40000,0,0.7,d,1,353.671875,57.034598214285715,645120
8237,minivite,8,400000,100,0.1,d,3,412.0,91.26116071428571,24089720
8238,minivite,8,4000000,0,0.3,d,1,401.0,80.10513392857145,24089720
8239,lammps,8,2000,100,0.1,d,3,386.0,49.844575892857144,457408
8240,kripke,8,400000,1000000,0.7,d,0,356.0,19.019642857142856,302720
8241,amg,8,2000000,10000,0.3,d,3,358.0,38.98035714285714,106441449
8242,laghos,8,4000,10000,0.1,d,2,352.0,75.97857142857143,801311390
8243,amg,8,200000,1000000,0.3,d,0,345.0,20.016964285714284,106441449
8244,minivite,8,4000,100,0.3,d,0,384.0,66.71986607142857,24089720
8245,minife,8,4000000,100,0.7,d,1,409.0,41.526562500000004,6788000
8246,amg,8,400000,0,0.7,d,1,369.0,53.09330357142857,106441449
8247,laghos,8,400000,1000,0.3,d,0,591.0,315.70089285714283,801311390
8248,fiesta,8,4000000,0,0.3,d,0,357.64732142857144,66.999375,645120
8249,kripke,8,2000000,0,0.7,d,1,358.0,20.960044642857145,302720
8250,lammps,8,400000,0,0.5,d,3,369.0,27.288839285714285,457408
8251,amg,8,4000000,10000,0.5,d,2,359.0,43.988839285714285,106441449
8252,quicksilver,8,200000,1000,0.1,d,0,300.0,138.75158482142857,762710
8253,tricount,8,2000000,100,0.1,d,3,531.0,357.0044642857143,7120960
8254,laghos,8,4000,0,0.5,d,0,416.0,142.64285714285714,801311390
8255,quicksilver,8,4000000,1000000,0.1,d,2,291.0,130.12223214285714,762710
8256,laghos,8,40000,100,0.5,d,3,488.0,216.31026785714286,801311390
8257,amg,8,200000,100000,0.3,d,1,349.0,29.21517857142857,106441449
8258,minivite,8,20000,100000,0.3,d,1,378.0,58.88772321428571,24089720
8259,beatnik,8,40000,10000,1.0,d,0,458.97098214285717,164.33258928571428,19996182
8260,kripke,8,200000,100,1.0,d,0,359.0,22.240848214285712,302720
8261,minivite,8,4000000,0,0.5,d,1,408.0,87.90870535714285,24089720
8262,tricount,8,20000,100000,0.5,d,3,476.0,302.91517857142856,7120960
8263,quicksilver,8,4000,10000,0.7,d,2,292.0,130.96127232142857,762710
8264,quicksilver,8,2000000,1000000,0.7,d,1,303.0,141.72948660714286,762710
8265,amg,8,40000,0,0.5,d,0,348.0,22.540625000000002,106441449
8266,minife,8,2000000,10000,0.1,d,1,405.0,40.129017857142856,6788000
8267,fiesta,8,20000,10000,0.3,d,1,373.2299107142857,100.8064732142857,645120
8268,fiesta,8,2000,1000,0.1,d,2,357.20089285714283,56.565848214285715,645120
8269,kripke,8,2000000,10000,0.7,d,0,361.0,24.214285714285715,302720
8270,kripke,8,20000,100000,0.3,d,0,360.0,20.349330357142858,302720
8271,beatnik,8,4000,1000,0.3,d,0,421.90401785714283,124.02455357142857,19996182
8272,minivite,8,4000000,1000000,0.5,d,1,409.0,91.51763392857143,24089720
8273,fiesta,8,4000000,100,1.0,d,1,357.20535714285717,65.74151785714285,645120
8274,beatnik,8,2000000,0,0.1,d,2,485.6450892857143,193.45089285714286,19996182
8275,fiesta,8,4000,1000,0.5,d,2,352.71205357142856,58.426339285714285,645120
8276,kripke,8,4000000,1000000,0.5,d,3,360.0,22.310937499999998,302720
8277,tricount,8,400000,100,0.5,d,0,524.0,350.60714285714283,7120960
8278,tricount,8,2000,100000,1.0,d,3,481.0,306.91517857142856,7120960
8279,kripke,8,4000000,100,0.5,d,0,365.0,26.493526785714284,302720
8280,amg,8,400000,0,0.3,d,1,363.0,45.82991071428571,106441449
8281,kripke,8,4000,100000,1.0,d,1,358.0,19.09107142857143,302720
8282,beatnik,8,20000,1000000,0.7,d,3,401.0,108.49508928571429,19996182
8283,kripke,8,4000000,0,0.1,d,0,358.0,21.238392857142856,302720
8284,beatnik,8,20000,1000000,1.0,d,0,408.7544642857143,112.45089285714286,19996182
8285,laghos,8,4000000,10000,0.3,d,1,604.0,332.99330357142856,801311390
8286,minivite,8,40000,1000,0.5,d,3,387.0,67.55111607142858,24089720
8287,laghos,8,2000,0,0.3,d,0,413.0,139.80803571428572,801311390
8288,minife,8,4000,0,0.3,d,1,394.0,18.485825892857147,6788000
8289,kripke,8,2000,10000,0.7,d,0,359.0,19.827008928571427,302720
8290,amg,8,200000,1000000,0.7,d,0,347.0,25.229017857142853,106441449
8291,minivite,8,400000,100000,0.5,d,3,416.0,98.58437500000001,24089720
8292,kripke,8,40000,1000000,1.0,d,0,354.0,17.47142857142857,302720
8293,beatnik,8,4000000,10000,0.1,d,1,558.8080357142857,262.703125,19996182
8294,kripke,8,4000000,1000,1.0,d,0,360.0,22.506026785714287,302720
8295,beatnik,8,2000000,0,0.5,d,3,533.3102678571429,238.83928571428572,19996182
8296,minivite,8,2000000,0,0.7,d,1,422.0,103.76227678571429,24089720
8297,amg,8,2000000,0,0.3,d,0,358.0,37.861383928571435,106441449
8298,lammps,8,400000,10000,0.5,d,3,363.0,25.275602678571424,457408
8299,laghos,8,40000,1000,0.7,d,3,538.0,256.15401785714283,801311390
8300,laghos,8,2000000,0,0.5,d,2,600.0,329.39955357142856,801311390
8301,lammps,8,20000,0,0.5,d,1,357.0,18.42504464285714,457408
8302,minivite,8,40000,100000,0.5,d,3,398.0,73.14151785714286,24089720
8303,minivite,8,2000000,100,1.0,d,1,432.0,110.24598214285713,24089720
8304,quicksilver,8,4000000,1000000,1.0,d,1,302.0,140.11819196428573,762710
8305,kripke,8,40000,0,1.0,d,1,355.0,18.549776785714283,302720
8306,quicksilver,8,2000000,10000,0.1,d,2,299.0,137.02107142857145,762710
8307,kripke,8,4000000,100000,1.0,d,0,359.0,21.455357142857142,302720
8308,quicksilver,8,4000000,100,0.3,d,3,301.0,139.40256696428574,762710
8309,fiesta,8,4000,0,0.3,d,2,361.97767857142856,73.97361607142857,645120
8310,amg,8,20000,1000,0.1,d,0,367.0,32.666294642857146,106441449
8311,kripke,8,4000,1000,0.3,d,3,367.0,22.64575892857143,302720
8312,minivite,8,4000,100000,1.0,d,3,392.0,70.82299107142858,24089720
8313,kripke,8,4000000,1000000,0.7,d,0,360.0,23.479017857142853,302720
8314,laghos,8,2000000,10000,0.5,d,0,641.0,365.7857142857143,801311390
8315,amg,8,200000,1000,0.3,d,0,363.125,46.080803571428575,106441449
8316,tricount,8,4000000,1000000,0.5,d,3,624.0,450.77455357142856,7120960
8317,laghos,8,2000,100000,1.0,d,3,333.0,59.08526785714286,801311390
8318,minivite,8,20000,100,1.0,d,2,382.0,62.376785714285724,24089720
8319,minife,8,2000,1000000,0.5,d,2,383.0,11.686674107142858,6788000
8320,lammps,8,2000,100000,0.3,d,2,351.0,14.642723214285715,457408
8321,tricount,8,4000000,0,1.0,d,1,569.0,395.41517857142856,7120960
8322,laghos,8,400000,0,0.3,d,3,559.0,287.26339285714283,801311390
8323,laghos,8,20000,100,0.5,d,1,528.0,244.08258928571428,801311390
8324,minivite,8,20000,1000,1.0,d,1,453.0,110.90535714285714,24089720
8325,fiesta,8,4000,100000,0.1,d,1,359.30580357142856,60.96093749999999,645120
8326,quicksilver,8,2000,1000,1.0,d,1,298.0,136.29455357142857,762710
8327,fiesta,8,400000,1000,0.7,d,1,356.76785714285717,62.088616071428575,645120
8328,quicksilver,8,2000,10000,0.1,d,1,298.0,136.01522321428573,762710
8329,amg,8,2000000,100,0.3,d,2,353.0,35.84375,106441449
8330,amg,8,4000000,1000000,0.5,d,2,356.0,36.129017857142856,106441449
8331,tricount,8,2000000,1000,0.3,d,3,529.0,355.20089285714283,7120960
8332,quicksilver,8,2000000,0,0.3,d,3,294.0,132.76799107142858,762710
8333,fiesta,8,2000000,0,0.1,d,3,357.00223214285717,67.40334821428571,645120
8334,quicksilver,8,2000000,100000,1.0,d,3,300.0,138.6458482142857,762710
8335,laghos,8,4000,10000,0.3,d,3,370.0,93.39977678571427,801311390
8336,quicksilver,8,4000000,0,0.7,d,0,301.0111607142857,139.54564732142856,762710
8337,beatnik,8,40000,10000,0.7,d,2,516.3549107142857,228.375,19996182
8338,amg,8,20000,100,0.5,d,1,381.0,43.78526785714286,106441449
8339,laghos,8,4000,0,1.0,d,0,405.0,129.828125,801311390
8340,amg,8,2000000,100,0.3,d,0,354.0,38.041964285714286,106441449
8341,minife,8,2000,1000,0.3,d,1,390.0,15.231339285714286,6788000
8342,laghos,8,400000,0,0.3,d,0,578.0,307.1049107142857,801311390
8343,lammps,8,2000,100,1.0,d,3,355.0,15.145781249999999,457408
8344,kripke,8,2000,100000,0.7,d,3,355.0,17.467633928571427,302720
8345,lammps,8,40000,0,0.1,d,2,356.0,16.43808035714286,457408
8346,amg,8,200000,100,0.7,d,0,361.0,45.25022321428571,106441449
8347,laghos,8,20000,100,0.7,d,2,487.0,205.61160714285714,801311390
8348,tricount,8,4000000,100,0.5,d,0,622.0,449.078125,7120960
8349,amg,8,20000,100,0.7,d,2,346.984375,18.823437500000004,106441449
8350,lammps,8,400000,1000,0.3,d,0,365.0,31.820535714285715,457408
8351,quicksilver,8,4000000,10000,1.0,d,2,302.0,140.32667410714285,762710
8352,minivite,8,40000,1000,0.1,d,3,415.0,78.58683035714286,24089720
8353,fiesta,8,200000,10000,0.1,d,3,357.0625,57.08549107142857,645120
8354,amg,8,2000000,1000000,0.5,d,1,354.0,32.935491071428565,106441449
8355,laghos,8,20000,1000,0.1,d,2,453.0,174.69866071428572,801311390
8356,kripke,8,2000000,1000000,0.7,d,0,360.0,22.329241071428573,302720
8357,kripke,8,400000,100,1.0,d,0,358.0,21.50357142857143,302720
8358,laghos,8,40000,0,0.1,d,0,461.0,183.83482142857142,801311390
8359,kripke,8,4000000,1000,0.7,d,2,359.0,21.975446428571427,302720
8360,laghos,8,4000000,100,0.5,d,0,535.0,263.83482142857144,801311390
8361,lammps,8,20000,100000,0.5,d,2,352.0,15.644352678571428,457408
8362,tricount,8,2000000,1000,0.3,d,2,592.0,418.0892857142857,7120960
8363,tricount,8,20000,100,0.7,d,2,442.0,261.91294642857144,7120960
8364,amg,8,2000,100,0.3,d,0,346.0,17.14464285714286,106441449
8365,laghos,8,200000,10000,0.3,d,3,532.0,259.77232142857144,801311390
8366,minife,8,400000,1000,0.5,d,2,410.0,48.910937499999996,6788000
8367,quicksilver,8,4000000,1000000,0.3,d,3,299.0,137.59089285714285,762710
8368,fiesta,8,4000,1000,0.3,d,3,371.8705357142857,102.84955357142859,645120
8369,laghos,8,20000,1000,0.1,d,0,456.0,183.51116071428572,801311390
8370,minife,8,4000,10000,0.3,d,1,395.0,19.528415178571432,6788000
8371,minivite,8,400000,0,1.0,d,2,425.0,100.67433035714285,24089720
8372,minivite,8,2000000,100000,0.7,d,2,427.0,109.47790178571428,24089720
8373,minivite,8,40000,10000,0.7,d,1,428.0,85.3203125,24089720
8374,laghos,8,20000,0,1.0,d,1,471.0,198.94866071428572,801311390
8375,amg,8,40000,0,0.1,d,3,348.0,22.58638392857143,106441449
8376,quicksilver,8,2000000,100,1.0,d,1,293.0,132.4166294642857,762710
8377,quicksilver,8,4000,100000,0.3,d,0,295.07142857142856,133.5182142857143,762710
8378,tricount,8,40000,0,0.7,d,3,449.0,267.84375,7120960
8379,fiesta,8,4000000,1000,0.5,d,2,355.87723214285717,61.39575892857143,645120
8380,lammps,8,4000000,100,0.3,d,0,362.0,23.50022321428571,457408
8381,beatnik,8,4000,1000000,0.5,d,3,425.0044642857143,133.45758928571428,19996182
8382,lammps,8,2000000,1000,0.3,d,3,358.0,25.53705357142857,457408
8383,tricount,8,4000,0,0.1,d,0,450.0,276.0513392857143,7120960
8384,kripke,8,200000,1000000,0.1,d,2,355.0,18.012276785714285,302720
8385,fiesta,8,400000,1000,0.1,d,3,356.7611607142857,59.96919642857143,645120
8386,fiesta,8,40000,0,0.3,d,0,353.1763392857143,56.47522321428571,645120
8387,quicksilver,8,400000,0,0.3,d,3,291.0,130.05531249999999,762710
8388,laghos,8,200000,100,0.5,d,1,536.0,263.00669642857144,801311390
8389,minivite,8,200000,10000,0.7,d,2,404.0,84.51651785714286,24089720
8390,kripke,8,2000,100,0.7,d,1,358.0,18.80825892857143,302720
8391,quicksilver,8,200000,1000,0.5,d,1,296.0,134.85078125,762710
8392,quicksilver,8,40000,0,0.3,d,2,307.0,139.89383928571428,762710
8393,minivite,8,40000,0,0.5,d,3,420.0,86.26406250000001,24089720
8394,fiesta,8,400000,100,0.1,d,1,357.40848214285717,61.386383928571426,645120
8395,minivite,8,2000,10000,0.3,d,2,377.0,54.965178571428574,24089720
8396,laghos,8,4000000,1000,0.3,d,0,624.0,353.5111607142857,801311390
8397,minivite,8,200000,100000,0.7,d,3,398.0,77.74709821428571,24089720
8398,minivite,8,4000000,100,0.3,d,0,419.0,100.34598214285714,24089720
8399,minivite,8,4000,100000,1.0,d,1,395.0,73.65357142857144,24089720
8400,fiesta,8,2000,0,0.1,d,0,379.8080357142857,101.50513392857142,645120
8401,lammps,8,20000,1000000,1.0,d,1,359.0,17.767410714285713,457408
8402,tricount,8,40000,1000000,1.0,d,0,469.0,294.92410714285717,7120960
8403,lammps,8,200000,100000,0.3,d,3,362.0,23.93194196428572,457408
8404,kripke,8,400000,1000,0.7,d,0,358.0,20.77745535714286,302720
8405,kripke,8,40000,0,0.5,d,0,380.0,29.684151785714285,302720
8406,quicksilver,8,4000,10000,0.5,d,3,306.0,141.43272321428572,762710
8407,fiesta,8,4000,0,1.0,d,1,361.43080357142856,67.44151785714286,645120
8408,tricount,8,200000,1000000,0.1,d,3,419.0,245.27901785714286,7120960
8409,kripke,8,4000000,0,0.1,d,2,358.0,21.745089285714283,302720
8410,lammps,8,200000,100000,0.7,d,3,368.0,30.678794642857145,457408
8411,kripke,8,200000,100,1.0,d,3,357.0,20.553794642857138,302720
8412,lammps,8,20000,1000000,0.5,d,0,351.0,15.62207589285714,457408
8413,tricount,8,200000,1000,0.7,d,1,551.0,377.22544642857144,7120960
8414,quicksilver,8,20000,1000000,0.7,d,3,293.86830357142856,132.60089285714287,762710
8415,fiesta,8,20000,10000,0.5,d,1,353.05580357142856,57.88214285714286,645120
8416,minivite,8,400000,1000,0.3,d,0,415.0,96.52834821428571,24089720
8417,lammps,8,200000,1000,0.1,d,3,354.0,14.792544642857143,457408
8418,kripke,8,20000,1000,0.5,d,0,379.0,28.417857142857144,302720
8419,quicksilver,8,40000,1000,0.1,d,0,295.0,133.83419642857143,762710
8420,amg,8,20000,0,0.3,d,0,382.0,45.37589285714286,106441449
8421,beatnik,8,2000,1000000,0.5,d,0,402.08035714285717,106.94084821428571,19996182
8422,quicksilver,8,20000,1000,0.3,d,0,292.0,131.13638392857143,762710
8423,minivite,8,4000,1000000,1.0,d,2,388.0,67.32522321428571,24089720
8424,kripke,8,40000,0,0.3,d,1,355.0,17.91450892857143,302720
8425,laghos,8,2000,10000,0.5,d,2,337.0,62.23616071428571,801311390
8426,quicksilver,8,4000000,1000,0.1,d,0,299.0,137.2839732142857,762710
8427,fiesta,8,40000,100000,0.5,d,0,369.3950892857143,94.15915178571429,645120
8428,lammps,8,40000,1000000,0.1,d,1,372.0,33.67991071428571,457408
8429,minivite,8,4000,100000,0.1,d,1,383.0,62.316517857142856,24089720
8430,minife,8,40000,0,0.3,d,3,390.0,20.185937499999998,6788000
8431,minife,8,40000,10000,0.5,d,3,391.0,22.525000000000002,6788000
8432,laghos,8,20000,100000,0.7,d,0,418.0,144.45758928571428,801311390
8433,minivite,8,4000000,10000,0.5,d,1,441.0,125.06026785714286,24089720
8434,tricount,8,2000,10000,0.1,d,3,428.0,253.82142857142858,7120960
8435,fiesta,8,4000,0,0.3,d,1,361.20982142857144,69.83477678571428,645120
8436,tricount,8,200000,1000,1.0,d,1,509.0,335.12276785714283,7120960
8437,minife,8,40000,1000000,0.3,d,3,388.0,15.102142857142857,6788000
8438,minife,8,20000,100,0.7,d,3,428.0,41.946875,6788000
8439,fiesta,8,2000,100000,0.3,d,1,353.15848214285717,53.89308035714286,645120
8440,quicksilver,8,4000000,100000,0.5,d,2,299.0,137.19196428571428,762710
8441,minivite,8,20000,100,1.0,d,3,380.0,59.768973214285715,24089720
8442,kripke,8,400000,100,0.1,d,2,358.0,20.84441964285714,302720
8443,fiesta,8,4000,0,0.3,d,3,358.45535714285717,64.0515625,645120
8444,amg,8,4000,1000000,0.1,d,3,345.0,15.424776785714284,106441449
8445,fiesta,8,400000,1000,1.0,d,3,363.1361607142857,81.02924107142859,645120
8446,quicksilver,8,400000,100,1.0,d,3,299.671875,137.9228794642857,762710
8447,minife,8,400000,100000,1.0,d,2,417.0,52.955803571428575,6788000
8448,fiesta,8,400000,10000,1.0,d,1,364.05357142857144,84.77542410714285,645120
8449,quicksilver,8,2000000,100000,0.5,d,3,293.546875,132.50814732142857,762710
8450,tricount,8,4000000,1000000,0.5,d,1,598.0,424.1919642857143,7120960
8451,tricount,8,20000,100000,0.3,d,3,423.0,249.453125,7120960
8452,amg,8,2000000,100000,0.5,d,1,359.0,40.58883928571429,106441449
8453,minivite,8,4000000,10000,0.7,d,3,432.0,114.76651785714286,24089720
8454,minivite,8,4000,1000,0.3,d,2,372.0,53.770758928571425,24089720
8455,beatnik,8,2000000,0,0.5,d,0,567.9397321428571,276.8861607142857,19996182
8456,minife,8,4000000,10000,0.7,d,1,411.0,49.747321428571425,6788000
8457,beatnik,8,4000000,10000,0.7,d,0,593.4174107142857,308.046875,19996182
8458,amg,8,4000,0,0.7,d,2,343.0,13.997544642857141,106441449
8459,laghos,8,400000,10000,0.7,d,2,626.0,350.546875,801311390
8460,tricount,8,20000,0,0.5,d,1,430.0,256.65848214285717,7120960
8461,minivite,8,2000,100000,0.5,d,2,367.0,48.8984375,24089720
8462,minivite,8,40000,100,1.0,d,2,384.0,64.384375,24089720
8463,beatnik,8,4000,0,1.0,d,0,411.29910714285717,117.40178571428571,19996182
8464,kripke,8,40000,0,0.1,d,1,375.0,28.12566964285714,302720
8465,laghos,8,4000000,0,0.3,d,1,495.0,221.64285714285714,801311390
8466,beatnik,8,4000,0,0.7,d,0,436.9955357142857,142.07366071428572,19996182
8467,amg,8,4000,0,0.1,d,2,346.0,17.733258928571427,106441449
8468,quicksilver,8,20000,1000,0.5,d,3,292.0,131.06839285714287,762710
8469,fiesta,8,2000,1000000,0.3,d,1,352.76785714285717,55.505133928571425,645120
8470,lammps,8,200000,100,0.3,d,0,365.0,27.272544642857145,457408
8471,amg,8,4000,1000,0.5,d,2,352.0,20.950223214285717,106441449
8472,beatnik,8,2000,100000,1.0,d,3,400.0,104.7825892857143,19996182
8473,minivite,8,4000,1000000,0.5,d,2,375.0,56.63995535714285,24089720
8474,minife,8,2000000,1000000,0.3,d,3,398.0,30.151339285714283,6788000
8475,quicksilver,8,2000000,100000,0.1,d,3,293.0,132.0253794642857,762710
8476,fiesta,8,200000,0,0.3,d,3,353.24776785714283,58.34330357142858,645120
8477,beatnik,8,20000,10000,0.3,d,1,413.0,122.21875,19996182
8478,laghos,8,400000,1000,0.7,d,0,580.0,307.49330357142856,801311390
8479,laghos,8,20000,100,0.3,d,1,505.0,224.52008928571428,801311390
8480,kripke,8,2000000,100000,0.7,d,1,358.0,20.91763392857143,302720
8481,amg,8,2000000,1000,0.1,d,3,354.0,33.909151785714286,106441449
8482,beatnik,8,2000,0,0.5,d,2,406.0,111.94642857142857,19996182
8483,lammps,8,4000000,1000,0.3,d,3,357.0,24.82455357142857,457408
8484,amg,8,2000,10000,0.7,d,2,340.0,10.511071428571428,106441449
8485,tricount,8,20000,10000,1.0,d,1,447.0,272.94642857142856,7120960
8486,quicksilver,8,4000,100,0.1,d,3,317.0,143.3314732142857,762710
8487,quicksilver,8,40000,0,0.3,d,3,310.0,142.18390625,762710
8488,minife,8,40000,1000000,0.1,d,0,389.0,15.131026785714283,6788000
8489,kripke,8,4000,10000,0.5,d,3,366.0,23.045758928571427,302720
8490,minivite,8,2000000,10000,0.1,d,0,440.0,108.90781249999999,24089720
8491,minife,8,20000,1000000,1.0,d,2,388.0,13.919397321428571,6788000
8492,beatnik,8,20000,10000,0.5,d,3,436.0,139.38169642857142,19996182
8493,laghos,8,2000,100000,0.7,d,2,334.0,58.809374999999996,801311390
8494,beatnik,8,2000000,0,0.5,d,1,566.6316964285714,279.50892857142856,19996182
8495,quicksilver,8,20000,100,0.3,d,2,319.0,150.18861607142858,762710
8496,beatnik,8,2000000,0,1.0,d,3,541.0022321428571,245.83705357142858,19996182
8497,lammps,8,2000000,10000,1.0,d,2,376.0,43.08482142857143,457408
8498,quicksilver,8,2000,10000,0.7,d,1,297.0,135.15084821428573,762710
8499,tricount,8,40000,1000,1.0,d,0,443.0,269.39955357142856,7120960
8500,laghos,8,2000000,100,0.7,d,2,651.0,378.61160714285717,801311390
8501,fiesta,8,400000,1000,0.3,d,1,356.1763392857143,60.558258928571426,645120
8502,kripke,8,20000,10000,0.1,d,2,366.0,22.97589285714286,302720
8503,tricount,8,2000,100,0.5,d,0,459.0,284.99330357142856,7120960
8504,fiesta,8,4000000,10000,0.3,d,3,357.0,65.46718750000001,645120
8505,tricount,8,200000,0,0.3,d,2,449.0,274.5825892857143,7120960
8506,kripke,8,20000,10000,0.3,d,0,356.0,18.889508928571427,302720
8507,tricount,8,20000,100000,0.1,d,0,442.0,267.41964285714283,7120960
8508,lammps,8,2000000,100,0.5,d,0,368.0,30.352678571428573,457408
8509,lammps,8,40000,0,0.3,d,0,358.0,20.525937499999998,457408
8510,laghos,8,40000,1000,1.0,d,0,454.0,182.26116071428572,801311390
8511,beatnik,8,4000,10000,1.0,d,0,416.0,119.57589285714286,19996182
8512,fiesta,8,200000,1000,1.0,d,0,365.04910714285717,89.22388392857144,645120
8513,lammps,8,4000,100,0.7,d,0,360.0,23.083995535714287,457408
8514,amg,8,4000000,0,0.3,d,3,358.0,42.66540178571428,106441449
8515,beatnik,8,400000,100000,1.0,d,2,566.2165178571429,277.80580357142856,19996182
8516,amg,8,4000,1000,0.1,d,2,364.0,28.201785714285712,106441449
8517,laghos,8,4000,10000,1.0,d,0,367.0,93.91696428571429,801311390
8518,quicksilver,8,2000,1000,0.5,d,0,292.0,131.36785714285716,762710
8519,lammps,8,4000,0,1.0,d,3,355.0,17.282366071428573,457408
8520,tricount,8,20000,1000,0.5,d,0,490.0,309.39955357142856,7120960
8521,quicksilver,8,200000,0,0.7,d,1,293.0,132.3046875,762710
8522,minife,8,2000,100000,0.5,d,1,386.0,14.60169642857143,6788000
8523,fiesta,8,400000,0,0.5,d,0,356.2924107142857,62.441964285714285,645120
8524,lammps,8,4000000,100000,0.5,d,2,355.0,25.372991071428572,457408
8525,fiesta,8,20000,0,1.0,d,2,355.2700892857143,55.019196428571426,645120
8526,beatnik,8,200000,100000,0.3,d,2,457.0,160.37946428571428,19996182
8527,lammps,8,2000,10000,0.1,d,2,353.0,14.237120535714284,457408
8528,lammps,8,2000,100000,0.5,d,0,356.0,19.670022321428572,457408
8529,laghos,8,2000000,100000,0.5,d,0,538.0,264.9575892857143,801311390
8530,kripke,8,4000,1000,0.1,d,3,355.0,17.985267857142855,302720
8531,kripke,8,40000,100,0.7,d,3,384.0,31.40044642857143,302720
8532,beatnik,8,400000,100000,1.0,d,0,541.5602678571429,244.078125,19996182
8533,fiesta,8,40000,100000,0.5,d,3,374.1919642857143,85.5767857142857,645120
8534,minife,8,4000000,1000,0.1,d,0,408.0,45.424776785714286,6788000
8535,minife,8,2000000,1000000,0.3,d,1,398.0,31.395089285714285,6788000
8536,minivite,8,40000,10000,0.5,d,3,418.0,83.28080357142858,24089720
8537,laghos,8,200000,1000000,1.0,d,2,487.06473214285717,212.39508928571428,801311390
8538,minife,8,2000,1000000,1.0,d,2,398.125,23.224754464285716,6788000
8539,lammps,8,4000,100,0.3,d,0,357.0,18.266183035714285,457408
8540,amg,8,40000,100,0.5,d,3,388.0,52.89107142857143,106441449
8541,lammps,8,4000000,100,0.5,d,0,369.0,30.608482142857138,457408
8542,lammps,8,2000000,100000,0.3,d,0,359.0,25.207812499999996,457408
8543,kripke,8,40000,1000000,0.5,d,3,356.0,19.145535714285717,302720
8544,beatnik,8,20000,100000,0.3,d,1,405.0,110.63705357142858,19996182
8545,amg,8,4000000,1000,0.5,d,2,358.0,42.6859375,106441449
8546,tricount,8,400000,10000,0.7,d,3,533.0,358.94419642857144,7120960
8547,fiesta,8,400000,0,0.1,d,1,365.5357142857143,90.91517857142857,645120
8548,kripke,8,4000,0,0.1,d,2,373.0,25.877232142857142,302720
8549,tricount,8,20000,100000,0.7,d,3,404.0,230.16517857142858,7120960
8550,lammps,8,4000000,1000000,0.5,d,0,359.0,21.955982142857145,457408
8551,minivite,8,200000,100000,0.5,d,0,404.0,84.35513392857145,24089720
8552,amg,8,4000000,100000,0.3,d,3,358.0,42.611607142857146,106441449
8553,minivite,8,40000,0,0.3,d,2,389.0,69.72901785714285,24089720
8554,kripke,8,2000,0,0.5,d,1,354.0,17.134151785714288,302720
8555,quicksilver,8,4000000,0,0.1,d,3,291.01339285714283,130.43504464285712,762710
8556,kripke,8,40000,0,0.7,d,0,393.0,35.409598214285715,302720
8557,quicksilver,8,4000,10000,0.1,d,1,294.0,132.88482142857146,762710
8558,laghos,8,40000,1000,0.7,d,2,554.0,269.13839285714283,801311390
8559,tricount,8,20000,100,1.0,d,3,427.0,247.03571428571428,7120960
8560,tricount,8,20000,10000,0.1,d,1,492.0,314.71875,7120960
8561,lammps,8,200000,100000,1.0,d,0,355.0,20.803794642857138,457408
8562,fiesta,8,400000,100,0.7,d,3,357.1607142857143,70.33705357142857,645120
8563,beatnik,8,2000000,100000,0.7,d,1,546.96875,255.82589285714286,19996182
8564,beatnik,8,40000,0,0.7,d,2,461.1294642857143,172.875,19996182
8565,laghos,8,4000000,100000,0.3,d,3,564.0,288.66517857142856,801311390
8566,amg,8,2000,100000,0.3,d,2,344.0,14.942566964285716,106441449
8567,amg,8,4000,1000000,0.3,d,0,345.0,16.073660714285715,106441449
8568,laghos,8,4000000,1000000,1.0,d,2,524.0,251.80580357142858,801311390
8569,beatnik,8,2000000,100,0.5,d,2,552.1875,268.1919642857143,19996182
8570,beatnik,8,4000,100,0.7,d,1,445.0,157.359375,19996182
8571,kripke,8,40000,10000,1.0,d,1,382.0,30.162499999999998,302720
8572,tricount,8,200000,10000,0.7,d,2,482.0,308.25669642857144,7120960
8573,quicksilver,8,4000,100,0.3,d,0,306.1875,138.20654017857143,762710
8574,laghos,8,4000,10000,0.5,d,2,357.0,82.52499999999999,801311390
8575,quicksilver,8,20000,1000000,0.1,d,2,303.0,141.98055803571427,762710
8576,laghos,8,2000000,10000,0.1,d,3,600.0,324.40625,801311390
8577,laghos,8,200000,100000,0.5,d,2,531.0,259.5892857142857,801311390
8578,amg,8,40000,100,0.1,d,0,349.0,22.098660714285717,106441449
8579,amg,8,400000,1000000,0.3,d,3,351.0,26.801339285714285,106441449
8580,laghos,8,40000,1000,0.3,d,3,450.0,176.89285714285714,801311390
8581,minife,8,200000,100000,0.5,d,3,408.0,47.84441964285714,6788000
8582,minife,8,2000000,1000000,1.0,d,2,403.0,37.36227678571429,6788000
8583,minivite,8,200000,10000,0.3,d,1,395.0,73.64441964285716,24089720
8584,laghos,8,40000,100000,0.5,d,3,462.0,184.55803571428572,801311390
8585,tricount,8,2000000,100,0.1,d,0,464.0,289.6875,7120960
8586,quicksilver,8,2000000,0,0.3,d,2,302.0,140.1095982142857,762710
8587,kripke,8,4000,10000,1.0,d,0,354.0,17.618080357142855,302720
8588,kripke,8,40000,100,1.0,d,3,356.0,19.142633928571428,302720
8589,tricount,8,400000,100,0.5,d,2,523.0,348.08705357142856,7120960
8590,fiesta,8,4000000,100,0.1,d,2,358.33482142857144,64.86964285714285,645120
8591,amg,8,20000,100,0.1,d,3,344.0,15.329910714285715,106441449
8592,beatnik,8,4000,1000000,0.1,d,3,401.67410714285717,107.36160714285714,19996182
8593,amg,8,40000,100,0.7,d,0,351.0,26.508035714285715,106441449
8594,beatnik,8,4000,0,0.5,d,1,418.9575892857143,122.56026785714286,19996182
8595,kripke,8,2000,10000,0.1,d,1,357.0,18.19375,302720
8596,amg,8,400000,1000,0.3,d,2,372.0,59.521875,106441449
8597,quicksilver,8,200000,1000000,0.7,d,1,294.0,133.2082142857143,762710
8598,minife,8,20000,100,0.7,d,1,431.0,43.36049107142857,6788000
8599,lammps,8,2000000,10000,0.1,d,2,369.0,31.32544642857143,457408
8600,fiesta,8,4000,1000000,0.7,d,0,356.51339285714283,83.56026785714288,645120
8601,laghos,8,4000,0,1.0,d,1,396.0,122.875,801311390
8602,minife,8,2000,10000,1.0,d,0,391.0,16.264218749999998,6788000
8603,fiesta,8,200000,10000,0.7,d,2,353.63169642857144,56.880580357142854,645120
8604,lammps,8,4000000,0,0.3,d,0,365.0,25.54580357142857,457408
8605,beatnik,8,2000000,1000,0.5,d,2,560.1116071428571,274.8638392857143,19996182
8606,beatnik,8,4000,1000,0.5,d,3,417.953125,127.00892857142857,19996182
8607,minivite,8,4000,10000,0.5,d,1,383.0,63.43214285714286,24089720
8608,minife,8,40000,10000,0.1,d,1,391.0,17.85926339285714,6788000
8609,laghos,8,4000,100,0.5,d,2,420.16517857142856,144.65178571428572,801311390
8610,minife,8,4000,100000,1.0,d,3,388.0,14.21908482142857,6788000
8611,beatnik,8,2000,100000,0.1,d,1,397.88392857142856,104.88236607142858,19996182
8612,quicksilver,8,40000,100,0.5,d,1,314.0,145.2238839285714,762710
8613,kripke,8,2000000,1000,0.3,d,0,358.0,21.324330357142856,302720
8614,lammps,8,40000,100,0.5,d,3,357.0,18.292165178571427,457408
8615,tricount,8,200000,100000,0.3,d,2,533.0,359.7075892857143,7120960
8616,minivite,8,2000,100,0.1,d,0,393.0,73.13459821428572,24089720
8617,tricount,8,200000,1000,0.7,d,3,549.0,375.6450892857143,7120960
8618,kripke,8,2000,100000,0.1,d,2,363.0,22.87477678571429,302720
8619,laghos,8,200000,100,0.5,d,2,582.0223214285714,311.60044642857144,801311390
8620,lammps,8,2000,1000000,0.1,d,2,353.0,14.995022321428573,457408
8621,minife,8,200000,1000,0.7,d,0,407.0,44.370089285714286,6788000
8622,laghos,8,4000,100,0.3,d,1,381.0,108.35714285714286,801311390
8623,quicksilver,8,200000,1000,0.7,d,0,292.0,131.04973214285715,762710
8624,tricount,8,40000,100,0.1,d,2,475.0,291.43973214285717,7120960
8625,lammps,8,2000,0,0.3,d,2,355.0,18.69488839285714,457408
8626,tricount,8,200000,1000000,0.1,d,2,427.0,252.75223214285714,7120960
8627,minivite,8,20000,1000000,0.7,d,3,390.0,71.196875,24089720
8628,amg,8,400000,0,0.5,d,1,360.0,41.058258928571426,106441449
8629,tricount,8,4000,1000,0.1,d,1,408.0,233.39508928571428,7120960
8630,amg,8,40000,0,0.7,d,1,389.0,52.42321428571428,106441449
8631,laghos,8,2000,10000,0.3,d,2,348.0,73.3328125,801311390
8632,beatnik,8,2000000,1000000,1.0,d,3,517.0,227.61607142857142,19996182
8633,lammps,8,200000,1000,0.7,d,3,355.0,23.963392857142853,457408
8634,beatnik,8,2000,100000,0.5,d,3,407.99776785714283,112.21651785714286,19996182
8635,tricount,8,20000,100,0.5,d,2,419.0,245.39285714285714,7120960
8636,quicksilver,8,200000,100000,0.1,d,1,300.0,138.83491071428574,762710
8637,minivite,8,4000000,1000,1.0,d,2,426.0,107.41227678571428,24089720
8638,laghos,8,400000,1000,0.3,d,1,586.0,314.25,801311390
8639,fiesta,8,200000,10000,0.1,d,2,356.62723214285717,59.60223214285714,645120
8640,tricount,8,4000,100,0.1,d,2,466.0,292.0200892857143,7120960
8641,kripke,8,4000,0,0.7,d,0,365.0,22.979687500000004,302720
8642,fiesta,8,4000000,0,0.7,d,0,364.79464285714283,94.9622767857143,645120
8643,amg,8,400000,10000,0.7,d,0,362.0,46.79799107142857,106441449
8644,minivite,8,400000,1000000,1.0,d,3,401.0,80.85915178571429,24089720
8645,laghos,8,200000,100000,1.0,d,2,541.0,269.5825892857143,801311390
8646,quicksilver,8,200000,1000000,0.7,d,3,301.0044642857143,139.79700892857144,762710
8647,tricount,8,2000,100000,0.1,d,1,409.0,234.66071428571428,7120960
8648,laghos,8,400000,10000,0.3,d,0,566.0,295.3861607142857,801311390
8649,minivite,8,40000,10000,0.1,d,2,403.0,74.565625,24089720
8650,tricount,8,400000,100000,0.7,d,0,504.0,330.12723214285717,7120960
8651,minivite,8,20000,0,0.3,d,0,394.0,76.59352678571429,24089720
8652,beatnik,8,4000,1000,0.1,d,0,437.67410714285717,144.91294642857142,19996182
8653,amg,8,4000,0,0.3,d,0,351.0,21.202901785714285,106441449
8654,amg,8,4000000,100000,0.1,d,3,356.0,36.81004464285714,106441449
8655,tricount,8,40000,10000,1.0,d,0,461.0,287.2700892857143,7120960
8656,tricount,8,20000,10000,0.3,d,3,416.0,236.58482142857142,7120960
8657,laghos,8,40000,100000,0.3,d,2,405.0,129.79241071428572,801311390
8658,lammps,8,200000,100000,0.7,d,0,366.0,32.60066964285714,457408
8659,fiesta,8,2000,1000,0.5,d,2,352.8169642857143,55.0953125,645120
8660,lammps,8,200000,1000,0.5,d,3,368.0,34.324999999999996,457408
8661,beatnik,8,4000,1000,0.7,d,2,427.0,134.51785714285714,19996182
8662,minife,8,2000,0,1.0,d,0,391.0,16.811875,6788000
8663,kripke,8,200000,10000,0.7,d,2,368.0,28.824107142857144,302720
8664,minife,8,2000000,0,0.7,d,0,403.0,40.246651785714285,6788000
8665,quicksilver,8,400000,100000,0.5,d,0,296.0,134.78754464285714,762710
8666,laghos,8,4000,100,1.0,d,0,369.0,95.1622767857143,801311390
8667,tricount,8,4000,10000,0.5,d,3,414.0,239.76116071428572,7120960
8668,lammps,8,4000,100000,0.5,d,0,354.0,15.551986607142856,457408
8669,laghos,8,20000,10000,0.5,d,1,461.0,188.01339285714286,801311390
8670,tricount,8,400000,100000,0.1,d,3,526.0,351.54464285714283,7120960
8671,minife,8,4000000,100,0.1,d,1,409.0,46.769642857142856,6788000
8672,kripke,8,400000,100,0.3,d,1,359.0,21.436383928571427,302720
8673,minivite,8,2000,10000,0.3,d,3,375.0,56.059151785714285,24089720
8674,amg,8,400000,10000,0.7,d,3,367.0,51.565848214285715,106441449
8675,lammps,8,40000,10000,0.3,d,2,373.0,29.683705357142856,457408
8676,minivite,8,4000000,0,0.3,d,2,407.0,86.90535714285714,24089720
8677,laghos,8,2000000,100000,0.3,d,0,544.0,272.49776785714283,801311390
8678,tricount,8,4000000,10000,1.0,d,1,658.0,482.7299107142857,7120960
8679,kripke,8,400000,1000000,1.0,d,0,356.0,19.880357142857143,302720
8680,tricount,8,200000,1000000,0.3,d,2,425.0,251.77232142857142,7120960
8681,beatnik,8,4000000,1000,0.3,d,3,788.484375,508.1763392857143,19996182
8682,beatnik,8,2000000,10000,0.1,d,1,477.8950892857143,186.140625,19996182
8683,beatnik,8,2000000,100,0.5,d,0,610.3861607142857,323.67857142857144,19996182
8684,laghos,8,20000,100000,0.3,d,1,408.0,131.27901785714286,801311390
8685,minife,8,40000,100000,0.5,d,0,407.32142857142856,28.763169642857147,6788000
8686,lammps,8,2000000,10000,0.7,d,1,357.0,24.391517857142862,457408
8687,fiesta,8,200000,0,0.1,d,2,356.90401785714283,56.642857142857146,645120
8688,quicksilver,8,4000,1000000,1.0,d,1,300.0,138.79263392857143,762710
8689,minivite,8,40000,1000000,0.3,d,0,375.0,55.473883928571425,24089720
8690,minife,8,2000,1000000,0.7,d,2,383.0,12.156517857142857,6788000
8691,amg,8,4000000,100000,0.5,d,2,364.0,50.783482142857146,106441449
8692,minivite,8,4000000,100000,0.7,d,1,434.0,114.93772321428571,24089720
8693,amg,8,20000,0,1.0,d,0,344.0,15.805357142857144,106441449
8694,lammps,8,20000,1000000,0.5,d,1,349.0,14.303169642857142,457408
8695,kripke,8,20000,100000,1.0,d,0,370.0,24.766741071428573,302720
8696,lammps,8,400000,100,0.3,d,3,354.0,20.738839285714285,457408
8697,minife,8,200000,0,0.3,d,3,410.0,45.50825892857143,6788000
8698,lammps,8,40000,0,0.3,d,2,367.0,27.908928571428568,457408
8699,lammps,8,40000,100000,0.7,d,1,349.0,15.144955357142859,457408
8700,amg,8,400000,1000000,0.1,d,2,347.0,20.862276785714283,106441449
8701,beatnik,8,4000000,1000,0.7,d,1,768.0892857142857,485.6205357142857,19996182
8702,tricount,8,200000,100000,0.7,d,1,513.0,339.60044642857144,7120960
8703,tricount,8,400000,100000,0.7,d,3,579.0,406.140625,7120960
8704,quicksilver,8,2000,0,0.3,d,1,293.0,132.38270089285714,762710
8705,kripke,8,400000,1000,0.5,d,0,359.0,22.128125000000004,302720
8706,lammps,8,40000,0,0.5,d,2,371.0,31.475625,457408
8707,amg,8,40000,10000,1.0,d,1,393.0,58.417857142857144,106441449
8708,lammps,8,40000,1000000,0.7,d,1,357.0,20.46441964285714,457408
8709,fiesta,8,2000,10000,0.7,d,2,353.0982142857143,56.340401785714285,645120
8710,amg,8,200000,0,0.7,d,2,358.0,41.69464285714285,106441449
8711,laghos,8,2000,0,0.7,d,1,384.0,108.73214285714286,801311390
8712,fiesta,8,200000,1000000,0.1,d,0,357.25669642857144,59.262053571428574,645120
8713,minivite,8,20000,1000,0.5,d,3,382.0,62.293303571428574,24089720
8714,quicksilver,8,40000,1000000,1.0,d,2,304.0,142.0378794642857,762710
8715,lammps,8,4000000,100,0.7,d,1,380.0,41.228125,457408
8716,quicksilver,8,2000,100,1.0,d,2,294.06473214285717,132.8476339285714,762710
8717,minivite,8,2000000,100,0.1,d,3,408.0,89.74642857142858,24089720
8718,lammps,8,200000,1000000,0.1,d,1,355.0,13.081674107142858,457408
8719,lammps,8,20000,1000,0.1,d,1,372.0,26.330245535714287,457408
8720,amg,8,40000,1000000,0.7,d,3,352.0,22.47142857142857,106441449
8721,kripke,8,2000000,1000,1.0,d,1,358.0,21.338839285714283,302720
8722,beatnik,8,2000000,1000,0.3,d,2,525.0,240.59598214285714,19996182
8723,beatnik,8,40000,0,0.7,d,3,463.7388392857143,175.14285714285714,19996182
8724,beatnik,8,4000,10000,0.5,d,3,426.0,132.93080357142858,19996182
8725,beatnik,8,4000000,100000,0.3,d,3,503.0,214.72321428571428,19996182
8726,laghos,8,40000,100,0.1,d,2,511.0,238.93973214285714,801311390
8727,minife,8,4000,0,1.0,d,0,397.0,20.733660714285715,6788000
8728,fiesta,8,40000,0,0.5,d,1,374.58035714285717,95.00669642857143,645120
8729,lammps,8,200000,1000,1.0,d,0,391.0,55.81573660714286,457408
8730,tricount,8,2000,0,0.5,d,3,396.0,222.75446428571428,7120960
8731,fiesta,8,20000,0,0.3,d,1,360.79910714285717,70.70580357142856,645120
8732,laghos,8,2000,1000000,0.3,d,1,361.0,85.10111607142858,801311390
8733,beatnik,8,400000,0,0.1,d,1,566.8683035714286,275.2857142857143,19996182
8734,beatnik,8,20000,100,0.5,d,3,448.21875,150.11830357142858,19996182
8735,laghos,8,2000,100000,0.3,d,2,334.0,58.159598214285715,801311390
8736,tricount,8,4000000,10000,0.3,d,3,592.0,418.48214285714283,7120960
8737,fiesta,8,40000,1000000,0.5,d,3,352.8325892857143,56.67232142857142,645120
8738,minivite,8,2000000,100,0.7,d,1,413.0,91.78950892857142,24089720
8739,laghos,8,2000000,10000,0.5,d,3,614.0,343.03348214285717,801311390
8740,minife,8,200000,0,0.3,d,0,407.0,39.550223214285715,6788000
8741,amg,8,400000,100,0.5,d,0,356.0,38.660937499999996,106441449
8742,quicksilver,8,2000000,100,0.1,d,0,299.0,137.30881696428574,762710
8743,fiesta,8,4000,1000,0.7,d,1,352.94642857142856,56.64754464285714,645120
8744,fiesta,8,400000,100000,0.7,d,1,357.6830357142857,84.37276785714286,645120
8745,lammps,8,200000,1000000,0.3,d,1,348.0,17.237321428571427,457408
8746,amg,8,40000,1000,0.3,d,2,347.0,21.26607142857143,106441449
8747,amg,8,200000,100000,0.5,d,3,353.0,32.848883928571425,106441449
8748,minife,8,20000,1000000,0.1,d,2,389.0,14.691294642857143,6788000
8749,amg,8,40000,0,0.5,d,1,387.0,50.723437499999996,106441449
8750,lammps,8,4000000,10000,1.0,d,3,359.0,26.986607142857142,457408
8751,laghos,8,4000000,0,0.7,d,0,549.0,274.13169642857144,801311390
8752,fiesta,8,2000,0,0.5,d,3,352.90848214285717,54.076116071428565,645120
8753,tricount,8,400000,1000000,0.3,d,2,442.0,268.35267857142856,7120960
8754,laghos,8,400000,1000,0.1,d,1,622.0,343.7924107142857,801311390
8755,amg,8,2000,100000,0.5,d,2,340.0,11.162388392857142,106441449
8756,lammps,8,4000,1000,0.5,d,2,354.0,16.48921875,457408
8757,beatnik,8,200000,1000,1.0,d,1,549.0,257.7924107142857,19996182
8758,laghos,8,4000000,0,0.1,d,0,516.0,244.85491071428572,801311390
8759,tricount,8,20000,0,0.1,d,0,442.0,264.63392857142856,7120960
8760,minife,8,200000,1000,0.5,d,0,405.0,41.39776785714286,6788000
8761,kripke,8,20000,0,0.3,d,0,381.0,29.743750000000002,302720
8762,amg,8,20000,10000,0.7,d,3,379.0,44.17901785714286,106441449
8763,laghos,8,40000,0,0.5,d,0,461.0,188.55357142857142,801311390
8764,quicksilver,8,2000000,1000,0.7,d,0,294.0,132.90520089285715,762710
8765,amg,8,2000000,1000000,0.5,d,2,353.0,34.10089285714286,106441449
8766,quicksilver,8,400000,100,0.7,d,3,300.0,138.63660714285714,762710
8767,tricount,8,400000,0,1.0,d,2,611.0,436.67857142857144,7120960
8768,kripke,8,200000,1000,0.5,d,1,358.0,21.279017857142858,302720
8769,minivite,8,400000,10000,0.7,d,3,430.0,112.86808035714286,24089720
8770,laghos,8,4000,10000,1.0,d,3,345.0,70.92165178571429,801311390
8771,laghos,8,400000,100000,0.5,d,3,638.0,366.22544642857144,801311390
8772,fiesta,8,400000,10000,1.0,d,0,356.5982142857143,62.29776785714286,645120
8773,laghos,8,2000,1000000,0.1,d,3,374.0,97.45736607142858,801311390
8774,kripke,8,200000,100,0.1,d,0,358.0,21.06183035714286,302720
8775,lammps,8,2000,10000,0.5,d,0,358.0,22.98580357142857,457408
8776,tricount,8,200000,0,0.5,d,2,535.0,360.84375,7120960
8777,laghos,8,4000000,0,0.3,d,3,504.0,232.27008928571428,801311390
8778,fiesta,8,2000000,1000000,0.7,d,1,371.90401785714283,91.30982142857144,645120
8779,beatnik,8,2000000,100000,0.7,d,3,575.0446428571429,289.88392857142856,19996182
8780,quicksilver,8,200000,10000,0.1,d,3,295.0,134.18747767857144,762710
8781,fiesta,8,40000,10000,0.1,d,3,356.86160714285717,56.730580357142856,645120
8782,kripke,8,2000000,10000,0.5,d,3,359.0,22.441964285714285,302720
8783,beatnik,8,2000000,10000,0.3,d,0,543.3504464285714,255.35714285714286,19996182
8784,laghos,8,200000,10000,0.1,d,3,518.0,243.66071428571428,801311390
8785,kripke,8,400000,100000,0.3,d,0,357.0,20.371205357142856,302720
8786,minife,8,40000,0,0.7,d,1,389.0,20.410044642857144,6788000
8787,minife,8,4000000,1000,1.0,d,0,406.0,42.18683035714285,6788000
8788,minivite,8,2000,1000,0.1,d,3,395.0,64.34754464285713,24089720
8789,kripke,8,20000,1000000,0.3,d,0,354.0,17.12232142857143,302720
8790,beatnik,8,200000,1000,0.7,d,3,493.0,204.48883928571428,19996182
8791,fiesta,8,4000000,100000,0.1,d,2,364.15625,82.34830357142857,645120
8792,fiesta,8,2000000,100000,1.0,d,0,357.6763392857143,64.49910714285716,645120
8793,minivite,8,400000,1000000,0.5,d,3,374.0,57.34419642857142,24089720
8794,kripke,8,400000,0,0.7,d,0,358.0,21.581919642857144,302720
8795,beatnik,8,20000,1000,0.3,d,3,428.1607142857143,136.55803571428572,19996182
8796,beatnik,8,2000,10000,1.0,d,0,403.0,108.32611607142857,19996182
8797,minife,8,4000000,10000,0.1,d,2,423.0,58.676116071428574,6788000
8798,laghos,8,20000,100,0.1,d,1,500.0,217.97544642857142,801311390
8799,fiesta,8,40000,1000,1.0,d,3,402.99776785714283,137.2982142857143,645120
8800,laghos,8,4000000,1000000,0.1,d,1,421.0,147.18080357142858,801311390
8801,tricount,8,2000000,1000,0.3,d,0,585.0,411.125,7120960
8802,quicksilver,8,2000000,0,0.1,d,1,294.0,132.98754464285713,762710
8803,fiesta,8,20000,0,1.0,d,0,355.94419642857144,58.637723214285714,645120
8804,minivite,8,200000,1000000,0.1,d,1,385.0,66.15357142857142,24089720
8805,minife,8,4000,10000,0.3,d,3,385.0,13.360937500000002,6788000
8806,tricount,8,200000,0,0.7,d,2,463.0,288.79017857142856,7120960
8807,quicksilver,8,4000,100,0.3,d,2,292.08705357142856,131.51133928571429,762710
8808,fiesta,8,20000,100,1.0,d,1,398.2299107142857,127.71026785714285,645120
8809,tricount,8,2000,100000,0.7,d,0,410.0,236.27232142857142,7120960
8810,lammps,8,2000000,10000,0.7,d,3,365.0,31.059375,457408
8811,laghos,8,200000,100,0.7,d,1,625.0,348.68973214285717,801311390
8812,fiesta,8,200000,0,0.7,d,0,357.74330357142856,63.36279017857142,645120
8813,fiesta,8,2000,0,0.1,d,1,360.640625,86.39732142857143,645120
8814,tricount,8,200000,1000000,1.0,d,0,436.0,261.7455357142857,7120960
8815,fiesta,8,4000000,1000000,0.3,d,2,353.20982142857144,59.46249999999999,645120
8816,quicksilver,8,400000,100000,1.0,d,2,293.0,131.72669642857142,762710
8817,tricount,8,4000,1000000,0.1,d,1,393.0,219.5,7120960
8818,beatnik,8,2000000,0,0.7,d,0,550.3928571428571,262.29017857142856,19996182
8819,quicksilver,8,4000000,0,0.7,d,2,294.0,132.88359375,762710
8820,quicksilver,8,400000,0,1.0,d,2,294.0,132.70125000000002,762710
8821,minivite,8,4000,1000,0.3,d,1,392.0,65.33705357142857,24089720
8822,minivite,8,4000,0,1.0,d,2,382.0,61.93861607142857,24089720
8823,tricount,8,2000,0,0.1,d,0,453.0,276.546875,7120960
8824,minivite,8,2000,100000,1.0,d,1,381.0,60.971651785714286,24089720
8825,minife,8,20000,100,0.7,d,2,434.0,45.72566964285715,6788000
8826,minife,8,4000,100000,0.5,d,3,384.0,12.035937500000001,6788000
8827,fiesta,8,2000000,1000000,1.0,d,3,357.18080357142856,62.51428571428572,645120
8828,minivite,8,4000000,100,0.5,d,2,412.0,90.7591517857143,24089720
8829,quicksilver,8,2000000,10000,1.0,d,1,301.0,139.59651785714286,762710
8830,amg,8,40000,1000000,0.7,d,0,350.0,21.140401785714285,106441449
8831,minife,8,400000,10000,0.3,d,2,405.0,39.323883928571426,6788000
8832,minivite,8,4000000,1000,1.0,d,1,435.0,115.51116071428571,24089720
8833,tricount,8,2000000,1000000,0.1,d,3,445.0,270.89955357142856,7120960
8834,fiesta,8,200000,100000,0.1,d,0,359.625,62.77928571428571,645120
8835,minivite,8,20000,10000,0.7,d,1,410.0,73.03102678571427,24089720
8836,tricount,8,40000,100000,0.5,d,2,428.0,254.72991071428572,7120960
8837,fiesta,8,40000,100,0.7,d,0,386.51785714285717,109.19241071428571,645120
8838,amg,8,4000,100000,0.5,d,0,344.0,15.079977678571428,106441449
8839,beatnik,8,20000,100000,0.7,d,2,416.95089285714283,119.55580357142857,19996182
8840,tricount,8,20000,1000,0.1,d,1,428.0,249.24330357142858,7120960
8841,tricount,8,2000000,1000000,1.0,d,1,532.0,357.71875,7120960
8842,quicksilver,8,20000,0,0.1,d,1,305.0,138.6347767857143,762710
8843,quicksilver,8,40000,0,0.7,d,2,290.0,129.25823660714286,762710
8844,kripke,8,4000,10000,1.0,d,2,354.0,17.48035714285714,302720
8845,kripke,8,4000,0,0.1,d,0,356.0,19.493080357142855,302720
8846,minife,8,40000,1000,0.3,d,3,389.0,19.08861607142857,6788000
8847,minife,8,4000,100000,0.5,d,2,385.0,13.591808035714285,6788000
8848,beatnik,8,4000,100,0.5,d,2,472.8169642857143,180.94866071428572,19996182
8849,tricount,8,4000000,0,0.3,d,1,549.0,375.34598214285717,7120960
8850,tricount,8,4000000,1000000,0.5,d,2,571.0,397.625,7120960
8851,lammps,8,4000000,100000,0.5,d,1,400.0,66.98727678571429,457408
8852,minivite,8,4000,0,0.1,d,2,402.0,70.02678571428571,24089720
8853,quicksilver,8,4000,10000,0.3,d,0,303.0,138.62314732142858,762710
8854,kripke,8,400000,0,0.1,d,0,358.0,21.038839285714285,302720
8855,quicksilver,8,20000,1000,0.1,d,0,293.9799107142857,132.5815625,762710
8856,beatnik,8,4000000,0,1.0,d,3,640.3571428571429,355.25892857142856,19996182
8857,kripke,8,2000000,1000000,0.1,d,1,356.0,19.716964285714287,302720
8858,minivite,8,40000,1000,1.0,d,1,402.0,83.29709821428571,24089720
8859,beatnik,8,200000,100000,0.3,d,3,471.0,178.71428571428572,19996182
8860,quicksilver,8,2000000,1000000,0.5,d,2,296.75669642857144,135.2303794642857,762710
8861,laghos,8,20000,10000,1.0,d,2,453.0,180.20089285714286,801311390
8862,tricount,8,400000,1000,0.1,d,1,519.0,343.00669642857144,7120960
8863,fiesta,8,4000,100000,0.3,d,3,357.72544642857144,70.99129464285714,645120
8864,lammps,8,4000000,10000,1.0,d,1,382.0,51.54620535714287,457408
8865,tricount,8,2000000,1000,0.1,d,0,550.0,376.15625,7120960
8866,beatnik,8,40000,0,1.0,d,1,455.9888392857143,161.14732142857142,19996182
8867,quicksilver,8,200000,1000000,0.1,d,3,298.0,136.99792410714286,762710
8868,minife,8,2000,100,1.0,d,3,392.0,17.296517857142856,6788000
8869,quicksilver,8,400000,100000,0.3,d,3,302.54017857142856,140.91064732142857,762710
8870,amg,8,4000,10000,0.1,d,2,341.0,11.112924107142858,106441449
8871,tricount,8,4000,100000,0.1,d,3,407.0,232.85044642857142,7120960
8872,minife,8,200000,100000,0.5,d,2,402.0,36.42276785714285,6788000
8873,amg,8,4000,100,0.3,d,3,357.0,24.486674107142854,106441449
8874,laghos,8,40000,1000000,0.5,d,3,388.0,113.87053571428571,801311390
8875,amg,8,2000000,10000,0.7,d,1,354.0,36.88549107142857,106441449
8876,beatnik,8,2000,1000,0.5,d,0,409.0625,113.09151785714286,19996182
8877,beatnik,8,20000,0,0.3,d,0,433.70089285714283,141.17410714285714,19996182
8878,minife,8,20000,100000,0.7,d,0,385.875,14.829174107142856,6788000
8879,amg,8,2000000,10000,0.5,d,2,354.0,36.659821428571426,106441449
8880,beatnik,8,2000,100,0.7,d,1,410.01339285714283,118.12946428571429,19996182
8881,lammps,8,200000,10000,0.7,d,3,349.0,16.099017857142858,457408
8882,lammps,8,20000,1000,0.5,d,3,379.0,44.57522321428571,457408
8883,beatnik,8,400000,1000,0.3,d,2,506.23660714285717,215.12946428571428,19996182
8884,laghos,8,400000,10000,1.0,d,1,569.0,297.81473214285717,801311390
8885,laghos,8,2000000,1000000,0.1,d,2,454.0,179.3125,801311390
8886,laghos,8,4000000,1000000,0.7,d,3,509.0,237.33482142857142,801311390
8887,quicksilver,8,20000,100000,0.3,d,2,301.0,138.95957589285715,762710
8888,tricount,8,2000,100000,0.3,d,1,397.0,223.01116071428572,7120960
8889,tricount,8,40000,100,1.0,d,1,456.0,275.06919642857144,7120960
8890,tricount,8,4000,100000,0.5,d,2,407.0,233.10714285714286,7120960
8891,beatnik,8,4000000,100000,1.0,d,3,630.8772321428571,336.99776785714283,19996182
8892,lammps,8,20000,1000000,0.5,d,2,356.0,18.618125,457408
8893,fiesta,8,400000,1000000,1.0,d,3,371.578125,114.12991071428571,645120
8894,fiesta,8,200000,1000,0.3,d,1,353.18973214285717,57.49933035714285,645120
8895,beatnik,8,4000,0,1.0,d,1,414.09151785714283,116.49553571428571,19996182
8896,fiesta,8,400000,1000000,0.3,d,3,355.49330357142856,61.34441964285715,645120
8897,minife,8,400000,0,0.1,d,0,413.0,49.137276785714285,6788000
8898,amg,8,4000,100000,0.7,d,3,353.125,24.802946428571428,106441449
8899,minife,8,200000,0,0.7,d,0,408.0,45.99598214285714,6788000
8900,lammps,8,200000,1000000,1.0,d,3,361.0,24.343950892857144,457408
8901,minife,8,400000,10000,0.7,d,0,409.0,45.95848214285714,6788000
8902,minife,8,400000,1000000,0.3,d,3,400.0,33.307589285714286,6788000
8903,minivite,8,2000,100000,0.3,d,1,375.0,56.193303571428565,24089720
8904,laghos,8,200000,100,1.0,d,2,597.0,326.45089285714283,801311390
8905,minife,8,4000000,100000,0.5,d,1,401.0,36.714508928571426,6788000
8906,minivite,8,2000,100000,0.5,d,0,372.0,51.49308035714286,24089720
8907,kripke,8,2000000,10000,0.5,d,2,358.0,21.186383928571427,302720
8908,laghos,8,2000000,1000000,0.3,d,1,479.0,203.94642857142858,801311390
8909,fiesta,8,20000,1000000,0.5,d,0,352.81473214285717,55.85736607142858,645120
8910,kripke,8,2000000,0,0.3,d,0,359.0,21.431919642857142,302720
8911,amg,8,4000000,1000000,0.1,d,1,350.0,29.0359375,106441449
8912,laghos,8,40000,1000,0.1,d,3,535.0,254.78571428571428,801311390
8913,tricount,8,400000,100000,0.5,d,2,590.0,416.3125,7120960
8914,tricount,8,40000,100000,0.7,d,0,469.0,293.1830357142857,7120960
8915,fiesta,8,4000,10000,0.3,d,1,352.96875,56.18839285714286,645120
8916,beatnik,8,40000,1000,0.3,d,3,447.00892857142856,155.71875,19996182
8917,tricount,8,2000,100,0.3,d,2,432.0,257.92857142857144,7120960
8918,quicksilver,8,400000,100000,0.7,d,2,294.109375,133.12200892857143,762710
8919,kripke,8,2000000,0,0.5,d,1,359.0,22.252901785714283,302720
8920,kripke,8,2000,10000,0.7,d,2,354.0,17.427455357142858,302720
8921,fiesta,8,400000,100000,0.7,d,0,355.54464285714283,62.41491071428572,645120
8922,lammps,8,200000,100,0.3,d,1,359.0,26.432366071428568,457408
8923,laghos,8,2000,10000,0.3,d,3,337.0,60.58749999999999,801311390
8924,tricount,8,2000,0,0.5,d,2,395.0,220.27455357142858,7120960
8925,minivite,8,40000,1000000,0.7,d,0,384.0,64.48013392857142,24089720
8926,fiesta,8,400000,0,0.1,d,0,356.70089285714283,56.96607142857143,645120
8927,kripke,8,20000,1000000,1.0,d,0,354.0,17.285267857142856,302720
8928,lammps,8,20000,100000,0.3,d,2,359.0,19.773638392857144,457408
8929,minivite,8,2000,0,0.3,d,3,378.0,58.53727678571429,24089720
8930,fiesta,8,40000,100,1.0,d,1,356.0580357142857,56.60535714285714,645120
8931,minife,8,2000000,10000,0.3,d,3,407.0,45.60781250000001,6788000
8932,fiesta,8,200000,100,0.7,d,2,356.25892857142856,64.22075892857143,645120
8933,kripke,8,2000,1000,0.5,d,3,357.0,19.113839285714285,302720
8934,kripke,8,4000000,100,1.0,d,3,359.0,21.106026785714285,302720
8935,quicksilver,8,4000000,10000,0.7,d,2,303.0,140.78348214285714,762710
8936,minife,8,2000000,100,0.5,d,0,453.0,89.79017857142857,6788000
8937,tricount,8,2000,1000000,0.5,d,2,423.0,250.140625,7120960
8938,tricount,8,2000000,100000,0.5,d,3,723.0,549.5558035714286,7120960
8939,kripke,8,2000000,1000,0.7,d,1,358.0,20.755803571428572,302720
8940,minife,8,400000,100000,0.7,d,0,410.0,48.49955357142857,6788000
8941,quicksilver,8,4000000,0,1.0,d,1,291.0,130.34640625,762710
8942,kripke,8,40000,1000,1.0,d,0,357.0,20.0890625,302720
8943,tricount,8,20000,0,0.7,d,1,443.0,269.52455357142856,7120960
8944,amg,8,200000,100000,0.1,d,2,348.0,25.649776785714284,106441449
8945,lammps,8,2000000,1000,0.1,d,1,363.0,27.015848214285715,457408
8946,lammps,8,2000000,10000,1.0,d,0,357.0,22.834151785714287,457408
8947,minivite,8,2000,10000,0.1,d,2,380.0,59.44642857142857,24089720
8948,minife,8,2000,1000,0.7,d,0,383.0,11.8925,6788000
8949,quicksilver,8,200000,10000,0.7,d,1,301.0,139.44234375,762710
8950,beatnik,8,4000000,100,0.1,d,3,580.6383928571429,287.95982142857144,19996182
8951,beatnik,8,20000,1000000,0.7,d,2,402.0,106.96651785714286,19996182
8952,beatnik,8,400000,0,0.1,d,0,563.2946428571429,273.59151785714283,19996182
8953,quicksilver,8,40000,10000,0.7,d,0,314.0,144.62839285714287,762710
8954,minivite,8,200000,0,1.0,d,0,430.0,106.74754464285715,24089720
8955,fiesta,8,200000,10000,0.5,d,1,356.04017857142856,63.44821428571429,645120
8956,minife,8,2000000,1000,0.1,d,2,401.0,33.958482142857136,6788000
8957,laghos,8,4000,10000,0.7,d,0,355.0,80.83883928571429,801311390
8958,quicksilver,8,4000,1000,0.7,d,0,305.0,141.1092857142857,762710
8959,quicksilver,8,20000,1000000,0.3,d,1,292.32589285714283,131.50484375,762710
8960,kripke,8,4000,100000,0.7,d,0,353.0,16.558705357142856,302720
8961,fiesta,8,2000,100,0.7,d,0,354.58482142857144,56.1234375,645120
8962,quicksilver,8,2000,1000000,0.3,d,2,290.07589285714283,128.86426339285714,762710
8963,quicksilver,8,4000,100000,0.1,d,2,298.0,136.67006696428572,762710
8964,minivite,8,4000000,100000,0.3,d,2,406.0,87.05937500000002,24089720
8965,fiesta,8,4000000,100000,1.0,d,1,357.078125,62.93839285714286,645120
8966,laghos,8,400000,1000,1.0,d,0,614.0,342.68973214285717,801311390
8967,beatnik,8,2000000,1000000,0.1,d,1,416.27232142857144,123.40848214285714,19996182
8968,lammps,8,4000000,1000,0.7,d,3,353.0,24.400000000000002,457408
8969,tricount,8,200000,100000,0.7,d,2,524.0,350.51339285714283,7120960
8970,amg,8,20000,10000,0.1,d,1,343.0,14.895535714285716,106441449
8971,quicksilver,8,200000,100000,0.5,d,2,300.953125,139.15484375,762710
8972,beatnik,8,2000000,0,0.3,d,0,519.6785714285714,229.97098214285714,19996182
8973,minivite,8,400000,10000,0.3,d,3,408.0,90.34352678571429,24089720
8974,amg,8,200000,100,1.0,d,1,358.0,40.785044642857144,106441449
8975,amg,8,2000000,1000000,0.1,d,1,346.0,23.66049107142857,106441449
8976,amg,8,20000,100000,1.0,d,3,343.0,14.359821428571431,106441449
8977,kripke,8,2000,100000,0.7,d,1,356.0,17.567410714285714,302720
8978,minivite,8,40000,1000000,0.1,d,0,386.0,66.19308035714286,24089720
8979,kripke,8,2000,0,0.7,d,1,353.0,16.8796875,302720
8980,laghos,8,2000000,1000000,0.1,d,0,473.0,199.953125,801311390
8981,minivite,8,40000,100000,0.3,d,2,394.0,71.35491071428571,24089720
8982,laghos,8,20000,100,1.0,d,1,494.0,221.43303571428572,801311390
8983,beatnik,8,40000,1000,0.5,d,0,516.96875,225.59821428571428,19996182
8984,lammps,8,40000,10000,0.7,d,3,369.0,27.384375000000002,457408
8985,minife,8,4000,1000000,0.1,d,2,389.0,15.297566964285716,6788000
8986,fiesta,8,4000,1000,1.0,d,3,356.33705357142856,59.62120535714286,645120
8987,amg,8,4000000,100,0.7,d,3,357.0,40.82991071428571,106441449
8988,tricount,8,4000,100000,1.0,d,1,411.0,235.50223214285714,7120960
8989,lammps,8,4000000,100,0.1,d,3,374.0,41.737366071428575,457408
8990,minife,8,200000,10000,0.3,d,1,406.0,40.24107142857143,6788000
8991,amg,8,200000,1000000,0.5,d,0,352.0,27.955357142857142,106441449
8992,fiesta,8,200000,1000000,1.0,d,3,356.46875,56.81651785714286,645120
8993,amg,8,200000,100,0.7,d,2,355.0,37.651562500000004,106441449
8994,amg,8,200000,100000,0.1,d,0,351.0,28.738839285714285,106441449
8995,beatnik,8,2000,100000,0.3,d,0,404.78794642857144,105.64955357142857,19996182
8996,laghos,8,200000,100,1.0,d,0,603.0,331.90401785714283,801311390
8997,lammps,8,200000,1000,0.3,d,0,357.0,23.7734375,457408
8998,beatnik,8,40000,1000000,0.5,d,2,416.9888392857143,121.16071428571429,19996182
8999,amg,8,4000,100000,0.3,d,3,343.0,14.408214285714283,106441449
9000,beatnik,8,2000,1000,0.3,d,3,404.0,109.17388392857143,19996182
9001,amg,8,4000000,10000,0.3,d,1,357.0,42.183928571428574,106441449
9002,fiesta,8,20000,1000,0.5,d,0,385.90848214285717,110.27098214285715,645120
9003,amg,8,40000,1000000,0.5,d,0,342.0,13.238995535714285,106441449
9004,tricount,8,400000,1000000,0.5,d,0,485.0,311.59598214285717,7120960
9005,fiesta,8,400000,1000000,0.5,d,0,360.5,73.89285714285714,645120
9006,minivite,8,20000,100,0.3,d,0,417.0,83.90424107142857,24089720
9007,beatnik,8,40000,10000,0.1,d,1,452.15625,156.54464285714286,19996182
9008,tricount,8,2000000,100,1.0,d,1,851.0,677.21875,7120960
9009,amg,8,200000,1000000,0.1,d,3,346.0,18.796875,106441449
9010,minivite,8,400000,0,0.1,d,0,421.0,101.8671875,24089720
9011,quicksilver,8,400000,100000,0.3,d,0,299.0,137.20421875000002,762710
9012,minivite,8,20000,1000000,0.1,d,2,368.0,47.01316964285714,24089720
9013,minivite,8,400000,0,1.0,d,1,422.0,99.05714285714286,24089720
9014,lammps,8,400000,100000,0.3,d,1,365.0,28.52276785714286,457408
9015,quicksilver,8,200000,10000,1.0,d,0,306.0044642857143,144.6017857142857,762710
9016,beatnik,8,40000,1000,0.7,d,1,485.08035714285717,189.40401785714286,19996182
9017,quicksilver,8,4000000,0,0.5,d,1,299.0,137.1142857142857,762710
9018,lammps,8,200000,1000,0.1,d,0,375.0,44.379174107142866,457408
9019,minivite,8,4000,10000,0.3,d,1,371.0,53.629017857142856,24089720
9020,fiesta,8,4000,10000,0.1,d,1,356.64955357142856,55.01584821428571,645120
9021,minivite,8,400000,1000,0.1,d,1,400.0,78.57879464285715,24089720
9022,fiesta,8,2000000,100000,0.5,d,1,364.2232142857143,73.37946428571429,645120
9023,quicksilver,8,400000,10000,1.0,d,3,301.0,139.83093749999998,762710
9024,kripke,8,2000000,0,0.5,d,2,359.0,21.845089285714288,302720
9025,beatnik,8,20000,100,0.5,d,2,434.08482142857144,141.50446428571428,19996182
9026,minife,8,20000,0,0.3,d,1,388.0,18.020535714285717,6788000
9027,beatnik,8,40000,1000,1.0,d,3,472.99107142857144,171.484375,19996182
9028,fiesta,8,2000,10000,0.1,d,2,359.4799107142857,58.754821428571425,645120
9029,beatnik,8,400000,0,0.3,d,0,873.2924107142857,592.0424107142857,19996182
9030,beatnik,8,4000000,1000000,1.0,d,3,604.3102678571429,312.4419642857143,19996182
9031,amg,8,400000,100,0.1,d,1,362.0,41.622767857142854,106441449
9032,minivite,8,20000,100000,0.7,d,2,387.0,66.96383928571429,24089720
9033,kripke,8,4000000,100000,1.0,d,3,358.0,20.503125,302720
9034,minivite,8,40000,100,1.0,d,3,392.0,71.73772321428571,24089720
9035,beatnik,8,400000,10000,0.3,d,0,579.7477678571429,291.31919642857144,19996182
9036,minife,8,20000,10000,0.5,d,0,387.0,16.646785714285716,6788000
9037,minife,8,400000,100000,0.3,d,0,414.0,54.98125,6788000
9038,minivite,8,4000,0,0.7,d,3,377.0,55.04062499999999,24089720
9039,beatnik,8,4000,1000,0.5,d,2,431.5424107142857,137.25223214285714,19996182
9040,beatnik,8,40000,1000,1.0,d,1,482.9575892857143,182.61607142857142,19996182
9041,lammps,8,400000,100000,0.3,d,2,355.0,21.926116071428574,457408
9042,minife,8,4000,1000,1.0,d,2,387.0,14.190558035714286,6788000
9043,minivite,8,200000,0,0.1,d,2,415.0,95.68794642857142,24089720
9044,amg,8,40000,100000,0.5,d,3,367.0,35.75602678571428,106441449
9045,minivite,8,2000,1000,0.7,d,1,379.0,58.43169642857142,24089720
9046,minife,8,2000000,1000,0.1,d,0,405.0,39.035937499999996,6788000
9047,minife,8,4000000,1000000,0.5,d,3,400.0,34.59441964285714,6788000
9048,amg,8,20000,10000,0.3,d,0,367.0,32.355133928571426,106441449
9049,tricount,8,400000,10000,0.3,d,3,535.0,360.3549107142857,7120960
9050,quicksilver,8,4000000,10000,0.5,d,1,294.0,133.0803794642857,762710
9051,tricount,8,20000,100000,1.0,d,0,432.0,254.55133928571428,7120960
9052,kripke,8,4000,1000000,1.0,d,2,356.0,18.612723214285715,302720
9053,fiesta,8,40000,100000,0.7,d,2,372.10714285714283,95.46852678571427,645120
9054,laghos,8,4000,100,1.0,d,2,434.0,156.85044642857142,801311390
9055,beatnik,8,200000,1000000,1.0,d,2,467.82589285714283,173.89508928571428,19996182
9056,amg,8,2000,1000000,0.7,d,1,348.125,18.637633928571432,106441449
9057,quicksilver,8,20000,0,0.3,d,1,311.0,142.8857142857143,762710
9058,kripke,8,200000,1000,0.7,d,3,357.0,20.251562500000002,302720
9059,lammps,8,2000000,1000000,0.7,d,2,361.0,27.598660714285717,457408
9060,fiesta,8,4000000,1000000,0.1,d,2,366.4799107142857,97.32142857142857,645120
9061,beatnik,8,200000,1000000,0.7,d,0,442.96875,151.95535714285714,19996182
9062,laghos,8,20000,1000,0.7,d,0,522.0,241.11383928571428,801311390
9063,minivite,8,40000,10000,0.1,d,1,394.0,73.10133928571429,24089720
9064,minife,8,20000,10000,1.0,d,1,390.0,16.735513392857143,6788000
9065,amg,8,20000,10000,0.5,d,1,376.0,40.48303571428572,106441449
9066,fiesta,8,400000,1000000,1.0,d,2,359.7075892857143,62.520089285714285,645120
9067,laghos,8,2000000,100,1.0,d,0,610.0,337.25892857142856,801311390
9068,lammps,8,4000,0,1.0,d,0,359.0,19.865334821428572,457408
9069,minivite,8,40000,100000,0.5,d,1,386.0,67.94754464285714,24089720
9070,kripke,8,400000,1000,0.7,d,3,362.0,24.128348214285715,302720
9071,fiesta,8,4000000,100,0.7,d,1,356.36830357142856,61.85982142857142,645120
9072,beatnik,8,200000,100,0.3,d,3,501.20535714285717,213.74776785714286,19996182
9073,laghos,8,2000000,0,0.1,d,1,572.0,300.36607142857144,801311390
9074,tricount,8,400000,0,0.1,d,2,515.0,340.52455357142856,7120960
9075,kripke,8,20000,100,0.5,d,0,356.0,19.130133928571432,302720
9076,minife,8,2000000,10000,0.7,d,1,407.0,45.754687499999996,6788000
9077,kripke,8,2000,1000,0.7,d,3,353.0,16.7109375,302720
9078,tricount,8,40000,10000,0.1,d,2,424.0,249.88392857142858,7120960
9079,kripke,8,2000000,1000000,0.5,d,3,358.0,20.662723214285716,302720
9080,kripke,8,200000,1000000,0.7,d,1,354.0,17.953125,302720
9081,tricount,8,200000,100000,0.5,d,0,511.0,337.52901785714283,7120960
9082,kripke,8,2000000,100000,1.0,d,0,360.0,22.998437499999998,302720
9083,beatnik,8,2000,10000,0.3,d,0,398.84151785714283,104.15178571428571,19996182
9084,quicksilver,8,20000,0,1.0,d,1,291.9888392857143,130.62296874999998,762710
9085,kripke,8,200000,1000,0.3,d,2,358.0,21.372991071428572,302720
9086,beatnik,8,4000000,1000,0.7,d,3,864.9732142857143,582.3125,19996182
9087,lammps,8,20000,100,1.0,d,1,377.0,34.014397321428575,457408
9088,laghos,8,20000,1000000,0.7,d,3,383.0,108.109375,801311390
9089,amg,8,200000,0,0.1,d,1,355.0,37.622991071428565,106441449
9090,kripke,8,400000,100000,0.7,d,3,362.0,23.81964285714286,302720
9091,lammps,8,2000,100,0.1,d,2,436.0,95.7674107142857,457408
9092,amg,8,4000000,100000,1.0,d,2,358.0,38.262723214285714,106441449
9093,fiesta,8,400000,100000,0.3,d,1,353.7075892857143,60.38861607142858,645120
9094,minivite,8,20000,10000,0.1,d,0,408.0,78.67343749999999,24089720
9095,tricount,8,40000,1000000,0.7,d,0,418.0,243.55133928571428,7120960
9096,minife,8,2000000,100000,1.0,d,1,418.0,51.7703125,6788000
9097,quicksilver,8,4000000,100000,1.0,d,0,292.7232142857143,131.58854910714285,762710
9098,tricount,8,4000000,100000,1.0,d,2,646.0,471.19642857142856,7120960
9099,amg,8,20000,100000,0.5,d,3,344.0,15.008705357142857,106441449
9100,laghos,8,200000,100000,0.7,d,2,506.0,232.828125,801311390
9101,tricount,8,4000,1000000,0.5,d,2,415.0,241.73660714285714,7120960
9102,beatnik,8,2000,1000000,1.0,d,3,411.6294642857143,118.67633928571429,19996182
9103,minife,8,400000,10000,0.5,d,2,410.0,45.5234375,6788000
9104,fiesta,8,400000,0,0.3,d,2,353.09151785714283,57.946875,645120
9105,laghos,8,4000,100000,0.7,d,2,347.0,71.97812499999999,801311390
9106,laghos,8,4000,1000,1.0,d,2,379.0,103.49665178571429,801311390
9107,laghos,8,4000,100000,1.0,d,3,344.0,70.29040178571428,801311390
9108,minivite,8,2000000,0,0.7,d,2,416.875,99.66517857142857,24089720
9109,quicksilver,8,20000,100,0.1,d,3,306.89285714285717,139.06013392857145,762710
9110,minife,8,2000,0,1.0,d,2,387.0,14.282299107142856,6788000
9111,amg,8,2000,100000,1.0,d,3,343.0,13.834441964285714,106441449
9112,beatnik,8,400000,100000,0.3,d,0,465.0,172.63839285714286,19996182
9113,beatnik,8,20000,1000000,0.3,d,3,404.1138392857143,110.89508928571429,19996182
9114,laghos,8,4000000,100,0.5,d,1,542.0,269.20535714285717,801311390
9115,fiesta,8,4000,100,0.3,d,0,352.79910714285717,54.44575892857143,645120
9116,amg,8,4000000,1000,1.0,d,3,360.0,41.8296875,106441449
9117,kripke,8,400000,100000,0.7,d,0,358.0,20.875669642857144,302720
9118,laghos,8,2000,1000,1.0,d,1,370.0,96.85535714285713,801311390
9119,minife,8,2000,10000,0.5,d,3,386.0,15.168080357142857,6788000
9120,lammps,8,2000,10000,1.0,d,1,354.0,16.776785714285715,457408
9121,beatnik,8,4000,10000,0.7,d,2,419.375,123.921875,19996182
9122,minife,8,2000,100,0.3,d,3,384.0,12.054933035714287,6788000
9123,amg,8,200000,1000,0.7,d,3,359.0,43.79776785714286,106441449
9124,laghos,8,40000,0,0.3,d,2,491.0,219.06026785714286,801311390
9125,kripke,8,400000,1000000,0.7,d,3,356.0,19.40580357142857,302720
9126,minife,8,40000,1000,0.5,d,2,431.71875,45.85870535714285,6788000
9127,tricount,8,200000,1000,0.5,d,3,512.0,338.95982142857144,7120960
9128,minivite,8,2000000,0,0.5,d,0,405.0,85.94441964285714,24089720
9129,fiesta,8,200000,1000,1.0,d,3,363.48214285714283,79.62870535714286,645120
9130,laghos,8,2000000,0,0.3,d,1,564.0,292.12276785714283,801311390
9131,amg,8,4000000,0,0.5,d,1,360.0,44.83214285714286,106441449
9132,fiesta,8,400000,0,0.5,d,1,357.31919642857144,59.757343750000004,645120
9133,laghos,8,4000,1000,1.0,d,1,368.0,93.36941964285714,801311390
9134,quicksilver,8,4000000,1000,0.7,d,2,290.0,129.2083482142857,762710
9135,lammps,8,20000,100000,0.7,d,3,358.0,18.82015625,457408
9136,laghos,8,4000000,0,0.5,d,1,519.0,244.21205357142858,801311390
9137,lammps,8,20000,0,0.3,d,1,365.0,25.93441964285714,457408
9138,kripke,8,200000,0,0.5,d,0,358.0,21.798214285714288,302720
9139,lammps,8,4000000,10000,0.1,d,3,359.0,26.029687499999998,457408
9140,amg,8,2000,100000,1.0,d,0,339.0,10.000111607142856,106441449
9141,lammps,8,200000,1000,0.3,d,3,361.0,28.405357142857138,457408
9142,laghos,8,20000,1000,0.7,d,3,500.0,217.62276785714286,801311390
9143,tricount,8,40000,10000,0.5,d,3,424.0,250.28125,7120960
9144,laghos,8,4000,100000,0.5,d,1,358.0,82.70089285714286,801311390
9145,beatnik,8,4000,1000000,0.5,d,0,425.98214285714283,137.30580357142858,19996182
9146,minivite,8,4000,0,0.7,d,2,370.0,52.60401785714286,24089720
9147,kripke,8,20000,1000000,0.1,d,3,355.0,18.1484375,302720
9148,fiesta,8,2000000,1000,1.0,d,1,356.63169642857144,60.709375,645120
9149,minivite,8,200000,1000,0.3,d,0,400.0,79.85714285714286,24089720
9150,lammps,8,40000,100000,0.5,d,0,355.0,21.63020089285714,457408
9151,amg,8,2000,100,0.3,d,1,346.0,16.085133928571427,106441449
9152,minife,8,4000,0,0.5,d,2,383.0,12.198839285714286,6788000
9153,fiesta,8,20000,0,0.5,d,2,353.50223214285717,54.79776785714286,645120
9154,fiesta,8,200000,1000,0.1,d,2,356.76785714285717,57.29553571428572,645120
9155,kripke,8,4000,1000000,0.1,d,1,354.0,17.88794642857143,302720
9156,minife,8,200000,10000,0.3,d,2,407.0,41.051116071428574,6788000
9157,lammps,8,4000000,100000,1.0,d,3,364.0,29.573660714285715,457408
9158,beatnik,8,400000,1000,0.3,d,3,758.90625,477.640625,19996182
9159,fiesta,8,40000,100,0.1,d,0,386.3013392857143,113.27709821428572,645120
9160,kripke,8,200000,100,0.7,d,1,358.0,21.352232142857144,302720
9161,tricount,8,2000,100,0.1,d,2,443.0,268.66964285714283,7120960
9162,minife,8,20000,100000,0.3,d,1,386.0,15.675915178571428,6788000
9163,beatnik,8,40000,100,0.7,d,0,505.03794642857144,207.97767857142858,19996182
9164,amg,8,200000,1000000,0.1,d,1,343.0,16.803348214285712,106441449
9165,quicksilver,8,200000,1000,1.0,d,2,294.93080357142856,133.58948660714285,762710
9166,amg,8,2000000,1000,0.5,d,3,354.0,38.144419642857144,106441449
9167,quicksilver,8,4000,1000,1.0,d,2,304.0,140.05020089285716,762710
9168,kripke,8,4000,1000,0.5,d,3,355.0,18.119419642857142,302720
9169,fiesta,8,2000,100000,0.3,d,0,352.93526785714283,55.64709821428572,645120
9170,lammps,8,4000000,10000,1.0,d,2,360.0,28.340178571428574,457408
9171,quicksilver,8,2000,100000,1.0,d,1,299.0,137.95270089285714,762710
9172,minivite,8,2000,1000000,0.1,d,2,372.0,52.57522321428571,24089720
9173,laghos,8,4000000,100000,0.7,d,2,580.0,303.640625,801311390
9174,amg,8,200000,100,0.3,d,0,356.0,35.84174107142857,106441449
9175,tricount,8,200000,0,0.3,d,0,489.0,315.7857142857143,7120960
9176,amg,8,200000,0,0.7,d,0,359.0,39.480357142857144,106441449
9177,minivite,8,200000,100000,0.3,d,1,390.0,68.44107142857142,24089720
9178,quicksilver,8,20000,100000,0.1,d,0,289.0,127.81455357142856,762710
9179,minife,8,40000,10000,0.3,d,3,420.0,37.828125,6788000
9180,kripke,8,40000,100000,0.1,d,3,358.0,19.403125,302720
9181,kripke,8,2000000,10000,0.5,d,0,359.0,22.2265625,302720
9182,minife,8,4000000,100,0.7,d,2,409.0,48.301562499999996,6788000
9183,minife,8,40000,100000,0.3,d,0,387.0,16.481294642857144,6788000
9184,tricount,8,2000000,0,1.0,d,1,549.0,374.04017857142856,7120960
9185,laghos,8,2000,100000,0.5,d,3,333.0,58.497991071428565,801311390
9186,fiesta,8,400000,100000,0.3,d,2,356.42410714285717,59.81631696428571,645120
9187,minife,8,2000000,100,0.3,d,3,414.0,51.340178571428574,6788000
9188,beatnik,8,200000,100000,1.0,d,3,495.09151785714283,204.65178571428572,19996182
9189,fiesta,8,400000,100000,1.0,d,1,372.11160714285717,102.828125,645120
9190,minife,8,20000,100000,0.1,d,2,390.0,15.810089285714286,6788000
9191,amg,8,2000000,10000,0.5,d,0,363.0,42.97410714285714,106441449
9192,tricount,8,4000000,10000,0.3,d,2,524.0,349.1607142857143,7120960
9193,lammps,8,400000,10000,0.1,d,2,359.0,19.839375,457408
9194,minife,8,4000,0,0.5,d,3,385.0,13.656607142857142,6788000
9195,fiesta,8,20000,0,0.1,d,3,355.6450892857143,56.707589285714285,645120
9196,amg,8,2000,0,0.1,d,1,362.0,28.03861607142857,106441449
9197,beatnik,8,400000,1000,0.5,d,2,650.9754464285714,363.20982142857144,19996182
9198,tricount,8,4000,1000,0.3,d,1,403.12723214285717,230.01116071428572,7120960
9199,fiesta,8,20000,100,0.5,d,2,353.00669642857144,60.136607142857144,645120
9200,amg,8,200000,1000000,0.7,d,2,348.0,24.49174107142857,106441449
9201,quicksilver,8,200000,1000,0.7,d,2,293.0,132.4396651785714,762710
9202,minivite,8,40000,100,0.5,d,3,378.0,60.03638392857143,24089720
9203,minivite,8,20000,1000,0.1,d,0,419.0,79.09821428571429,24089720
9204,amg,8,4000000,100000,0.1,d,1,355.0,38.199330357142856,106441449
9205,amg,8,200000,1000,1.0,d,0,357.0,39.933035714285715,106441449
9206,quicksilver,8,200000,10000,1.0,d,3,300.98660714285717,138.99196428571426,762710
9207,tricount,8,2000,0,0.1,d,2,436.0,257.97544642857144,7120960
9208,lammps,8,4000000,1000000,0.1,d,2,360.0,24.39859375,457408
9209,fiesta,8,200000,1000,0.3,d,0,355.95982142857144,60.894642857142856,645120
9210,fiesta,8,4000000,1000000,0.5,d,0,353.39955357142856,58.81986607142858,645120
9211,fiesta,8,4000,1000,0.5,d,3,352.63839285714283,58.13549107142858,645120
9212,kripke,8,200000,100,0.7,d,0,358.0,21.034598214285715,302720
9213,lammps,8,2000000,10000,0.3,d,1,367.0,30.282812500000002,457408
9214,tricount,8,200000,1000000,0.5,d,3,426.0,252.19196428571428,7120960
9215,fiesta,8,2000,0,0.1,d,2,375.35267857142856,93.51919642857145,645120
9216,amg,8,40000,100000,1.0,d,1,346.0,18.997544642857143,106441449
9217,laghos,8,40000,1000,1.0,d,1,504.0,232.01116071428572,801311390
9218,laghos,8,400000,10000,0.7,d,0,607.0,329.02455357142856,801311390
9219,minivite,8,40000,0,0.5,d,0,386.0,66.29151785714286,24089720
9220,tricount,8,40000,100,0.3,d,2,423.0,241.984375,7120960
9221,amg,8,20000,1000,1.0,d,3,389.0,52.892633928571435,106441449
9222,tricount,8,2000,1000,0.3,d,1,458.0,284.31026785714283,7120960
9223,kripke,8,20000,100000,0.5,d,0,367.0,27.292187500000004,302720
9224,laghos,8,2000000,1000,0.7,d,0,570.0,298.69419642857144,801311390
9225,minife,8,40000,1000,0.1,d,1,422.0,37.013839285714276,6788000
9226,fiesta,8,4000000,1000000,0.1,d,3,356.89955357142856,58.741741071428564,645120
9227,kripke,8,2000,1000000,0.3,d,3,354.0,16.939732142857142,302720
9228,laghos,8,2000,1000000,1.0,d,0,337.0,61.989285714285714,801311390
9229,minivite,8,200000,1000000,0.1,d,2,368.0,48.396875,24089720
9230,kripke,8,4000000,0,0.7,d,2,357.0,20.588839285714283,302720
9231,laghos,8,2000,100000,0.7,d,1,334.0,59.152901785714285,801311390
9232,amg,8,20000,100,0.3,d,3,383.0,45.73191964285714,106441449
9233,beatnik,8,40000,100000,0.7,d,0,469.0,181.60267857142858,19996182
9234,fiesta,8,40000,0,1.0,d,2,400.74330357142856,125.87774553571428,645120
9235,amg,8,2000000,0,0.5,d,1,354.0,38.12388392857143,106441449
9236,laghos,8,4000,10000,0.5,d,1,385.0,106.20624999999998,801311390
9237,laghos,8,40000,1000000,1.0,d,3,392.0,119.08258928571429,801311390
9238,tricount,8,4000,100000,0.1,d,0,403.0,228.66294642857142,7120960
9239,beatnik,8,4000,1000,0.1,d,3,417.79017857142856,122.35044642857143,19996182
9240,minivite,8,20000,0,0.1,d,2,381.0,61.779241071428565,24089720
9241,amg,8,20000,1000000,0.5,d,1,342.0,12.614330357142856,106441449
9242,fiesta,8,2000,100,0.7,d,2,352.90401785714283,62.49933035714285,645120
9243,quicksilver,8,20000,100000,0.1,d,3,297.0,135.9597544642857,762710
9244,beatnik,8,40000,1000000,1.0,d,3,408.7455357142857,112.02455357142857,19996182
9245,minivite,8,200000,1000000,0.5,d,2,382.0,62.67946428571429,24089720
9246,kripke,8,200000,100000,0.1,d,2,356.0,18.830133928571428,302720
9247,quicksilver,8,2000000,100000,0.3,d,2,290.0,129.26984375,762710
9248,tricount,8,20000,0,0.5,d,2,500.0,324.02901785714283,7120960
9249,laghos,8,2000,1000000,0.3,d,3,335.0,61.0515625,801311390
9250,quicksilver,8,40000,1000000,0.7,d,2,291.99776785714283,130.78051339285713,762710
9251,amg,8,4000000,0,0.1,d,0,355.0,34.777678571428574,106441449
9252,fiesta,8,20000,100,0.7,d,3,352.97767857142856,55.887499999999996,645120
9253,kripke,8,4000,10000,0.5,d,2,365.0,22.60424107142857,302720
9254,quicksilver,8,20000,0,0.5,d,0,293.84598214285717,132.45026785714285,762710
9255,minivite,8,400000,100000,0.7,d,0,406.0,87.11071428571428,24089720
9256,beatnik,8,4000,100000,1.0,d,2,415.0,121.24107142857143,19996182
9257,fiesta,8,4000,100000,0.3,d,2,352.97767857142856,57.747767857142854,645120
9258,tricount,8,4000000,1000,0.1,d,3,548.0,372.6517857142857,7120960
9259,beatnik,8,4000000,10000,0.5,d,3,571.1607142857143,283.75223214285717,19996182
9260,amg,8,4000,100000,0.1,d,3,340.0,11.015491071428572,106441449
9261,laghos,8,4000000,1000000,0.7,d,2,507.0,234.703125,801311390
9262,tricount,8,4000000,1000000,0.7,d,2,501.0,327.1875,7120960
9263,minife,8,20000,10000,0.5,d,1,422.0,39.59486607142857,6788000
9264,laghos,8,400000,10000,0.1,d,0,547.0,274.10267857142856,801311390
9265,lammps,8,2000,1000,0.5,d,1,351.0,13.683169642857141,457408
9266,lammps,8,4000,1000000,0.7,d,2,357.0,19.989732142857147,457408
9267,beatnik,8,2000000,0,1.0,d,0,573.0379464285714,278.47767857142856,19996182
9268,lammps,8,200000,100000,1.0,d,1,362.0,26.880357142857147,457408
9269,kripke,8,4000000,1000000,0.1,d,1,357.0,19.949776785714285,302720
9270,minife,8,200000,100,1.0,d,2,410.0,43.411383928571425,6788000
9271,kripke,8,20000,0,0.3,d,3,357.0,19.525,302720
9272,minivite,8,200000,100,1.0,d,3,392.0,72.70959821428572,24089720
9273,tricount,8,2000,10000,0.5,d,0,409.0,235.47544642857142,7120960
9274,lammps,8,4000,1000,1.0,d,2,352.0,14.98267857142857,457408
9275,fiesta,8,2000000,1000000,0.5,d,0,353.5424107142857,56.61964285714286,645120
9276,minife,8,2000000,1000000,1.0,d,3,417.0,51.783258928571435,6788000
9277,minife,8,400000,1000000,1.0,d,2,406.0,37.99933035714286,6788000
9278,minivite,8,400000,1000000,0.1,d,2,415.99776785714283,95.96004464285714,24089720
9279,tricount,8,2000,0,1.0,d,2,436.0,259.31026785714283,7120960
9280,amg,8,20000,100,0.1,d,0,346.0,17.346875,106441449
9281,minivite,8,2000,0,0.3,d,1,382.0,63.768750000000004,24089720
9282,minivite,8,20000,1000,0.1,d,3,383.0,61.10982142857142,24089720
9283,laghos,8,2000000,1000000,0.3,d,2,540.0,266.5982142857143,801311390
9284,beatnik,8,4000,1000000,1.0,d,0,404.0,109.27834821428571,19996182
9285,amg,8,2000000,1000000,0.5,d,3,367.0,45.784821428571426,106441449
9286,lammps,8,2000,1000,0.7,d,0,354.0,18.250223214285715,457408
9287,kripke,8,4000000,1000,0.3,d,2,372.0,33.27299107142857,302720
9288,minivite,8,20000,1000,0.7,d,1,426.0,86.8015625,24089720
9289,fiesta,8,200000,0,0.1,d,1,364.3861607142857,89.75995535714287,645120
9290,lammps,8,4000,100,0.5,d,3,352.0,17.820379464285715,457408
9291,kripke,8,400000,10000,0.7,d,2,359.0,22.056473214285713,302720
9292,kripke,8,20000,10000,0.7,d,3,355.0,18.332589285714285,302720
9293,lammps,8,4000000,0,0.5,d,3,358.0,22.395982142857147,457408
9294,fiesta,8,200000,100,1.0,d,3,355.93973214285717,59.23571428571428,645120
9295,minivite,8,2000,1000,0.5,d,2,376.0,54.35089285714286,24089720
9296,beatnik,8,2000,1000000,0.7,d,0,400.77232142857144,106.78147321428571,19996182
9297,quicksilver,8,4000,0,0.3,d,3,289.0,128.21513392857145,762710
9298,fiesta,8,400000,1000000,0.5,d,1,353.2611607142857,56.871651785714285,645120
9299,quicksilver,8,4000,100000,0.1,d,1,297.9888392857143,136.51515625,762710
9300,minivite,8,200000,100,0.3,d,2,405.0,85.14308035714286,24089720
9301,lammps,8,2000000,100000,0.7,d,2,370.0,30.175647321428574,457408
9302,tricount,8,2000,0,0.3,d,2,423.0,249.72321428571428,7120960
9303,kripke,8,2000,100000,0.1,d,1,355.0,17.18236607142857,302720
9304,laghos,8,20000,0,0.7,d,3,517.0,238.69642857142858,801311390
9305,beatnik,8,20000,10000,0.1,d,2,422.1607142857143,121.06473214285714,19996182
9306,minife,8,200000,100,0.7,d,2,411.0,50.68035714285715,6788000
9307,laghos,8,4000000,100,0.3,d,0,632.0,357.52901785714283,801311390
9308,beatnik,8,40000,0,0.1,d,2,450.4174107142857,156.14955357142858,19996182
9309,lammps,8,400000,100,0.1,d,1,356.0,20.000290178571426,457408
9310,minivite,8,40000,1000,0.5,d,2,388.0,69.81361607142857,24089720
9311,amg,8,2000000,1000000,0.1,d,3,346.0,23.818973214285712,106441449
9312,laghos,8,2000,10000,0.5,d,3,388.0,107.59263392857143,801311390
9313,kripke,8,400000,10000,0.1,d,3,358.0,21.182142857142857,302720
9314,laghos,8,4000,0,0.3,d,3,420.0,147.22991071428572,801311390
9315,kripke,8,4000,1000000,0.5,d,2,355.0,17.701785714285716,302720
9316,minife,8,4000,100000,0.7,d,2,387.0,15.636964285714287,6788000
9317,lammps,8,2000,1000000,0.1,d,1,351.0,15.954888392857141,457408
9318,minife,8,200000,100,0.5,d,1,409.0,45.941071428571426,6788000
9319,lammps,8,2000000,100,0.3,d,0,362.0,32.784151785714286,457408
9320,minife,8,400000,100000,0.1,d,3,396.0,25.66674107142857,6788000
9321,minivite,8,400000,10000,0.5,d,1,408.0,86.70982142857143,24089720
9322,amg,8,40000,1000,0.7,d,2,386.0,50.99285714285714,106441449
9323,laghos,8,400000,100000,0.3,d,1,522.0,249.58705357142858,801311390
9324,tricount,8,20000,100000,0.3,d,0,427.0,253.39955357142858,7120960
9325,beatnik,8,4000000,10000,1.0,d,3,631.6897321428571,338.25892857142856,19996182
9326,kripke,8,2000,1000000,0.7,d,3,355.0,17.877901785714286,302720
9327,minivite,8,40000,0,1.0,d,3,441.0,100.43727678571427,24089720
9328,fiesta,8,4000000,1000,0.7,d,0,355.92410714285717,62.54040178571428,645120
9329,tricount,8,4000000,100000,0.7,d,1,520.0,345.9330357142857,7120960
9330,laghos,8,4000000,1000,0.5,d,3,574.875,301.875,801311390
9331,tricount,8,4000,1000,0.5,d,2,406.0,232.65625,7120960
9332,laghos,8,200000,1000000,0.1,d,0,428.0,154.83035714285714,801311390
9333,quicksilver,8,4000,100,0.1,d,1,319.0,145.55656249999998,762710
9334,fiesta,8,20000,1000000,1.0,d,2,355.90401785714283,60.24352678571429,645120
9335,fiesta,8,2000,100000,0.7,d,3,356.54910714285717,55.62611607142857,645120
9336,fiesta,8,2000000,1000000,0.1,d,3,356.56919642857144,61.40535714285715,645120
9337,lammps,8,2000000,100000,1.0,d,1,361.0,26.553169642857142,457408
9338,beatnik,8,20000,0,1.0,d,1,464.04017857142856,164.64955357142858,19996182
9339,kripke,8,2000,100000,1.0,d,2,354.0,17.778348214285714,302720
9340,lammps,8,200000,100000,0.5,d,2,366.0,26.97232142857143,457408
9341,lammps,8,4000,10000,0.7,d,2,349.0,13.596696428571429,457408
9342,beatnik,8,20000,1000,0.3,d,0,434.40625,134.3125,19996182
9343,quicksilver,8,4000000,100,0.3,d,0,295.0,133.62611607142858,762710
9344,kripke,8,4000000,100,0.1,d,2,358.0,21.274776785714288,302720
9345,amg,8,2000000,10000,0.1,d,0,353.0,36.505803571428565,106441449
9346,fiesta,8,4000,0,0.1,d,3,383.5357142857143,105.50468750000002,645120
9347,amg,8,40000,1000000,0.5,d,2,343.0,13.996205357142856,106441449
9348,fiesta,8,20000,100000,1.0,d,3,374.4486607142857,92.35785714285716,645120
9349,tricount,8,4000,10000,0.3,d,3,408.0,234.72991071428572,7120960
9350,lammps,8,2000,1000000,0.5,d,0,350.0,14.143660714285716,457408
9351,minife,8,400000,1000000,0.5,d,0,396.0,27.686383928571427,6788000
9352,minife,8,200000,1000,0.7,d,2,410.0,48.489732142857136,6788000
9353,minivite,8,20000,1000,0.5,d,2,428.0,87.56651785714287,24089720
9354,laghos,8,4000,1000000,0.5,d,2,389.0,113.21071428571429,801311390
9355,kripke,8,200000,1000000,1.0,d,2,355.0,18.329687500000002,302720
9356,fiesta,8,4000,1000000,0.7,d,3,353.4419642857143,58.347544642857144,645120
9357,tricount,8,400000,1000,0.3,d,2,558.0,384.171875,7120960
9358,laghos,8,2000000,0,1.0,d,1,588.0,316.98660714285717,801311390
9359,fiesta,8,400000,10000,0.7,d,0,364.61160714285717,87.31852678571428,645120
9360,lammps,8,20000,100000,1.0,d,1,358.0,19.024375,457408
9361,amg,8,200000,1000,0.7,d,2,361.0,41.540625,106441449
9362,kripke,8,20000,10000,0.1,d,0,365.0,22.50758928571429,302720
9363,kripke,8,200000,0,0.5,d,2,358.0,20.41205357142857,302720
9364,kripke,8,2000,1000000,0.1,d,2,354.0,17.989285714285717,302720
9365,fiesta,8,200000,0,0.3,d,0,356.265625,62.857366071428565,645120
9366,minife,8,200000,100,0.7,d,1,408.0,41.6111607142857,6788000
9367,minife,8,40000,100,1.0,d,3,466.0,70.80401785714285,6788000
9368,quicksilver,8,400000,10000,1.0,d,0,292.0,131.11609375,762710
9369,laghos,8,20000,1000,0.5,d,0,448.0,175.19642857142858,801311390
9370,fiesta,8,2000,100,0.1,d,0,356.328125,56.870982142857144,645120
9371,minife,8,4000000,100,0.5,d,2,408.0,46.372767857142854,6788000
9372,amg,8,20000,100000,0.7,d,2,363.0,31.200223214285717,106441449
9373,lammps,8,400000,0,0.3,d,1,360.0,26.43747767857143,457408
9374,kripke,8,40000,100000,0.5,d,3,375.0,27.99263392857143,302720
9375,quicksilver,8,4000000,1000000,0.7,d,2,291.0,129.8140848214286,762710
9376,beatnik,8,200000,1000,0.7,d,2,494.734375,205.34821428571428,19996182
9377,fiesta,8,20000,100,1.0,d,3,399.046875,126.14756696428572,645120
9378,fiesta,8,200000,1000,0.3,d,2,359.20089285714283,74.41517857142857,645120
9379,lammps,8,400000,1000,0.3,d,1,360.0,27.779910714285716,457408
9380,laghos,8,2000,1000000,1.0,d,3,343.0,67.71071428571429,801311390
9381,amg,8,2000000,100,0.5,d,1,361.0,41.97522321428572,106441449
9382,minivite,8,20000,100000,0.1,d,2,369.0,48.4921875,24089720
9383,minife,8,4000,10000,1.0,d,0,396.0,19.414709821428573,6788000
9384,amg,8,4000,1000000,1.0,d,3,340.0,10.237120535714286,106441449
9385,laghos,8,4000000,100000,1.0,d,3,676.0,398.9575892857143,801311390
9386,tricount,8,20000,10000,0.1,d,0,430.0,255.25446428571428,7120960
9387,laghos,8,2000,1000,0.3,d,0,355.0,79.67633928571429,801311390
9388,minife,8,2000000,0,0.3,d,1,406.0,37.70379464285715,6788000
9389,minife,8,400000,100000,1.0,d,1,425.0,63.65602678571429,6788000
9390,minivite,8,400000,100000,0.5,d,1,396.0,76.04196428571429,24089720
9391,laghos,8,40000,100000,0.7,d,3,474.0,195.92633928571428,801311390
9392,lammps,8,20000,1000000,0.7,d,2,357.0,18.333750000000002,457408
9393,amg,8,400000,10000,0.1,d,3,358.0,38.215178571428574,106441449
9394,minivite,8,200000,1000000,0.3,d,2,389.0,71.31785714285715,24089720
9395,laghos,8,400000,0,1.0,d,2,571.0,296.42857142857144,801311390
9396,minivite,8,4000,1000,0.5,d,2,389.0,67.15022321428572,24089720
9397,lammps,8,40000,100000,0.1,d,0,351.0,12.975915178571427,457408
9398,minife,8,200000,1000000,0.7,d,0,400.67410714285717,29.42991071428571,6788000
9399,tricount,8,4000000,100,0.3,d,2,734.0,559.8258928571429,7120960
9400,laghos,8,2000000,100000,0.5,d,1,539.0,266.32142857142856,801311390
9401,minife,8,20000,1000000,0.5,d,3,386.0,14.507031249999999,6788000
9402,amg,8,200000,10000,0.7,d,2,359.0,39.75602678571429,106441449
9403,kripke,8,20000,1000,1.0,d,0,383.0,30.287723214285716,302720
9404,quicksilver,8,40000,100,0.1,d,3,293.0,132.1341964285714,762710
9405,lammps,8,2000000,0,1.0,d,3,361.0,27.33973214285714,457408
9406,tricount,8,20000,1000000,0.1,d,3,473.0,298.93080357142856,7120960
9407,kripke,8,40000,1000000,0.1,d,2,355.0,17.55424107142857,302720
9408,fiesta,8,200000,100,0.3,d,0,357.0982142857143,78.29709821428573,645120
9409,minivite,8,4000,100,1.0,d,2,382.0,62.77745535714286,24089720
9410,kripke,8,4000,100,1.0,d,3,364.0,21.884151785714288,302720
9411,minife,8,400000,100000,0.5,d,3,407.0,42.93013392857143,6788000
9412,minivite,8,40000,100000,1.0,d,3,410.0,79.86227678571429,24089720
9413,tricount,8,40000,0,0.5,d,1,496.0,323.0,7120960
9414,laghos,8,400000,1000000,0.3,d,3,436.0,163.19642857142858,801311390
9415,beatnik,8,40000,0,0.5,d,3,439.0,148.75223214285714,19996182
9416,kripke,8,2000000,1000,1.0,d,3,359.0,21.98459821428571,302720
9417,amg,8,2000000,0,0.3,d,3,362.0,41.37633928571428,106441449
9418,quicksilver,8,400000,100,0.7,d,0,295.0,134.23879464285713,762710
9419,fiesta,8,2000,100,1.0,d,1,361.171875,73.34241071428572,645120
9420,laghos,8,400000,10000,0.5,d,2,636.0,358.22098214285717,801311390
9421,tricount,8,400000,10000,0.7,d,0,593.0,419.7611607142857,7120960
9422,fiesta,8,400000,0,0.7,d,0,361.43080357142856,74.6892857142857,645120
9423,minife,8,200000,0,0.7,d,1,411.0,48.81629464285714,6788000
9424,lammps,8,200000,10000,0.5,d,1,357.0,22.45669642857143,457408
9425,minife,8,200000,1000000,0.1,d,1,388.0,14.696071428571429,6788000
9426,beatnik,8,20000,1000,0.3,d,2,425.02232142857144,128.26116071428572,19996182
9427,amg,8,4000,100,0.1,d,2,342.0,13.546071428571429,106441449
9428,kripke,8,4000,100,0.3,d,0,355.0,17.66674107142857,302720
9429,kripke,8,20000,1000000,0.7,d,0,355.0,17.849776785714287,302720
9430,fiesta,8,40000,1000000,0.1,d,2,357.18526785714283,56.974553571428565,645120
9431,quicksilver,8,20000,0,0.3,d,2,290.0,128.736875,762710
9432,quicksilver,8,200000,10000,0.5,d,3,299.0,137.34852678571428,762710
9433,laghos,8,2000000,1000,0.7,d,2,658.0,387.2700892857143,801311390
9434,quicksilver,8,20000,100,0.3,d,3,293.0,132.01890625000001,762710
9435,amg,8,200000,100,0.5,d,3,360.0,44.11651785714285,106441449
9436,lammps,8,4000000,1000000,1.0,d,1,383.0,47.424553571428575,457408
9437,beatnik,8,400000,10000,0.7,d,3,746.2477678571429,467.08035714285717,19996182
9438,lammps,8,20000,1000,0.3,d,3,349.0,15.277500000000002,457408
9439,beatnik,8,2000,100,0.1,d,0,414.24776785714283,118.19866071428571,19996182
9440,beatnik,8,400000,1000,0.5,d,1,674.2857142857143,388.38839285714283,19996182
9441,amg,8,2000000,100000,0.5,d,2,354.0,34.884821428571435,106441449
9442,lammps,8,4000,100000,0.3,d,0,352.0,18.98685267857143,457408
9443,minivite,8,4000000,0,0.7,d,1,406.0,83.75513392857144,24089720
9444,beatnik,8,40000,1000000,1.0,d,2,428.0,133.55803571428572,19996182
9445,tricount,8,40000,10000,0.5,d,0,458.0,278.75669642857144,7120960
9446,amg,8,200000,100000,0.7,d,0,354.0,36.04821428571429,106441449
9447,amg,8,40000,1000,0.5,d,2,348.0,22.909598214285715,106441449
9448,laghos,8,2000000,1000,1.0,d,3,656.0,378.8705357142857,801311390
9449,amg,8,40000,0,0.3,d,3,378.0,43.574553571428574,106441449
9450,minivite,8,400000,0,0.1,d,2,441.0,118.93794642857144,24089720
9451,kripke,8,2000000,100,0.7,d,0,359.0,21.450669642857143,302720
9452,minife,8,4000000,10000,1.0,d,0,427.0,62.103571428571435,6788000
9453,laghos,8,200000,10000,0.7,d,0,599.0,326.35714285714283,801311390
9454,kripke,8,4000000,1000000,1.0,d,3,359.0,22.212053571428573,302720
9455,minivite,8,4000,100000,0.3,d,0,378.0,59.745089285714286,24089720
9456,laghos,8,40000,10000,0.1,d,3,429.0,153.21651785714286,801311390
9457,laghos,8,4000000,1000000,0.3,d,1,481.0,209.55580357142858,801311390
9458,minivite,8,2000,1000,0.1,d,2,422.0,93.16986607142857,24089720
9459,kripke,8,4000,1000000,0.5,d,3,355.0,17.210714285714285,302720
9460,quicksilver,8,400000,1000,0.7,d,3,291.0,130.3864955357143,762710
9461,fiesta,8,2000,1000,0.5,d,3,361.77232142857144,85.62611607142857,645120
9462,kripke,8,40000,100,0.7,d,0,355.0,18.643080357142853,302720
9463,amg,8,200000,1000,0.5,d,2,359.0,39.43794642857143,106441449
9464,laghos,8,400000,10000,0.3,d,1,594.0,321.5111607142857,801311390
9465,kripke,8,2000,0,0.7,d,3,357.0,18.70111607142857,302720
9466,tricount,8,40000,1000000,0.1,d,1,411.0,236.59151785714286,7120960
9467,fiesta,8,40000,10000,0.1,d,2,356.93526785714283,56.669866071428565,645120
9468,lammps,8,20000,10000,0.7,d,0,348.0,14.739374999999999,457408
9469,quicksilver,8,20000,100000,0.5,d,3,291.0,130.29029017857144,762710
9470,tricount,8,2000000,1000000,0.7,d,3,640.0,466.77232142857144,7120960
9471,amg,8,200000,1000,0.1,d,0,358.0,41.1984375,106441449
9472,amg,8,2000,0,0.5,d,0,342.0,13.083124999999999,106441449
9473,amg,8,2000,10000,0.1,d,2,340.0,10.15857142857143,106441449
9474,minife,8,4000,10000,0.1,d,0,389.0,14.508571428571429,6788000
9475,minivite,8,200000,10000,1.0,d,1,410.0,90.04308035714287,24089720
9476,fiesta,8,400000,100000,0.3,d,3,354.6517857142857,59.81852678571429,645120
9477,minivite,8,20000,1000,1.0,d,0,386.0,66.31026785714286,24089720
9478,amg,8,2000,1000,0.3,d,0,347.125,18.019620535714285,106441449
9479,laghos,8,2000,100,0.3,d,0,361.0,87.11651785714285,801311390
9480,fiesta,8,4000000,100,0.3,d,2,356.36160714285717,60.83727678571428,645120
9481,minivite,8,400000,10000,0.7,d,1,399.0,79.71272321428572,24089720
9482,tricount,8,200000,1000000,0.5,d,1,439.0,265.62276785714283,7120960
9483,lammps,8,2000000,10000,0.7,d,2,365.0,26.528125,457408
9484,minivite,8,4000000,1000000,0.1,d,2,404.0,84.17924107142858,24089720
9485,kripke,8,2000000,100,0.3,d,0,359.0,21.877455357142853,302720
9486,kripke,8,200000,100000,1.0,d,1,356.0,19.162276785714287,302720
9487,kripke,8,40000,1000000,0.1,d,0,355.0,18.3875,302720
9488,quicksilver,8,40000,0,0.1,d,0,305.0,138.94747767857143,762710
9489,laghos,8,200000,100000,0.1,d,3,457.0,181.80133928571428,801311390
9490,lammps,8,400000,10000,0.3,d,1,358.0,28.69888392857143,457408
9491,laghos,8,4000,0,0.1,d,3,462.0,189.77901785714286,801311390
9492,minivite,8,200000,100000,0.7,d,0,401.0,84.20602678571429,24089720
9493,minivite,8,200000,100,0.1,d,2,415.0,90.57700892857143,24089720
9494,fiesta,8,400000,100000,1.0,d,3,357.28125,63.79620535714286,645120
9495,quicksilver,8,200000,1000,1.0,d,0,292.0,131.33388392857142,762710
9496,minivite,8,400000,1000,1.0,d,0,426.0,106.42098214285714,24089720
9497,tricount,8,200000,100,0.7,d,3,510.0,336.0669642857143,7120960
9498,tricount,8,200000,1000,1.0,d,2,510.0,336.02232142857144,7120960
9499,amg,8,40000,1000000,0.1,d,1,347.0,17.604464285714286,106441449
9500,beatnik,8,400000,0,1.0,d,0,569.0,281.70982142857144,19996182
9501,minife,8,40000,0,0.7,d,0,390.0,21.052232142857147,6788000
9502,tricount,8,4000,0,0.7,d,2,421.0,245.28794642857142,7120960
9503,tricount,8,4000000,100,0.1,d,1,574.0,397.421875,7120960
9504,amg,8,4000000,100000,0.7,d,2,368.0,53.42879464285714,106441449
9505,amg,8,4000000,0,0.7,d,1,361.0,41.511160714285715,106441449
9506,kripke,8,200000,0,0.1,d,1,357.0,20.342410714285712,302720
9507,tricount,8,4000000,10000,1.0,d,2,602.0,426.15848214285717,7120960
9508,fiesta,8,2000000,1000000,0.1,d,1,358.29910714285717,59.825223214285714,645120
9509,fiesta,8,200000,1000000,0.5,d,1,362.5044642857143,95.15379464285715,645120
9510,tricount,8,20000,1000000,1.0,d,1,426.0,252.29464285714286,7120960
9511,laghos,8,2000000,10000,0.7,d,2,558.0,285.421875,801311390
9512,laghos,8,200000,100,0.3,d,3,592.0,317.47098214285717,801311390
9513,amg,8,2000,1000000,0.3,d,2,340.0,10.102008928571427,106441449
9514,beatnik,8,2000,1000,0.7,d,3,408.99107142857144,114.50446428571429,19996182
9515,minivite,8,400000,100,0.3,d,1,395.0,76.37946428571429,24089720
9516,laghos,8,20000,1000000,0.5,d,2,398.0,123.640625,801311390
9517,fiesta,8,200000,100000,0.5,d,0,353.2299107142857,58.20580357142857,645120
9518,lammps,8,20000,10000,0.5,d,1,351.0,16.76517857142857,457408
9519,minife,8,2000,100000,0.3,d,2,383.0,11.502075892857144,6788000
9520,amg,8,20000,1000,0.7,d,1,381.0,45.73258928571429,106441449
9521,beatnik,8,2000000,1000,0.1,d,3,519.1517857142857,221.96875,19996182
9522,tricount,8,400000,1000,0.5,d,0,574.0,400.34598214285717,7120960
9523,minivite,8,2000,10000,0.5,d,3,378.0,60.95468749999999,24089720
9524,tricount,8,2000000,1000000,0.1,d,0,445.0,270.46651785714283,7120960
9525,minife,8,200000,0,0.5,d,2,408.0,47.253571428571426,6788000
9526,quicksilver,8,400000,10000,0.7,d,1,300.0424107142857,138.77618303571427,762710
9527,minife,8,400000,1000000,0.5,d,2,400.0,33.293973214285714,6788000
9528,kripke,8,2000,1000000,0.5,d,0,354.0,17.767410714285713,302720
9529,laghos,8,40000,0,0.5,d,3,462.0,189.03348214285714,801311390
9530,laghos,8,4000,1000000,0.1,d,3,399.0,122.94642857142857,801311390
9531,fiesta,8,200000,0,0.7,d,2,353.56473214285717,59.0953125,645120
9532,beatnik,8,400000,100,1.0,d,0,539.0334821428571,245.25669642857142,19996182
9533,lammps,8,2000000,10000,0.5,d,2,365.0,34.1203125,457408
9534,quicksilver,8,4000,1000000,0.1,d,0,299.0,137.87455357142858,762710
9535,fiesta,8,40000,0,0.3,d,3,353.08705357142856,54.493973214285724,645120
9536,lammps,8,20000,1000,0.5,d,2,352.0,18.611406249999998,457408
9537,quicksilver,8,20000,100,0.1,d,1,293.0,132.08171875,762710
9538,beatnik,8,4000,1000,1.0,d,3,426.10714285714283,131.17633928571428,19996182
9539,amg,8,400000,1000,0.1,d,0,357.0,38.020535714285714,106441449
9540,minivite,8,20000,100000,0.5,d,2,389.0,66.99776785714286,24089720
9541,minife,8,2000,100,0.5,d,1,388.0,14.699933035714285,6788000
9542,lammps,8,400000,100,1.0,d,2,376.0,41.956785714285715,457408
9543,beatnik,8,40000,10000,0.5,d,2,480.41294642857144,184.35267857142858,19996182
9544,minivite,8,4000000,100000,0.5,d,3,415.0,96.31808035714286,24089720
9545,kripke,8,4000,0,0.1,d,1,376.0,27.06674107142857,302720
9546,beatnik,8,2000,100000,0.5,d,2,397.0982142857143,105.54017857142857,19996182
9547,fiesta,8,4000000,1000000,1.0,d,1,372.29464285714283,112.40892857142856,645120
9548,minivite,8,2000000,10000,1.0,d,1,435.0,114.48125000000002,24089720
9549,minivite,8,40000,1000,0.3,d,1,424.0,88.27879464285715,24089720
9550,beatnik,8,400000,1000,1.0,d,2,617.0825892857143,323.9419642857143,19996182
9551,tricount,8,20000,10000,0.1,d,2,452.0,277.15848214285717,7120960
9552,quicksilver,8,40000,1000,0.5,d,3,294.0,132.87426339285716,762710
9553,laghos,8,2000,1000,0.1,d,1,382.0,102.453125,801311390
9554,lammps,8,4000000,0,0.3,d,2,381.0,41.885267857142864,457408
9555,minife,8,200000,10000,0.7,d,0,409.0,43.057366071428575,6788000
9556,beatnik,8,20000,0,0.3,d,2,421.7611607142857,132.40625,19996182
9557,amg,8,20000,0,0.1,d,0,374.0,37.611607142857146,106441449
9558,beatnik,8,2000,1000,0.3,d,2,398.76339285714283,103.334375,19996182
9559,quicksilver,8,40000,1000000,0.1,d,1,291.0,130.16216517857143,762710
9560,kripke,8,200000,100000,0.1,d,3,355.0,18.30223214285714,302720
9561,lammps,8,2000,10000,1.0,d,0,361.0,18.537566964285713,457408
9562,quicksilver,8,400000,100,0.1,d,1,299.0,137.05870535714286,762710
9563,minivite,8,200000,0,0.5,d,3,422.0,104.8484375,24089720
9564,laghos,8,200000,1000000,0.5,d,0,390.0,115.64285714285714,801311390
9565,tricount,8,2000,10000,1.0,d,3,399.0,225.34598214285714,7120960
9566,minife,8,2000000,10000,0.3,d,1,409.0,48.283482142857146,6788000
9567,amg,8,40000,0,0.5,d,3,387.0,51.04642857142858,106441449
9568,minife,8,4000,0,0.7,d,3,395.0,19.06390625,6788000
9569,fiesta,8,2000000,100000,0.5,d,0,357.3705357142857,67.509375,645120
9570,quicksilver,8,2000,1000000,0.5,d,1,291.0,129.88348214285716,762710
9571,laghos,8,2000000,100,0.1,d,1,579.0,308.22098214285717,801311390
9572,minife,8,20000,100000,0.3,d,0,395.0,20.303437499999998,6788000
9573,minife,8,40000,1000000,0.5,d,2,391.0,18.03924107142857,6788000
9574,laghos,8,200000,100000,1.0,d,1,537.0,261.6138392857143,801311390
9575,minife,8,4000000,100,1.0,d,0,416.0,50.534375,6788000
9576,laghos,8,400000,0,0.1,d,2,593.0,317.01339285714283,801311390
9577,tricount,8,2000000,1000,0.7,d,2,622.0,448.71651785714283,7120960
9578,minivite,8,40000,1000,0.7,d,3,396.0,76.31741071428571,24089720
9579,laghos,8,20000,10000,0.3,d,0,480.0,199.171875,801311390
9580,minife,8,400000,1000000,0.1,d,3,389.0,15.908125,6788000
9581,fiesta,8,400000,100,0.5,d,1,353.6361607142857,62.22142857142858,645120
9582,fiesta,8,400000,100000,0.7,d,2,362.09598214285717,78.71272321428572,645120
9583,kripke,8,200000,0,0.7,d,0,359.0,21.762723214285717,302720
9584,tricount,8,40000,10000,1.0,d,3,459.0,279.1138392857143,7120960
9585,quicksilver,8,4000000,100,0.7,d,0,307.0,145.22595982142855,762710
9586,amg,8,2000000,10000,0.1,d,2,352.0,34.21763392857143,106441449
9587,minivite,8,400000,100,0.7,d,2,406.0,83.928125,24089720
9588,beatnik,8,20000,100,0.7,d,0,425.6049107142857,134.375,19996182
9589,beatnik,8,2000,1000,0.3,d,0,400.0,108.66517857142857,19996182
9590,laghos,8,200000,100000,1.0,d,3,534.0,260.70535714285717,801311390
9591,fiesta,8,40000,10000,0.7,d,0,385.2544642857143,113.51316964285715,645120
9592,minivite,8,40000,10000,0.7,d,3,388.0,71.51361607142857,24089720
9593,lammps,8,4000000,100000,0.7,d,2,370.0,30.134799107142857,457408
9594,fiesta,8,2000000,10000,1.0,d,0,357.18526785714283,62.30848214285714,645120
9595,laghos,8,400000,1000,0.5,d,1,648.0,372.63839285714283,801311390
9596,laghos,8,200000,0,0.1,d,2,596.0,320.30580357142856,801311390
9597,amg,8,400000,10000,0.5,d,2,364.0,46.08883928571429,106441449
9598,minivite,8,200000,100000,0.3,d,3,389.0,69.56026785714286,24089720
9599,quicksilver,8,400000,10000,0.5,d,0,294.0,132.74645089285715,762710
