,job_id,inhib_id,slowdown
0,amg,8_2000_0_0.3,1.2547897597772415
1,amg,8_2000_0_0.5,1.1732724613541683
2,amg,8_2000_0_0.7,1.1175474368654832
3,amg,8_2000_0_1.0,1.0
4,amg,8_2000_100_0.3,1.235194881024075
5,amg,8_2000_100_0.5,1.1521993088578946
6,amg,8_2000_100_0.7,1.161273333033457
7,amg,8_2000_100_1.0,1.1227980381102027
8,amg,8_2000_1000_0.3,1.7284899524696054
9,amg,8_2000_1000_0.5,1.2157030665555084
10,amg,8_2000_1000_0.7,1.0634028769783648
11,amg,8_2000_1000_1.0,1.0903211427791168
12,amg,8_2000_10000_0.1,1.0760985626462718
13,amg,8_2000_10000_0.3,1.2142771983808427
14,amg,8_2000_10000_0.5,1.1686232140073098
15,amg,8_2000_10000_0.7,1.0207285858837738
16,amg,8_2000_10000_1.0,1.1513560159190648
17,amg,8_2000_100000_0.1,1.0
18,amg,8_2000_100000_0.3,1.0
19,amg,8_2000_100000_0.5,1.0181166050100596
20,amg,8_2000_100000_0.7,1.0103793595428137
21,amg,8_2000_100000_1.0,1.0670481209765081
22,amg,8_2000_1000000_0.1,1.0282544622249745
23,amg,8_2000_1000000_0.3,1.0
24,amg,8_2000_1000000_0.5,1.0
25,amg,8_2000_1000000_0.7,1.0
26,amg,8_2000_1000000_1.0,1.0
27,amg,8_4000_0_0.3,1.469600039245948
28,amg,8_4000_0_0.5,1.1649998056626838
29,amg,8_4000_0_0.7,1.3123952707468187
30,amg,8_4000_0_1.0,1.234901118698758
31,amg,8_4000_100_0.1,1.1196799067879624
32,amg,8_4000_100_0.3,1.0
33,amg,8_4000_100_0.5,1.809267313380496
34,amg,8_4000_100_0.7,1.192102655521167
35,amg,8_4000_100_1.0,2.198784802210467
36,amg,8_4000_1000_0.1,2.121424575503978
37,amg,8_4000_1000_0.3,1.3192341974283712
38,amg,8_4000_1000_0.5,1.111718627515631
39,amg,8_4000_1000_0.7,1.9470214640106944
40,amg,8_4000_1000_1.0,1.263085124548384
41,amg,8_4000_10000_0.1,1.196784219635231
42,amg,8_4000_10000_0.3,2.600212766607871
43,amg,8_4000_10000_0.5,1.4502109979199358
44,amg,8_4000_10000_0.7,1.2366360341562026
45,amg,8_4000_10000_1.0,1.9433618084812296
46,amg,8_4000_100000_0.1,1.0
47,amg,8_4000_100000_0.3,1.0654095735365854
48,amg,8_4000_100000_0.5,1.221230980599895
49,amg,8_4000_100000_0.7,1.0
50,amg,8_4000_100000_1.0,1.501106412563711
51,amg,8_4000_1000000_0.1,1.1476653537616062
52,amg,8_4000_1000000_0.3,1.1002103646859833
53,amg,8_4000_1000000_0.5,1.1456337645583763
54,amg,8_4000_1000000_0.7,1.0713689600944698
55,amg,8_4000_1000000_1.0,1.0090015298058854
56,amg,8_20000_0_0.1,1.4220513024312256
57,amg,8_20000_0_0.3,2.180202661067423
58,amg,8_20000_0_0.5,2.5933070228265556
59,amg,8_20000_0_0.7,3.303536400543911
60,amg,8_20000_0_1.0,2.3624779623666883
61,amg,8_20000_100_0.1,2.5516445959159464
62,amg,8_20000_100_0.3,1.35594750068382
63,amg,8_20000_100_0.5,2.1237473067541024
64,amg,8_20000_100_0.7,1.8792593171641776
65,amg,8_20000_100_1.0,3.716856207417746
66,amg,8_20000_1000_0.1,2.253404505918117
67,amg,8_20000_1000_0.3,1.3244575768917064
68,amg,8_20000_1000_0.5,2.9905150288252464
69,amg,8_20000_1000_0.7,1.8339547032469181
70,amg,8_20000_1000_1.0,4.518290198455521
71,amg,8_20000_10000_0.1,1.592376387273657
72,amg,8_20000_10000_0.3,1.9613657415191412
73,amg,8_20000_10000_0.5,2.121307536401126
74,amg,8_20000_10000_0.7,1.6398925161791273
75,amg,8_20000_10000_1.0,2.7451565245151066
76,amg,8_20000_100000_0.1,1.0612773944650111
77,amg,8_20000_100000_0.3,1.0217426336331077
78,amg,8_20000_100000_0.5,1.4375118185474662
79,amg,8_20000_100000_0.7,2.0501364073275212
80,amg,8_20000_100000_1.0,2.188412866789849
81,amg,8_20000_1000000_0.1,1.3208631371807464
82,amg,8_20000_1000000_0.3,1.1599741116491902
83,amg,8_20000_1000000_0.5,1.1399202474590941
84,amg,8_20000_1000000_0.7,1.0
85,amg,8_20000_1000000_1.0,1.4738323711816539
86,amg,8_40000_0_0.1,1.9180030450546686
87,amg,8_40000_0_0.3,3.309004048184591
88,amg,8_40000_0_0.5,3.1655845644638716
89,amg,8_40000_0_0.7,3.1528849483783317
90,amg,8_40000_0_1.0,2.996078753341401
91,amg,8_40000_100_0.1,2.79189792443379
92,amg,8_40000_100_0.3,2.094095944988128
93,amg,8_40000_100_0.5,3.721657139771038
94,amg,8_40000_100_0.7,2.8209742806571487
95,amg,8_40000_100_1.0,2.3402361656941797
96,amg,8_40000_1000_0.1,2.3326533710828112
97,amg,8_40000_1000_0.3,2.347524906838184
98,amg,8_40000_1000_0.5,2.5779478241426337
99,amg,8_40000_1000_0.7,1.6087374057409425
100,amg,8_40000_1000_1.0,3.4797428458756605
101,amg,8_40000_10000_0.1,1.9158660624304626
102,amg,8_40000_10000_0.3,1.824578473626679
103,amg,8_40000_10000_0.5,2.073740748779496
104,amg,8_40000_10000_0.7,3.7405697271373066
105,amg,8_40000_10000_1.0,3.3943086679246917
106,amg,8_40000_100000_0.1,1.3036496548001535
107,amg,8_40000_100000_0.3,1.2833521047168068
108,amg,8_40000_100000_0.5,1.4246139347279911
109,amg,8_40000_100000_0.7,2.5879005150157237
110,amg,8_40000_100000_1.0,1.8277883146936917
111,amg,8_40000_1000000_0.1,1.0
112,amg,8_40000_1000000_0.3,1.1138628886910094
113,amg,8_40000_1000000_0.5,1.0105474940748953
114,amg,8_40000_1000000_0.7,1.2702799723822653
115,amg,8_40000_1000000_1.0,1.1245597386359616
116,amg,8_200000_0_0.1,3.1994472959381755
117,amg,8_200000_0_0.3,2.998506878012501
118,amg,8_200000_0_0.5,3.102693515203947
119,amg,8_200000_0_0.7,3.0311511800205513
120,amg,8_200000_0_1.0,3.0129591692203466
121,amg,8_200000_100_0.1,3.0074463945623973
122,amg,8_200000_100_0.3,3.0179376982222434
123,amg,8_200000_100_0.5,3.2292427730173627
124,amg,8_200000_100_0.7,3.2015522529372227
125,amg,8_200000_100_1.0,3.422494129484552
126,amg,8_200000_1000_0.1,2.9472717006000004
127,amg,8_200000_1000_0.3,2.912465668893758
128,amg,8_200000_1000_0.5,3.0985432853254653
129,amg,8_200000_1000_0.7,3.2249426049847303
130,amg,8_200000_1000_1.0,3.068642997109396
131,amg,8_200000_10000_0.1,2.68817857022761
132,amg,8_200000_10000_0.3,2.6424692688651676
133,amg,8_200000_10000_0.5,3.064444728793177
134,amg,8_200000_10000_0.7,3.2709634283373505
135,amg,8_200000_10000_1.0,3.489027365751127
136,amg,8_200000_100000_0.1,2.1020048186920177
137,amg,8_200000_100000_0.3,2.4714771775933
138,amg,8_200000_100000_0.5,2.6179813113008676
139,amg,8_200000_100000_0.7,3.352785989196592
140,amg,8_200000_100000_1.0,2.778477731782187
141,amg,8_200000_1000000_0.1,1.381961042573847
142,amg,8_200000_1000000_0.3,1.5120360305751552
143,amg,8_200000_1000000_0.5,1.8574236636470867
144,amg,8_200000_1000000_0.7,2.404096717970263
145,amg,8_200000_1000000_1.0,2.7175649927309107
146,amg,8_400000_0_0.1,3.2044520277242925
147,amg,8_400000_0_0.3,2.9527786524170105
148,amg,8_400000_0_0.5,3.9401388660221075
149,amg,8_400000_0_0.7,3.7168518402870427
150,amg,8_400000_0_1.0,3.195743969101677
151,amg,8_400000_100_0.1,2.9746667115025422
152,amg,8_400000_100_0.3,3.000205691856131
153,amg,8_400000_100_0.5,3.4184763692374074
154,amg,8_400000_100_0.7,3.3164514617441534
155,amg,8_400000_100_1.0,3.1381153123393712
156,amg,8_400000_1000_0.1,3.0825130042234523
157,amg,8_400000_1000_0.3,3.179725333681539
158,amg,8_400000_1000_0.5,3.5984632940480807
159,amg,8_400000_1000_0.7,3.7246733713768645
160,amg,8_400000_1000_1.0,3.18975663290729
161,amg,8_400000_10000_0.1,2.9835931266603284
162,amg,8_400000_10000_0.3,2.9412494273599865
163,amg,8_400000_10000_0.5,3.099575383881706
164,amg,8_400000_10000_0.7,3.1188955701136285
165,amg,8_400000_10000_1.0,3.403986229563466
166,amg,8_400000_100000_0.1,2.013788778482972
167,amg,8_400000_100000_0.3,2.402048533670359
168,amg,8_400000_100000_0.5,3.051074030289545
169,amg,8_400000_100000_0.7,2.843224811591064
170,amg,8_400000_100000_1.0,3.277592732745139
171,amg,8_400000_1000000_0.1,1.4997556590371435
172,amg,8_400000_1000000_0.3,2.0165619064796427
173,amg,8_400000_1000000_0.5,2.2837429629147623
174,amg,8_400000_1000000_0.7,2.546949930409772
175,amg,8_400000_1000000_1.0,2.4740930888846475
176,amg,8_2000000_0_0.1,2.6189158772713994
177,amg,8_2000000_0_0.3,2.8466413635113716
178,amg,8_2000000_100_0.1,3.0595506309848792
179,amg,8_2000000_100_0.3,3.1369754912257792
180,amg,8_2000000_100_0.5,2.963827493096658
181,amg,8_2000000_100_0.7,2.832507872844875
182,amg,8_2000000_100_1.0,3.053231392857034
183,amg,8_2000000_1000_0.1,2.9841914235666973
184,amg,8_2000000_1000_0.3,3.1629468175190074
185,amg,8_2000000_1000_0.5,3.1905951220023465
186,amg,8_2000000_1000_0.7,3.0801285508593854
187,amg,8_2000000_1000_1.0,3.0685949586716585
188,amg,8_2000000_10000_0.1,2.757371389092567
189,amg,8_2000000_10000_0.3,2.983920661463084
190,amg,8_2000000_10000_0.5,3.013328919619902
191,amg,8_2000000_10000_0.7,3.170148216048943
192,amg,8_2000000_10000_1.0,3.2312749445046878
193,amg,8_2000000_100000_0.1,2.7203119179433606
194,amg,8_2000000_100000_0.3,2.851596601149516
195,amg,8_2000000_100000_0.5,3.027958807476353
196,amg,8_2000000_100000_0.7,3.275444104439057
197,amg,8_2000000_100000_1.0,3.2100288536325574
198,amg,8_2000000_1000000_0.3,2.469210636758227
199,amg,8_2000000_1000000_0.5,2.559674293569298
200,amg,8_2000000_1000000_0.7,2.773018818402914
201,amg,8_2000000_1000000_1.0,2.8797602270558595
202,amg,8_4000000_0_0.1,2.8977542612641765
203,amg,8_4000000_0_0.3,2.8799087094997757
204,amg,8_4000000_0_0.5,3.931985432998826
205,amg,8_4000000_0_0.7,2.952154152726421
206,amg,8_4000000_0_1.0,2.884812997279714
207,amg,8_4000000_100_0.1,3.131034737758896
208,amg,8_4000000_100_0.3,3.2427124598169383
209,amg,8_4000000_100_0.5,3.1258582321651116
210,amg,8_4000000_100_0.7,3.1416352196863264
211,amg,8_4000000_100_1.0,3.3069180154185913
212,amg,8_4000000_1000_0.1,3.0318673894559125
213,amg,8_4000000_1000_0.3,3.388474181304925
214,amg,8_4000000_1000_0.5,3.1889880179034886
215,amg,8_4000000_1000_0.7,3.492394423523462
216,amg,8_4000000_1000_1.0,3.1685163648760994
217,amg,8_4000000_10000_0.1,3.097042448073724
218,amg,8_4000000_10000_0.3,2.954556074613302
219,amg,8_4000000_10000_0.5,3.2139461698735228
220,amg,8_4000000_10000_0.7,3.2670286435735707
221,amg,8_4000000_10000_1.0,3.1171399835708544
222,amg,8_4000000_100000_0.1,2.973251761154634
223,amg,8_4000000_100000_0.3,2.898190974334519
224,amg,8_4000000_100000_0.5,2.8684755613182267
225,amg,8_4000000_100000_0.7,3.2181604510023223
226,amg,8_4000000_100000_1.0,4.2477464513787675
227,amg,8_4000000_1000000_0.1,2.2458275341476868
228,amg,8_4000000_1000000_0.3,2.805754830155736
229,amg,8_4000000_1000000_0.5,2.8192186941143746
230,amg,8_4000000_1000000_0.7,2.9362403284431657
231,amg,8_4000000_1000000_1.0,3.239619075568684
232,beatnik,8_2000_0_0.3,1.3467521484961922
233,beatnik,8_2000_0_0.5,1.3207624103373583
234,beatnik,8_2000_0_0.7,1.2939069061319697
235,beatnik,8_2000_0_1.0,1.3123672724794757
236,beatnik,8_2000_100_0.3,1.2234074838678928
237,beatnik,8_2000_100_0.5,1.3062733966292095
238,beatnik,8_2000_100_0.7,1.3993963097141184
239,beatnik,8_2000_100_1.0,1.4408059928139556
240,beatnik,8_2000_1000_0.3,1.225083160087031
241,beatnik,8_2000_1000_0.5,1.3225330415422476
242,beatnik,8_2000_1000_0.7,1.3356331058509778
243,beatnik,8_2000_1000_1.0,1.3186398871264498
244,beatnik,8_2000_10000_0.1,1.322480909393208
245,beatnik,8_2000_10000_0.3,1.198361709979173
246,beatnik,8_2000_10000_0.5,1.306418621901535
247,beatnik,8_2000_10000_0.7,1.2608960846149466
248,beatnik,8_2000_10000_1.0,1.3111161009025192
249,beatnik,8_2000_100000_0.1,1.2845435997919183
250,beatnik,8_2000_100000_0.3,1.204202372534103
251,beatnik,8_2000_100000_0.5,1.2416872495562252
252,beatnik,8_2000_100000_0.7,1.2641357253052803
253,beatnik,8_2000_100000_1.0,1.2738378906140908
254,beatnik,8_2000_1000000_0.1,1.2629348240148979
255,beatnik,8_2000_1000000_0.3,1.299581862927451
256,beatnik,8_2000_1000000_0.5,1.2155467005376688
257,beatnik,8_2000_1000000_0.7,1.2406259879507706
258,beatnik,8_2000_1000000_1.0,1.6441288215192575
259,beatnik,8_4000_0_0.1,1.355465664835711
260,beatnik,8_4000_0_0.3,1.2874164535765076
261,beatnik,8_4000_0_0.5,1.259430798854433
262,beatnik,8_4000_0_0.7,1.2534840101389582
263,beatnik,8_4000_0_1.0,1.255788995871506
264,beatnik,8_4000_100_0.1,1.4217107313656425
265,beatnik,8_4000_100_0.3,1.4063987744476505
266,beatnik,8_4000_100_0.5,1.3528851234582382
267,beatnik,8_4000_100_0.7,1.350114672109263
268,beatnik,8_4000_100_1.0,1.3884504202782144
269,beatnik,8_4000_1000_0.3,1.329250641318526
270,beatnik,8_4000_1000_0.5,1.4449858740494728
271,beatnik,8_4000_1000_0.7,1.3749761216138774
272,beatnik,8_4000_1000_1.0,1.4257882101655457
273,beatnik,8_4000_10000_0.1,1.1548090231813049
274,beatnik,8_4000_10000_0.3,1.2167531874154482
275,beatnik,8_4000_10000_0.5,1.1447549658664753
276,beatnik,8_4000_10000_0.7,1.3548102892477814
277,beatnik,8_4000_10000_1.0,1.2623427517508023
278,beatnik,8_4000_100000_0.1,1.2030461559428973
279,beatnik,8_4000_100000_0.3,1.159690826566394
280,beatnik,8_4000_100000_0.5,1.1688456043102862
281,beatnik,8_4000_100000_0.7,1.1720852450006198
282,beatnik,8_4000_100000_1.0,1.2434336765490601
283,beatnik,8_4000_1000000_0.1,1.226606163583981
284,beatnik,8_4000_1000000_0.3,1.173487227437299
285,beatnik,8_4000_1000000_0.5,1.1654830806972154
286,beatnik,8_4000_1000000_0.7,1.1558982127237445
287,beatnik,8_4000_1000000_1.0,1.1730627227951171
288,beatnik,8_20000_0_0.1,1.6348865362394773
289,beatnik,8_20000_0_0.3,1.5648581651792248
290,beatnik,8_20000_0_0.5,1.6981004906752342
291,beatnik,8_20000_0_0.7,1.5555637477504045
292,beatnik,8_20000_0_1.0,1.5788221336720434
293,beatnik,8_20000_100_0.1,1.3846596682980306
294,beatnik,8_20000_100_0.3,1.4667249801990927
295,beatnik,8_20000_100_0.5,1.4787172363407255
296,beatnik,8_20000_100_0.7,1.5418734730400454
297,beatnik,8_20000_100_1.0,1.5183022942241675
298,beatnik,8_20000_1000_0.1,1.3771433295239628
299,beatnik,8_20000_1000_0.3,1.398714868051669
300,beatnik,8_20000_1000_0.5,1.4439637115557982
301,beatnik,8_20000_1000_0.7,1.4343267114332878
302,beatnik,8_20000_1000_1.0,1.5467385196629433
303,beatnik,8_20000_10000_0.1,1.3895209911959971
304,beatnik,8_20000_10000_0.3,1.454419931163221
305,beatnik,8_20000_10000_0.5,1.4787581973149708
306,beatnik,8_20000_10000_0.7,1.5025956224634451
307,beatnik,8_20000_10000_1.0,1.4781084073144384
308,beatnik,8_20000_100000_0.1,1.4033397344164906
309,beatnik,8_20000_100000_0.3,1.3762496355404223
310,beatnik,8_20000_100000_0.5,1.4532134442854414
311,beatnik,8_20000_100000_0.7,1.3697368406353718
312,beatnik,8_20000_100000_1.0,1.4291395626038224
313,beatnik,8_20000_1000000_0.1,1.4613628162978505
314,beatnik,8_20000_1000000_0.3,1.39416261432301
315,beatnik,8_20000_1000000_0.5,1.3619617029785702
316,beatnik,8_20000_1000000_0.7,1.40612135694026
317,beatnik,8_20000_1000000_1.0,1.3579959359266098
318,beatnik,8_40000_0_0.1,1.5172019335069333
319,beatnik,8_40000_0_0.3,1.5619983444318954
320,beatnik,8_40000_0_0.5,1.5484588805812587
321,beatnik,8_40000_0_0.7,1.5724247742398667
322,beatnik,8_40000_0_1.0,1.579291323013402
323,beatnik,8_40000_100_0.1,1.473232189516746
324,beatnik,8_40000_100_0.3,1.5741805105450304
325,beatnik,8_40000_100_0.5,1.6042030428045906
326,beatnik,8_40000_100_0.7,1.633728457785806
327,beatnik,8_40000_100_1.0,1.650758913759648
328,beatnik,8_40000_1000_0.1,1.4910837268379655
329,beatnik,8_40000_1000_0.3,1.6178933175149497
330,beatnik,8_40000_1000_0.5,1.5622441102773692
331,beatnik,8_40000_1000_0.7,1.6673760362661019
332,beatnik,8_40000_1000_1.0,1.5965545117954574
333,beatnik,8_40000_10000_0.1,1.465308102862688
334,beatnik,8_40000_10000_0.3,1.4414613684018853
335,beatnik,8_40000_10000_0.5,1.5511343769444828
336,beatnik,8_40000_10000_0.7,1.5686116799100944
337,beatnik,8_40000_10000_1.0,1.5841787119858886
338,beatnik,8_40000_100000_0.1,1.1929529995162882
339,beatnik,8_40000_100000_0.3,1.25443355999647
340,beatnik,8_40000_100000_0.5,1.3497851224528326
341,beatnik,8_40000_100000_0.7,1.4892348974095164
342,beatnik,8_40000_100000_1.0,1.4235483896192977
343,beatnik,8_40000_1000000_0.1,1.2074699411614223
344,beatnik,8_40000_1000000_0.3,1.2725643766875456
345,beatnik,8_40000_1000000_0.5,1.1622434400068815
346,beatnik,8_40000_1000000_0.7,1.2143457992472861
347,beatnik,8_40000_1000000_1.0,1.2028618315587922
348,beatnik,8_200000_0_0.1,2.36338863437229
349,beatnik,8_200000_0_0.3,2.6468758134011656
350,beatnik,8_200000_0_0.5,2.4260216877187455
351,beatnik,8_200000_0_0.7,2.4324953835120167
352,beatnik,8_200000_0_1.0,2.1114749190369104
353,beatnik,8_200000_100_0.1,1.8484607796809736
354,beatnik,8_200000_100_0.3,2.1490603366321817
355,beatnik,8_200000_100_0.5,2.3224090415020315
356,beatnik,8_200000_100_0.7,2.2740601969924965
357,beatnik,8_200000_100_1.0,2.2426077543592715
358,beatnik,8_200000_1000_0.1,1.8989284236764858
359,beatnik,8_200000_1000_0.3,2.1778130786901277
360,beatnik,8_200000_1000_0.5,2.192354224547316
361,beatnik,8_200000_1000_0.7,2.0989743744421396
362,beatnik,8_200000_1000_1.0,2.121785913372008
363,beatnik,8_200000_10000_0.1,2.551146292864263
364,beatnik,8_200000_10000_0.3,2.2212763960896424
365,beatnik,8_200000_10000_0.5,2.7404790870022273
366,beatnik,8_200000_10000_0.7,2.119942669530956
367,beatnik,8_200000_10000_1.0,2.245009556940037
368,beatnik,8_200000_100000_0.1,1.6117249671660554
369,beatnik,8_200000_100000_0.3,1.8157701985080523
370,beatnik,8_200000_100000_0.5,1.8712332194990624
371,beatnik,8_200000_100000_0.7,2.0052649746805327
372,beatnik,8_200000_100000_1.0,2.067778868829183
373,beatnik,8_200000_1000000_0.1,1.9619599155906031
374,beatnik,8_200000_1000000_0.3,1.523189683196654
375,beatnik,8_200000_1000000_0.5,1.4959431878734666
376,beatnik,8_200000_1000000_0.7,1.5367682461590708
377,beatnik,8_200000_1000000_1.0,1.895307101180682
378,beatnik,8_400000_0_0.1,2.141570063932633
379,beatnik,8_400000_0_0.3,2.2876890302414874
380,beatnik,8_400000_0_0.5,2.483318643238479
381,beatnik,8_400000_0_0.7,2.3744443736936707
382,beatnik,8_400000_0_1.0,2.535035596948482
383,beatnik,8_400000_100_0.1,2.046659762880644
384,beatnik,8_400000_100_0.3,2.0314111092864864
385,beatnik,8_400000_100_0.5,1.97602442465657
386,beatnik,8_400000_100_0.7,2.186310618983624
387,beatnik,8_400000_100_1.0,2.156154032626533
388,beatnik,8_400000_1000_0.1,1.7935916928165248
389,beatnik,8_400000_1000_0.3,1.875791058815118
390,beatnik,8_400000_1000_0.5,1.898133408403628
391,beatnik,8_400000_1000_0.7,2.1321751059306653
392,beatnik,8_400000_1000_1.0,2.293632095232031
393,beatnik,8_400000_10000_0.1,1.7729268813096193
394,beatnik,8_400000_10000_0.3,1.886939891259785
395,beatnik,8_400000_10000_0.5,2.0722380294345566
396,beatnik,8_400000_10000_0.7,2.142134208259743
397,beatnik,8_400000_10000_1.0,2.1497585350568222
398,beatnik,8_400000_100000_0.1,1.6549592754822877
399,beatnik,8_400000_100000_0.3,1.7183724492018753
400,beatnik,8_400000_100000_0.5,1.8603971799486352
401,beatnik,8_400000_100000_0.7,1.9214029655000606
402,beatnik,8_400000_100000_1.0,2.1338842956741857
403,beatnik,8_400000_1000000_0.1,1.530557072973465
404,beatnik,8_400000_1000000_0.3,1.5641878946915693
405,beatnik,8_400000_1000000_0.5,1.813684912546458
406,beatnik,8_400000_1000000_0.7,2.0390633640205507
407,beatnik,8_400000_1000000_1.0,1.9077294475518929
408,beatnik,8_2000000_0_0.1,2.3057528198837973
409,beatnik,8_2000000_0_0.3,2.392519334510775
410,beatnik,8_2000000_0_0.5,2.3083445324360645
411,beatnik,8_2000000_0_0.7,2.3253582316477153
412,beatnik,8_2000000_0_1.0,2.5049851367519365
413,beatnik,8_2000000_100_0.1,2.964934054693327
414,beatnik,8_2000000_100_0.3,2.6706815868877216
415,beatnik,8_2000000_100_0.5,2.6142112983027634
416,beatnik,8_2000000_100_0.7,2.6618451876254667
417,beatnik,8_2000000_100_1.0,2.714601060591335
418,beatnik,8_2000000_1000_0.1,2.7351671933875585
419,beatnik,8_2000000_1000_0.3,2.4886640503775297
420,beatnik,8_2000000_1000_0.5,2.6768760033111363
421,beatnik,8_2000000_1000_0.7,2.750365576695142
422,beatnik,8_2000000_1000_1.0,2.701983218661224
423,beatnik,8_2000000_10000_0.1,2.2889848865176208
424,beatnik,8_2000000_10000_0.3,2.5914221017224834
425,beatnik,8_2000000_10000_0.5,2.783974056063658
426,beatnik,8_2000000_10000_0.7,2.814510462363754
427,beatnik,8_2000000_10000_1.0,2.692292224527208
428,beatnik,8_2000000_100000_0.1,1.9181577392223297
429,beatnik,8_2000000_100000_0.3,2.2571582095287885
430,beatnik,8_2000000_100000_0.5,2.5616341641336025
431,beatnik,8_2000000_100000_0.7,2.997343494633926
432,beatnik,8_2000000_100000_1.0,2.6613704126967104
433,beatnik,8_2000000_1000000_0.1,1.7078045178465104
434,beatnik,8_2000000_1000000_0.3,2.0202920666412707
435,beatnik,8_2000000_1000000_0.5,2.1023648259921957
436,beatnik,8_2000000_1000000_0.7,2.2227565767498807
437,beatnik,8_2000000_1000000_1.0,2.3237216545403565
438,beatnik,8_4000000_0_0.1,2.428635742620601
439,beatnik,8_4000000_0_0.3,2.6175849930906283
440,beatnik,8_4000000_0_0.5,2.5383087511631985
441,beatnik,8_4000000_0_0.7,2.412744746475774
442,beatnik,8_4000000_0_1.0,2.521133069917032
443,beatnik,8_4000000_100_0.1,2.46397016849483
444,beatnik,8_4000000_100_0.3,2.5768660609655694
445,beatnik,8_4000000_100_0.5,2.594114354847899
446,beatnik,8_4000000_100_0.7,2.813572083681036
447,beatnik,8_4000000_100_1.0,2.677026814170859
448,beatnik,8_4000000_1000_0.1,2.6070449896722483
449,beatnik,8_4000000_1000_0.3,2.5938239043032483
450,beatnik,8_4000000_1000_0.5,2.7263307941253028
451,beatnik,8_4000000_1000_0.7,2.6581363575937744
452,beatnik,8_4000000_1000_1.0,2.9012937337529223
453,beatnik,8_4000000_10000_0.1,2.238167212378556
454,beatnik,8_4000000_10000_0.3,2.185997826089385
455,beatnik,8_4000000_10000_0.5,2.9271996881008
456,beatnik,8_4000000_10000_0.7,2.7315812462786027
457,beatnik,8_4000000_10000_1.0,2.994131781880578
458,beatnik,8_4000000_100000_0.1,2.0919253631469648
459,beatnik,8_4000000_100000_0.3,2.392200956029139
460,beatnik,8_4000000_100000_0.5,2.414694116477371
461,beatnik,8_4000000_100000_0.7,2.6869077182763768
462,beatnik,8_4000000_100000_1.0,2.558037045849853
463,beatnik,8_4000000_1000000_0.1,1.7079944278180128
464,beatnik,8_4000000_1000000_0.3,2.311712641636533
465,beatnik,8_4000000_1000000_0.5,2.1523949323082667
466,beatnik,8_4000000_1000000_0.7,2.2051172917497524
467,beatnik,8_4000000_1000000_1.0,2.348705986967708
468,fiesta,8_2000_0_0.3,1.0002695207085708
469,fiesta,8_2000_0_0.5,1.0
470,fiesta,8_2000_0_0.7,1.0
471,fiesta,8_2000_0_1.0,1.0
472,fiesta,8_2000_100_0.3,1.0
473,fiesta,8_2000_100_0.5,1.0
474,fiesta,8_2000_100_0.7,1.0
475,fiesta,8_2000_100_1.0,1.0
476,fiesta,8_2000_1000_0.3,1.0
477,fiesta,8_2000_1000_0.5,1.0
478,fiesta,8_2000_1000_0.7,1.0
479,fiesta,8_2000_1000_1.0,1.0
480,fiesta,8_2000_10000_0.1,1.0
481,fiesta,8_2000_10000_0.3,1.0
482,fiesta,8_2000_10000_0.5,1.0
483,fiesta,8_2000_10000_0.7,1.0
484,fiesta,8_2000_10000_1.0,1.0
485,fiesta,8_2000_100000_0.1,1.0
486,fiesta,8_2000_100000_0.3,1.0
487,fiesta,8_2000_100000_0.5,1.0
488,fiesta,8_2000_100000_0.7,1.0
489,fiesta,8_2000_100000_1.0,1.0
490,fiesta,8_2000_1000000_0.1,1.0
491,fiesta,8_2000_1000000_0.3,1.0
492,fiesta,8_2000_1000000_0.5,1.0
493,fiesta,8_2000_1000000_0.7,1.0
494,fiesta,8_2000_1000000_1.0,1.0
495,fiesta,8_4000_0_0.1,1.479825032458042
496,fiesta,8_4000_0_0.3,1.1006567513861225
497,fiesta,8_4000_0_0.5,1.0
498,fiesta,8_4000_0_0.7,1.0
499,fiesta,8_4000_0_1.0,1.0533277140701367
500,fiesta,8_4000_100_0.3,1.0
501,fiesta,8_4000_100_0.5,1.0480947752181429
502,fiesta,8_4000_100_0.7,1.0
503,fiesta,8_4000_100_1.0,1.0
504,fiesta,8_4000_1000_0.3,1.1856656107889851
505,fiesta,8_4000_1000_0.5,1.0148659533827737
506,fiesta,8_4000_1000_0.7,1.0750532753733524
507,fiesta,8_4000_1000_1.0,1.156272644157892
508,fiesta,8_4000_10000_0.1,1.0
509,fiesta,8_4000_10000_0.3,1.0190855555480025
510,fiesta,8_4000_10000_0.5,1.0024754213880938
511,fiesta,8_4000_10000_0.7,1.1580586012113137
512,fiesta,8_4000_10000_1.0,1.0
513,fiesta,8_4000_100000_0.1,1.0
514,fiesta,8_4000_100000_0.3,1.0
515,fiesta,8_4000_100000_0.5,1.083925055342945
516,fiesta,8_4000_100000_0.7,1.0
517,fiesta,8_4000_100000_1.0,1.0
518,fiesta,8_4000_1000000_0.3,1.0
519,fiesta,8_4000_1000000_0.5,1.0
520,fiesta,8_4000_1000000_0.7,1.0
521,fiesta,8_4000_1000000_1.0,1.0487533392698127
522,fiesta,8_20000_0_0.1,1.0391638853579674
523,fiesta,8_20000_0_0.3,1.220311937082379
524,fiesta,8_20000_0_0.5,1.0
525,fiesta,8_20000_0_0.7,1.0
526,fiesta,8_20000_0_1.0,1.0553329753318876
527,fiesta,8_20000_100_0.1,1.1774555387128713
528,fiesta,8_20000_100_0.3,1.3235404077137982
529,fiesta,8_20000_100_0.5,1.0
530,fiesta,8_20000_100_0.7,1.4115662789828225
531,fiesta,8_20000_100_1.0,1.2689758892823881
532,fiesta,8_20000_1000_0.1,1.0071433184015008
533,fiesta,8_20000_1000_0.3,1.444445879471336
534,fiesta,8_20000_1000_0.5,1.1572667779190147
535,fiesta,8_20000_1000_0.7,1.4418650968983027
536,fiesta,8_20000_1000_1.0,1.3121032811512237
537,fiesta,8_20000_10000_0.1,1.0
538,fiesta,8_20000_10000_0.3,1.0021596493851663
539,fiesta,8_20000_10000_0.5,1.1620457573429948
540,fiesta,8_20000_10000_0.7,1.0182740478407752
541,fiesta,8_20000_10000_1.0,1.2912589868559088
542,fiesta,8_20000_100000_0.1,1.5879323207330418
543,fiesta,8_20000_100000_0.3,1.0132968364454533
544,fiesta,8_20000_100000_0.5,1.0272131796646113
545,fiesta,8_20000_100000_0.7,1.1083395926940516
546,fiesta,8_20000_100000_1.0,1.2098672449069763
547,fiesta,8_20000_1000000_0.1,1.0
548,fiesta,8_20000_1000000_0.3,1.0
549,fiesta,8_20000_1000000_0.5,1.0
550,fiesta,8_20000_1000000_0.7,1.0
551,fiesta,8_20000_1000000_1.0,1.0
552,fiesta,8_40000_0_0.1,1.1803823421451536
553,fiesta,8_40000_0_0.3,1.5540613904504244
554,fiesta,8_40000_0_0.5,1.0758940406354298
555,fiesta,8_40000_0_0.7,1.2724033566034272
556,fiesta,8_40000_0_1.0,1.446505407407911
557,fiesta,8_40000_100_0.1,1.0
558,fiesta,8_40000_100_0.3,1.225825215990429
559,fiesta,8_40000_100_0.5,1.2441813435930205
560,fiesta,8_40000_100_0.7,1.09891489308672
561,fiesta,8_40000_100_1.0,1.6405869411042304
562,fiesta,8_40000_1000_0.1,1.3465612601650885
563,fiesta,8_40000_1000_0.3,1.3123583571812143
564,fiesta,8_40000_1000_0.5,1.0
565,fiesta,8_40000_1000_0.7,1.4489089169549938
566,fiesta,8_40000_1000_1.0,1.3046620624961762
567,fiesta,8_40000_10000_0.1,1.350625029739044
568,fiesta,8_40000_10000_0.3,1.1659997756826384
569,fiesta,8_40000_10000_0.5,1.1846377444549425
570,fiesta,8_40000_10000_0.7,1.0938112199465715
571,fiesta,8_40000_10000_1.0,1.2033249950718155
572,fiesta,8_40000_100000_0.1,1.0
573,fiesta,8_40000_100000_0.3,1.0780930305275536
574,fiesta,8_40000_100000_0.5,1.2096459014499057
575,fiesta,8_40000_100000_0.7,1.1155353367819296
576,fiesta,8_40000_100000_1.0,1.305397211667222
577,fiesta,8_40000_1000000_0.1,1.0
578,fiesta,8_40000_1000000_0.3,1.0
579,fiesta,8_40000_1000000_0.5,1.0
580,fiesta,8_40000_1000000_0.7,1.0
581,fiesta,8_40000_1000000_1.0,1.0
582,fiesta,8_200000_0_0.1,1.0095180235601202
583,fiesta,8_200000_0_0.3,1.0
584,fiesta,8_200000_0_0.5,1.0
585,fiesta,8_200000_0_0.7,1.0
586,fiesta,8_200000_0_1.0,1.0
587,fiesta,8_200000_100_0.1,1.0
588,fiesta,8_200000_100_0.3,1.0
589,fiesta,8_200000_100_0.5,1.0420553418120764
590,fiesta,8_200000_100_0.7,1.4784636639861872
591,fiesta,8_200000_100_1.0,1.0
592,fiesta,8_200000_1000_0.1,1.0
593,fiesta,8_200000_1000_0.3,1.0966247034592456
594,fiesta,8_200000_1000_0.5,1.0
595,fiesta,8_200000_1000_0.7,1.0
596,fiesta,8_200000_1000_1.0,1.0007518030357616
597,fiesta,8_200000_10000_0.1,1.069500995833135
598,fiesta,8_200000_10000_0.3,1.118777742279744
599,fiesta,8_200000_10000_0.5,1.0
600,fiesta,8_200000_10000_0.7,1.0
601,fiesta,8_200000_10000_1.0,1.0
602,fiesta,8_200000_100000_0.1,1.0
603,fiesta,8_200000_100000_0.3,1.0319745705682026
604,fiesta,8_200000_100000_0.5,1.0
605,fiesta,8_200000_100000_0.7,1.4534787884143483
606,fiesta,8_200000_100000_1.0,1.0
607,fiesta,8_200000_1000000_0.1,1.0
608,fiesta,8_200000_1000000_0.3,1.0
609,fiesta,8_200000_1000000_0.5,1.0
610,fiesta,8_200000_1000000_0.7,1.0
611,fiesta,8_200000_1000000_1.0,1.0
612,fiesta,8_400000_0_0.1,1.0
613,fiesta,8_400000_0_0.3,1.0
614,fiesta,8_400000_0_0.5,1.0
615,fiesta,8_400000_0_0.7,1.0
616,fiesta,8_400000_0_1.0,1.0
617,fiesta,8_400000_100_0.1,1.0
618,fiesta,8_400000_100_0.3,1.0478501220150496
619,fiesta,8_400000_100_0.5,1.0
620,fiesta,8_400000_100_0.7,1.0593973680096251
621,fiesta,8_400000_100_1.0,1.064535425149375
622,fiesta,8_400000_1000_0.1,1.0
623,fiesta,8_400000_1000_0.3,1.5743122633621773
624,fiesta,8_400000_1000_0.5,1.0
625,fiesta,8_400000_1000_0.7,1.0
626,fiesta,8_400000_1000_1.0,1.0
627,fiesta,8_400000_10000_0.1,1.0
628,fiesta,8_400000_10000_0.3,1.0
629,fiesta,8_400000_10000_0.5,1.0
630,fiesta,8_400000_10000_0.7,1.0
631,fiesta,8_400000_10000_1.0,1.0
632,fiesta,8_400000_100000_0.1,1.0
633,fiesta,8_400000_100000_0.3,1.0
634,fiesta,8_400000_100000_0.5,1.0283481065575442
635,fiesta,8_400000_100000_0.7,1.0250946551290503
636,fiesta,8_400000_100000_1.0,1.0
637,fiesta,8_400000_1000000_0.1,1.0
638,fiesta,8_400000_1000000_0.3,1.0
639,fiesta,8_400000_1000000_0.5,1.0
640,fiesta,8_400000_1000000_0.7,1.0
641,fiesta,8_400000_1000000_1.0,1.014033430084357
642,fiesta,8_2000000_0_0.1,1.0
643,fiesta,8_2000000_0_0.3,1.0
644,fiesta,8_2000000_0_0.5,1.0
645,fiesta,8_2000000_0_0.7,1.0
646,fiesta,8_2000000_0_1.0,1.0
647,fiesta,8_2000000_100_0.1,1.129650336815917
648,fiesta,8_2000000_100_0.3,1.0
649,fiesta,8_2000000_100_0.5,1.0
650,fiesta,8_2000000_100_0.7,1.0
651,fiesta,8_2000000_100_1.0,1.0
652,fiesta,8_2000000_1000_0.1,1.0334215874871695
653,fiesta,8_2000000_1000_0.3,1.0
654,fiesta,8_2000000_1000_0.5,1.0307552697586209
655,fiesta,8_2000000_1000_0.7,1.0107927239604928
656,fiesta,8_2000000_1000_1.0,1.0
657,fiesta,8_2000000_10000_0.1,1.0
658,fiesta,8_2000000_10000_0.3,1.0
659,fiesta,8_2000000_10000_0.5,1.0
660,fiesta,8_2000000_10000_0.7,1.0
661,fiesta,8_2000000_10000_1.0,1.0
662,fiesta,8_2000000_100000_0.1,1.0
663,fiesta,8_2000000_100000_0.3,1.0
664,fiesta,8_2000000_100000_0.5,1.0
665,fiesta,8_2000000_100000_0.7,1.0
666,fiesta,8_2000000_100000_1.0,1.0
667,fiesta,8_2000000_1000000_0.1,1.0
668,fiesta,8_2000000_1000000_0.3,1.0
669,fiesta,8_2000000_1000000_0.5,1.0
670,fiesta,8_2000000_1000000_0.7,1.0
671,fiesta,8_2000000_1000000_1.0,1.0
672,fiesta,8_4000000_0_0.1,1.0
673,fiesta,8_4000000_0_0.3,1.009765792282123
674,fiesta,8_4000000_0_0.5,1.0627111472133666
675,fiesta,8_4000000_0_0.7,1.0
676,fiesta,8_4000000_0_1.0,1.0
677,fiesta,8_4000000_100_0.1,1.0261341055288564
678,fiesta,8_4000000_100_0.3,1.0
679,fiesta,8_4000000_100_0.5,1.0
680,fiesta,8_4000000_100_0.7,1.4046113078608506
681,fiesta,8_4000000_100_1.0,1.0
682,fiesta,8_4000000_1000_0.1,1.0
683,fiesta,8_4000000_1000_0.3,1.0
684,fiesta,8_4000000_1000_0.5,1.0
685,fiesta,8_4000000_1000_0.7,1.0
686,fiesta,8_4000000_1000_1.0,1.091014220361219
687,fiesta,8_4000000_10000_0.1,1.0
688,fiesta,8_4000000_10000_0.3,1.0067839008109412
689,fiesta,8_4000000_10000_0.5,1.0
690,fiesta,8_4000000_10000_0.7,1.0369134610809378
691,fiesta,8_4000000_10000_1.0,1.0645817330895297
692,fiesta,8_4000000_100000_0.1,1.0
693,fiesta,8_4000000_100000_0.3,1.0
694,fiesta,8_4000000_100000_0.5,1.0005755213112824
695,fiesta,8_4000000_100000_0.7,1.0
696,fiesta,8_4000000_100000_1.0,1.0
697,fiesta,8_4000000_1000000_0.1,1.0
698,fiesta,8_4000000_1000000_0.3,1.0
699,fiesta,8_4000000_1000000_0.5,1.0
700,fiesta,8_4000000_1000000_0.7,1.0
701,fiesta,8_4000000_1000000_1.0,1.0364464731193026
702,kripke,8_2000_0_0.3,1.081717297002868
703,kripke,8_2000_0_0.5,1.1433169924989663
704,kripke,8_2000_0_0.7,1.01562223140984
705,kripke,8_2000_0_1.0,1.2822567414144994
706,kripke,8_2000_100_0.3,1.1164300855104707
707,kripke,8_2000_100_0.5,1.0469454452385172
708,kripke,8_2000_100_0.7,1.0883826949032784
709,kripke,8_2000_100_1.0,1.02628314925285
710,kripke,8_2000_1000_0.3,1.1513397515405666
711,kripke,8_2000_1000_0.5,1.0091023041232718
712,kripke,8_2000_1000_0.7,1.0246556284002388
713,kripke,8_2000_1000_1.0,1.0621870467715369
714,kripke,8_2000_10000_0.1,1.0745411113079886
715,kripke,8_2000_10000_0.3,1.0366651572723273
716,kripke,8_2000_10000_0.5,1.0237401479206454
717,kripke,8_2000_10000_0.7,1.0482743685153466
718,kripke,8_2000_10000_1.0,1.014296589425052
719,kripke,8_2000_100000_0.1,1.0
720,kripke,8_2000_100000_0.3,1.028776931204431
721,kripke,8_2000_100000_0.5,1.022667165423057
722,kripke,8_2000_100000_0.7,1.0103426325149791
723,kripke,8_2000_100000_1.0,1.0464696578924917
724,kripke,8_2000_1000000_0.1,1.0041541157246077
725,kripke,8_2000_1000000_0.3,1.0223160671746108
726,kripke,8_2000_1000000_0.5,1.045009482934
727,kripke,8_2000_1000000_0.7,1.0269230012009527
728,kripke,8_2000_1000000_1.0,1.0121998438104989
729,kripke,8_4000_0_0.3,1.090640223827868
730,kripke,8_4000_0_0.5,1.1408046165591497
731,kripke,8_4000_0_0.7,1.2678781196884086
732,kripke,8_4000_0_1.0,1.1623845805524382
733,kripke,8_4000_100_0.3,1.0
734,kripke,8_4000_100_0.5,1.3269479390204688
735,kripke,8_4000_100_0.7,1.1400455443335367
736,kripke,8_4000_100_1.0,1.2474389515615671
737,kripke,8_4000_1000_0.1,1.039959574482048
738,kripke,8_4000_1000_0.3,1.3248872876183726
739,kripke,8_4000_1000_0.5,1.230858582875593
740,kripke,8_4000_1000_0.7,1.2578373660412525
741,kripke,8_4000_1000_1.0,1.0847295230970146
742,kripke,8_4000_10000_0.1,1.1650325832299726
743,kripke,8_4000_10000_0.3,1.08438170614061
744,kripke,8_4000_10000_0.5,1.1713392265338398
745,kripke,8_4000_10000_0.7,1.1222445350081047
746,kripke,8_4000_10000_1.0,1.170682968125529
747,kripke,8_4000_100000_0.1,1.0242268729068091
748,kripke,8_4000_100000_0.3,1.0581412136843003
749,kripke,8_4000_100000_0.5,1.085661410036816
750,kripke,8_4000_100000_0.7,1.050745181422637
751,kripke,8_4000_100000_1.0,1.0989473615130694
752,kripke,8_4000_1000000_0.1,1.0195860321960375
753,kripke,8_4000_1000000_0.3,1.1299883842261729
754,kripke,8_4000_1000000_0.5,1.030233824870881
755,kripke,8_4000_1000000_0.7,1.0450652648987064
756,kripke,8_4000_1000000_1.0,1.066764449169505
757,kripke,8_20000_0_0.1,1.050170955315365
758,kripke,8_20000_0_0.3,1.4750763994163674
759,kripke,8_20000_0_0.5,1.237381791454203
760,kripke,8_20000_0_0.7,1.404199397554781
761,kripke,8_20000_0_1.0,1.4149620354510792
762,kripke,8_20000_100_0.1,1.3759026287524307
763,kripke,8_20000_100_0.3,1.5072418115357102
764,kripke,8_20000_100_0.5,1.6537350947309013
765,kripke,8_20000_100_0.7,1.4549183286410858
766,kripke,8_20000_100_1.0,1.2518949461539977
767,kripke,8_20000_1000_0.1,1.3674018948367777
768,kripke,8_20000_1000_0.3,1.5284061452037354
769,kripke,8_20000_1000_0.5,1.0780444374443547
770,kripke,8_20000_1000_0.7,1.2643376055755713
771,kripke,8_20000_1000_1.0,1.418092388058722
772,kripke,8_20000_10000_0.1,3.1457385860256335
773,kripke,8_20000_10000_0.3,1.3571752013072667
774,kripke,8_20000_10000_0.5,1.6224381312385565
775,kripke,8_20000_10000_0.7,1.5285144278411067
776,kripke,8_20000_10000_1.0,1.3206019202121027
777,kripke,8_20000_100000_0.1,1.0440185327374507
778,kripke,8_20000_100000_0.3,1.1367281580795257
779,kripke,8_20000_100000_0.5,1.1781741578563973
780,kripke,8_20000_100000_0.7,1.1329710786919458
781,kripke,8_20000_100000_1.0,5.138683808136291
782,kripke,8_20000_1000000_0.1,1.0359071788107284
783,kripke,8_20000_1000000_0.3,1.0477821747091134
784,kripke,8_20000_1000000_0.5,1.048395776320884
785,kripke,8_20000_1000000_0.7,1.0386962770460495
786,kripke,8_20000_1000000_1.0,1.0893758326278555
787,kripke,8_40000_0_0.1,1.0471127911326361
788,kripke,8_40000_0_0.3,1.3841277341365936
789,kripke,8_40000_0_0.5,1.105511039360192
790,kripke,8_40000_0_0.7,1.2912245125640671
791,kripke,8_40000_0_1.0,1.346165372743838
792,kripke,8_40000_100_0.1,1.0930377545462304
793,kripke,8_40000_100_0.3,1.441074557517768
794,kripke,8_40000_100_0.5,1.6332828014358933
795,kripke,8_40000_100_0.7,1.4662584739366973
796,kripke,8_40000_100_1.0,1.8509473090123967
797,kripke,8_40000_1000_0.1,1.4063005182253898
798,kripke,8_40000_1000_0.3,1.1057855741276688
799,kripke,8_40000_1000_0.5,1.8391773144593415
800,kripke,8_40000_1000_0.7,1.4634004685685036
801,kripke,8_40000_1000_1.0,1.5603856174407238
802,kripke,8_40000_10000_0.1,1.27508055571962
803,kripke,8_40000_10000_0.3,1.5262339298722267
804,kripke,8_40000_10000_0.5,1.2674285826787155
805,kripke,8_40000_10000_0.7,1.4544326974189357
806,kripke,8_40000_10000_1.0,1.3988508915270477
807,kripke,8_40000_100000_0.1,1.2441314091836801
808,kripke,8_40000_100000_0.3,1.1847072103111322
809,kripke,8_40000_100000_0.5,1.2897151182249522
810,kripke,8_40000_100000_0.7,1.2065212398033849
811,kripke,8_40000_100000_1.0,1.5887064490513785
812,kripke,8_40000_1000000_0.1,1.0341910630729956
813,kripke,8_40000_1000000_0.3,1.0361565570058868
814,kripke,8_40000_1000000_0.5,1.0808969739924792
815,kripke,8_40000_1000000_0.7,1.088437383103971
816,kripke,8_40000_1000000_1.0,1.136613312858071
817,kripke,8_200000_0_0.1,1.2392521279178892
818,kripke,8_200000_0_0.3,1.2701356486129978
819,kripke,8_200000_0_0.5,1.2590645692647937
820,kripke,8_200000_0_0.7,1.3776045255579836
821,kripke,8_200000_0_1.0,1.2807046902788441
822,kripke,8_200000_100_0.1,1.2211000203440106
823,kripke,8_200000_100_0.3,1.2884616646650786
824,kripke,8_200000_100_0.5,1.241535907178811
825,kripke,8_200000_100_0.7,1.2339922167752775
826,kripke,8_200000_100_1.0,1.2731774063355186
827,kripke,8_200000_1000_0.1,1.243147021571214
828,kripke,8_200000_1000_0.3,1.2151116623681741
829,kripke,8_200000_1000_0.5,1.248984440113139
830,kripke,8_200000_1000_0.7,1.2426581090570221
831,kripke,8_200000_1000_1.0,1.274736020055257
832,kripke,8_200000_10000_0.1,1.227423070108086
833,kripke,8_200000_10000_0.3,1.210885358218652
834,kripke,8_200000_10000_0.5,1.2105080096338732
835,kripke,8_200000_10000_0.7,1.2824175247245357
836,kripke,8_200000_10000_1.0,1.2762979150670368
837,kripke,8_200000_100000_0.1,1.1269170948752782
838,kripke,8_200000_100000_0.3,1.1490461284035203
839,kripke,8_200000_100000_0.5,1.1624075495967294
840,kripke,8_200000_100000_0.7,1.2186718642332603
841,kripke,8_200000_100000_1.0,1.2236856784727554
842,kripke,8_200000_1000000_0.1,1.0353165462432485
843,kripke,8_200000_1000000_0.3,1.0619114182400458
844,kripke,8_200000_1000000_0.5,1.1050111892058616
845,kripke,8_200000_1000000_0.7,1.1017430223324736
846,kripke,8_200000_1000000_1.0,1.0986684516895375
847,kripke,8_400000_0_0.1,1.2216119019024931
848,kripke,8_400000_0_0.3,1.2237020849329632
849,kripke,8_400000_0_0.5,1.263634315314665
850,kripke,8_400000_0_0.7,1.2190393689419146
851,kripke,8_400000_0_1.0,1.2523674522079815
852,kripke,8_400000_100_0.1,1.253489654086193
853,kripke,8_400000_100_0.3,1.2570400120751548
854,kripke,8_400000_100_0.5,1.2279119826222773
855,kripke,8_400000_100_0.7,1.3558364341543125
856,kripke,8_400000_100_1.0,1.2649479258953005
857,kripke,8_400000_1000_0.1,1.2502378936730125
858,kripke,8_400000_1000_0.3,1.2847669298262885
859,kripke,8_400000_1000_0.5,1.2549038909561032
860,kripke,8_400000_1000_0.7,1.258326278555444
861,kripke,8_400000_1000_1.0,1.243212647412045
862,kripke,8_400000_10000_0.1,1.2099217521224488
863,kripke,8_400000_10000_0.3,1.2446793849546196
864,kripke,8_400000_10000_0.5,1.2517768196405017
865,kripke,8_400000_10000_0.7,1.2028593178850104
866,kripke,8_400000_10000_1.0,1.2847177104456653
867,kripke,8_400000_100000_0.1,1.1042203978238472
868,kripke,8_400000_100000_0.3,1.1866858294121896
869,kripke,8_400000_100000_0.5,1.1850681524357027
870,kripke,8_400000_100000_0.7,1.2129066341162495
871,kripke,8_400000_100000_1.0,1.2186062383924294
872,kripke,8_400000_1000000_0.1,1.039165501807992
873,kripke,8_400000_1000000_0.3,1.0702951194062174
874,kripke,8_400000_1000000_0.5,1.0635848771812388
875,kripke,8_400000_1000000_0.7,1.2193018723052393
876,kripke,8_400000_1000000_1.0,1.1161446131028554
877,kripke,8_2000000_0_0.1,1.2890391720643921
878,kripke,8_2000000_0_0.3,1.2150263487750939
879,kripke,8_2000000_0_0.5,1.3132649512071874
880,kripke,8_2000000_0_0.7,1.2859580388373728
881,kripke,8_2000000_0_1.0,1.2557767146391565
882,kripke,8_2000000_100_0.1,1.352568267280925
883,kripke,8_2000000_100_0.3,1.4174722238628683
884,kripke,8_2000000_100_0.5,1.2733578773978043
885,kripke,8_2000000_100_0.7,1.2736892878940014
886,kripke,8_2000000_100_1.0,1.2881368167529645
887,kripke,8_2000000_1000_0.1,1.2258874254326384
888,kripke,8_2000000_1000_0.3,1.2827259661764416
889,kripke,8_2000000_1000_0.5,1.2864535139356472
890,kripke,8_2000000_1000_0.7,1.2791362326829816
891,kripke,8_2000000_1000_1.0,1.3032471666043222
892,kripke,8_2000000_10000_0.1,1.276399635120325
893,kripke,8_2000000_10000_0.3,1.232469697267996
894,kripke,8_2000000_10000_0.5,1.2598148913782956
895,kripke,8_2000000_10000_0.7,1.211722087689249
896,kripke,8_2000000_10000_1.0,1.307575190807132
897,kripke,8_2000000_100000_0.1,1.2484167765899499
898,kripke,8_2000000_100000_0.3,1.2924418719114839
899,kripke,8_2000000_100000_0.5,1.2725441169714988
900,kripke,8_2000000_100000_0.7,1.4184467675992098
901,kripke,8_2000000_100000_1.0,1.3485716535743115
902,kripke,8_2000000_1000000_0.1,1.1013591111636118
903,kripke,8_2000000_1000000_0.3,1.195860321960375
904,kripke,8_2000000_1000000_0.5,1.2464140946805882
905,kripke,8_2000000_1000000_0.7,1.224085996101825
906,kripke,8_2000000_1000000_1.0,1.2218645613896928
907,kripke,8_4000000_0_0.1,1.2352489516271927
908,kripke,8_4000000_0_0.3,1.2391799394929748
909,kripke,8_4000000_0_0.5,1.2664081008537922
910,kripke,8_4000000_0_0.7,1.191525735173482
911,kripke,8_4000000_0_1.0,1.2155940122982827
912,kripke,8_4000000_100_0.1,1.2564723485519658
913,kripke,8_4000000_100_0.3,1.2297593500416721
914,kripke,8_4000000_100_0.5,1.2000045938088582
915,kripke,8_4000000_100_0.7,1.2607642785423188
916,kripke,8_4000000_100_1.0,1.2514290026840968
917,kripke,8_4000000_1000_0.1,1.2471272288176194
918,kripke,8_4000000_1000_0.3,1.2154922922449944
919,kripke,8_4000000_1000_0.5,1.213175700063657
920,kripke,8_4000000_1000_0.7,1.2120633420615703
921,kripke,8_4000000_1000_1.0,1.2595502004869437
922,kripke,8_4000000_10000_0.1,1.1984722304254523
923,kripke,8_4000000_10000_0.3,1.2191640580394938
924,kripke,8_4000000_10000_0.5,1.2320562544707603
925,kripke,8_4000000_10000_0.7,1.2324270404714561
926,kripke,8_4000000_10000_1.0,1.2732397508843083
927,kripke,8_4000000_100000_0.1,1.2142847767737024
928,kripke,8_4000000_100000_0.3,1.2197973474035135
929,kripke,8_4000000_100000_0.5,1.2147146260311459
930,kripke,8_4000000_100000_0.7,1.2394752557767148
931,kripke,8_4000000_100000_1.0,1.2378510162161451
932,kripke,8_4000000_1000000_0.1,1.1016544274473519
933,kripke,8_4000000_1000000_0.3,1.2859449136692065
934,kripke,8_4000000_1000000_0.5,1.1953812533223083
935,kripke,8_4000000_1000000_0.7,1.210327538571588
936,kripke,8_4000000_1000000_1.0,1.2239777134644538
937,laghos,8_2000_0_0.3,1.4042650216226864
938,laghos,8_2000_0_0.5,1.5056282631230782
939,laghos,8_2000_0_0.7,1.1705805523789017
940,laghos,8_2000_0_1.0,1.1599185061353992
941,laghos,8_2000_100_0.3,2.1899109701873014
942,laghos,8_2000_100_0.5,2.208208495918197
943,laghos,8_2000_100_0.7,2.3219468069043634
944,laghos,8_2000_100_1.0,1.975499028045508
945,laghos,8_2000_1000_0.3,1.4505907898932984
946,laghos,8_2000_1000_0.5,1.5099328264680372
947,laghos,8_2000_1000_0.7,1.5293648069192596
948,laghos,8_2000_1000_1.0,2.005392976333873
949,laghos,8_2000_10000_0.1,1.3329802338784538
950,laghos,8_2000_10000_0.3,1.4261487242716435
951,laghos,8_2000_10000_0.5,1.2973896369541769
952,laghos,8_2000_10000_0.7,1.3532622936501004
953,laghos,8_2000_10000_1.0,1.3976279029142382
954,laghos,8_2000_100000_0.1,1.0
955,laghos,8_2000_100000_0.3,1.2279644612000236
956,laghos,8_2000_100000_0.5,1.1453534075282292
957,laghos,8_2000_100000_0.7,1.2294472757852315
958,laghos,8_2000_100000_1.0,1.357804175037121
959,laghos,8_2000_1000000_0.1,1.2344350171742429
960,laghos,8_2000_1000000_0.3,1.2386041636621052
961,laghos,8_2000_1000000_0.5,1.2724712425376847
962,laghos,8_2000_1000000_0.7,1.214016863461214
963,laghos,8_2000_1000000_1.0,1.138752851371197
964,laghos,8_4000_0_0.3,1.6273802051700803
965,laghos,8_4000_0_0.5,1.9331159215692646
966,laghos,8_4000_0_0.7,2.076521357608159
967,laghos,8_4000_0_1.0,1.9956216344679234
968,laghos,8_4000_100_0.1,3.398306341368292
969,laghos,8_4000_100_0.3,2.4707753495278353
970,laghos,8_4000_100_0.5,2.4281119301574012
971,laghos,8_4000_100_0.7,2.7363278062943106
972,laghos,8_4000_100_1.0,2.664038902554706
973,laghos,8_4000_1000_0.3,2.3804387641586784
974,laghos,8_4000_1000_0.5,2.4546167330547806
975,laghos,8_4000_1000_0.7,2.3445248594880836
976,laghos,8_4000_1000_1.0,2.299732687124091
977,laghos,8_4000_10000_0.1,2.2697087386529136
978,laghos,8_4000_10000_0.3,1.8388634192350164
979,laghos,8_4000_10000_0.5,2.117462274556323
980,laghos,8_4000_10000_0.7,2.204613178362282
981,laghos,8_4000_10000_1.0,2.0866085592932864
982,laghos,8_4000_100000_0.1,1.682000594480003
983,laghos,8_4000_100000_0.3,1.6951942588669264
984,laghos,8_4000_100000_0.5,1.8432268889128127
985,laghos,8_4000_100000_0.7,2.0297761356226904
986,laghos,8_4000_100000_1.0,1.8624811347390955
987,laghos,8_4000_1000000_0.1,1.6189552454058136
988,laghos,8_4000_1000000_0.3,1.8204047474441758
989,laghos,8_4000_1000000_0.5,1.7317310810801656
990,laghos,8_4000_1000000_0.7,1.788113920785201
991,laghos,8_4000_1000000_1.0,1.8351160962570103
992,laghos,8_20000_0_0.1,3.0219354995967964
993,laghos,8_20000_0_0.3,2.410948182062547
994,laghos,8_20000_0_0.5,2.568783299851515
995,laghos,8_20000_0_0.7,2.587789055745026
996,laghos,8_20000_0_1.0,2.635604747985843
997,laghos,8_20000_100_0.1,2.092677942828357
998,laghos,8_20000_100_0.3,2.765889306198503
999,laghos,8_20000_100_0.5,2.9406989270245325
1000,laghos,8_20000_100_0.7,2.249936523348236
1001,laghos,8_20000_100_1.0,2.725656957955097
1002,laghos,8_20000_1000_0.1,2.267121938140225
1003,laghos,8_20000_1000_0.3,2.3568396684724506
1004,laghos,8_20000_1000_0.5,2.994797961434633
1005,laghos,8_20000_1000_0.7,2.5249894882664674
1006,laghos,8_20000_1000_1.0,2.654102690665242
1007,laghos,8_20000_10000_0.1,2.0530664808747385
1008,laghos,8_20000_10000_0.3,2.1438309835123204
1009,laghos,8_20000_10000_0.5,2.5294853279220755
1010,laghos,8_20000_10000_0.7,2.330263433182953
1011,laghos,8_20000_10000_1.0,2.811010202983098
1012,laghos,8_20000_100000_0.1,1.8154393498365855
1013,laghos,8_20000_100000_0.3,1.6103244520187605
1014,laghos,8_20000_100000_0.5,1.8602741785105634
1015,laghos,8_20000_100000_0.7,2.0827058454717613
1016,laghos,8_20000_100000_1.0,2.0539487216987236
1017,laghos,8_20000_1000000_0.1,1.492732177279624
1018,laghos,8_20000_1000000_0.3,1.7298169638051053
1019,laghos,8_20000_1000000_0.5,1.7011031734263373
1020,laghos,8_20000_1000000_0.7,1.7083669336410003
1021,laghos,8_20000_1000000_1.0,1.6007765479670206
1022,laghos,8_40000_0_0.1,2.5920309887935775
1023,laghos,8_40000_0_0.3,3.3243077998078427
1024,laghos,8_40000_0_0.5,3.081847302597769
1025,laghos,8_40000_0_0.7,2.7896955896760893
1026,laghos,8_40000_0_1.0,3.2259748490271307
1027,laghos,8_40000_100_0.1,2.5537926537709192
1028,laghos,8_40000_100_0.3,2.9735002752347617
1029,laghos,8_40000_100_0.5,2.9680565175794777
1030,laghos,8_40000_100_0.7,3.096590812914164
1031,laghos,8_40000_100_1.0,3.0877277796171896
1032,laghos,8_40000_1000_0.1,2.77924140830823
1033,laghos,8_40000_1000_0.3,3.1416033762130806
1034,laghos,8_40000_1000_0.5,3.103703583333164
1035,laghos,8_40000_1000_0.7,2.771248428318102
1036,laghos,8_40000_1000_1.0,2.992898740013853
1037,laghos,8_40000_10000_0.1,2.6549829002363694
1038,laghos,8_40000_10000_0.3,2.6299341670949223
1039,laghos,8_40000_10000_0.5,2.725646801690815
1040,laghos,8_40000_10000_0.7,3.6414676208138426
1041,laghos,8_40000_10000_1.0,3.1640927307554025
1042,laghos,8_40000_100000_0.1,2.053444293906038
1043,laghos,8_40000_100000_0.3,2.2286195402462283
1044,laghos,8_40000_100000_0.5,2.328872024976285
1045,laghos,8_40000_100000_0.7,2.5279652737011657
1046,laghos,8_40000_100000_1.0,2.4916769414206987
1047,laghos,8_40000_1000000_0.1,2.096896855011202
1048,laghos,8_40000_1000000_0.3,1.9419295277133983
1049,laghos,8_40000_1000000_0.5,1.699939265539592
1050,laghos,8_40000_1000000_0.7,2.0157066627124944
1051,laghos,8_40000_1000000_1.0,2.1607614760708254
1052,laghos,8_200000_0_0.1,3.8074108229214696
1053,laghos,8_200000_0_0.3,3.5029260197397147
1054,laghos,8_200000_0_0.5,3.6334746408237133
1055,laghos,8_200000_0_0.7,3.752069338847507
1056,laghos,8_200000_0_1.0,3.646261377555062
1057,laghos,8_200000_100_0.1,3.1055824922253796
1058,laghos,8_200000_100_0.3,3.5107260307084807
1059,laghos,8_200000_100_0.5,3.606448821568655
1060,laghos,8_200000_100_0.7,3.674556729845401
1061,laghos,8_200000_100_1.0,3.7292685255338642
1062,laghos,8_200000_1000_0.1,3.723354194300169
1063,laghos,8_200000_1000_0.3,3.2969874488885997
1064,laghos,8_200000_1000_0.5,3.4756056688204717
1065,laghos,8_200000_1000_0.7,3.60475272543352
1066,laghos,8_200000_1000_1.0,3.725876333263593
1067,laghos,8_200000_10000_0.1,3.263035057393049
1068,laghos,8_200000_10000_0.3,3.446254065044779
1069,laghos,8_200000_10000_0.5,3.5728315867944183
1070,laghos,8_200000_10000_0.7,4.18687932529905
1071,laghos,8_200000_10000_1.0,3.7884795462993623
1072,laghos,8_200000_100000_0.1,2.4611624453846885
1073,laghos,8_200000_100000_0.3,2.852051666947656
1074,laghos,8_200000_100000_0.5,3.299181201973565
1075,laghos,8_200000_100000_0.7,3.0465644404812444
1076,laghos,8_200000_100000_1.0,3.5906355180811973
1077,laghos,8_200000_1000000_0.1,1.5447352972840116
1078,laghos,8_200000_1000000_0.3,1.8373200056062575
1079,laghos,8_200000_1000000_0.5,2.233672281726646
1080,laghos,8_200000_1000000_0.7,2.418938792257676
1081,laghos,8_200000_1000000_1.0,2.4026288474468163
1082,laghos,8_400000_0_0.1,3.7280802426128403
1083,laghos,8_400000_0_0.3,3.7814920364731757
1084,laghos,8_400000_0_0.5,3.7559185630104794
1085,laghos,8_400000_0_0.7,3.691040346775487
1086,laghos,8_400000_0_1.0,3.9573782213131232
1087,laghos,8_400000_100_0.1,3.6052300698547852
1088,laghos,8_400000_100_0.3,3.730802121440483
1089,laghos,8_400000_100_0.5,3.749245897377044
1090,laghos,8_400000_100_0.7,3.8053491012721734
1091,laghos,8_400000_100_1.0,4.018562942770806
1092,laghos,8_400000_1000_0.1,3.7935881472333315
1093,laghos,8_400000_1000_0.3,3.95410790421424
1094,laghos,8_400000_1000_0.5,4.120426888100312
1095,laghos,8_400000_1000_0.7,4.107081556833439
1096,laghos,8_400000_1000_1.0,4.068003637296781
1097,laghos,8_400000_10000_0.1,3.4652361229882978
1098,laghos,8_400000_10000_0.3,3.742258387550857
1099,laghos,8_400000_10000_0.5,3.9805040350837997
1100,laghos,8_400000_10000_0.7,3.952757121064701
1101,laghos,8_400000_10000_1.0,4.081558864692153
1102,laghos,8_400000_100000_0.1,2.96065260091772
1103,laghos,8_400000_100000_0.3,3.1175973528712775
1104,laghos,8_400000_100000_0.5,3.4060454147513646
1105,laghos,8_400000_100000_0.7,3.7438021397217587
1106,laghos,8_400000_100000_1.0,3.602115482141563
1107,laghos,8_400000_1000000_0.1,2.164566012670955
1108,laghos,8_400000_1000000_0.3,2.465544873422478
1109,laghos,8_400000_1000000_0.5,2.8091922316765756
1110,laghos,8_400000_1000000_0.7,2.725738208069355
1111,laghos,8_400000_1000000_1.0,2.9280814613645547
1112,laghos,8_2000000_0_0.1,4.089399500718048
1113,laghos,8_2000000_0_0.3,3.9695352696589725
1114,laghos,8_2000000_0_0.5,3.648729349775648
1115,laghos,8_2000000_0_0.7,4.109041715839913
1116,laghos,8_2000000_0_1.0,3.8378288344467983
1117,laghos,8_2000000_100_0.1,3.4357694148840734
1118,laghos,8_2000000_100_0.3,3.917636759176692
1119,laghos,8_2000000_100_0.5,3.83236476426295
1120,laghos,8_2000000_100_0.7,3.504876022481906
1121,laghos,8_2000000_100_1.0,3.745284954306966
1122,laghos,8_2000000_1000_0.1,3.9929285317224137
1123,laghos,8_2000000_1000_0.3,3.864438246866284
1124,laghos,8_2000000_1000_0.5,3.8045061313367463
1125,laghos,8_2000000_1000_0.7,3.7432029201291064
1126,laghos,8_2000000_1000_1.0,3.4680189394016327
1127,laghos,8_2000000_10000_0.1,3.799793624709785
1128,laghos,8_2000000_10000_0.3,4.017899400171031
1129,laghos,8_2000000_10000_0.5,3.8444405624945412
1130,laghos,8_2000000_10000_0.7,3.8223405314163723
1131,laghos,8_2000000_10000_1.0,3.816460054396951
1132,laghos,8_2000000_100000_0.1,3.213096705917242
1133,laghos,8_2000000_100000_0.3,3.6830372105210767
1134,laghos,8_2000000_100000_0.5,3.743842764778888
1135,laghos,8_2000000_100000_0.7,3.5898433294671825
1136,laghos,8_2000000_100000_1.0,3.7947764301543545
1137,laghos,8_2000000_1000000_0.1,2.5902658300613233
1138,laghos,8_2000000_1000000_0.3,2.472430820605841
1139,laghos,8_2000000_1000000_0.5,3.46144783641102
1140,laghos,8_2000000_1000000_0.7,3.622140249884726
1141,laghos,8_2000000_1000000_1.0,3.568924810467181
1142,laghos,8_4000000_0_0.1,3.500833829297573
1143,laghos,8_4000000_0_0.3,3.7090372470836286
1144,laghos,8_4000000_0_0.5,4.119807355979094
1145,laghos,8_4000000_0_0.7,4.332743592920677
1146,laghos,8_4000000_0_1.0,3.8998328278899144
1147,laghos,8_4000000_100_0.1,3.939736790254861
1148,laghos,8_4000000_100_0.3,3.3812133485812708
1149,laghos,8_4000000_100_0.5,3.896410166826797
1150,laghos,8_4000000_100_0.7,3.747891728806077
1151,laghos,8_4000000_100_1.0,3.8011240953307586
1152,laghos,8_4000000_1000_0.1,3.8590351142681287
1153,laghos,8_4000000_1000_0.3,3.6608965543857788
1154,laghos,8_4000000_1000_0.5,4.001720471169412
1155,laghos,8_4000000_1000_0.7,3.8698109106715934
1156,laghos,8_4000000_1000_1.0,3.8662765307013713
1157,laghos,8_4000000_10000_0.1,4.084636212769674
1158,laghos,8_4000000_10000_0.3,3.5037791459394234
1159,laghos,8_4000000_10000_0.5,3.854495264133965
1160,laghos,8_4000000_10000_0.7,3.9429157009752043
1161,laghos,8_4000000_10000_1.0,4.099406806457488
1162,laghos,8_4000000_100000_0.1,3.8019264402090567
1163,laghos,8_4000000_100000_0.3,3.9283414617301804
1164,laghos,8_4000000_100000_0.5,3.9890048282880395
1165,laghos,8_4000000_100000_0.7,3.957865721998671
1166,laghos,8_4000000_100000_1.0,3.90076720420388
1167,laghos,8_4000000_1000000_0.1,3.387845389157578
1168,laghos,8_4000000_1000000_0.3,3.446365783951883
1169,laghos,8_4000000_1000000_0.5,3.8606194914961596
1170,laghos,8_4000000_1000000_0.7,3.353293778069375
1171,laghos,8_4000000_1000000_1.0,3.973062878786339
1172,lammps,8_2000_0_0.3,2.125660507194612
1173,lammps,8_2000_0_0.5,2.009839958605095
1174,lammps,8_2000_0_0.7,1.5259254859593896
1175,lammps,8_2000_0_1.0,1.2345306071342002
1176,lammps,8_2000_100_0.3,1.3971734171505257
1177,lammps,8_2000_100_0.5,1.0
1178,lammps,8_2000_100_0.7,1.0
1179,lammps,8_2000_100_1.0,1.0
1180,lammps,8_2000_1000_0.3,1.003501979046772
1181,lammps,8_2000_1000_0.5,1.1275561327440873
1182,lammps,8_2000_1000_0.7,1.3002887904671854
1183,lammps,8_2000_1000_1.0,1.0
1184,lammps,8_2000_10000_0.1,1.5980916392029447
1185,lammps,8_2000_10000_0.3,1.1227946484135252
1186,lammps,8_2000_10000_0.5,1.162035049755756
1187,lammps,8_2000_10000_0.7,1.952628410625049
1188,lammps,8_2000_10000_1.0,1.0307489877351004
1189,lammps,8_2000_100000_0.1,1.0480027867718233
1190,lammps,8_2000_100000_0.3,1.1473375038593687
1191,lammps,8_2000_100000_0.5,1.0754756053122034
1192,lammps,8_2000_100000_0.7,1.2012210855032748
1193,lammps,8_2000_100000_1.0,1.0
1194,lammps,8_2000_1000000_0.1,1.2003528412711917
1195,lammps,8_2000_1000000_0.3,1.198230977794116
1196,lammps,8_2000_1000000_0.5,1.17999849103369
1197,lammps,8_2000_1000000_0.7,1.3194850893259895
1198,lammps,8_2000_1000000_1.0,1.1491792989085678
1199,lammps,8_4000_0_0.1,1.4066391307069828
1200,lammps,8_4000_0_0.3,1.1724032535882096
1201,lammps,8_4000_0_0.5,4.411362837370352
1202,lammps,8_4000_0_0.7,1.6034231061268849
1203,lammps,8_4000_0_1.0,1.116957731285206
1204,lammps,8_4000_100_0.3,1.0847271740753166
1205,lammps,8_4000_100_0.5,1.1964449395851626
1206,lammps,8_4000_100_0.7,1.0251236469468312
1207,lammps,8_4000_100_1.0,1.3305560861908714
1208,lammps,8_4000_1000_0.1,1.422214873591966
1209,lammps,8_4000_1000_0.3,1.0471036140813312
1210,lammps,8_4000_1000_0.5,1.224497265399884
1211,lammps,8_4000_1000_0.7,1.4657485516331346
1212,lammps,8_4000_1000_1.0,1.3945696476242608
1213,lammps,8_4000_10000_0.1,1.2759506621526098
1214,lammps,8_4000_10000_0.3,1.0689986082193716
1215,lammps,8_4000_10000_0.5,1.2159811304298038
1216,lammps,8_4000_10000_0.7,1.3690032635409661
1217,lammps,8_4000_10000_1.0,1.4580261757496271
1218,lammps,8_4000_100000_0.1,1.2067431530653685
1219,lammps,8_4000_100000_0.3,1.1830668295494131
1220,lammps,8_4000_100000_0.5,1.4163491683829823
1221,lammps,8_4000_100000_0.7,1.2971058347232411
1222,lammps,8_4000_100000_1.0,1.1739947314601817
1223,lammps,8_4000_1000000_0.1,1.1724080694381345
1224,lammps,8_4000_1000000_0.3,1.6067524637085575
1225,lammps,8_4000_1000000_0.5,1.7162472328928968
1226,lammps,8_4000_1000000_0.7,1.2759562271347455
1227,lammps,8_4000_1000000_1.0,1.3041135384778382
1228,lammps,8_20000_0_0.1,1.094652319714645
1229,lammps,8_20000_0_0.3,17.090152603582244
1230,lammps,8_20000_0_0.5,1.065696540453942
1231,lammps,8_20000_0_0.7,24.735553654186656
1232,lammps,8_20000_0_1.0,24.51974835578857
1233,lammps,8_20000_100_0.1,1.511304886642919
1234,lammps,8_20000_100_0.3,4.3063757037160695
1235,lammps,8_20000_100_0.5,8.677182984639042
1236,lammps,8_20000_100_0.7,5.729437203724898
1237,lammps,8_20000_100_1.0,4.488714590794556
1238,lammps,8_20000_1000_0.1,15.746756926396154
1239,lammps,8_20000_1000_0.3,1.2055163955610704
1240,lammps,8_20000_1000_0.5,1.3656581741828704
1241,lammps,8_20000_1000_0.7,1.9764588413386135
1242,lammps,8_20000_1000_1.0,1.232980010477149
1243,lammps,8_20000_10000_0.1,23.165331980614596
1244,lammps,8_20000_10000_0.3,16.18678006387957
1245,lammps,8_20000_10000_0.5,15.854294213114198
1246,lammps,8_20000_10000_0.7,1.712699021686842
1247,lammps,8_20000_10000_1.0,1.4160362451567263
1248,lammps,8_20000_100000_0.1,1.3166893279160372
1249,lammps,8_20000_100000_0.3,12.43624376548095
1250,lammps,8_20000_100000_0.5,1.4528263420569776
1251,lammps,8_20000_100000_0.7,12.493392493374193
1252,lammps,8_20000_100000_1.0,12.633004945877873
1253,lammps,8_20000_1000000_0.1,16.61046826649201
1254,lammps,8_20000_1000000_0.3,3.0898888020252246
1255,lammps,8_20000_1000000_0.5,24.16748081285126
1256,lammps,8_20000_1000000_0.7,1.254252796804844
1257,lammps,8_20000_1000000_1.0,16.207317416414238
1258,lammps,8_40000_0_0.1,1.653499597876531
1259,lammps,8_40000_0_0.3,8.146584840025492
1260,lammps,8_40000_0_0.5,1.414925603145071
1261,lammps,8_40000_0_0.7,1.6038597431867763
1262,lammps,8_40000_0_1.0,1.365640195009816
1263,lammps,8_40000_100_0.1,1.3236312150549887
1264,lammps,8_40000_100_0.3,1.2913926314285573
1265,lammps,8_40000_100_0.5,1.5984075589580424
1266,lammps,8_40000_100_0.7,2.128614228482113
1267,lammps,8_40000_100_1.0,1.3435646600090214
1268,lammps,8_40000_1000_0.1,1.1415490662869636
1269,lammps,8_40000_1000_0.3,1.3254790031618733
1270,lammps,8_40000_1000_0.5,3.088731606797625
1271,lammps,8_40000_1000_0.7,1.6860320553672914
1272,lammps,8_40000_1000_1.0,1.841782956065001
1273,lammps,8_40000_10000_0.1,1.1929129952499666
1274,lammps,8_40000_10000_0.3,1.471350027209552
1275,lammps,8_40000_10000_0.5,2.2134053998519927
1276,lammps,8_40000_10000_0.7,1.0900130509532975
1277,lammps,8_40000_10000_1.0,1.4816169911746873
1278,lammps,8_40000_100000_0.1,1.7410026278487758
1279,lammps,8_40000_100000_0.3,1.1393623493642273
1280,lammps,8_40000_100000_0.5,1.334956488795925
1281,lammps,8_40000_100000_0.7,10.333647861842895
1282,lammps,8_40000_100000_1.0,10.692430928672447
1283,lammps,8_40000_1000000_0.1,1.490242606466402
1284,lammps,8_40000_1000000_0.3,1.0799344402296838
1285,lammps,8_40000_1000000_0.5,1.0107797984727334
1286,lammps,8_40000_1000000_0.7,1.0
1287,lammps,8_40000_1000000_1.0,1.006264778639458
1288,lammps,8_200000_0_0.1,1.524356482053735
1289,lammps,8_200000_0_0.3,1.3822407507588974
1290,lammps,8_200000_0_0.5,1.5389578179705041
1291,lammps,8_200000_0_0.7,1.6377819479470834
1292,lammps,8_200000_0_1.0,1.233223906521142
1293,lammps,8_200000_100_0.1,1.7894093039009988
1294,lammps,8_200000_100_0.3,1.8360759598657768
1295,lammps,8_200000_100_0.5,1.4583998857038283
1296,lammps,8_200000_100_0.7,1.5033670817394207
1297,lammps,8_200000_100_1.0,1.735394731139125
1298,lammps,8_200000_1000_0.1,1.6476499455006315
1299,lammps,8_200000_1000_0.3,2.167997178982132
1300,lammps,8_200000_1000_0.5,1.3971191585747011
1301,lammps,8_200000_1000_0.7,1.839449195191213
1302,lammps,8_200000_1000_1.0,1.7853511476973012
1303,lammps,8_200000_10000_0.1,1.5654780613956651
1304,lammps,8_200000_10000_0.3,1.4399391276569444
1305,lammps,8_200000_10000_0.5,1.5862831751861723
1306,lammps,8_200000_10000_0.7,1.7513512472248662
1307,lammps,8_200000_10000_1.0,1.5542481414832494
1308,lammps,8_200000_100000_0.1,19.353825630916468
1309,lammps,8_200000_100000_0.3,19.397078063322006
1310,lammps,8_200000_100000_0.5,13.187693470082067
1311,lammps,8_200000_100000_0.7,1.493956268872112
1312,lammps,8_200000_100000_1.0,1.508604479061487
1313,lammps,8_200000_1000000_0.1,1.0
1314,lammps,8_200000_1000000_0.3,1.0332325750510079
1315,lammps,8_200000_1000000_0.5,1.324482336265116
1316,lammps,8_200000_1000000_0.7,1.2931337217048748
1317,lammps,8_200000_1000000_1.0,10.331833891704377
1318,lammps,8_400000_0_0.1,1.4129039093464408
1319,lammps,8_400000_0_0.3,1.5489526329054182
1320,lammps,8_400000_0_0.5,1.4173043119514948
1321,lammps,8_400000_0_0.7,1.4520943328683358
1322,lammps,8_400000_0_1.0,1.6368271254352322
1323,lammps,8_400000_100_0.1,1.3827566888142253
1324,lammps,8_400000_100_0.3,1.7585403479933157
1325,lammps,8_400000_100_0.5,1.5128408217124196
1326,lammps,8_400000_100_0.7,1.9873086301635943
1327,lammps,8_400000_100_1.0,1.380598545934379
1328,lammps,8_400000_1000_0.1,2.1612271641760694
1329,lammps,8_400000_1000_0.3,5.421152497098449
1330,lammps,8_400000_1000_0.5,1.6024512676119642
1331,lammps,8_400000_1000_0.7,1.5461699277997079
1332,lammps,8_400000_1000_1.0,1.6790974455126713
1333,lammps,8_400000_10000_0.1,1.4099803673851379
1334,lammps,8_400000_10000_0.3,1.948390141634146
1335,lammps,8_400000_10000_0.5,1.5858292010665502
1336,lammps,8_400000_10000_0.7,1.555192048068603
1337,lammps,8_400000_10000_1.0,1.7114002404714395
1338,lammps,8_400000_100000_0.1,1.3257164780726325
1339,lammps,8_400000_100000_0.3,1.3446061678195276
1340,lammps,8_400000_100000_0.5,1.51639770144834
1341,lammps,8_400000_100000_0.7,1.3743812836808502
1342,lammps,8_400000_100000_1.0,1.4920061707090373
1343,lammps,8_400000_1000000_0.1,1.4658734426745303
1344,lammps,8_400000_1000000_0.3,1.3538927317587643
1345,lammps,8_400000_1000000_0.5,1.4245470291824451
1346,lammps,8_400000_1000000_0.7,1.164454211701552
1347,lammps,8_400000_1000000_1.0,1.40697014012518
1348,lammps,8_2000000_0_0.1,1.8382741278094463
1349,lammps,8_2000000_0_0.3,1.4615966468842252
1350,lammps,8_2000000_0_0.5,1.5740319740329372
1351,lammps,8_2000000_0_0.7,1.4519113305711757
1352,lammps,8_2000000_0_1.0,1.7217209279179637
1353,lammps,8_2000000_100_0.1,1.455410206070218
1354,lammps,8_2000000_100_0.3,1.828835061955909
1355,lammps,8_2000000_100_0.5,1.4822184373209102
1356,lammps,8_2000000_100_0.7,1.8266165604236664
1357,lammps,8_2000000_100_1.0,1.4145178611847309
1358,lammps,8_2000000_1000_0.1,1.7738611718889206
1359,lammps,8_2000000_1000_0.3,1.6538062069884403
1360,lammps,8_2000000_1000_0.5,1.5206527724045376
1361,lammps,8_2000000_1000_0.7,1.4653305358596211
1362,lammps,8_2000000_1000_1.0,1.582356331157104
1363,lammps,8_2000000_10000_0.1,1.585807048156894
1364,lammps,8_2000000_10000_0.3,1.4710841922936768
1365,lammps,8_2000000_10000_0.5,1.4664526288922102
1366,lammps,8_2000000_10000_0.7,1.8961375278315993
1367,lammps,8_2000000_10000_1.0,1.7486736346664138
1368,lammps,8_2000000_100000_0.1,1.6205823004672977
1369,lammps,8_2000000_100000_0.3,1.6125099728225534
1370,lammps,8_2000000_100000_0.5,1.2764281804274227
1371,lammps,8_2000000_100000_0.7,1.3752044729614106
1372,lammps,8_2000000_100000_1.0,1.710349100961083
1373,lammps,8_2000000_1000000_0.1,1.247119559895528
1374,lammps,8_2000000_1000000_0.3,1.318577462143406
1375,lammps,8_2000000_1000000_0.5,1.4305536782659087
1376,lammps,8_2000000_1000000_0.7,1.480060615497726
1377,lammps,8_2000000_1000000_1.0,1.3984688807804246
1378,lammps,8_4000000_0_0.1,1.4682964573002664
1379,lammps,8_4000000_0_0.3,1.908364007621885
1380,lammps,8_4000000_0_0.5,1.5609107093265355
1381,lammps,8_4000000_0_0.7,1.7707584803103975
1382,lammps,8_4000000_0_1.0,1.4936133803574323
1383,lammps,8_4000000_100_0.1,1.4504505227605093
1384,lammps,8_4000000_100_0.3,1.5867743918785506
1385,lammps,8_4000000_100_0.5,1.6670459416030037
1386,lammps,8_4000000_100_0.7,1.535638092088682
1387,lammps,8_4000000_100_1.0,1.477318791606937
1388,lammps,8_4000000_1000_0.1,1.5530191365823194
1389,lammps,8_4000000_1000_0.3,1.6136121603421179
1390,lammps,8_4000000_1000_0.5,1.546025880377498
1391,lammps,8_4000000_1000_0.7,1.2608973854750753
1392,lammps,8_4000000_1000_1.0,1.75376238275412
1393,lammps,8_4000000_10000_0.1,1.5407367929329008
1394,lammps,8_4000000_10000_0.3,1.3797846672970078
1395,lammps,8_4000000_10000_0.5,1.5037523497334426
1396,lammps,8_4000000_10000_0.7,1.2982577860253666
1397,lammps,8_4000000_10000_1.0,1.8115368500809863
1398,lammps,8_4000000_100000_0.1,1.9930041753418848
1399,lammps,8_4000000_100000_0.3,1.7182499843484877
1400,lammps,8_4000000_100000_0.5,1.7295161836636737
1401,lammps,8_4000000_100000_0.7,1.5322711708775922
1402,lammps,8_4000000_100000_1.0,1.4645603209282392
1403,lammps,8_4000000_1000000_0.1,1.9689830369712797
1404,lammps,8_4000000_1000000_0.3,2.110950119031757
1405,lammps,8_4000000_1000000_0.5,1.881347410597759
1406,lammps,8_4000000_1000000_0.7,1.9368805813694028
1407,lammps,8_4000000_1000000_1.0,1.7866617009902992
1408,minife,8_2000_0_0.3,1.0
1409,minife,8_2000_0_0.5,1.0322381196399555
1410,minife,8_2000_0_0.7,1.0193902180348187
1411,minife,8_2000_0_1.0,1.4200847391217477
1412,minife,8_2000_100_0.3,1.0279605458850407
1413,minife,8_2000_100_0.5,1.0247148249973435
1414,minife,8_2000_100_0.7,1.0998148408751593
1415,minife,8_2000_100_1.0,1.048487238051944
1416,minife,8_2000_1000_0.3,1.0679229971079403
1417,minife,8_2000_1000_0.5,1.0756358408657227
1418,minife,8_2000_1000_0.7,1.1297414459807589
1419,minife,8_2000_1000_1.0,1.0824879182953053
1420,minife,8_2000_10000_0.1,1.2724202344911284
1421,minife,8_2000_10000_0.3,1.0899779803008416
1422,minife,8_2000_10000_0.5,1.023106802994329
1423,minife,8_2000_10000_0.7,1.029983633951939
1424,minife,8_2000_10000_1.0,1.1911582312523825
1425,minife,8_2000_100000_0.1,1.074973239521565
1426,minife,8_2000_100000_0.3,1.035234800889322
1427,minife,8_2000_100000_0.7,1.06952226648226
1428,minife,8_2000_100000_1.0,1.2678103343654599
1429,minife,8_2000_1000000_0.1,1.1074156783376135
1430,minife,8_2000_1000000_0.5,1.0
1431,minife,8_2000_1000000_0.7,1.0
1432,minife,8_2000_1000000_1.0,1.0
1433,minife,8_4000_0_0.3,1.358583573039114
1434,minife,8_4000_0_0.5,1.0
1435,minife,8_4000_0_0.7,1.0
1436,minife,8_4000_0_1.0,1.2409735439489318
1437,minife,8_4000_100_0.1,1.4733611694277795
1438,minife,8_4000_100_0.3,1.4452914892037005
1439,minife,8_4000_100_0.5,1.2749385298783973
1440,minife,8_4000_100_0.7,1.0756046596259976
1441,minife,8_4000_100_1.0,1.1035057149878782
1442,minife,8_4000_1000_0.3,1.265723652980701
1443,minife,8_4000_1000_0.5,1.1467532739276014
1444,minife,8_4000_1000_0.7,1.1849018796133364
1445,minife,8_4000_1000_1.0,1.265051204929262
1446,minife,8_4000_10000_0.1,1.0
1447,minife,8_4000_10000_0.3,1.2199796802254461
1448,minife,8_4000_10000_0.5,1.1989383608432558
1449,minife,8_4000_10000_0.7,1.3744772526702016
1450,minife,8_4000_10000_1.0,1.3008829624475307
1451,minife,8_4000_100000_0.1,1.07906741835336
1452,minife,8_4000_100000_0.3,1.0
1453,minife,8_4000_100000_0.5,1.072818041465305
1454,minife,8_4000_100000_0.7,1.281408226841878
1455,minife,8_4000_100000_1.0,1.1392213634161183
1456,minife,8_4000_1000000_0.1,1.0
1457,minife,8_4000_1000000_0.3,1.0995518517348464
1458,minife,8_4000_1000000_0.5,1.1065684512319258
1459,minife,8_4000_1000000_0.7,1.0773713230241044
1460,minife,8_4000_1000000_1.0,1.0
1461,minife,8_20000_0_0.1,3.983774814557099
1462,minife,8_20000_0_0.3,2.059672960764017
1463,minife,8_20000_0_0.5,2.291978120069382
1464,minife,8_20000_0_0.7,2.852421517298272
1465,minife,8_20000_0_1.0,2.368135836421028
1466,minife,8_20000_100_0.1,1.79955468266319
1467,minife,8_20000_100_0.3,1.1254318704271788
1468,minife,8_20000_100_0.5,2.051922508054812
1469,minife,8_20000_100_0.7,1.246252609890279
1470,minife,8_20000_1000_0.1,1.7868856629070025
1471,minife,8_20000_1000_0.3,1.6638774500693305
1472,minife,8_20000_1000_0.5,1.884978971125762
1473,minife,8_20000_1000_0.7,2.13313527775715
1474,minife,8_20000_1000_1.0,1.211132687252576
1475,minife,8_20000_10000_0.1,1.3483859400507847
1476,minife,8_20000_10000_0.3,1.7433353177183704
1477,minife,8_20000_10000_0.5,2.123348881557651
1478,minife,8_20000_10000_0.7,1.9087571280929436
1479,minife,8_20000_10000_1.0,1.989752039396676
1480,minife,8_20000_100000_0.1,1.043122833980823
1481,minife,8_20000_100000_0.3,1.2917763993299318
1482,minife,8_20000_100000_0.5,1.3193389741290076
1483,minife,8_20000_100000_0.7,1.388928116164888
1484,minife,8_20000_100000_1.0,1.6426867889600363
1485,minife,8_20000_1000000_0.1,2.625721322593311
1486,minife,8_20000_1000000_0.3,1.0
1487,minife,8_20000_1000000_0.5,1.1613001428182836
1488,minife,8_20000_1000000_0.7,1.2663780487354575
1489,minife,8_20000_1000000_1.0,1.0616022315920937
1490,minife,8_40000_0_0.1,1.691819123098748
1491,minife,8_40000_0_0.3,2.166349452256394
1492,minife,8_40000_0_0.5,2.2577679237766395
1493,minife,8_40000_0_0.7,2.1531953454067643
1494,minife,8_40000_0_1.0,2.4824041392275182
1495,minife,8_40000_100_0.1,1.8707512996627913
1496,minife,8_40000_100_0.3,1.9091233708998896
1497,minife,8_40000_100_0.5,2.8792797790070668
1498,minife,8_40000_100_0.7,2.0937272508581337
1499,minife,8_40000_100_1.0,3.686289923440484
1500,minife,8_40000_1000_0.1,2.4198283144529564
1501,minife,8_40000_1000_0.3,1.9953695859008282
1502,minife,8_40000_1000_0.5,3.208820352159281
1503,minife,8_40000_1000_0.7,2.7600550266825254
1504,minife,8_40000_1000_1.0,2.474795369695309
1505,minife,8_40000_10000_0.1,1.8667245434239113
1506,minife,8_40000_10000_0.3,1.6355536700934579
1507,minife,8_40000_10000_0.5,2.173667607163972
1508,minife,8_40000_10000_0.7,1.32341715206147
1509,minife,8_40000_10000_1.0,2.538308819818796
1510,minife,8_40000_100000_0.1,1.360487269780223
1511,minife,8_40000_100000_0.3,1.7549372005729142
1512,minife,8_40000_100000_0.5,1.6651143059117581
1513,minife,8_40000_100000_0.7,1.7418890825863858
1514,minife,8_40000_100000_1.0,2.6903214662731814
1515,minife,8_40000_1000000_0.1,1.0
1516,minife,8_40000_1000000_0.3,1.2248778700587482
1517,minife,8_40000_1000000_0.5,1.1159987248514072
1518,minife,8_40000_1000000_0.7,1.2445052296272654
1519,minife,8_40000_1000000_1.0,1.3365899950068991
1520,minife,8_200000_0_0.1,2.7544645586233982
1521,minife,8_200000_0_0.3,2.9816814319409954
1522,minife,8_200000_0_0.5,2.7720081087634467
1523,minife,8_200000_0_0.7,3.5169361313846155
1524,minife,8_200000_0_1.0,2.8701264440298804
1525,minife,8_200000_100_0.1,5.762276690012937
1526,minife,8_200000_100_0.3,2.734303425464324
1527,minife,8_200000_100_0.5,2.692319527292406
1528,minife,8_200000_100_0.7,2.8014825858930332
1529,minife,8_200000_100_1.0,2.690902695522443
1530,minife,8_200000_1000_0.1,2.6483922720306063
1531,minife,8_200000_1000_0.3,2.9233602052710244
1532,minife,8_200000_1000_0.5,2.7598679392441756
1533,minife,8_200000_1000_0.7,2.823489976667407
1534,minife,8_200000_1000_1.0,2.849587853758345
1535,minife,8_200000_10000_0.1,4.6111528456505395
1536,minife,8_200000_10000_0.3,2.92893180047453
1537,minife,8_200000_10000_0.5,3.207741317153006
1538,minife,8_200000_10000_0.7,4.4620066850936855
1539,minife,8_200000_10000_1.0,2.9247565230674852
1540,minife,8_200000_100000_0.1,1.8343389966943786
1541,minife,8_200000_100000_0.3,2.645642031982926
1542,minife,8_200000_100000_0.5,2.891299599881785
1543,minife,8_200000_100000_0.7,2.5970075036012283
1544,minife,8_200000_100000_1.0,2.7571724031258373
1545,minife,8_200000_1000000_0.1,1.156240576393422
1546,minife,8_200000_1000000_0.3,1.5000432844840923
1547,minife,8_200000_1000000_0.5,1.6461725233377222
1548,minife,8_200000_1000000_0.7,1.6910133342195373
1549,minife,8_200000_1000000_1.0,1.8815129301626394
1550,minife,8_400000_0_0.1,2.697275703290811
1551,minife,8_400000_0_0.3,2.715771101801414
1552,minife,8_400000_0_0.5,2.773166464467268
1553,minife,8_400000_0_0.7,2.793728303908774
1554,minife,8_400000_0_1.0,2.826214232348649
1555,minife,8_400000_100_0.1,2.623318726016601
1556,minife,8_400000_100_0.3,2.75761550495351
1557,minife,8_400000_100_0.5,3.0152176758242417
1558,minife,8_400000_100_0.7,2.713391480875028
1559,minife,8_400000_100_1.0,2.740108879965767
1560,minife,8_400000_1000_0.1,2.5981439777333133
1561,minife,8_400000_1000_0.3,2.8587781138878374
1562,minife,8_400000_1000_0.5,2.705087424400879
1563,minife,8_400000_1000_0.7,2.7898347517378412
1564,minife,8_400000_1000_1.0,2.790573254783962
1565,minife,8_400000_10000_0.1,2.5345301458994824
1566,minife,8_400000_10000_0.3,2.598115258170408
1567,minife,8_400000_10000_0.5,2.7213262858261165
1568,minife,8_400000_10000_0.7,2.863734289886242
1569,minife,8_400000_10000_1.0,2.8354414176304483
1570,minife,8_400000_100000_0.1,2.059828593442996
1571,minife,8_400000_100000_0.3,2.3910759291906873
1572,minife,8_400000_100000_0.5,2.6422244039972713
1573,minife,8_400000_100000_0.7,2.4570160456197954
1574,minife,8_400000_100000_1.0,2.643533195506784
1575,minife,8_400000_1000000_0.1,1.2509835424596172
1576,minife,8_400000_1000000_0.3,1.53063372177226
1577,minife,8_400000_1000000_0.5,1.7942423840847677
1578,minife,8_400000_1000000_0.7,2.1814149143972403
1579,minife,8_2000000_0_0.1,2.673327690623022
1580,minife,8_2000000_0_0.3,2.583611878903553
1581,minife,8_2000000_0_0.5,2.6308309431135215
1582,minife,8_2000000_0_0.7,2.8886874872556945
1583,minife,8_2000000_0_1.0,2.8276091825468757
1584,minife,8_2000000_100_0.1,2.651554159146586
1585,minife,8_2000000_100_0.3,2.6622255281630194
1586,minife,8_2000000_100_0.5,2.836114275961357
1587,minife,8_2000000_100_0.7,2.8649241003494352
1588,minife,8_2000000_100_1.0,3.0262952215160404
1589,minife,8_2000000_1000_0.1,2.9816157872257847
1590,minife,8_2000000_1000_0.3,2.6288328820942968
1591,minife,8_2000000_1000_0.5,2.8446850140910485
1592,minife,8_2000000_1000_0.7,3.1306374963433847
1593,minife,8_2000000_1000_1.0,2.9418884261392337
1594,minife,8_2000000_10000_0.1,2.926806552819585
1595,minife,8_2000000_10000_0.3,2.6886762455982147
1596,minife,8_2000000_10000_0.5,2.9388769748289447
1597,minife,8_2000000_10000_0.7,2.7098302550748494
1598,minife,8_2000000_10000_1.0,2.8711562454997477
1599,minife,8_2000000_100000_0.1,2.4880495847356348
1600,minife,8_2000000_100000_0.3,2.699761996879414
1601,minife,8_2000000_100000_0.5,2.5715127373312883
1602,minife,8_2000000_100000_0.7,2.6171522255814996
1603,minife,8_2000000_100000_1.0,2.930560609970694
1604,minife,8_2000000_1000000_0.1,1.7014002428033907
1605,minife,8_2000000_1000000_0.3,2.284349930642256
1606,minife,8_2000000_1000000_0.5,2.316995868075457
1607,minife,8_2000000_1000000_0.7,2.467999227033479
1608,minife,8_2000000_1000000_1.0,2.6735369331527554
1609,minife,8_4000000_0_0.1,2.5684192301269855
1610,minife,8_4000000_0_0.3,2.535342499250215
1611,minife,8_4000000_0_0.5,2.5554667072569828
1612,minife,8_4000000_0_0.7,2.7697392632939786
1613,minife,8_4000000_0_1.0,2.635023999297602
1614,minife,8_4000000_100_0.1,2.547002641789508
1615,minife,8_4000000_100_0.3,2.6437957743676264
1616,minife,8_4000000_100_0.5,2.7495001770355914
1617,minife,8_4000000_100_0.7,2.8578713962589903
1618,minife,8_4000000_100_1.0,2.6307283732460047
1619,minife,8_4000000_1000_0.1,2.483109819916032
1620,minife,8_4000000_1000_0.3,2.5746965060190057
1621,minife,8_4000000_1000_0.5,2.609307682113826
1622,minife,8_4000000_1000_0.7,2.6536876123909328
1623,minife,8_4000000_1000_1.0,2.6954540624437153
1624,minife,8_4000000_10000_0.1,2.5021673013006276
1625,minife,8_4000000_10000_0.3,2.653096809954037
1626,minife,8_4000000_10000_0.5,2.634445505244808
1627,minife,8_4000000_10000_0.7,2.7981470138013913
1628,minife,8_4000000_10000_1.0,2.725006492672614
1629,minife,8_4000000_100000_0.3,2.576132484164239
1630,minife,8_4000000_100000_0.5,2.697448020668239
1631,minife,8_4000000_100000_0.7,2.648407315611175
1632,minife,8_4000000_100000_1.0,2.548528881418156
1633,minife,8_4000000_1000000_0.1,1.9385557260038822
1634,minife,8_4000000_1000000_0.3,2.306759395297295
1635,minife,8_4000000_1000000_0.5,2.282191860629706
1636,minife,8_4000000_1000000_0.7,2.3737785467326775
1637,minife,8_4000000_1000000_1.0,2.4625753324391977
1638,minivite,8_2000_0_0.1,1.3811986074324343
1639,minivite,8_2000_0_0.3,1.1034908281537448
1640,minivite,8_2000_0_0.5,1.1291434454907567
1641,minivite,8_2000_0_0.7,1.1033426596569627
1642,minivite,8_2000_0_1.0,1.0656105245056633
1643,minivite,8_2000_100_0.1,1.565740847891519
1644,minivite,8_2000_100_0.3,1.2381233576639703
1645,minivite,8_2000_100_0.5,3.1349101201246348
1646,minivite,8_2000_100_0.7,1.5050436772608944
1647,minivite,8_2000_100_1.0,1.4870536424034442
1648,minivite,8_2000_1000_0.3,1.156925579398306
1649,minivite,8_2000_1000_0.5,1.144870936587128
1650,minivite,8_2000_1000_0.7,1.1607639005302701
1651,minivite,8_2000_1000_1.0,1.1144844980062143
1652,minivite,8_2000_10000_0.1,1.0474784497753857
1653,minivite,8_2000_10000_0.3,1.2445818457901219
1654,minivite,8_2000_10000_0.5,1.2267673779836032
1655,minivite,8_2000_10000_0.7,1.085420760677595
1656,minivite,8_2000_10000_1.0,1.15042346988989
1657,minivite,8_2000_100000_0.1,1.5925063512372069
1658,minivite,8_2000_100000_0.3,1.04690127760179
1659,minivite,8_2000_100000_0.5,1.053670523013163
1660,minivite,8_2000_100000_0.7,1.1063546980769456
1661,minivite,8_2000_100000_1.0,1.0690519271097516
1662,minivite,8_2000_1000000_0.1,1.0146492137876733
1663,minivite,8_2000_1000000_0.3,1.1019042355641164
1664,minivite,8_2000_1000000_0.5,1.0
1665,minivite,8_2000_1000000_0.7,1.0918871799641583
1666,minivite,8_2000_1000000_1.0,2.1835656262065726
1667,minivite,8_4000_0_0.1,1.2250095444305407
1668,minivite,8_4000_0_0.3,1.282059823300956
1669,minivite,8_4000_0_0.5,1.1069160079297182
1670,minivite,8_4000_0_0.7,1.112351736870054
1671,minivite,8_4000_0_1.0,1.1658005478989812
1672,minivite,8_4000_100_0.3,1.2661398213109558
1673,minivite,8_4000_100_0.5,1.2184447066534143
1674,minivite,8_4000_100_0.7,1.0234225192321627
1675,minivite,8_4000_100_1.0,1.1103357800963203
1676,minivite,8_4000_1000_0.1,1.2486689169531797
1677,minivite,8_4000_1000_0.3,1.0858739183429353
1678,minivite,8_4000_1000_0.7,1.1884184148566497
1679,minivite,8_4000_10000_0.1,1.186802981683706
1680,minivite,8_4000_10000_0.3,1.1699060049339027
1681,minivite,8_4000_10000_0.5,1.0435792029111683
1682,minivite,8_4000_10000_1.0,1.0972223273701822
1683,minivite,8_4000_100000_0.1,1.0526192837513233
1684,minivite,8_4000_100000_0.3,1.2393483614402843
1685,minivite,8_4000_100000_0.5,1.1342817559156542
1686,minivite,8_4000_100000_0.7,1.0501209682216426
1687,minivite,8_4000_1000000_0.1,1.1240267655033456
1688,minivite,8_4000_1000000_0.3,1.1700476842994387
1689,minivite,8_4000_1000000_0.5,1.1821455879855898
1690,minivite,8_4000_1000000_0.7,1.2505637432769894
1691,minivite,8_4000_1000000_1.0,1.0845112007812914
1692,minivite,8_20000_0_0.1,1.6240803008361246
1693,minivite,8_20000_0_0.3,1.5891781479226306
1694,minivite,8_20000_0_0.5,1.526078196194557
1695,minivite,8_20000_0_0.7,1.512625145599882
1696,minivite,8_20000_0_1.0,1.449382072477107
1697,minivite,8_20000_100_0.1,1.1009676376209547
1698,minivite,8_20000_100_0.3,1.5489210197020837
1699,minivite,8_20000_100_0.5,1.3766216068603094
1700,minivite,8_20000_100_0.7,1.6965833642468333
1701,minivite,8_20000_100_1.0,1.3718730048174588
1702,minivite,8_20000_1000_0.1,1.1959858234112715
1703,minivite,8_20000_1000_0.3,1.3303930358643468
1704,minivite,8_20000_1000_0.5,1.4766667063224688
1705,minivite,8_20000_1000_0.7,1.297470428488151
1706,minivite,8_20000_1000_1.0,1.2890421285215705
1707,minivite,8_20000_10000_0.1,1.3159886065275612
1708,minivite,8_20000_10000_0.3,1.2470877319729228
1709,minivite,8_20000_10000_0.5,1.4614323892007877
1710,minivite,8_20000_10000_0.7,1.620260365576024
1711,minivite,8_20000_10000_1.0,1.5332793293410756
1712,minivite,8_20000_100000_0.1,1.1628101399164847
1713,minivite,8_20000_100000_0.3,1.1396179848435524
1714,minivite,8_20000_100000_0.5,1.1265997060423545
1715,minivite,8_20000_100000_0.7,1.3004889560393802
1716,minivite,8_20000_100000_1.0,1.2355273446583093
1717,minivite,8_20000_1000000_0.1,1.1363972127018254
1718,minivite,8_20000_1000000_0.3,1.107529230832458
1719,minivite,8_20000_1000000_0.5,1.1431307678913458
1720,minivite,8_20000_1000000_0.7,1.117559264694908
1721,minivite,8_20000_1000000_1.0,1.2367343230700512
1722,minivite,8_40000_0_0.1,1.3990545335774687
1723,minivite,8_40000_0_0.3,1.53571347457288
1724,minivite,8_40000_0_0.5,1.4628015958936775
1725,minivite,8_40000_0_0.7,1.3899794835300439
1726,minivite,8_40000_0_1.0,1.476225445397746
1727,minivite,8_40000_100_0.1,2.584478214364124
1728,minivite,8_40000_100_0.5,1.7735617651734812
1729,minivite,8_40000_100_0.7,1.2069113573856585
1730,minivite,8_40000_100_1.0,1.463238530730903
1731,minivite,8_40000_1000_0.1,1.3412515154825262
1732,minivite,8_40000_1000_0.3,1.5781145396556215
1733,minivite,8_40000_1000_0.5,1.738188429230075
1734,minivite,8_40000_1000_0.7,1.4496654312081787
1735,minivite,8_40000_1000_1.0,1.8161499335404805
1736,minivite,8_40000_10000_0.1,1.324326779671282
1737,minivite,8_40000_10000_0.3,1.4873723308490776
1738,minivite,8_40000_10000_0.5,1.644854172998076
1739,minivite,8_40000_10000_0.7,1.5573374229280472
1740,minivite,8_40000_10000_1.0,2.787757821295814
1741,minivite,8_40000_100000_0.1,1.1781248501641568
1742,minivite,8_40000_100000_0.3,1.5290801404103798
1743,minivite,8_40000_100000_0.5,1.311061913882739
1744,minivite,8_40000_100000_0.7,1.3558160100567112
1745,minivite,8_40000_100000_1.0,1.4228271053896202
1746,minivite,8_40000_1000000_0.1,1.186507365704725
1747,minivite,8_40000_1000000_0.3,1.0951328271089946
1748,minivite,8_40000_1000000_0.5,2.4005286478921675
1749,minivite,8_40000_1000000_0.7,1.2038301015657191
1750,minivite,8_40000_1000000_1.0,1.19652117673906
1751,minivite,8_200000_0_0.1,1.582735161610011
1752,minivite,8_200000_0_0.3,1.6812041231939934
1753,minivite,8_200000_0_0.5,1.6542969404827697
1754,minivite,8_200000_0_0.7,1.5502458839981266
1755,minivite,8_200000_0_1.0,1.697924451370991
1756,minivite,8_200000_100_0.1,1.680934463739996
1757,minivite,8_200000_100_0.3,1.7425422757887987
1758,minivite,8_200000_100_0.5,1.616784354271957
1759,minivite,8_200000_100_0.7,1.6566232940344334
1760,minivite,8_200000_100_1.0,1.5115111780693318
1761,minivite,8_200000_1000_0.1,1.6458080752912265
1762,minivite,8_200000_1000_0.5,1.594099432958081
1763,minivite,8_200000_1000_0.7,1.6219269907843519
1764,minivite,8_200000_1000_1.0,1.6169303597249907
1765,minivite,8_200000_10000_0.1,1.5332995177493962
1766,minivite,8_200000_10000_0.3,1.4915196067298055
1767,minivite,8_200000_10000_0.5,1.612559208816278
1768,minivite,8_200000_10000_0.7,1.5696656907734285
1769,minivite,8_200000_10000_1.0,1.5327209035466345
1770,minivite,8_200000_100000_0.1,1.277621257528744
1771,minivite,8_200000_100000_0.3,1.3811283085106036
1772,minivite,8_200000_100000_0.5,1.4334880270120904
1773,minivite,8_200000_100000_0.7,1.4891647731021183
1774,minivite,8_200000_100000_1.0,1.6108749187506688
1775,minivite,8_200000_1000000_0.1,1.2666210985450284
1776,minivite,8_200000_1000000_0.3,1.2046877484120555
1777,minivite,8_200000_1000000_0.5,1.3311230631295132
1778,minivite,8_200000_1000000_0.7,1.3700794810425436
1779,minivite,8_200000_1000000_1.0,1.525939761394644
1780,minivite,8_400000_0_0.1,4.075658944239977
1781,minivite,8_400000_0_0.3,2.601799868703244
1782,minivite,8_400000_0_0.5,2.085253124787075
1783,minivite,8_400000_0_0.7,2.0127013928920214
1784,minivite,8_400000_0_1.0,2.0808329448867267
1785,minivite,8_400000_100_0.1,1.8981887753170748
1786,minivite,8_400000_100_0.3,1.7267524169310084
1787,minivite,8_400000_100_0.5,1.5672333480780816
1788,minivite,8_400000_100_0.7,1.6141941093829588
1789,minivite,8_400000_100_1.0,1.606928445431273
1790,minivite,8_400000_1000_0.1,1.5556156401041288
1791,minivite,8_400000_1000_0.3,1.709013295148401
1792,minivite,8_400000_1000_0.5,1.6608596152161474
1793,minivite,8_400000_1000_0.7,1.668338338977075
1794,minivite,8_400000_1000_1.0,1.7052950229444863
1795,minivite,8_400000_10000_0.1,1.916806092861631
1796,minivite,8_400000_10000_0.3,2.028301264407223
1797,minivite,8_400000_10000_0.5,1.841129844271665
1798,minivite,8_400000_10000_0.7,1.7640908781200553
1799,minivite,8_400000_10000_1.0,1.4901770775764824
1800,minivite,8_400000_100000_0.1,1.7248694873478163
1801,minivite,8_400000_100000_0.3,1.8446361381882126
1802,minivite,8_400000_100000_0.5,1.8958667478529083
1803,minivite,8_400000_100000_0.7,1.955784141212148
1804,minivite,8_400000_100000_1.0,1.836818898080623
1805,minivite,8_400000_1000000_0.1,2.123266455625698
1806,minivite,8_400000_1000000_0.3,1.8011232686186693
1807,minivite,8_400000_1000000_0.5,1.7196089649511206
1808,minivite,8_400000_1000000_0.7,1.8232955485641174
1809,minivite,8_400000_1000000_1.0,1.7408922339158768
1810,minivite,8_2000000_0_0.1,1.6708874860348486
1811,minivite,8_2000000_0_0.3,2.018081964216767
1812,minivite,8_2000000_0_0.5,1.9049796511659343
1813,minivite,8_2000000_0_0.7,1.7732556944830487
1814,minivite,8_2000000_0_1.0,1.7718648573526723
1815,minivite,8_2000000_100_0.1,1.7327667600741057
1816,minivite,8_2000000_100_0.3,1.6865911836499847
1817,minivite,8_2000000_100_0.5,1.708360055936311
1818,minivite,8_2000000_100_0.7,1.9539542062007973
1819,minivite,8_2000000_100_1.0,1.8956774815249022
1820,minivite,8_2000000_1000_0.1,1.6792033077265003
1821,minivite,8_2000000_1000_0.3,1.8228045376331756
1822,minivite,8_2000000_1000_0.5,1.8113231014153874
1823,minivite,8_2000000_1000_0.7,2.1834780229347523
1824,minivite,8_2000000_1000_1.0,1.9534772550542217
1825,minivite,8_2000000_10000_0.1,1.5670754458844305
1826,minivite,8_2000000_10000_0.3,1.886244447737078
1827,minivite,8_2000000_10000_0.5,1.8493364322540105
1828,minivite,8_2000000_10000_0.7,1.9701002462625308
1829,minivite,8_2000000_10000_1.0,1.9130369891296233
1830,minivite,8_2000000_100000_0.1,1.84853286150139
1831,minivite,8_2000000_100000_0.3,1.8045610661498426
1832,minivite,8_2000000_100000_0.5,1.7531739963206623
1833,minivite,8_2000000_100000_0.7,1.7218109434872373
1834,minivite,8_2000000_100000_1.0,2.006912006298783
1835,minivite,8_2000000_1000000_0.1,1.467933417187329
1836,minivite,8_2000000_1000000_0.3,1.5525668299404185
1837,minivite,8_2000000_1000000_0.5,1.6069533204343822
1838,minivite,8_2000000_1000000_0.7,1.7030281530959102
1839,minivite,8_2000000_1000000_1.0,1.6468106460687217
1840,minivite,8_4000000_0_0.1,1.6105472176227498
1841,minivite,8_4000000_0_0.3,1.63167366591573
1842,minivite,8_4000000_0_0.5,1.6151869464635855
1843,minivite,8_4000000_0_0.7,1.6730786493522223
1844,minivite,8_4000000_0_1.0,2.3796390528896643
1845,minivite,8_4000000_100_0.1,1.6319613507342992
1846,minivite,8_4000000_100_0.3,1.7786175194286387
1847,minivite,8_4000000_100_0.5,2.9467426183428267
1848,minivite,8_4000000_100_0.7,2.885851855296699
1849,minivite,8_4000000_100_1.0,3.936400024658698
1850,minivite,8_4000000_1000_0.1,1.7536563550766093
1851,minivite,8_4000000_1000_0.3,1.9615540604116486
1852,minivite,8_4000000_1000_0.5,1.8203267710191073
1853,minivite,8_4000000_1000_0.7,1.9509064775589622
1854,minivite,8_4000000_1000_1.0,1.8547191666225042
1855,minivite,8_4000000_10000_0.1,1.641165101884768
1856,minivite,8_4000000_10000_0.3,1.6443880370702435
1857,minivite,8_4000000_10000_0.5,1.743519250548602
1858,minivite,8_4000000_10000_0.7,1.752443969055496
1859,minivite,8_4000000_10000_1.0,1.8331168487048233
1860,minivite,8_4000000_100000_0.1,1.5508634329883637
1861,minivite,8_4000000_100000_0.3,1.8152068464660729
1862,minivite,8_4000000_100000_0.5,1.8921484756489941
1863,minivite,8_4000000_100000_0.7,1.7433267396549728
1864,minivite,8_4000000_100000_1.0,1.7763034231248844
1865,minivite,8_4000000_1000000_0.1,1.5082309222245172
1866,minivite,8_4000000_1000000_0.3,1.672150703584055
1867,minivite,8_4000000_1000000_0.5,1.9099870974440387
1868,minivite,8_4000000_1000000_0.7,1.7061483437033256
1869,minivite,8_4000000_1000000_1.0,2.113539247888058
1870,quicksilver,8_2000_0_0.3,1.0358448796815822
1871,quicksilver,8_2000_0_0.5,1.0
1872,quicksilver,8_2000_0_0.7,1.0
1873,quicksilver,8_2000_0_1.0,1.0132985212847596
1874,quicksilver,8_2000_100_0.3,1.0256583033320057
1875,quicksilver,8_2000_100_0.5,1.0177671216212667
1876,quicksilver,8_2000_100_0.7,1.0
1877,quicksilver,8_2000_100_1.0,1.0057064401109896
1878,quicksilver,8_2000_1000_0.1,1.0
1879,quicksilver,8_2000_1000_0.3,1.0160292261732153
1880,quicksilver,8_2000_1000_0.5,1.0027790140812827
1881,quicksilver,8_2000_1000_0.7,1.028427752748387
1882,quicksilver,8_2000_1000_1.0,1.0097114387797799
1883,quicksilver,8_2000_10000_0.1,1.0
1884,quicksilver,8_2000_10000_0.3,1.0
1885,quicksilver,8_2000_10000_0.5,1.0082407570250416
1886,quicksilver,8_2000_10000_0.7,1.0234752275664913
1887,quicksilver,8_2000_10000_1.0,1.012659299042774
1888,quicksilver,8_2000_100000_0.1,1.0
1889,quicksilver,8_2000_100000_0.3,1.01074879540403
1890,quicksilver,8_2000_100000_0.5,1.0080506436929244
1891,quicksilver,8_2000_100000_0.7,1.0
1892,quicksilver,8_2000_100000_1.0,1.0270024649765641
1893,quicksilver,8_2000_1000000_0.1,1.0303412965346108
1894,quicksilver,8_2000_1000000_0.3,1.0174736710387458
1895,quicksilver,8_2000_1000000_0.5,1.0
1896,quicksilver,8_2000_1000000_0.7,1.0
1897,quicksilver,8_2000_1000000_1.0,1.0079649781673683
1898,quicksilver,8_4000_0_0.3,1.0554485835473966
1899,quicksilver,8_4000_0_0.5,1.0084677269396174
1900,quicksilver,8_4000_0_0.7,1.0
1901,quicksilver,8_4000_0_1.0,1.0050929966537971
1902,quicksilver,8_4000_100_0.3,1.022387354519052
1903,quicksilver,8_4000_100_0.5,1.0156409757407474
1904,quicksilver,8_4000_100_0.7,1.0
1905,quicksilver,8_4000_100_1.0,1.0012782640185955
1906,quicksilver,8_4000_1000_0.5,1.0
1907,quicksilver,8_4000_1000_0.7,1.0
1908,quicksilver,8_4000_1000_1.0,1.0059225821030349
1909,quicksilver,8_4000_10000_0.1,1.0
1910,quicksilver,8_4000_10000_0.3,1.0184615246223003
1911,quicksilver,8_4000_10000_0.5,1.0058256721963894
1912,quicksilver,8_4000_10000_0.7,1.0
1913,quicksilver,8_4000_10000_1.0,1.0153138891886233
1914,quicksilver,8_4000_100000_0.1,1.0053850173952659
1915,quicksilver,8_4000_100000_0.3,1.0
1916,quicksilver,8_4000_100000_0.5,1.0
1917,quicksilver,8_4000_100000_0.7,1.030928628040163
1918,quicksilver,8_4000_100000_1.0,1.0
1919,quicksilver,8_4000_1000000_0.1,1.0129349113170238
1920,quicksilver,8_4000_1000000_0.3,1.0284342078560493
1921,quicksilver,8_4000_1000000_0.5,1.0174615243307794
1922,quicksilver,8_4000_1000000_0.7,1.0289884725520284
1923,quicksilver,8_4000_1000000_1.0,1.0
1924,quicksilver,8_20000_0_0.1,1.0
1925,quicksilver,8_20000_0_0.3,1.0211338142569009
1926,quicksilver,8_20000_0_0.5,1.0009980151723905
1927,quicksilver,8_20000_0_0.7,1.0048463282493876
1928,quicksilver,8_20000_0_1.0,1.0084748900268294
1929,quicksilver,8_20000_100_0.1,1.0
1930,quicksilver,8_20000_100_0.3,1.0752743431167917
1931,quicksilver,8_20000_100_0.5,1.0300283973373918
1932,quicksilver,8_20000_100_0.7,1.0060146610903977
1933,quicksilver,8_20000_100_1.0,1.042926424308053
1934,quicksilver,8_20000_1000_0.3,1.0587091764241867
1935,quicksilver,8_20000_1000_0.5,1.0067694644644172
1936,quicksilver,8_20000_1000_0.7,1.0553814504277093
1937,quicksilver,8_20000_1000_1.0,1.0442102411074334
1938,quicksilver,8_20000_10000_0.1,1.0
1939,quicksilver,8_20000_10000_0.3,1.0145606267112715
1940,quicksilver,8_20000_10000_0.5,1.0
1941,quicksilver,8_20000_10000_0.7,1.0390691434900885
1942,quicksilver,8_20000_10000_1.0,1.0
1943,quicksilver,8_20000_100000_0.1,1.020827259111728
1944,quicksilver,8_20000_100000_0.3,1.0
1945,quicksilver,8_20000_100000_0.5,1.0067355092099184
1946,quicksilver,8_20000_100000_0.7,1.0386329864414003
1947,quicksilver,8_20000_100000_1.0,1.0
1948,quicksilver,8_20000_1000000_0.1,1.0
1949,quicksilver,8_20000_1000000_0.3,1.0
1950,quicksilver,8_20000_1000000_0.5,1.0
1951,quicksilver,8_20000_1000000_0.7,1.0188166388354354
1952,quicksilver,8_20000_1000000_1.0,1.0
1953,quicksilver,8_40000_0_0.1,1.0183268558063188
1954,quicksilver,8_40000_0_0.3,1.0078177184209574
1955,quicksilver,8_40000_0_0.5,1.0411652210626579
1956,quicksilver,8_40000_0_0.7,1.0531008817135672
1957,quicksilver,8_40000_0_1.0,1.0
1958,quicksilver,8_40000_100_0.1,1.0066737900514964
1959,quicksilver,8_40000_100_0.3,1.0884816877410661
1960,quicksilver,8_40000_100_0.5,1.0622964393945422
1961,quicksilver,8_40000_100_0.7,1.0167740345418226
1962,quicksilver,8_40000_100_1.0,1.081124086617883
1963,quicksilver,8_40000_1000_0.1,1.0
1964,quicksilver,8_40000_1000_0.3,1.0292652509102431
1965,quicksilver,8_40000_1000_0.5,1.0688565084955675
1966,quicksilver,8_40000_1000_0.7,1.0
1967,quicksilver,8_40000_1000_1.0,1.0315013834961553
1968,quicksilver,8_40000_10000_0.1,1.0189063023631566
1969,quicksilver,8_40000_10000_0.3,1.018106410409165
1970,quicksilver,8_40000_10000_0.5,1.0402686690771563
1971,quicksilver,8_40000_10000_0.7,1.0579483760469195
1972,quicksilver,8_40000_10000_1.0,1.0319346669807876
1973,quicksilver,8_40000_100000_0.1,1.0097953968252449
1974,quicksilver,8_40000_100000_0.3,1.0136617980856484
1975,quicksilver,8_40000_100000_0.5,1.0
1976,quicksilver,8_40000_100000_0.7,1.0
1977,quicksilver,8_40000_100000_1.0,1.020501963331407
1978,quicksilver,8_40000_1000000_0.1,1.0069135035979728
1979,quicksilver,8_40000_1000000_0.3,1.0
1980,quicksilver,8_40000_1000000_0.5,1.0
1981,quicksilver,8_40000_1000000_0.7,1.0
1982,quicksilver,8_40000_1000000_1.0,1.0087180185334887
1983,quicksilver,8_200000_0_0.1,1.0
1984,quicksilver,8_200000_0_0.3,1.0280215668339847
1985,quicksilver,8_200000_0_0.5,1.0349317526454382
1986,quicksilver,8_200000_0_0.7,1.010629521672774
1987,quicksilver,8_200000_0_1.0,1.0165315307230016
1988,quicksilver,8_200000_100_0.1,1.0
1989,quicksilver,8_200000_100_0.3,1.0102145623647316
1990,quicksilver,8_200000_100_0.5,1.0028350832852564
1991,quicksilver,8_200000_100_0.7,1.033710529567454
1992,quicksilver,8_200000_100_1.0,1.0277837412329747
1993,quicksilver,8_200000_1000_0.1,1.0162023202322275
1994,quicksilver,8_200000_1000_0.3,1.0177324722691699
1995,quicksilver,8_200000_1000_0.5,1.0285798017682246
1996,quicksilver,8_200000_1000_0.7,1.004191155644598
1997,quicksilver,8_200000_1000_1.0,1.0183345880535615
1998,quicksilver,8_200000_10000_0.1,1.0086543836656958
1999,quicksilver,8_200000_10000_0.3,1.0
2000,quicksilver,8_200000_10000_0.5,1.0127451450337062
2001,quicksilver,8_200000_10000_0.7,1.0335084638746979
2002,quicksilver,8_200000_10000_1.0,1.0168078093309456
2003,quicksilver,8_200000_100000_0.1,1.011470351503101
2004,quicksilver,8_200000_100000_0.3,1.0
2005,quicksilver,8_200000_100000_0.5,1.0137637887867117
2006,quicksilver,8_200000_100000_0.7,1.0096526348312695
2007,quicksilver,8_200000_100000_1.0,1.0176111995368313
2008,quicksilver,8_200000_1000000_0.1,1.0
2009,quicksilver,8_200000_1000000_0.3,1.0
2010,quicksilver,8_200000_1000000_0.5,1.0093451218314116
2011,quicksilver,8_200000_1000000_0.7,1.0001481759552404
2012,quicksilver,8_200000_1000000_1.0,1.0029608121241746
2013,quicksilver,8_400000_0_0.1,1.0
2014,quicksilver,8_400000_0_0.3,1.0124839283436406
2015,quicksilver,8_400000_0_0.5,1.0070227406779604
2016,quicksilver,8_400000_0_0.7,1.0178704449897185
2017,quicksilver,8_400000_0_1.0,1.021724394139212
2018,quicksilver,8_400000_100_0.1,1.0227488405481377
2019,quicksilver,8_400000_100_0.3,1.0160232846977757
2020,quicksilver,8_400000_100_0.5,1.0
2021,quicksilver,8_400000_100_0.7,1.0426363192759551
2022,quicksilver,8_400000_100_1.0,1.0220830343681453
2023,quicksilver,8_400000_1000_0.1,1.0
2024,quicksilver,8_400000_1000_0.3,1.008926872500754
2025,quicksilver,8_400000_1000_0.5,1.007438283027985
2026,quicksilver,8_400000_1000_0.7,1.0119051342385448
2027,quicksilver,8_400000_1000_1.0,1.0
2028,quicksilver,8_400000_10000_0.1,1.0241899537451973
2029,quicksilver,8_400000_10000_0.3,1.0310286197401441
2030,quicksilver,8_400000_10000_0.5,1.0133871436660837
2031,quicksilver,8_400000_10000_0.7,1.0
2032,quicksilver,8_400000_10000_1.0,1.0003803516018015
2033,quicksilver,8_400000_100000_0.1,1.0
2034,quicksilver,8_400000_100000_0.3,1.0
2035,quicksilver,8_400000_100000_0.5,1.0285406546636924
2036,quicksilver,8_400000_100000_0.7,1.0
2037,quicksilver,8_400000_100000_1.0,1.026934207418768
2038,quicksilver,8_400000_1000000_0.1,1.0
2039,quicksilver,8_400000_1000000_0.3,1.0082821530057917
2040,quicksilver,8_400000_1000000_0.5,1.0018836004158422
2041,quicksilver,8_400000_1000000_0.7,1.0138992627559071
2042,quicksilver,8_400000_1000000_1.0,1.0002290105615141
2043,quicksilver,8_2000000_0_0.3,1.0052708661042835
2044,quicksilver,8_2000000_0_0.5,1.0050868747129817
2045,quicksilver,8_2000000_0_0.7,1.0146997377518807
2046,quicksilver,8_2000000_0_1.0,1.0061179844588493
2047,quicksilver,8_2000000_100_0.1,1.03561021916562
2048,quicksilver,8_2000000_100_0.3,1.0
2049,quicksilver,8_2000000_100_0.5,1.0150899594215272
2050,quicksilver,8_2000000_100_0.7,1.020481556862023
2051,quicksilver,8_2000000_100_1.0,1.0264480753430172
2052,quicksilver,8_2000000_1000_0.1,1.0
2053,quicksilver,8_2000000_1000_0.3,1.003640139325378
2054,quicksilver,8_2000000_1000_0.5,1.007377313494969
2055,quicksilver,8_2000000_1000_0.7,1.0004424872187827
2056,quicksilver,8_2000000_1000_1.0,1.0114231945122867
2057,quicksilver,8_2000000_10000_0.1,1.0
2058,quicksilver,8_2000000_10000_0.3,1.012201361211458
2059,quicksilver,8_2000000_10000_0.5,1.022639756169622
2060,quicksilver,8_2000000_10000_0.7,1.0144115484291538
2061,quicksilver,8_2000000_10000_1.0,1.0099531929731949
2062,quicksilver,8_2000000_100000_0.1,1.0120543096943264
2063,quicksilver,8_2000000_100000_0.3,1.0045102878382481
2064,quicksilver,8_2000000_100000_0.5,1.0155717880921697
2065,quicksilver,8_2000000_100000_0.7,1.0316660512103264
2066,quicksilver,8_2000000_100000_1.0,1.0167449657344145
2067,quicksilver,8_2000000_1000000_0.1,1.0020393559168537
2068,quicksilver,8_2000000_1000000_0.3,1.0
2069,quicksilver,8_2000000_1000000_0.5,1.029450325093798
2070,quicksilver,8_2000000_1000000_0.7,1.0
2071,quicksilver,8_2000000_1000000_1.0,1.0
2072,quicksilver,8_4000000_0_0.1,1.0140834623764883
2073,quicksilver,8_4000000_0_0.3,1.007386392291552
2074,quicksilver,8_4000000_0_0.5,1.0107461300692533
2075,quicksilver,8_4000000_0_0.7,1.022782948504108
2076,quicksilver,8_4000000_0_1.0,1.0140475497667631
2077,quicksilver,8_4000000_100_0.1,1.0041501761224068
2078,quicksilver,8_4000000_100_0.3,1.0091118633925973
2079,quicksilver,8_4000000_100_0.5,1.0036965694601028
2080,quicksilver,8_4000000_100_0.7,1.0198205538374094
2081,quicksilver,8_4000000_100_1.0,1.0
2082,quicksilver,8_4000000_1000_0.1,1.0027383677259387
2083,quicksilver,8_4000000_1000_0.3,1.027224645617713
2084,quicksilver,8_4000000_1000_0.5,1.0208300077382166
2085,quicksilver,8_4000000_1000_0.7,1.0235491906065441
2086,quicksilver,8_4000000_1000_1.0,1.0
2087,quicksilver,8_4000000_10000_0.1,1.0065047495224573
2088,quicksilver,8_4000000_10000_0.3,1.0
2089,quicksilver,8_4000000_10000_0.5,1.006395429150758
2090,quicksilver,8_4000000_10000_0.7,1.001519074239277
2091,quicksilver,8_4000000_10000_1.0,1.0
2092,quicksilver,8_4000000_100000_0.1,1.0185726774116584
2093,quicksilver,8_4000000_100000_0.3,1.0163611991724302
2094,quicksilver,8_4000000_100000_0.5,1.0
2095,quicksilver,8_4000000_100000_0.7,1.00939726244298
2096,quicksilver,8_4000000_100000_1.0,1.0074773051949497
2097,quicksilver,8_4000000_1000000_0.1,1.0
2098,quicksilver,8_4000000_1000000_0.3,1.0132753245430315
2099,quicksilver,8_4000000_1000000_0.5,1.0160328632446294
2100,quicksilver,8_4000000_1000000_0.7,1.0112071080480491
2101,quicksilver,8_4000000_1000000_1.0,1.0
2102,tricount,8_2000_0_0.1,1.214794721327434
2103,tricount,8_2000_0_0.3,1.186306733971747
2104,tricount,8_2000_0_0.5,1.1021881443158015
2105,tricount,8_2000_0_0.7,1.1079661359919932
2106,tricount,8_2000_0_1.0,1.4845747037172747
2107,tricount,8_2000_100_0.3,1.1910264753977324
2108,tricount,8_2000_100_0.5,1.296452263889876
2109,tricount,8_2000_100_0.7,1.1998014755344573
2110,tricount,8_2000_100_1.0,1.3609991486600055
2111,tricount,8_2000_1000_0.1,1.147668294603744
2112,tricount,8_2000_1000_0.3,1.1860524257720853
2113,tricount,8_2000_1000_0.5,1.1704193077347975
2114,tricount,8_2000_1000_0.7,1.1196123577378054
2115,tricount,8_2000_1000_1.0,1.3675519144211887
2116,tricount,8_2000_10000_0.1,1.1632038822562147
2117,tricount,8_2000_10000_0.3,1.3724111151824727
2118,tricount,8_2000_10000_0.5,1.1106067483734299
2119,tricount,8_2000_10000_0.7,1.091518137917079
2120,tricount,8_2000_10000_1.0,1.1627736547643135
2121,tricount,8_2000_100000_0.1,1.097506685844604
2122,tricount,8_2000_100000_0.3,1.0761256555956007
2123,tricount,8_2000_100000_0.5,1.104753102286586
2124,tricount,8_2000_100000_0.7,1.1215046295030324
2125,tricount,8_2000_100000_1.0,1.1208155363168515
2126,tricount,8_2000_1000000_0.1,1.069420669514189
2127,tricount,8_2000_1000000_0.3,1.1002275101313106
2128,tricount,8_2000_1000000_0.5,1.0942854486488849
2129,tricount,8_2000_1000000_0.7,1.1224288894114816
2130,tricount,8_2000_1000000_1.0,1.1450732571684832
2131,tricount,8_4000_0_0.3,1.293318530590815
2132,tricount,8_4000_0_0.5,1.3719325782476248
2133,tricount,8_4000_0_0.7,1.3415030981848413
2134,tricount,8_4000_0_1.0,1.2319819450293228
2135,tricount,8_4000_100_0.1,1.2927606932496212
2136,tricount,8_4000_100_0.3,1.1739340475838895
2137,tricount,8_4000_100_0.5,1.1346411519887996
2138,tricount,8_4000_100_0.7,1.1623689492422709
2139,tricount,8_4000_100_1.0,1.1463940191086635
2140,tricount,8_4000_1000_0.1,1.3962231130605032
2141,tricount,8_4000_1000_0.3,1.2333975028575488
2142,tricount,8_4000_1000_0.5,1.2334603962832718
2143,tricount,8_4000_1000_0.7,1.1892135040388518
2144,tricount,8_4000_1000_1.0,1.1611466291858308
2145,tricount,8_4000_10000_0.1,1.230693085551466
2146,tricount,8_4000_10000_0.3,1.1990403739333184
2147,tricount,8_4000_10000_0.5,1.250332241357623
2148,tricount,8_4000_10000_0.7,1.1340286247121942
2149,tricount,8_4000_10000_1.0,1.2837559953841693
2150,tricount,8_4000_100000_0.1,1.2894164036992273
2151,tricount,8_4000_100000_0.3,1.2655688573631798
2152,tricount,8_4000_100000_0.5,1.2589705166558198
2153,tricount,8_4000_100000_0.7,1.1532603404995376
2154,tricount,8_4000_100000_1.0,1.2265065709957395
2155,tricount,8_4000_1000000_0.1,1.3532751067820985
2156,tricount,8_4000_1000000_0.3,1.1680129505767052
2157,tricount,8_4000_1000000_0.5,1.3568928460095486
2158,tricount,8_4000_1000000_0.7,1.1733534227696076
2159,tricount,8_4000_1000000_1.0,1.2756318054788376
2160,tricount,8_20000_0_0.1,1.4076697165420644
2161,tricount,8_20000_0_0.3,1.1302905676268393
2162,tricount,8_20000_0_0.5,1.3595881483263967
2163,tricount,8_20000_0_0.7,1.176503563049292
2164,tricount,8_20000_0_1.0,1.1558116259864697
2165,tricount,8_20000_100_0.3,1.135596402860648
2166,tricount,8_20000_100_0.5,1.1764206166472517
2167,tricount,8_20000_100_0.7,1.1268204912249997
2168,tricount,8_20000_100_1.0,1.1546941283062342
2169,tricount,8_20000_1000_0.1,1.6347733193327096
2170,tricount,8_20000_1000_0.3,1.1984725101039653
2171,tricount,8_20000_1000_0.5,1.1437816631938555
2172,tricount,8_20000_1000_0.7,1.4996745948843033
2173,tricount,8_20000_1000_1.0,1.5298251562764902
2174,tricount,8_20000_10000_0.1,1.1390464262861706
2175,tricount,8_20000_10000_0.3,1.1743187001296151
2176,tricount,8_20000_10000_0.5,1.1686692298016395
2177,tricount,8_20000_10000_0.7,1.3471142855580287
2178,tricount,8_20000_10000_1.0,1.1753824193733626
2179,tricount,8_20000_100000_0.1,1.1309222363808387
2180,tricount,8_20000_100000_0.3,1.1156664788978883
2181,tricount,8_20000_100000_0.5,1.1308292634906398
2182,tricount,8_20000_100000_0.7,1.4789334368796108
2183,tricount,8_20000_100000_1.0,1.1756750105278124
2184,tricount,8_20000_1000000_0.1,1.139855837330256
2185,tricount,8_20000_1000000_0.3,1.1865719801584915
2186,tricount,8_20000_1000000_0.5,1.1227460910368663
2187,tricount,8_20000_1000000_0.7,1.1750351382835014
2188,tricount,8_20000_1000000_1.0,1.2367855443562719
2189,tricount,8_40000_0_0.1,1.3544071884451103
2190,tricount,8_40000_0_0.3,1.4012582331140264
2191,tricount,8_40000_0_0.5,1.7592330283457933
2192,tricount,8_40000_0_0.7,1.3228000517731389
2193,tricount,8_40000_0_1.0,1.3248445438585934
2194,tricount,8_40000_100_0.1,1.2553053794843465
2195,tricount,8_40000_100_0.3,1.340967136817811
2196,tricount,8_40000_100_0.5,1.2365531121307745
2197,tricount,8_40000_100_0.7,1.3519816898096242
2198,tricount,8_40000_100_1.0,1.2277726430005085
2199,tricount,8_40000_1000_0.1,1.1552510541485048
2200,tricount,8_40000_1000_0.3,1.3229021396525729
2201,tricount,8_40000_1000_0.5,1.3831002630585894
2202,tricount,8_40000_1000_0.7,1.35381927163944
2203,tricount,8_40000_1000_1.0,1.2952928372591592
2204,tricount,8_40000_10000_0.1,1.2472449945036612
2205,tricount,8_40000_10000_0.3,1.2257983363321645
2206,tricount,8_40000_10000_0.5,1.2279585887809066
2207,tricount,8_40000_10000_0.7,1.2586587840239758
2208,tricount,8_40000_10000_1.0,1.6955739435271724
2209,tricount,8_40000_100000_0.1,1.1990166749613067
2210,tricount,8_40000_100000_0.3,1.1637963565565028
2211,tricount,8_40000_100000_0.5,1.2386477366570228
2212,tricount,8_40000_100000_0.7,1.196533751893639
2213,tricount,8_40000_100000_1.0,1.3762230036806324
2214,tricount,8_40000_1000000_0.1,1.2561804184509255
2215,tricount,8_40000_1000000_0.3,1.1853469256052809
2216,tricount,8_40000_1000000_0.5,1.1284912687518114
2217,tricount,8_40000_1000000_0.7,1.3241253712079366
2218,tricount,8_40000_1000000_1.0,1.20064643503656
2219,tricount,8_200000_0_0.1,1.396066335245658
2220,tricount,8_200000_0_0.3,1.274584493215713
2221,tricount,8_200000_0_0.5,1.3338301002466515
2222,tricount,8_200000_0_0.7,1.3992720769596774
2223,tricount,8_200000_0_1.0,1.3942734168630944
2224,tricount,8_200000_100_0.1,1.1972119070927378
2225,tricount,8_200000_100_0.3,1.3640818380193491
2226,tricount,8_200000_100_0.5,1.2883280739845444
2227,tricount,8_200000_100_0.7,1.348711231672035
2228,tricount,8_200000_100_1.0,1.4066661562272693
2229,tricount,8_200000_1000_0.1,1.348191677285629
2230,tricount,8_200000_1000_0.3,1.3459266024606824
2231,tricount,8_200000_1000_0.5,1.3934831472964029
2232,tricount,8_200000_1000_0.7,1.4457886015236614
2233,tricount,8_200000_1000_1.0,1.6089423513390828
2234,tricount,8_200000_10000_0.1,1.3023314319465786
2235,tricount,8_200000_10000_0.3,1.3507074143145437
2236,tricount,8_200000_10000_0.5,1.3714048203709068
2237,tricount,8_200000_10000_0.7,1.4107679013831083
2238,tricount,8_200000_10000_1.0,1.3532997172530339
2239,tricount,8_200000_100000_0.1,1.3370376649585174
2240,tricount,8_200000_100000_0.3,1.2741688497065884
2241,tricount,8_200000_100000_0.5,1.269640523054542
2242,tricount,8_200000_100000_0.7,1.3885118321675258
2243,tricount,8_200000_100000_1.0,1.354757204031742
2244,tricount,8_200000_1000000_0.1,1.1507008515222943
2245,tricount,8_200000_1000000_0.3,1.2303868219131633
2246,tricount,8_200000_1000000_0.5,1.2207231103260066
2247,tricount,8_200000_1000000_0.7,1.2172256889564612
2248,tricount,8_200000_1000000_1.0,1.2892031129511234
2249,tricount,8_400000_0_0.1,1.3198249192867704
2250,tricount,8_400000_0_0.3,1.5145475228193754
2251,tricount,8_400000_0_0.5,1.4747086393690971
2252,tricount,8_400000_0_0.7,1.3669238916628839
2253,tricount,8_400000_0_1.0,1.478356458061023
2254,tricount,8_400000_100_0.1,1.3637336454305646
2255,tricount,8_400000_100_0.3,1.3710739462616692
2256,tricount,8_400000_100_0.5,1.5235987071299268
2257,tricount,8_400000_100_0.7,1.8426205958650765
2258,tricount,8_400000_100_1.0,1.950872031020131
2259,tricount,8_400000_1000_0.1,1.3880442332197604
2260,tricount,8_400000_1000_0.3,1.434038468900568
2261,tricount,8_400000_1000_0.5,1.3874344404399257
2262,tricount,8_400000_1000_0.7,1.4064583344727069
2263,tricount,8_400000_1000_1.0,1.4016155406920463
2264,tricount,8_400000_10000_0.1,1.6665964812495553
2265,tricount,8_400000_10000_0.3,1.4657504279487448
2266,tricount,8_400000_10000_0.5,1.638316315648431
2267,tricount,8_400000_10000_0.7,1.6235883160421987
2268,tricount,8_400000_10000_1.0,1.7120410830794808
2269,tricount,8_400000_100000_0.1,1.5407850193328918
2270,tricount,8_400000_100000_0.3,1.5443425996313898
2271,tricount,8_400000_100000_0.5,1.6481358935515096
2272,tricount,8_400000_100000_0.7,1.6281385186684092
2273,tricount,8_400000_100000_1.0,2.026226558526434
2274,tricount,8_400000_1000000_0.1,1.247575868612899
2275,tricount,8_400000_1000000_0.3,1.3875684307816831
2276,tricount,8_400000_1000000_0.5,1.4198464306613654
2277,tricount,8_400000_1000000_0.7,1.7292000503147404
2278,tricount,8_400000_1000000_1.0,1.8746451990440196
2279,tricount,8_2000000_0_0.1,1.3261242883472153
2280,tricount,8_2000000_0_0.3,1.4445070340371926
2281,tricount,8_2000000_0_0.5,1.4071228171879528
2282,tricount,8_2000000_0_0.7,1.3892583497858888
2283,tricount,8_2000000_0_1.0,1.4082849783154403
2284,tricount,8_2000000_100_0.1,1.474108873077421
2285,tricount,8_2000000_100_0.3,1.4212027410595625
2286,tricount,8_2000000_100_0.5,1.4033163976833343
2287,tricount,8_2000000_100_0.7,1.497454183506609
2288,tricount,8_2000000_100_1.0,1.470492045348894
2289,tricount,8_2000000_1000_0.1,1.4110905720020344
2290,tricount,8_2000000_1000_0.3,1.3518504339646373
2291,tricount,8_2000000_1000_0.5,1.3859815111558351
2292,tricount,8_2000000_1000_0.7,1.3868820720922725
2293,tricount,8_2000000_1000_1.0,1.436849531580703
2294,tricount,8_2000000_10000_0.1,1.2407095472220244
2295,tricount,8_2000000_10000_0.3,1.3755721934492393
2296,tricount,8_2000000_10000_0.5,1.3922389512657984
2297,tricount,8_2000000_10000_0.7,1.3946425739271202
2298,tricount,8_2000000_10000_1.0,1.4437596049199064
2299,tricount,8_2000000_100000_0.1,1.3097337147044827
2300,tricount,8_2000000_100000_0.3,1.343704368085141
2301,tricount,8_2000000_100000_0.5,1.3816154313121753
2302,tricount,8_2000000_100000_0.7,1.4366799927809284
2303,tricount,8_2000000_100000_1.0,1.3978282626648215
2304,tricount,8_2000000_1000000_0.1,1.1298776586144852
2305,tricount,8_2000000_1000000_0.3,1.2408353340734701
2306,tricount,8_2000000_1000000_0.5,1.262648414812222
2307,tricount,8_2000000_1000000_0.7,1.4709869892643654
2308,tricount,8_2000000_1000000_1.0,1.3735596038261075
2309,tricount,8_4000000_0_0.1,3.2042641742640097
2310,tricount,8_4000000_0_0.3,2.1583465044927785
2311,tricount,8_4000000_0_0.5,2.17478356458061
2312,tricount,8_4000000_0_0.7,2.1553659030128682
2313,tricount,8_4000000_0_1.0,2.1037440729782495
2314,tricount,8_4000000_100_0.1,1.492193011720053
2315,tricount,8_4000000_100_0.3,1.4705904872326345
2316,tricount,8_4000000_100_0.5,1.5418842870346567
2317,tricount,8_4000000_100_0.7,1.6631701567960446
2318,tricount,8_4000000_100_1.0,1.4938583202533235
2319,tricount,8_4000000_1000_0.1,1.5656935504159168
2320,tricount,8_4000000_1000_0.3,1.5159503196626722
2321,tricount,8_4000000_1000_0.5,1.6291420789832043
2322,tricount,8_4000000_1000_0.7,2.1820627949838385
2323,tricount,8_4000000_1000_1.0,1.5416819342736356
2324,tricount,8_4000000_10000_0.1,1.88285962734278
2325,tricount,8_4000000_10000_0.3,1.7141329731089587
2326,tricount,8_4000000_10000_0.5,1.77041165114384
2327,tricount,8_4000000_10000_0.7,2.0022532253389405
2328,tricount,8_4000000_10000_1.0,2.133859085912419
2329,tricount,8_4000000_100000_0.1,2.444205327893508
2330,tricount,8_4000000_100000_0.3,1.9341916007197193
2331,tricount,8_4000000_100000_0.5,1.723195095406592
2332,tricount,8_4000000_100000_0.7,1.8725505745177713
2333,tricount,8_4000000_100000_1.0,2.186473538274751
2334,tricount,8_4000000_1000000_0.1,1.8504312301407169
2335,tricount,8_4000000_1000000_0.3,1.8129987038485302
2336,tricount,8_4000000_1000000_0.5,1.8561353904041036
2337,tricount,8_4000000_1000000_0.7,2.3727802722464983
2338,tricount,8_4000000_1000000_1.0,2.3667342998867915
